AccidentType,inckey,Fatalities,Injuries,TrackDamage,EquipmentDamage,HazmatCars,HazmatCarsDerailed,HazmatCarsReleasing,County,DisplayDate,DisplayTime,calendar,Fiscal,AccidentCause,RailroadCodes,RAILEQUIPMENT_TYPE,CauseGroup,CauseDiscipline,TYPE_OF_TRACK,StateName,latitude,longitude,GeoLocation
Derailments,2014:05:PSAP:PSA570414D,0,0,69000,5000,1,0,0,LEWIS,5/21/2014 0:00,18:58,2014,2014,"M599,","PSAP,",7,"M5,","M,",YARD,Washington,46.44595,-122.59295,"Washington
(46.44595, -122.59295)"
Derailments,2012:02:CLC:ID120009,0,0,40573,2500,0,0,0,COWLITZ,2/27/2012 0:00,4:30,2012,2012,"T110,","CLC,",7,"T1,","T,",YARD,Washington,46.0768,-122.58721,"Washington
(46.0768, -122.58721)"
Derailments,2012:02:CLC:ID1200010,0,0,37225,15321,0,0,0,COWLITZ,2/28/2012 0:00,3:50,2012,2012,"T110,","CLC,",7,"T1,","T,",YARD,Washington,46.07678,-122.58714,"Washington
(46.07678, -122.58714)"
Obstruction impact,2014:08:TMBL:08152014A,0,0,422903,14599,0,0,0,THURSTON,8/15/2014 0:00,20:40,2014,2014,"M503,","TMBL,",1,"M5,","M,",MAIN,Washington,47.00041,-122.57236,"Washington
(47.00041, -122.57236)"
Derailments,2016:06:XTMC:INDUSTRY,0,0,899,17294,0,0,0,PIERCE,6/1/2016 0:00,15:00,2016,2016,"H303,H017,","UP,",8,"H3,H0,","H,",INDUSTRY,Washington,47.275605,-122.465548,"Washington
(47.275605, -122.465548)"
Other events,2012:06:BNSF:NW0612104,0,0,18000,0,0,0,0,PIERCE,6/9/2012 0:00,15:00,2012,2012,"H221,H702,","BNSF,",8,"H2,H7,","H,",MAIN,Washington,47.26387,-122.4429,"Washington
(47.26387, -122.4429)"
Side collision,2015:08:UP:0815PD017,0,1,15434,105000,24,0,0,PIERCE,8/28/2015 0:00,10:30,2015,2015,"H607,","BNSF,UP,",77,"H6,","H,",YARD,Washington,47.246149,-122.434781,"Washington
(47.246149, -122.434781)"
Derailments,2015:10:BNSF:NW1015106,0,0,0,35000,28,0,0,PIERCE,10/15/2015 0:00,17:00,2015,2016,"H514,","BNSF,",1,"H5,","H,",MAIN,Washington,47.245938,-122.434741,"Washington
(47.245938, -122.434741)"
Derailments,2015:08:BNSF:NW0815101,0,0,1000,14996,0,0,0,PIERCE,8/6/2015 0:00,12:10,2015,2015,"T207,","BNSF,",7,"T2,","T,",YARD,Washington,47.24183,-122.428103,"Washington
(47.24183, -122.428103)"
Derailments,2015:11:BNSF:NW1115100,0,0,2300,15245,2,2,0,PIERCE,11/5/2015 0:00,4:00,2015,2016,"H312,","BNSF,",7,"H3,","H,",YARD,Washington,47.242317,-122.424824,"Washington
(47.242317, -122.424824)"
Raking collision,2014:06:BNSF:NW0614102,0,0,0,21059,0,0,0,PIERCE,6/6/2014 0:00,2:30,2014,2014,"H307,","BNSF,",7,"H3,","H,",YARD,Washington,47.243008,-122.416275,"Washington
(47.243008, -122.416275)"
Derailments,2011:06:PTOZ:INDUSTRY,0,0,25639,250,0,0,0,PIERCE,6/13/2011 0:00,8:10,2011,2011,"T111,","UP,",1,"T1,","T,",INDUSTRY,Washington,47.24431,-122.415043,"Washington
(47.24431, -122.415043)"
Derailments,2014:10:XSIM:INDUSTRY,0,0,1000,12001,0,0,0,PIERCE,10/31/2014 0:00,17:40,2014,2015,"T110,","BNSF,",7,"T1,","T,",INDUSTRY,Washington,47.24323,-122.41416,"Washington
(47.24323, -122.41416)"
Other impacts,2014:08:BNSF:NW0814122,0,0,0,11505,2,2,0,PIERCE,8/29/2014 0:00,3:50,2014,2014,"H318,","BNSF,",67,"H3,","H,",YARD,Washington,47.24319,-122.414149,"Washington
(47.24319, -122.414149)"
Derailments,2014:05:UP:0514PD014,0,0,4198,18847,0,0,0,MULTNOMAH,5/19/2014 0:00,18:15,2014,2014,"T102,T110,","UP,",8,"T1,","T,",YARD,Oregon,45.532359,-122.405759,"Oregon
(45.532359, -122.405759)"
Derailments,2016:04:TMBL:04302016A,0,0,500,40728,0,0,0,PIERCE,4/30/2016 0:00,2:30,2016,2016,"H503,","BNSF,TMBL,",1,"H5,","H,",YARD,Washington,47.260775,-122.398707,"Washington
(47.260775, -122.398707)"
Obstruction impact,2015:11:BNSF:NW1115118,0,0,0,30629,0,0,0,PIERCE,11/17/2015 0:00,15:42,2015,2016,"M404,","ATK,BNSF,",2,"M4,","M,",MAIN,Washington,47.23598,-122.395747,"Washington
(47.23598, -122.395747)"
Side collision,2016:03:TMBL:03142016A,0,0,0,13000,0,0,0,PIERCE,3/14/2016 0:00,1:45,2016,2016,"H306,H309,","TMBL,",76,"H3,","H,",INDUSTRY,Washington,47.273439,-122.390253,"Washington
(47.273439, -122.390253)"
Side collision,2016:03:TMBL:03242016A,0,0,0,30000,2,2,0,PIERCE,3/24/2016 0:00,1:45,2016,2016,"H318,H310,","TMBL,",6,"H3,","H,",YARD,Washington,47.248746,-122.389803,"Washington
(47.248746, -122.389803)"
Derailments,2013:08:PTOZ:INDUSTRY,0,0,0,42000,0,0,0,PIERCE,8/10/2013 0:00,16:45,2013,2013,"T314,","BNSF,",1,"T3,","T,",YARD,Washington,47.248398,-122.388591,"Washington
(47.248398, -122.388591)"
Derailments,2016:04:TMBL:04222016A,0,0,500,56000,79,18,0,PIERCE,4/22/2016 0:00,9:02,2016,2016,"H504,H599,","TMBL,",7,"H5,","H,",YARD,Washington,47.271466,-122.384737,"Washington
(47.271466, -122.384737)"
Highway-rail impact,2012:10:BNSF:NW1012202,0,0,200,25762,0,0,0,SNOHOMISH,10/16/2012 0:00,13:31,2012,2013,"M303,M304,","BNSF,SCR,",3,"M3,","M,",MAIN,Washington,47.812548,-122.382616,"Washington
(47.812548, -122.382616)"
Derailments,2015:01:BNSF:NW0115111,0,0,10000,35720,0,0,0,KING,1/22/2015 0:00,2:30,2015,2015,"H607,H702,","BNSF,",7,"H6,H7,","H,",YARD,Washington,47.653296,-122.382599,"Washington
(47.653296, -122.382599)"
Other impacts,2010:04:BNSF:NW0410126,0,0,0,46005,0,0,0,KING,4/30/2010 0:00,17:00,2010,2010,"M411,","BNSF,",57,"M4,","M,",YARD,Washington,47.6413,-122.38121,"Washington
(47.6413, -122.38121)"
Side collision,2012:10:BNSF:NW1012111,0,0,5000,63000,23,2,0,KING,10/13/2012 0:00,21:25,2012,2013,"H305,","BNSF,",76,"H3,","H,",YARD,Washington,47.646371,-122.380589,"Washington
(47.646371, -122.380589)"
Derailments,2014:11:BNSF:NW1114111,0,0,3000,7818,0,0,0,KING,11/11/2014 0:00,3:30,2014,2015,"M411,","BNSF,",7,"M4,","M,",YARD,Washington,47.642032,-122.380574,"Washington
(47.642032, -122.380574)"
Derailments,2014:07:BNSF:NW0714116,0,0,342305,132105,97,3,0,KING,7/24/2014 0:00,1:50,2014,2014,"E65L,","BNSF,",1,"E6,","E,",MAIN,Washington,47.631469,-122.376159,"Washington
(47.631469, -122.376159)"
Rear end collision,2015:01:BNSF:NW0115102,0,1,0,36000,0,0,0,KING,1/10/2015 0:00,9:50,2015,2015,"H402,","BNSF,",19,"H4,","H,",MAIN,Washington,47.730866,-122.373347,"Washington
(47.730866, -122.373347)"
Derailments,2012:04:BNSF:NW0412109,0,0,2500,7500,0,0,0,KING,4/12/2012 0:00,9:00,2012,2012,"M504,","BNSF,",6,"M5,","M,",YARD,Washington,47.58,-122.37,"Washington
(47.58, -122.37)"
Highway-rail impact,2015:06:TMBL:06302015A,0,1,0,14846,24,0,0,PIERCE,6/30/2015 0:00,8:00,2015,2015,"M304,","TMBL,",7,"M3,","M,",YARD,Washington,47.257464,-122.360685,"Washington
(47.257464, -122.360685)"
Derailments,2014:12:XGNW:INDUSTRY,0,0,1000,15043,0,0,0,KING,12/3/2014 0:00,15:45,2014,2015,"M101,","BNSF,",7,"M1,","M,",INDUSTRY,Washington,47.60934,-122.34238,"Washington
(47.60934, -122.34238)"
Derailments,2013:11:UP:1113PD014,0,0,1456,51470,0,0,0,KING,11/20/2013 0:00,9:44,2013,2014,"T309,","UP,",8,"T3,","T,",YARD,Washington,47.562638,-122.33468,"Washington
(47.562638, -122.33468)"
Derailments,2011:11:ATK:121865,0,0,10000,63691,0,0,0,KING,11/17/2011 0:00,23:45,2011,2012,"H303,","ATK,",8,"H3,","H,",YARD,Washington,47.60621,-122.332071,"Washington
(47.60621, -122.332071)"
Side collision,2011:09:BNSF:NW0911118,0,0,4750,17515,0,0,0,KING,9/25/2011 0:00,9:20,2011,2011,"H310,H020,","BNSF,",67,"H3,H0,H3,H0,","H,",YARD,Washington,47.579776,-122.331974,"Washington
(47.579776, -122.331974)"
Raking collision,2015:05:BNSF:NW0515116,0,0,10000,24001,0,0,0,KING,5/27/2015 0:00,24:10:00,2015,2015,"H022,","BNSF,",75,"H0,","H,",INDUSTRY,Washington,47.575092,-122.331758,"Washington
(47.575092, -122.331758)"
Derailments,2013:08:BNSF:NW0813108,0,0,65100,4000,1,0,0,KING,8/13/2013 0:00,1:10,2013,2013,"E69L,T222,","BNSF,",1,"E6,T2,","E,T,",YARD,Washington,47.566447,-122.331727,"Washington
(47.566447, -122.331727)"
Side collision,2014:06:BNSF:NW0614109,0,0,20500,150924,0,0,0,KING,6/13/2014 0:00,9:40,2014,2014,"H607,","BNSF,",7,"H6,","H,",YARD,Washington,47.573963,-122.331722,"Washington
(47.573963, -122.331722)"
Other impacts,2013:11:BNSF:NW1113117,0,0,0,20000,0,0,0,KING,11/4/2013 0:00,5:45,2013,2014,"H607,H702,","BNSF,",78,"H6,H7,H6,H7,","H,",YARD,Washington,47.6546,-122.3317,"Washington
(47.6546, -122.3317)"
Derailments,2011:06:BNSF:NW0611124,0,0,25000,4659,0,0,0,KING,6/20/2011 0:00,20:30,2011,2011,"H307,","BNSF,UP,",7,"H3,","H,",YARD,Washington,47.570879,-122.331664,"Washington
(47.570879, -122.331664)"
Derailments,2012:03:ATK:123097,0,0,2500,43351,0,0,0,KING,3/6/2012 0:00,21:09,2012,2012,"H702,","ATK,",7,"H7,","H,",YARD,Washington,47.598303,-122.330142,"Washington
(47.598303, -122.330142)"
Derailments,2014:12:BNSF:NW1214107,0,0,1000,17124,0,0,0,KING,12/12/2014 0:00,10:35,2014,2015,"H318,","BNSF,",7,"H3,","H,",YARD,Washington,47.55,-122.33,"Washington
(47.55, -122.33)"
Derailments,2015:08:ATK:138705,0,0,1500,23412,0,0,0,KING,8/11/2015 0:00,4:11,2015,2015,"H303,","ATK,",8,"H3,","H,",YARD,Washington,47.597135,-122.329395,"Washington
(47.597135, -122.329395)"
Derailments,2012:08:ATK:124872,0,0,3500,15000,0,0,0,KING,8/1/2012 0:00,16:41,2012,2012,"H702,","ATK,",7,"H7,","H,",YARD,Washington,47.592602,-122.329201,"Washington
(47.592602, -122.329201)"
Derailments,2014:01:ATK:131208,0,0,3000,28765,0,0,0,KING,1/6/2014 0:00,17:39,2014,2014,"T311,","ATK,",2,"T3,","T,",MAIN,Washington,47.592602,-122.329201,"Washington
(47.592602, -122.329201)"
Other impacts,2013:11:BNSF:NW1113124,0,0,3000,105973,7,2,0,SKAGIT,11/9/2013 0:00,16:53,2013,2014,"H018,H318,","BNSF,",561,"H0,H3,H0,H3,H0,H3,","H,",YARD,Washington,48.473192,-122.329182,"Washington
(48.473192, -122.329182)"
Derailments,2011:07:BNSF:NW0711113,0,0,73383,10000,36,0,0,SKAGIT,7/21/2011 0:00,2:30,2011,2011,"H501,","BNSF,",1,"H5,","H,",YARD,Washington,48.471574,-122.328563,"Washington
(48.471574, -122.328563)"
Derailments,2012:12:BNSF:NW1212125,0,0,0,10000,0,0,0,SNOHOMISH,12/26/2012 0:00,23:00,2012,2013,"M101,","BNSF,",9,"M1,","M,",MAIN,Washington,47.894172,-122.327005,"Washington
(47.894172, -122.327005)"
Derailments,2012:07:UP:0712PD006,0,0,3794,154315,0,0,0,KING,7/21/2012 0:00,10:00,2012,2012,"M501,","UP,",7,"M5,","M,",YARD,Washington,47.554424,-122.322561,"Washington
(47.554424, -122.322561)"
Obstruction impact,2012:03:UP:0312PD012,0,0,0,21902,0,0,0,LANE,3/21/2012 0:00,11:41,2012,2012,"M101,M199,","ATK,UP,",2,"M1,","M,",MAIN,Oregon,43.716856,-122.321534,"Oregon
(43.716856, -122.321534)"
Derailments,2014:02:BNSF:NW0214105,0,0,2500,13432,0,0,0,KING,2/10/2014 0:00,6:45,2014,2014,"H307,H702,","BNSF,",7,"H3,H7,","H,",INDUSTRY,Washington,47.552363,-122.318621,"Washington
(47.552363, -122.318621)"
Raking collision,2011:04:BNSF:NW0411113,0,0,0,46750,9,0,0,KING,4/19/2011 0:00,2:50,2011,2011,"H307,","BNSF,",17,"H3,","H,",YARD,Washington,47.546403,-122.312084,"Washington
(47.546403, -122.312084)"
Highway-rail impact,2012:02:BNSF:NW0212201,0,0,0,53878,0,0,0,SNOHOMISH,2/29/2012 0:00,20:48,2012,2012,"M302,M305,","ATK,BNSF,",NA,"M3,","M,",MAIN,Washington,48.218633,-122.297517,"Washington
(48.218633, -122.297517)"
Other events,2013:08:BNSF:NW0813116,0,0,16200,0,0,0,0,KING,8/16/2013 0:00,23:40,2013,2013,"H607,H702,","BNSF,UP,",1,"H6,H7,","H,",YARD,Washington,47.516677,-122.289276,"Washington
(47.516677, -122.289276)"
Derailments,2011:11:BNSF:NW1111111,0,0,56000,4000,0,0,0,KING,11/21/2011 0:00,4:50,2011,2012,"E69C,","BNSF,",7,"E6,","E,",YARD,Washington,47.513352,-122.287246,"Washington
(47.513352, -122.287246)"
Derailments,2011:07:PNWR:PNW164011D,0,0,67138,15000,0,0,0,BENTON,7/18/2011 0:00,20:17,2011,2011,"T111,T112,","PNWR,",1,"T1,","T,",MAIN,Oregon,44.561315,-122.266,"Oregon
(44.561315, -122.266)"
Raking collision,2012:12:TMBL:12192012A,0,0,935,25485,12,3,0,PIERCE,12/19/2012 0:00,2:10,2012,2013,"H021,H318,","TMBL,",7,"H0,H3,","H,",YARD,Washington,47.15995,-122.24821,"Washington
(47.15995, -122.24821)"
Other impacts,2013:06:PTOZ:INDUSTRY,0,0,0,50221,1,1,0,PIERCE,6/4/2013 0:00,8:30,2013,2013,"H018,H310,","TMBL,",57,"H0,H3,H0,H3,","H,",YARD,Washington,47.15916,-122.24623,"Washington
(47.15916, -122.24623)"
Other impacts,2014:03:TMBL:03012014A,0,0,0,15000,36,2,0,PIERCE,3/1/2014 0:00,2:40,2014,2014,"H021,H318,","TMBL,",7,"H0,H3,","H,",YARD,Washington,47.15769,-122.24586,"Washington
(47.15769, -122.24586)"
Derailments,2016:06:BNSF:NW0616109,0,0,1500,59800,0,0,0,KING,6/26/2016 0:00,11:59,2016,2016,"H705,","ATK,BNSF,",2,"H7,","H,",MAIN,Washington,47.467572,-122.243421,"Washington
(47.467572, -122.243421)"
Derailments,2015:03:UP:0315PD005,0,0,115506,344163,0,0,0,LANE,3/2/2015 0:00,3:22,2015,2015,"T001,T108,","UP,",1,"T0,T1,","T,",MAIN,Oregon,43.646369,-122.2429,"Oregon
(43.646369, -122.2429)"
Other events,2014:02:PTOZ:INDUSTRY,0,0,0,18056,3,1,0,PIERCE,2/4/2014 0:00,23:45,2014,2014,"M402,H307,","TMBL,",7,"M4,H3,","M,H,",YARD,Washington,47.145651,-122.24155,"Washington
(47.145651, -122.24155)"
Derailments,2011:10:BNSF:NW1011126,0,0,73000,800,0,0,0,KING,10/29/2011 0:00,6:45,2011,2012,"H703,","BNSF,",1,"H7,","H,",YARD,Washington,47.443433,-122.240867,"Washington
(47.443433, -122.240867)"
Derailments,2013:04:BNSF:NW0413103,0,1,65000,69000,0,0,0,SNOHOMISH,4/7/2013 0:00,8:50,2013,2013,"M101,","ATK,BNSF,",2,"M1,","M,",MAIN,Washington,47.964565,-122.239466,"Washington
(47.964565, -122.239466)"
Derailments,2016:08:BNSF:NW0816109,0,0,4260,11340,0,0,0,KING,8/17/2016 0:00,24:20:00,2016,2016,"H312,","BNSF,",1,"H3,","H,",YARD,Washington,47.43142,-122.239299,"Washington
(47.43142, -122.239299)"
Derailments,2012:12:BNSF:NW1212109,0,0,120000,225352,4,1,1,SNOHOMISH,12/17/2012 0:00,13:40,2012,2013,"M101,","BNSF,",1,"M1,","M,",MAIN,Washington,47.9674,-122.2371,"Washington
(47.9674, -122.2371)"
Derailments,2013:05:TMBL:05122013A,0,0,18517,24378,0,0,0,PIERCE,5/12/2013 0:00,22:20,2013,2013,"T207,T299,","TMBL,UP,",1,"T2,","T,",YARD,Washington,47.145682,-122.234889,"Washington
(47.145682, -122.234889)"
Derailments,2012:10:BNSF:NW1012104,0,0,12670,10450,0,0,0,KING,10/7/2012 0:00,21:15,2012,2013,"T314,","BNSF,",1,"T3,","T,",YARD,Washington,47.385963,-122.233128,"Washington
(47.385963, -122.233128)"
Highway-rail impact,2012:01:BNSF:NW0112201,0,5,0,45000,0,0,0,KING,1/24/2012 0:00,18:00,2012,2012,"M304,M302,","ATK,BNSF,",NA,"M3,","M,",MAIN,Washington,47.381737,-122.232958,"Washington
(47.381737, -122.232958)"
Derailments,2013:02:TMBL:02022013A,0,0,91098,47365,0,0,0,PIERCE,2/2/2013 0:00,19:00,2013,2013,"H599,H506,","TMBL,",7,"H5,","H,",YARD,Washington,47.145413,-122.232794,"Washington
(47.145413, -122.232794)"
Derailments,2014:01:BNSF:NW0114106,0,0,125161,10296,0,0,0,KING,1/13/2014 0:00,1:35,2014,2014,"E62C,","BNSF,",1,"E6,","E,",MAIN,Washington,47.346712,-122.23269,"Washington
(47.346712, -122.23269)"
Other impacts,2013:11:TMBL:11032013A,0,0,0,28665,0,0,0,PIERCE,11/3/2013 0:00,17:00,2013,2014,"H305,","TMBL,",75,"H3,","H,",YARD,Washington,47.145365,-122.232575,"Washington
(47.145365, -122.232575)"
Derailments,2011:09:BNSF:NW0911104,0,0,137000,66400,0,0,0,KING,9/3/2011 0:00,13:30,2011,2011,"T207,","BNSF,",1,"T2,","T,",YARD,Washington,47.302192,-122.232056,"Washington
(47.302192, -122.232056)"
Other events,2012:09:TMBL:09072102A,0,0,0,15800,1,1,0,PIERCE,9/7/2012 0:00,22:14,2012,2012,"H021,H318,","TMBL,",7,"H0,H3,","H,",YARD,Washington,47.145187,-122.231936,"Washington
(47.145187, -122.231936)"
Derailments,2013:05:BNSF:NW0513120,0,0,14000,10450,0,0,0,KING,5/29/2013 0:00,10:30,2013,2013,"M204,T314,","BNSF,",1,"M2,T3,","M,T,",YARD,Washington,47.27559,-122.229897,"Washington
(47.27559, -122.229897)"
Derailments,2016:02:XOMX:INDUSTRY,0,0,2000,17248,0,0,0,KING,2/24/2016 0:00,9:30,2016,2016,"T110,","BNSF,",1,"T1,","T,",INDUSTRY,Washington,47.419579,-122.225683,"Washington
(47.419579, -122.225683)"
Other events,2015:11:BNSF:NW1115117,0,0,0,30000,0,0,0,SNOHOMISH,11/24/2015 0:00,7:45,2015,2016,"H997,","BNSF,",9,"H9,","H,",YARD,Washington,48.005646,-122.213954,"Washington
(48.005646, -122.213954)"
Derailments,2014:07:BNSF:NW0714102,0,0,7100,6500,7,4,0,SNOHOMISH,7/17/2014 0:00,18:30,2014,2014,"H607,H702,","BNSF,",7,"H6,H7,","H,",YARD,Washington,47.991666,-122.213534,"Washington
(47.991666, -122.213534)"
Derailments,2012:01:BNSF:NW0112106,0,0,3500,6127,0,0,0,KING,1/9/2012 0:00,11:30,2012,2012,"M502,","BNSF,",4,"M5,","M,",SIDING,Washington,47.303829,-122.206027,"Washington
(47.303829, -122.206027)"
Derailments,2013:07:BNSF:NW0713105,0,0,212968,20000,13,0,0,SNOHOMISH,7/5/2013 0:00,4:05,2013,2013,"T001,","BNSF,",1,"T0,","T,",MAIN,Washington,47.978777,-122.198827,"Washington
(47.978777, -122.198827)"
Other events,2012:02:BNSF:NW0212104,0,0,14800,0,0,0,0,SNOHOMISH,2/9/2012 0:00,21:50,2012,2012,"H702,","BNSF,",8,"H7,","H,",SIDING,Washington,47.978068,-122.198488,"Washington
(47.978068, -122.198488)"
Other impacts,2012:04:BNSF:NW0412116,0,0,0,35000,2,2,0,SNOHOMISH,4/29/2012 0:00,9:00,2012,2012,"H318,H020,","BNSF,",76,"H3,H0,H3,H0,","H,",YARD,Washington,47.998566,-122.189729,"Washington
(47.998566, -122.189729)"
Derailments,2011:08:BNSF:NW0811103,0,0,7750,3350,2,1,0,SNOHOMISH,8/7/2011 0:00,22:30,2011,2011,"H312,H507,","BNSF,",7,"H3,H5,","H,",YARD,Washington,47.997553,-122.185775,"Washington
(47.997553, -122.185775)"
Other impacts,2014:11:BNSF:NW1114109,0,0,1700,21956,1,1,0,SNOHOMISH,11/11/2014 0:00,19:35,2014,2015,"H318,","BNSF,",7,"H3,","H,",YARD,Washington,48.002942,-122.18324,"Washington
(48.002942, -122.18324)"
Derailments,2015:10:BNSF:NW1015107,0,0,0,50000,0,0,0,SNOHOMISH,10/15/2015 0:00,11:15,2015,2016,"H402,","BNSF,",9,"H4,","H,",MAIN,Washington,48.044098,-122.18177,"Washington
(48.044098, -122.18177)"
Other events,2011:07:BNSF:NW0711119,0,0,0,10000,0,0,0,SKAMANIA,7/14/2011 0:00,15:00,2011,2011,"H997,","BNSF,",9,"H9,","H,",MAIN,Washington,45.589408,-122.147917,"Washington
(45.589408, -122.147917)"
Derailments,2013:05:XSSM:INDUSTRY,0,0,16000,2500,0,0,0,SNOHOMISH,5/2/2013 0:00,24:40:00,2013,2013,"M101,","BNSF,",8,"M1,","M,",INDUSTRY,Washington,47.91003,-122.108592,"Washington
(47.91003, -122.108592)"
Other events,2014:05:BNSF:NW0514120,0,0,250,70000,0,0,0,KING,5/27/2014 0:00,15:00,2014,2014,"H997,","BNSF,",9,"H9,","H,",MAIN,Washington,47.324071,-121.897972,"Washington
(47.324071, -121.897972)"
Other impacts,2013:06:BNSF:NW0613115,0,0,0,70000,0,0,0,KING,6/4/2013 0:00,24:45:00,2013,2013,"H997,","BNSF,",9,"H9,","H,",MAIN,Washington,47.317344,-121.887618,"Washington
(47.317344, -121.887618)"
Derailments,2013:04:BNSF:NW0413108,0,0,14028,9000,30,0,0,KLAMATH,4/15/2013 0:00,6:10,2013,2013,"E33C,","BNSF,",1,"E3,","E,",MAIN,Oregon,43.229643,-121.785581,"Oregon
(43.229643, -121.785581)"
Derailments,2014:06:UP:0614PD017,0,0,7030,13294,0,0,0,KLAMATH,6/29/2014 0:00,23:33,2014,2014,"H503,H522,","UP,",1,"H5,","H,",YARD,Oregon,42.230097,-121.774395,"Oregon
(42.230097, -121.774395)"
Derailments,2012:05:UP:0512PD007,0,0,110123,3200,12,0,0,KLAMATH,5/17/2012 0:00,6:00,2012,2012,"T202,T222,","BNSF,UP,",1,"T2,","T,",YARD,Oregon,42.225562,-121.771525,"Oregon
(42.225562, -121.771525)"
Derailments,2015:12:UP:1215PD014,0,0,7833,38468,0,0,0,KLAMATH,12/29/2015 0:00,11:53,2015,2016,"E59L,","UP,",8,"E5,","E,",YARD,Oregon,42.205577,-121.771033,"Oregon
(42.205577, -121.771033)"
Derailments,2012:02:BNSF:NW0212125,0,0,500,9800,11,4,0,KLAMATH,2/28/2012 0:00,19:05,2012,2012,"H703,","BNSF,",7,"H7,","H,",YARD,Oregon,42.185869,-121.757014,"Oregon
(42.185869, -121.757014)"
Derailments,2015:02:CODQ:INDUSTRY,0,0,2000,14210,2,2,0,KLAMATH,2/3/2015 0:00,18:00,2015,2015,"T110,","BNSF,",7,"T1,","T,",INDUSTRY,Oregon,42.166844,-121.728804,"Oregon
(42.166844, -121.728804)"
Side collision,2013:07:BNSF:NW0713121,0,0,300,20172,0,0,0,KLAMATH,7/20/2013 0:00,22:15,2013,2013,"E32C,","BNSF,",17,"E3,","E,",YARD,Oregon,42.14694,-121.72417,"Oregon
(42.14694, -121.72417)"
Other events,2015:03:BNSF:NW0315108,0,0,106000,0,0,0,0,SNOHOMISH,3/14/2015 0:00,19:36,2015,2015,"H997,","BNSF,",4,"H9,","H,",MAIN,Washington,47.866043,-121.723719,"Washington
(47.866043, -121.723719)"
Fire/violent rupture,2014:04:UP:0414PD004,0,0,0,23603,0,0,0,KLAMATH,4/4/2014 0:00,6:10,2014,2014,"M406,","UP,",1,"M4,","M,",MAIN,Oregon,42.018115,-121.575363,"Oregon
(42.018115, -121.575363)"
Derailments,2014:09:UP:0914PD008,0,0,0,12812,0,0,0,KLAMATH,9/9/2014 0:00,22:26,2014,2014,"H303,","UP,",8,"H3,","H,",YARD,Oregon,42.018198,-121.559873,"Oregon
(42.018198, -121.559873)"
Derailments,2016:06:UP:0616PD002,0,0,176811,1674996,94,16,5,WASCO,6/3/2016 0:00,24:11:00,2016,2016,"T111,","UP,",1,"T1,","T,",MAIN,Oregon,45.684417,-121.396595,"Oregon
(45.684417, -121.396595)"
Derailments,2015:07:BNSF:NW0715103,0,0,490962,5000,24,0,0,JEFFERSON,7/8/2015 0:00,6:40,2015,2015,"E61C,","BNSF,",1,"E6,","E,",MAIN,Oregon,44.5169,-121.21604,"Oregon
(44.5169, -121.21604)"
Other impacts,2012:02:UP:0212PD006,0,0,0,27199,0,0,0,WASCO,2/24/2012 0:00,10:30,2012,2012,"H402,","UP,",NA,"H4,","H,",MAIN,Oregon,45.647297,-121.02526,"Oregon
(45.647297, -121.02526)"
Other events,2012:01:BNSF:TC0112103,0,0,11000,13649,10,0,0,DOUGLAS,1/3/2012 0:00,4:45,2012,2012,"E21C,","BNSF,",7,"E2,","E,",YARD,Wisconsin,46.42355,-120.6751,"Wisconsin
(46.42355, -120.6751)"
Derailments,2016:05:LRY:051616,0,0,94100,15000,0,0,0,LAKE,5/16/2016 0:00,24:50:00,2016,2016,"T199,","LRY,",1,"T1,","T,",MAIN,Oregon,42.083078,-120.326943,"Oregon
(42.083078, -120.326943)"
Derailments,2012:01:BNSF:NW0112124,0,0,3000,25000,0,0,0,CHELAN,1/28/2012 0:00,18:00,2012,2012,"T210,","BNSF,",7,"T2,","T,",YARD,Washington,47.4215,-120.3063,"Washington
(47.4215, -120.3063)"
Derailments,2015:05:BNSF:NW0515108,0,0,32500,211635,0,0,0,CHELAN,5/13/2015 0:00,5:53,2015,2015,"T207,","BNSF,",1,"T2,","T,",YARD,Washington,47.421583,-120.30626,"Washington
(47.421583, -120.30626)"
Derailments,2014:11:BNSF:NW1114103,0,0,5000,11726,0,0,0,CHELAN,11/4/2014 0:00,12:30,2014,2015,"T207,","BNSF,",1,"T2,","T,",YARD,Washington,47.385762,-120.274885,"Washington
(47.385762, -120.274885)"
Derailments,2012:05:BNSF:NW0512109,0,0,2000,18650,0,0,0,KLICKITAT,5/17/2012 0:00,19:50,2012,2012,"H601,","BNSF,",1,"H6,","H,",INDUSTRY,Washington,45.748377,-120.200971,"Washington
(45.748377, -120.200971)"