AccidentType,inckey,Fatalities,Injuries,TrackDamage,EquipmentDamage,HazmatCars,HazmatCarsDerailed,HazmatCarsReleasing,County,DisplayDate,DisplayTime,calendar,Fiscal,AccidentCause,RailroadCodes,RAILEQUIPMENT_TYPE,CauseGroup,CauseDiscipline,TYPE_OF_TRACK,StateName,latitude,longitude,GeoLocation
Other events,2013:04:BNSF:NW0413121,0,0,85000,500,0,0,0,DOUGLAS,4/27/2013 0:00,24:40:00,2013,2013,"M105,","BNSF,",1,"M1,","M,",MAIN,Washington,47.367604,-120.153528,"Washington
(47.367604, -120.153528)"
Derailments,2014:03:BNSF:NW0314104,0,0,280000,4278,2,2,0,DOUGLAS,3/10/2014 0:00,6:00,2014,2014,"E69C,","BNSF,",1,"E6,","E,",MAIN,Washington,47.348602,-120.095999,"Washington
(47.348602, -120.095999)"
Derailments,2016:06:BNSF:NW0616112,0,0,21200,3000,0,0,0,DOUGLAS,6/30/2016 0:00,2:55,2016,2016,"T201,","BNSF,",1,"T2,","T,",MAIN,Washington,47.255289,-120.087787,"Washington
(47.255289, -120.087787)"
Derailments,2016:01:CWA:16011401,0,0,41580,750,0,0,0,YAKIMA,1/14/2016 0:00,11:34,2016,2016,"T110,","CWA,",7,"T1,","T,",YARD,Washington,46.310463,-120.028394,"Washington
(46.310463, -120.028394)"
Raking collision,2012:02:CWA:12020901,0,0,10500,1300,0,0,0,YAKIMA,2/9/2012 0:00,15:20,2012,2012,"H702,H704,","CWA,",1,"H7,","H,",INDUSTRY,Washington,46.284604,-120.015523,"Washington
(46.284604, -120.015523)"
Highway-rail impact,2015:10:BNSF:NW1015202,0,0,0,15600,105,0,0,YAKIMA,10/12/2015 0:00,11:45,2015,2016,"M302,","BNSF,",1,"M3,","M,",MAIN,Washington,46.199864,-119.949774,"Washington
(46.199864, -119.949774)"
Side collision,2013:04:XICC:INDUSTRY,0,0,0,28804,0,0,0,GRANT,4/16/2013 0:00,11:00,2013,2013,"H503,H302,","BNSF,",61,"H5,H3,H5,H3,","H,",INDUSTRY,Washington,47.237251,-119.858612,"Washington
(47.237251, -119.858612)"
Highway-rail impact,2012:02:BNSF:NW0212200,1,0,13000,1000,5,0,0,GRANT,2/7/2012 0:00,8:50,2012,2012,"M302,","BNSF,",1,"M3,","M,",MAIN,Washington,47.317014,-119.551934,"Washington
(47.317014, -119.551934)"
Highway-rail impact,2012:09:CSCD:IX120424,0,1,5000,20000,0,0,0,OKANOGAN,9/7/2012 0:00,7:05,2012,2012,"M302,","CSCD,",1,"M3,","M,",MAIN,Washington,48.505,-119.501,"Washington
(48.505, -119.501)"
Derailments,2016:03:CSCD:CSC909316D,0,0,71900,40000,0,0,0,OKANOGAN,3/14/2016 0:00,13:20,2016,2016,"M599,T099,","CSCD,",1,"M5,T0,","M,T,",MAIN,Washington,48.541969,-119.4881,"Washington
(48.541969, -119.4881)"
Other events,2016:04:BNSF:NW0416122,0,0,250,14000,0,0,0,GRANT,4/7/2016 0:00,19:30,2016,2016,"H402,","BNSF,",9,"H4,","H,",MAIN,Washington,47.369228,-119.461647,"Washington
(47.369228, -119.461647)"
Other events,2016:04:BNSF:NW0416101,0,0,2000,13000,0,0,0,GRANT,4/7/2016 0:00,19:30,2016,2016,"H402,","BNSF,",9,"H4,","H,",MAIN,Washington,47.369901,-119.460866,"Washington
(47.369901, -119.460866)"
Fire/violent rupture,2014:12:BNSF:NW1214120,0,0,0,11000,0,0,0,GRANT,12/13/2014 0:00,8:23,2014,2015,"E71L,","BNSF,",1,"E7,","E,",MAIN,Washington,47.384923,-119.433649,"Washington
(47.384923, -119.433649)"
Derailments,2014:07:BNSF:NW0714109,0,0,56000,101465,0,0,0,BENTON,7/9/2014 0:00,16:54,2014,2014,"T109,","BNSF,",1,"T1,","T,",MAIN,Washington,46.227835,-119.403413,"Washington
(46.227835, -119.403413)"
Derailments,2014:07:UP:0714PD018,0,0,14648,41059,11,0,0,UMATILLA,7/23/2014 0:00,17:05,2014,2014,"H306,","UP,",75,"H3,","H,",YARD,Oregon,45.795941,-119.301267,"Oregon
(45.795941, -119.301267)"
Derailments,2015:06:UP:0615PD021,0,0,0,54167,0,0,0,UMATILLA,6/27/2015 0:00,15:00,2015,2015,"H303,","UP,",8,"H3,","H,",YARD,Oregon,45.79497,-119.294433,"Oregon
(45.79497, -119.294433)"
Derailments,2013:05:UP:0513PD019,0,0,34858,2027,2,2,0,UMATILLA,5/31/2013 0:00,8:30,2013,2013,"S006,","UP,",75,"S0,","S,",YARD,Oregon,45.795262,-119.294433,"Oregon
(45.795262, -119.294433)"
Derailments,2013:07:UP:0713PD006,0,0,7486,2827,1,1,0,UMATILLA,7/6/2013 0:00,20:30,2013,2013,"S011,","UP,",7,"S0,","S,",YARD,Oregon,45.794973,-119.29443,"Oregon
(45.794973, -119.29443)"
Derailments,2014:01:UP:0114PD001,0,0,348,17335,0,0,0,UMATILLA,1/2/2014 0:00,11:40,2014,2014,"T110,","UP,",8,"T1,","T,",YARD,Oregon,45.79484,-119.294417,"Oregon
(45.79484, -119.294417)"
Derailments,2011:06:EWG:EWG20111,0,0,29117,8000,0,0,0,GRANT,6/2/2011 0:00,10:20,2011,2011,"T001,T002,","EWG,",7,"T0,","T,",INDUSTRY,Washington,47.608116,-119.291574,"Washington
(47.608116, -119.291574)"
Derailments,2014:11:UP:1114PD014,0,0,15836,31526,4,0,0,UMATILLA,11/12/2014 0:00,8:15,2014,2015,"T212,","UP,",7,"T2,","T,",YARD,Oregon,45.797487,-119.291319,"Oregon
(45.797487, -119.291319)"
Derailments,2015:08:CBRW:15080401,0,0,15000,1300,6,0,0,GRANT,8/4/2015 0:00,11:53,2015,2015,"H799,","CBRW,",1,"H7,","H,",YARD,Washington,47.130141,-119.278077,"Washington
(47.130141, -119.278077)"
Derailments,2015:05:UP:0515PD013,0,0,221500,1129,0,0,0,UMATILLA,5/28/2015 0:00,12:36,2015,2015,"M404,","UP,",7,"M4,","M,",YARD,Oregon,45.793934,-119.271697,"Oregon
(45.793934, -119.271697)"
Derailments,2013:05:UP:0513PD009,0,0,19939,22194,0,0,0,UMATILLA,5/16/2013 0:00,3:35,2013,2013,"E07C,","UP,",7,"E0,","E,",YARD,Oregon,45.796587,-119.260647,"Oregon
(45.796587, -119.260647)"
Derailments,2016:01:UP:0116PD004,0,0,0,250000,0,0,0,UMATILLA,1/12/2016 0:00,7:40,2016,2016,"M404,","UP,",NA,"M4,","M,",MAIN,Oregon,45.834816,-119.256123,"Oregon
(45.834816, -119.256123)"
Side collision,2012:09:UP:0912PD007,0,0,264,12439,2,0,0,UMATILLA,9/14/2012 0:00,12:30,2012,2012,"M407,","UP,",76,"M4,","M,",YARD,Oregon,45.794759,-119.254698,"Oregon
(45.794759, -119.254698)"
Derailments,2013:12:UP:1213PD016,0,0,100,74564,0,0,0,UMATILLA,12/21/2013 0:00,3:20,2013,2014,"M405,","UP,",7,"M4,","M,",YARD,Oregon,45.794172,-119.253004,"Oregon
(45.794172, -119.253004)"
Derailments,2015:08:UP:0815PD015,0,0,0,56165,0,0,0,UMATILLA,8/24/2015 0:00,13:40,2015,2015,"H303,","UP,",8,"H3,","H,",YARD,Oregon,45.793623,-119.251014,"Oregon
(45.793623, -119.251014)"
Derailments,2013:04:UP:0413PD016,0,0,825,10694,6,1,0,UMATILLA,4/19/2013 0:00,9:45,2013,2013,"M507,","UP,",7,"M5,","M,",YARD,Oregon,45.795301,-119.248542,"Oregon
(45.795301, -119.248542)"
Obstruction impact,2015:05:BNSF:NW0515123,0,0,0,14282,0,0,0,BENTON,5/30/2015 0:00,5:15,2015,2015,"M402,","BNSF,",1,"M4,","M,",MAIN,Washington,46.222258,-119.176858,"Washington
(46.222258, -119.176858)"
Other impacts,2012:07:UP:0712PD005,0,0,0,55281,0,0,0,UMATILLA,7/20/2012 0:00,5:00,2012,2012,"S016,","UP,",75,"S0,","S,",YARD,Oregon,45.4747,-119.1622,"Oregon
(45.4747, -119.1622)"
Rear end collision,2012:11:BNSF:NW1112107,0,0,0,65627,8,0,0,FRANKLIN,11/6/2012 0:00,22:30,2012,2013,"H018,","BNSF,",65,"H0,","H,",YARD,Washington,46.307236,-119.116029,"Washington
(46.307236, -119.116029)"
Other events,2015:01:BNSF:NW0115103,0,0,22000,0,99,0,0,FRANKLIN,1/10/2015 0:00,12:45,2015,2015,"H221,H702,","BNSF,",1,"H2,H7,","H,",MAIN,Washington,46.273405,-119.104915,"Washington
(46.273405, -119.104915)"
Raking collision,2011:06:BNSF:NW0611117,0,0,500,18684,0,0,0,FRANKLIN,6/22/2011 0:00,13:00,2011,2011,"H607,","BNSF,",7,"H6,","H,",YARD,Washington,46.266535,-119.102,"Washington
(46.266535, -119.102)"
Derailments,2016:02:BNSF:NW0216109,0,0,4000,17375,0,0,0,FRANKLIN,2/17/2016 0:00,20:45,2016,2016,"M411,","BNSF,",7,"M4,","M,",YARD,Washington,46.26958,-119.10042,"Washington
(46.26958, -119.10042)"
Obstruction impact,2013:02:BNSF:NW0213114,0,1,18980,200,28,21,0,FRANKLIN,2/21/2013 0:00,22:40,2013,2013,"M402,","BNSF,",1,"M4,","M,",YARD,Washington,46.266884,-119.099693,"Washington
(46.266884, -119.099693)"
Raking collision,2014:09:BNSF:NW0914107,0,0,11156,117159,28,0,0,FRANKLIN,9/21/2014 0:00,10:56,2014,2014,"H306,","BNSF,",17,"H3,","H,",YARD,Washington,46.266884,-119.099693,"Washington
(46.266884, -119.099693)"
Derailments,2011:08:BNSF:NW0811114,0,0,28000,11710,0,0,0,FRANKLIN,8/21/2011 0:00,7:10,2011,2011,"H599,","BNSF,",7,"H5,","H,",YARD,Washington,46.262417,-119.099488,"Washington
(46.262417, -119.099488)"
Derailments,2016:01:BNSF:NW0116115,0,0,60000,19693,0,0,0,FRANKLIN,1/19/2016 0:00,4:40,2016,2016,"T201,","BNSF,",7,"T2,","T,",YARD,Washington,46.260068,-119.095659,"Washington
(46.260068, -119.095659)"
Derailments,2013:01:BNSF:NW0113125,0,0,30000,41245,59,0,0,FRANKLIN,1/28/2013 0:00,17:00,2013,2013,"T207,","BNSF,",1,"T2,","T,",YARD,Washington,46.234987,-119.085926,"Washington
(46.234987, -119.085926)"
Derailments,2015:01:BNSF:NW0115104,0,0,500,29571,3,0,0,FRANKLIN,1/10/2015 0:00,17:40,2015,2015,"H601,","BNSF,",7,"H6,","H,",YARD,Washington,46.233654,-119.0851,"Washington
(46.233654, -119.0851)"
Broken train collision,2011:11:BNSF:NW1111105,0,0,151100,745034,62,4,2,FRANKLIN,11/7/2011 0:00,3:40,2011,2012,"E30C,","BNSF,",7,"E3,","E,",YARD,Washington,46.2337,-119.0851,"Washington
(46.2337, -119.0851)"
Derailments,2012:01:BNSF:NW0112126,0,0,107420,600,0,0,0,FRANKLIN,1/31/2012 0:00,23:30,2012,2012,"H703,","BNSF,",1,"H7,","H,",YARD,Washington,46.2337,-119.0851,"Washington
(46.2337, -119.0851)"
Side collision,2012:03:BNSF:NW0312116,0,0,137000,26796,7,0,0,FRANKLIN,3/19/2012 0:00,23:05,2012,2012,"H018,","BNSF,",51,"H0,","H,",YARD,Washington,46.2337,-119.0851,"Washington
(46.2337, -119.0851)"
Derailments,2015:12:BNSF:NW1215112,0,0,18000,0,0,0,0,FRANKLIN,12/24/2015 0:00,20:50,2015,2016,"H307,H303,","BNSF,",8,"H3,","H,",YARD,Washington,46.230167,-119.083303,"Washington
(46.230167, -119.083303)"
Other events,2016:02:BNSF:NW0216122,0,0,0,15000,0,0,0,FRANKLIN,2/29/2016 0:00,20:30,2016,2016,"H509,","BNSF,",1,"H5,","H,",YARD,Washington,46.222625,-119.075511,"Washington
(46.222625, -119.075511)"
Highway-rail impact,2016:08:CBRW:16080301,0,0,500,10000,2,0,0,ADAMS,8/3/2016 0:00,10:05,2016,2016,"M302,","CBRW,",1,"M3,","M,",MAIN,Washington,46.839434,-119.052357,"Washington
(46.839434, -119.052357)"
Derailments,2012:07:BNSF:NW0712102,0,0,350000,1749355,0,0,0,FRANKLIN,7/2/2012 0:00,18:30,2012,2012,"T109,","BNSF,",1,"T1,","T,",MAIN,Washington,46.581882,-119.007773,"Washington
(46.581882, -119.007773)"
Derailments,2011:08:UP:0811PD009,0,0,47125,9768,0,0,0,UMATILLA,8/19/2011 0:00,12:50,2011,2011,"T308,","UP,",7,"T3,","T,",YARD,Oregon,45.794772,-119,"Oregon
(45.794772, -119)"
Derailments,2014:08:UP:0814PD001,0,0,164872,860828,0,0,0,UMATILLA,8/1/2014 0:00,2:00,2014,2014,"H518,H504,","UP,",1,"H5,","H,",MAIN,Oregon,45.989264,-118.987149,"Oregon
(45.989264, -118.987149)"
Broken train collision,2015:05:BNSF:NW0515118,0,0,0,15100,47,0,0,FRANKLIN,5/24/2015 0:00,1:35,2015,2015,"E33C,","BNSF,",1,"E3,","E,",MAIN,Washington,46.600741,-118.952505,"Washington
(46.600741, -118.952505)"
Derailments,2013:04:UP:0413PD011,0,0,81265,9943,0,0,0,WALLA WALLA,4/17/2013 0:00,9:20,2013,2013,"E40C,","UP,",1,"E4,","E,",MAIN,Washington,46.09613,-118.913084,"Washington
(46.09613, -118.913084)"
Other impacts,2015:05:UP:0515PD007,0,0,0,10722,0,0,0,WALLA WALLA,5/6/2015 0:00,9:12,2015,2015,"H602,","UP,",7,"H6,","H,",YARD,Washington,46.09613,-118.913084,"Washington
(46.09613, -118.913084)"
Derailments,2015:01:UP:0115PD001,0,0,465,10201,0,0,0,UMATILLA,1/2/2015 0:00,24:00:00,2015,2015,"M101,","UP,",1,"M1,","M,",MAIN,Oregon,45.648452,-118.872034,"Oregon
(45.648452, -118.872034)"
Derailments,2008:03:EWG:200802,0,0,7500,15000,0,0,0,LINCOLN,3/2/2008 0:00,17:00,2008,2008,"T001,H606,","EWG,",1,"T0,H6,","T,H,",MAIN,Washington,47.757222,-118.7091669,"Washington
(47.757222, -118.7091669)"
Derailments,2012:03:EWG:12030303,0,0,27000,300,0,0,0,LINCOLN,3/3/2012 0:00,13:40,2012,2012,"T319,T001,","EWG,",1,"T3,T0,","T,",INDUSTRY,Washington,47.755425,-118.698687,"Washington
(47.755425, -118.698687)"
Derailments,2008:01:EWG:200801,0,0,0,21000,0,0,0,LINCOLN,1/23/2008 0:00,16:20,2008,2008,"M101,H307,","EWG,",1,"M1,H3,","M,H,",SIDING,Washington,47.758055,-118.530833,"Washington
(47.758055, -118.530833)"
Derailments,2007:12:EWG:200701,0,0,92827,45300,0,0,0,LINCOLN,12/17/2007 0:00,13:30,2007,2008,"T213,E64C,","EWG,",1,"T2,E6,","T,E,",MAIN,Washington,47.754722,-118.502222,"Washington
(47.754722, -118.502222)"
Obstruction impact,2015:08:UP:0815ES004,0,1,0,23545,0,0,0,UMATILLA,8/6/2015 0:00,7:30,2015,2015,"H212,","UP,",NA,"H2,","H,",MAIN,Oregon,45.696997,-118.399321,"Oregon
(45.696997, -118.399321)"
Derailments,2015:03:UP:0315PD002,0,0,333902,531288,3,2,0,UMATILLA,3/2/2015 0:00,8:36,2015,2015,"T101,","UP,",1,"T1,","T,",MAIN,Oregon,45.524898,-118.380001,"Oregon
(45.524898, -118.380001)"
Derailments,2013:01:UP:0113PD006,0,0,17458,17052,0,0,0,UMATILLA,1/12/2013 0:00,11:55,2013,2013,"E21C,","UP,",1,"E2,","E,",MAIN,Oregon,45.566435,-118.31885,"Oregon
(45.566435, -118.31885)"
Derailments,2012:12:UP:1212PD014,0,0,8339,2430,0,0,0,UNION,12/19/2012 0:00,6:20,2012,2013,"E67C,","UP,",1,"E6,","E,",MAIN,Oregon,45.349154,-118.222698,"Oregon
(45.349154, -118.222698)"
Derailments,2012:02:PCC:D510212,0,0,6500,8000,0,0,0,WALLA WALLA,2/28/2012 0:00,13:50,2012,2012,"T221,","PCC,",1,"T2,","T,",MAIN,Washington,46.353,-118.203,"Washington
(46.353, -118.203)"
Derailments,2014:10:KFR:KFR140909,0,0,0,100000,0,0,0,FERRY,10/29/2014 0:00,18:00,2014,2015,"H699,","KFR,",6,"H6,","H,",MAIN,Washington,48.907984,-118.20082,"Washington
(48.907984, -118.20082)"
Derailments,2012:04:EWG:04271205,0,0,130000,320000,0,0,0,LINCOLN,4/27/2012 0:00,10:50,2012,2012,"T108,T105,","EWG,",1,"T1,","T,",MAIN,Washington,47.660214,-118.13028,"Washington
(47.660214, -118.13028)"
Derailments,2014:09:INPR:OP092314OR,0,0,19347,4472,0,0,0,UNION,9/23/2014 0:00,9:50,2014,2014,"H702,H704,","INPR,",7,"H7,","H,",YARD,Oregon,45.33388,-118.09931,"Oregon
(45.33388, -118.09931)"
Derailments,2011:02:INPR:OP021911OR,0,0,6255,4118,0,0,0,UNION,2/19/2011 0:00,9:58,2011,2011,"T205,","INPR,UP,",1,"T2,","T,",YARD,Oregon,45.330789,-118.094892,"Oregon
(45.330789, -118.094892)"
Fire/violent rupture,2012:06:UP:0612PD006,0,0,0,147033,0,0,0,UNION,6/10/2012 0:00,16:00,2012,2012,"M406,","UP,",1,"M4,","M,",MAIN,Oregon,45.324044,-118.084125,"Oregon
(45.324044, -118.084125)"
Derailments,2015:05:KFR:KFR151142,0,0,31300,28705,0,0,0,STEVENS,5/30/2015 0:00,14:00,2015,2015,"E46C,","KFR,",1,"E4,","E,",MAIN,Washington,48.402881,-118.065856,"Washington
(48.402881, -118.065856)"
Other impacts,2015:10:KFR:KFR151272,0,0,0,100000,0,0,0,STEVENS,10/17/2015 0:00,13:50,2015,2016,"H607,H601,","KFR,",8,"H6,","H,",YARD,Washington,48.372923,-118.06445,"Washington
(48.372923, -118.06445)"
Derailments,2013:07:UP:0713PD012,0,0,274630,268126,2,2,0,UNION,7/10/2013 0:00,1:30,2013,2013,"M404,","UP,",1,"M4,","M,",MAIN,Oregon,45.261025,-117.983683,"Oregon
(45.261025, -117.983683)"
Derailments,2012:04:EWG:04181204,0,0,125000,395000,0,0,0,LINCOLN,4/18/2012 0:00,24:00:00,2012,2012,"H606,T101,","EWG,",1,"H6,T1,","H,T,",MAIN,Washington,47.681252,-117.969482,"Washington
(47.681252, -117.969482)"
Derailments,2016:01:UP:0116PD017,0,0,4000,12654,0,0,0,UNION,1/30/2016 0:00,9:02,2016,2016,"E53C,","UP,",1,"E5,","E,",MAIN,Oregon,45.234617,-117.943893,"Oregon
(45.234617, -117.943893)"
Fire/violent rupture,2015:08:UP:0815PD002,0,0,0,265503,0,0,0,UNION,8/6/2015 0:00,3:25,2015,2015,"E79L,","UP,",1,"E7,","E,",MAIN,Oregon,45.097103,-117.819664,"Oregon
(45.097103, -117.819664)"
Derailments,2012:09:KFR:KFRCS12017,0,0,31000,3000,24,0,0,STEVENS,9/27/2012 0:00,17:30,2012,2012,"M599,E46C,","KFR,",1,"M5,E4,","M,E,",MAIN,Washington,48.906311,-117.794906,"Washington
(48.906311, -117.794906)"
Derailments,2012:02:KFR:KFRCS12002,0,0,15000,15000,16,13,0,STEVENS,2/13/2012 0:00,16:10,2012,2012,"T106,","KFR,",1,"T1,","T,",MAIN,Washington,48.856311,-117.551761,"Washington
(48.856311, -117.551761)"
Derailments,2013:06:UP:0613PD014,0,0,146465,865493,4,4,0,BAKER,6/17/2013 0:00,12:45,2013,2013,"M405,","UP,",1,"M4,","M,",MAIN,Oregon,44.6324,-117.489246,"Oregon
(44.6324, -117.489246)"
Derailments,2012:10:BNSF:NW1012102,0,0,68000,61828,1,0,0,SPOKANE,10/5/2012 0:00,21:45,2012,2013,"T207,","BNSF,",1,"T2,","T,",MAIN,Washington,47.93089,-117.45841,"Washington
(47.93089, -117.45841)"
Derailments,2013:01:BNSF:NW0113126,0,0,10000,5000,16,0,0,SPOKANE,1/27/2013 0:00,19:30,2013,2013,"H523,","BNSF,",7,"H5,","H,",YARD,Washington,47.655556,-117.43011,"Washington
(47.655556, -117.43011)"
Derailments,2014:11:BNSF:NW1114114,0,0,7000,45664,1,0,0,SPOKANE,11/13/2014 0:00,20:20,2014,2015,"H525,","BNSF,",1,"H5,","H,",YARD,Washington,47.655556,-117.43011,"Washington
(47.655556, -117.43011)"
Derailments,2011:09:WIR:1,0,0,25000,2000,0,0,0,SPOKANE,9/9/2011 0:00,16:00,2011,2011,"T109,","WIR,",1,"T1,","T,",MAIN,Washington,47.380114,-117.394703,"Washington
(47.380114, -117.394703)"
Derailments,2013:11:BNSF:NW1113111,0,0,200,10677,38,5,0,SPOKANE,11/19/2013 0:00,7:30,2013,2014,"H607,H702,","BNSF,",1,"H6,H7,","H,",YARD,Washington,47.65892,-117.39363,"Washington
(47.65892, -117.39363)"
Highway-rail impact,2014:11:BNSF:NW1114201,0,1,0,15000,0,0,0,SPOKANE,11/24/2014 0:00,16:30,2014,2015,"M303,","BNSF,",9,"M3,","M,",MAIN,Washington,47.6718,-117.39,"Washington
(47.6718, -117.39)"
Other impacts,2013:09:BNSF:NW0913116,0,0,500,33088,1,1,0,SPOKANE,9/30/2013 0:00,18:30,2013,2013,"H306,","BNSF,",16,"H3,","H,",YARD,Washington,47.659316,-117.386468,"Washington
(47.659316, -117.386468)"
Derailments,2011:07:BNSF:NW0711108,0,0,0,10400,0,0,0,SPOKANE,7/17/2011 0:00,13:00,2011,2011,"H306,","BNSF,",7,"H3,","H,",YARD,Washington,47.659321,-117.386238,"Washington
(47.659321, -117.386238)"
Derailments,2016:01:BNSF:NW0116100,0,0,102820,91404,0,0,0,SPOKANE,1/2/2016 0:00,5:44,2016,2016,"T207,","BNSF,UP,",1,"T2,","T,",YARD,Washington,47.666029,-117.368073,"Washington
(47.666029, -117.368073)"
Derailments,2016:06:BNSF:NW0616107,0,0,4000,13270,2,2,0,SPOKANE,6/24/2016 0:00,17:45,2016,2016,"H704,","BNSF,",7,"H7,","H,",YARD,Washington,47.705308,-117.363133,"Washington
(47.705308, -117.363133)"
Derailments,2013:11:BNSF:NW1113108,0,0,20000,22526,0,0,0,SPOKANE,11/15/2013 0:00,2:40,2013,2014,"H307,H702,","BNSF,",1,"H3,H7,","H,",YARD,Washington,47.667595,-117.345416,"Washington
(47.667595, -117.345416)"
Derailments,2015:12:UP:1215PD007,0,0,15633,755,1,0,0,SPOKANE,12/12/2015 0:00,16:20,2015,2016,"T207,","UP,",1,"T2,","T,",YARD,Washington,47.659341,-117.343986,"Washington
(47.659341, -117.343986)"
Derailments,2013:06:BNSF:NW0613111,0,0,1000,15393,0,0,0,SPOKANE,6/16/2013 0:00,14:00,2013,2013,"H312,","BNSF,",7,"H3,","H,",YARD,Washington,47.669135,-117.342468,"Washington
(47.669135, -117.342468)"
Derailments,2014:02:BNSF:NW0214110,0,0,3672,9606,0,0,0,SPOKANE,2/16/2014 0:00,23:50,2014,2014,"H312,","BNSF,",7,"H3,","H,",YARD,Washington,47.669135,-117.342468,"Washington
(47.669135, -117.342468)"
Derailments,2014:12:BNSF:NW1214109,0,0,0,16199,0,0,0,SPOKANE,12/12/2014 0:00,20:35,2014,2015,"H312,","BNSF,",7,"H3,","H,",YARD,Washington,47.669135,-117.342468,"Washington
(47.669135, -117.342468)"
Derailments,2013:04:BNSF:NW0413109,0,0,13000,7165,0,0,0,SPOKANE,4/2/2013 0:00,18:00,2013,2013,"T403,","BNSF,",7,"T4,","T,",YARD,Washington,47.668422,-117.34131,"Washington
(47.668422, -117.34131)"
Raking collision,2014:08:BNSF:NW0814106,0,0,0,10516,18,4,0,SPOKANE,8/1/2014 0:00,20:40,2014,2014,"H021,","BNSF,",16,"H0,","H,",YARD,Washington,47.668834,-117.339256,"Washington
(47.668834, -117.339256)"
Side collision,2015:12:BNSF:NW1215116,0,0,0,17186,1,1,0,SPOKANE,12/28/2015 0:00,17:15,2015,2016,"H021,","BNSF,",76,"H0,","H,",YARD,Washington,47.673697,-117.333793,"Washington
(47.673697, -117.333793)"
Other impacts,2016:04:BNSF:NW0416106,0,0,0,11679,1,1,0,SPOKANE,4/8/2016 0:00,1:45,2016,2016,"H318,","BNSF,",76,"H3,","H,",YARD,Washington,47.673844,-117.333436,"Washington
(47.673844, -117.333436)"
Raking collision,2016:02:BNSF:NW0216107,0,0,2000,140000,0,0,0,SPOKANE,2/11/2016 0:00,23:45,2016,2016,"H306,","BNSF,",8,"H3,","H,",YARD,Washington,47.673584,-117.326045,"Washington
(47.673584, -117.326045)"
Side collision,2013:07:BNSF:NW0713116,0,0,5000,28916,17,0,0,SPOKANE,7/12/2013 0:00,18:30,2013,2013,"H306,","BNSF,",71,"H3,","H,",YARD,Washington,47.672154,-117.322835,"Washington
(47.672154, -117.322835)"
Other impacts,2013:09:BNSF:NW0913113,0,0,18000,55744,24,1,0,SPOKANE,9/26/2013 0:00,17:30,2013,2013,"H318,H020,","BNSF,",676,"H3,H0,H3,H0,H3,H0,","H,",YARD,Washington,47.673811,-117.314624,"Washington
(47.673811, -117.314624)"
Raking collision,2014:12:BNSF:NW1214104,0,0,0,11497,1,1,0,SPOKANE,12/7/2014 0:00,2:30,2014,2015,"H306,","BNSF,",7,"H3,","H,",YARD,Washington,47.673811,-117.314624,"Washington
(47.673811, -117.314624)"
Other events,2013:07:BNSF:NW0713122,0,0,0,10000,0,0,0,SPOKANE,7/16/2013 0:00,14:00,2013,2013,"H997,","BNSF,",NA,"H9,","H,",MAIN,Washington,47.67588,-117.304358,"Washington
(47.67588, -117.304358)"
Derailments,2014:07:BNSF:NW0714105,0,0,1000,10988,0,0,0,SPOKANE,7/6/2014 0:00,1:30,2014,2014,"H524,H523,","BNSF,",67,"H5,","H,",YARD,Washington,47.676313,-117.302313,"Washington
(47.676313, -117.302313)"
Derailments,2016:02:UP:0216PC007,0,0,323608,71355,0,0,0,WASHINGTON,2/19/2016 0:00,3:27,2016,2016,"E61C,","UP,",1,"E6,","E,",SIDING,Idaho,44.319796,-117.197259,"Idaho
(44.319796, -117.197259)"
Highway-rail impact,2013:10:UP:1013PC004,0,0,55890,5321,0,0,0,WASHINGTON,10/10/2013 0:00,20:30,2013,2014,"M302,","UP,",1,"M3,","M,",MAIN,Idaho,44.252724,-117.002129,"Idaho
(44.252724, -117.002129)"
Raking collision,2013:05:GRNW:D580113,0,0,1000,24303,0,0,0,NEZ PERCE,5/21/2013 0:00,19:25,2013,2013,"H302,H307,","GRNW,",7,"H3,","H,",YARD,Idaho,46.400245,-117.00103,"Idaho
(46.400245, -117.00103)"
Derailments,2015:11:BNSF:NW1115103,0,0,35000,13741,31,0,0,KOOTENAI,11/7/2015 0:00,19:00,2015,2016,"H702,","BNSF,",1,"H7,","H,",MAIN,Idaho,47.762412,-116.981956,"Idaho
(47.762412, -116.981956)"
Highway-rail impact,2014:02:UP:0214PC006,0,0,13015,6543,0,0,0,PAYETTE,2/12/2014 0:00,15:32,2014,2014,"M302,","UP,",1,"M3,","M,",MAIN,Idaho,44.07545,-116.938094,"Idaho
(44.07545, -116.938094)"
Highway-rail impact,2014:09:INPR:OP091114ID,0,0,9780,11704,0,0,0,PAYETTE,9/11/2014 0:00,10:44,2014,2014,"M302,","INPR,",1,"M3,","M,",MAIN,Idaho,44.045865,-116.933146,"Idaho
(44.045865, -116.933146)"