AccidentType,inckey,Fatalities,Injuries,TrackDamage,EquipmentDamage,HazmatCars,HazmatCarsDerailed,HazmatCarsReleasing,County,DisplayDate,DisplayTime,calendar,Fiscal,AccidentCause,RailroadCodes,RAILEQUIPMENT_TYPE,CauseGroup,CauseDiscipline,TYPE_OF_TRACK,StateName,latitude,longitude,GeoLocation
Derailments,2014:01:BNSF:NW0114111,0,0,90500,12864,7,0,0,KOOTENAI,1/18/2014 0:00,18:20,2014,2014,"E67C,","BNSF,MRL,",1,"E6,","E,",MAIN,Idaho,47.80166,-116.915396,"Idaho
(47.80166, -116.915396)"
Side collision,2011:08:BNSF:NW0811107,0,0,80000,30160,0,0,0,KOOTENAI,8/13/2011 0:00,5:30,2011,2011,"T207,","BNSF,",1,"T2,","T,",YARD,Idaho,47.7807,-116.899945,"Idaho
(47.7807, -116.899945)"
Highway-rail impact,2013:07:MRL:2013135,1,0,1300,9000,0,0,0,KOOTENAI,7/14/2013 0:00,12:45,2013,2013,"M308,","MRL,",1,"M3,","M,",MAIN,Idaho,47.80653,-116.808015,"Idaho
(47.80653, -116.808015)"
Derailments,2014:12:BGCM:BGCM121914,0,0,5000,10000,0,0,0,NEZ PERCE,12/19/2014 0:00,14:00,2014,2015,"T113,T001,","BGCM,",1,"T1,T0,","T,",MAIN,Idaho,46.452319,-116.806766,"Idaho
(46.452319, -116.806766)"
Obstruction impact,2014:11:BNSF:NW1114100,0,0,40000,9200,1,0,0,KOOTENAI,11/1/2014 0:00,23:08,2014,2015,"M402,","BNSF,",1,"M4,","M,",MAIN,Idaho,47.948181,-116.70874,"Idaho
(47.948181, -116.70874)"
Rear end collision,2012:03:BNSF:NW0312105,0,1,0,12500,0,0,0,BONNER,3/8/2012 0:00,9:45,2012,2012,"H997,","BNSF,",9,"H9,","H,",MAIN,Idaho,48.13887,-116.601006,"Idaho
(48.13887, -116.601006)"
Derailments,2011:09:UP:0911PC005,0,0,44524,62226,11,0,0,CANYON,9/17/2011 0:00,15:20,2011,2011,"M405,","UP,",1,"M4,","M,",YARD,Idaho,43.600269,-116.588521,"Idaho
(43.600269, -116.588521)"
Derailments,2012:02:BVRR:D730412,0,0,0,80000,0,0,0,CANYON,2/28/2012 0:00,16:45,2012,2012,"H318,","BVRR,",5,"H3,","H,",YARD,Idaho,43.594583,-116.578597,"Idaho
(43.594583, -116.578597)"
Derailments,2013:06:UP:0613PC005,0,0,1188,50933,0,0,0,CANYON,6/14/2013 0:00,3:15,2013,2013,"H702,","UP,",7,"H7,","H,",YARD,Idaho,43.58589,-116.567417,"Idaho
(43.58589, -116.567417)"
Derailments,2015:04:UP:0415PC006,0,0,250,27112,0,0,0,CANYON,4/24/2015 0:00,11:55,2015,2015,"T111,","UP,",7,"T1,","T,",YARD,Idaho,43.580861,-116.560228,"Idaho
(43.580861, -116.560228)"
Derailments,2015:05:UP:0515PC009,0,0,1000,20991,0,0,0,CANYON,5/27/2015 0:00,18:10,2015,2015,"E47C,H604,","UP,",16,"E4,H6,E4,H6,","E,H,E,H,",MAIN,Idaho,43.580861,-116.560228,"Idaho
(43.580861, -116.560228)"
Derailments,2014:05:BNSF:NW0514104,0,0,75384,23874,40,0,0,BONNER,5/10/2014 0:00,13:00,2014,2014,"M503,M501,","BNSF,UP,",1,"M5,","M,",YARD,Idaho,48.288656,-116.559847,"Idaho
(48.288656, -116.559847)"
Derailments,2011:09:UP:0911PC002,0,0,13476,200,0,0,0,CANYON,9/8/2011 0:00,18:30,2011,2011,"T314,","UP,",7,"T3,","T,",YARD,Idaho,43.570938,-116.545392,"Idaho
(43.570938, -116.545392)"
Raking collision,2014:02:GRNW:D58044,0,0,1300,26600,0,0,0,NEZ PERCE,2/3/2014 0:00,9:15,2014,2014,"H018,","GRNW,",7,"H0,","H,",YARD,Idaho,46.25138,-116.54013,"Idaho
(46.25138, -116.54013)"
Derailments,2016:05:UP:0516PC004,0,0,143634,44336,5,0,0,CANYON,5/25/2016 0:00,9:20,2016,2016,"M405,","UP,",15,"M4,","M,",YARD,Idaho,43.561995,-116.532532,"Idaho
(43.561995, -116.532532)"
Derailments,2013:11:UP:1113PC002,0,0,16774,17288,0,0,0,CANYON,11/7/2013 0:00,24:30:00,2013,2014,"T317,","UP,",1,"T3,","T,",YARD,Idaho,43.560996,-116.531087,"Idaho
(43.560996, -116.531087)"
Obstruction impact,2013:07:UP:0713ST012,0,0,0,13994,0,0,0,DONA ANA,7/15/2013 0:00,15:05,2013,2013,"M404,","ATK,UP,",2,"M4,","M,",MAIN,New Mexico,31.758696,-116.500855,"New Mexico
(31.758696, -116.500855)"
Derailments,2012:03:UP:0312PD017,0,0,926211,431980,0,0,0,BONNER,3/31/2012 0:00,8:23,2012,2012,"M199,","UP,",1,"M1,","M,",MAIN,Idaho,48.411269,-116.483312,"Idaho
(48.411269, -116.483312)"
Fire/violent rupture,2016:08:UP:0816PD006,0,0,0,32254,0,0,0,BOUNDARY,8/11/2016 0:00,16:23,2016,2016,"E73L,","UP,",1,"E7,","E,",MAIN,Idaho,48.532082,-116.405833,"Idaho
(48.532082, -116.405833)"
Derailments,2013:04:BVRR:D730413,0,0,50000,28813,1,1,0,CANYON,4/14/2013 0:00,20:08,2013,2013,"H503,T110,","BVRR,UP,",7,"H5,T1,","H,T,",YARD,Idaho,43.585991,-116.34982,"Idaho
(43.585991, -116.34982)"
Derailments,2014:04:BGCM:BGCM41814,0,0,5000,36000,0,0,0,CLEARWATER,4/18/2014 0:00,5:20,2014,2014,"T113,T001,","BGCM,",1,"T1,T0,","T,",MAIN,Idaho,46.504308,-116.323611,"Idaho
(46.504308, -116.323611)"
Derailments,2014:05:BNSF:MT0514110,0,0,72539,253904,0,0,0,BOUNDARY,5/16/2014 0:00,19:15,2014,2014,"H601,","BNSF,",1,"H6,","H,",MAIN,Idaho,48.694356,-116.304479,"Idaho
(48.694356, -116.304479)"
Derailments,2014:05:BNSF:MT0514102,0,0,374000,190781,0,0,0,BOUNDARY,5/22/2014 0:00,2:00,2014,2014,"E53C,","BNSF,",1,"E5,","E,",MAIN,Idaho,48.696901,-116.20576,"Idaho
(48.696901, -116.20576)"
Derailments,2013:10:UP:1013PD017,0,0,45439,130245,0,0,0,BOUNDARY,10/31/2013 0:00,10:47,2013,2014,"T314,","UP,",1,"T3,","T,",SIDING,Idaho,48.999802,-116.182536,"Idaho
(48.999802, -116.182536)"
Other events,2012:06:MRL:2012077,0,0,0,87500,0,0,0,BONNER,6/13/2012 0:00,14:35,2012,2012,"H997,","MRL,",NA,"H9,","H,",MAIN,Idaho,48.84424,-116.11672,"Idaho
(48.84424, -116.11672)"
Obstruction impact,2015:11:BNSF:MT1115103,0,0,0,11000,0,0,0,LINCOLN,11/17/2015 0:00,6:00,2015,2016,"M404,","BNSF,",1,"M4,","M,",MAIN,Montana,48.570079,-115.98179,"Montana
(48.570079, -115.98179)"
Derailments,2014:03:UP:0314PC009,0,0,880393,128622,0,0,0,ELMORE,3/28/2014 0:00,13:45,2014,2014,"E71L,","UP,",1,"E7,","E,",MAIN,Idaho,43.011677,-115.589159,"Idaho
(43.011677, -115.589159)"
Other events,2015:09:BNSF:MT0915102,0,0,40000,250,0,0,0,LINCOLN,9/10/2015 0:00,14:40,2015,2015,"H997,","BNSF,",NA,"H9,","H,",MAIN,Montana,48.414241,-115.482559,"Montana
(48.414241, -115.482559)"
Derailments,2011:07:UP:0711UT013,0,0,25876,3738,0,0,0,CLARK,7/30/2011 0:00,5:24,2011,2011,"H307,","UP,",1,"H3,","H,",SIDING,Nevada,36.000405,-115.24,"Nevada
(36.000405, -115.24)"
Head on collision,2014:06:MRL:2014079,0,0,0,200500,0,0,0,SANDERS,6/10/2014 0:00,9:25,2014,2014,"H499,","MRL,",NA,"H4,","H,",MAIN,Montana,47.534648,-115.058807,"Montana
(47.534648, -115.058807)"
Other events,2013:04:MRL:2013048,0,0,15000,0,0,0,0,MINERAL,4/20/2013 0:00,15:00,2013,2013,"H221,","MRL,",1,"H2,","H,",MAIN,Montana,47.193829,-114.901999,"Montana
(47.193829, -114.901999)"
Derailments,2013:09:MRL:2013128,0,0,400000,1600000,10,4,0,MINERAL,9/4/2013 0:00,4:30,2013,2013,"T299,","MRL,",1,"T2,","T,",MAIN,Montana,47.1395,-114.83114,"Montana
(47.1395, -114.83114)"
Derailments,2014:07:MRL:2014093,0,0,250000,500000,16,3,0,MINERAL,7/3/2014 0:00,16:06,2014,2014,"T199,","MRL,",1,"T1,","T,",MAIN,Montana,47.01136,-114.689804,"Montana
(47.01136, -114.689804)"
Derailments,2014:03:BNSF:MT0314104,0,0,126827,2147807,0,0,0,FLATHEAD,3/1/2014 0:00,14:10,2014,2014,"E71L,T204,","BNSF,",1,"E7,T2,","E,T,",MAIN,Montana,48.540828,-114.568544,"Montana
(48.540828, -114.568544)"
Raking collision,2013:01:EIRR:D500613,0,0,0,17190,0,0,0,JEROME,1/24/2013 0:00,8:50,2013,2013,"H018,","EIRR,",7,"H0,","H,",INDUSTRY,Idaho,42.713381,-114.531765,"Idaho
(42.713381, -114.531765)"
Derailments,2013:12:EIRR:D505013,0,0,1200,36436,0,0,0,TWIN FALLS,12/24/2013 0:00,9:27,2013,2014,"H306,","EIRR,",7,"H3,","H,",YARD,Idaho,42.55161,-114.473821,"Idaho
(42.55161, -114.473821)"
Derailments,2015:10:EIRR:D5010315,0,0,1800,9807,0,0,0,TWIN FALLS,10/23/2015 0:00,21:00,2015,2016,"H306,","EIRR,",7,"H3,","H,",YARD,Idaho,42.551261,-114.472708,"Idaho
(42.551261, -114.472708)"
Derailments,2012:03:EIRR:D500212,0,0,1200,25816,0,0,0,TWIN FALLS,3/7/2012 0:00,15:00,2012,2012,"H704,","EIRR,",7,"H7,","H,",YARD,Idaho,42.550885,-114.469493,"Idaho
(42.550885, -114.469493)"
Derailments,2011:06:BNSF:MT0611101,0,0,2500,25500,0,0,0,FLATHEAD,6/6/2011 0:00,23:30,2011,2011,"M503,","BNSF,",1,"M5,","M,",YARD,Montana,48.413808,-114.33558,"Montana
(48.413808, -114.33558)"
Derailments,2015:01:BNSF:MT0115101,0,0,39000,21000,3,3,0,FLATHEAD,1/9/2015 0:00,8:30,2015,2015,"T110,","BNSF,",1,"T1,","T,",YARD,Montana,48.413709,-114.330503,"Montana
(48.413709, -114.330503)"
Other events,2011:09:UP:0911PC009,0,0,16937,0,6,0,0,LINCOLN,9/30/2011 0:00,24:03:00,2011,2011,"H699,","UP,",1,"H6,","H,",MAIN,Idaho,42.909196,-114.285077,"Idaho
(42.909196, -114.285077)"
Other events,2014:07:MRL:2014095,0,0,10600,0,0,0,0,MINERAL,7/10/2014 0:00,9:30,2014,2014,"H220,","MRL,",1,"H2,","H,",MAIN,Montana,46.592886,-114.265422,"Montana
(46.592886, -114.265422)"
Derailments,2014:02:MRL:2014025,0,0,100000,25000,54,1,0,MISSOULA,2/14/2014 0:00,23:30,2014,2014,"E60C,","MRL,",1,"E6,","E,",MAIN,Montana,47.014922,-114.229839,"Montana
(47.014922, -114.229839)"
Derailments,2016:05:MRL:2016059,0,0,22000,40000,0,0,0,MISSOULA,5/16/2016 0:00,10:20,2016,2016,"E46C,","MRL,",1,"E4,","E,",MAIN,Montana,46.985177,-114.103655,"Montana
(46.985177, -114.103655)"
Derailments,2013:06:MRL:2013071,0,0,4500,60000,0,0,0,MISSOULA,6/2/2013 0:00,19:45,2013,2013,"H514,","MRL,",1,"H5,","H,",MAIN,Montana,46.89342,-114.027746,"Montana
(46.89342, -114.027746)"
Derailments,2013:03:MRL:2013032,0,0,500,58500,0,0,0,MISSOULA,3/5/2013 0:00,12:30,2013,2013,"H020,","MRL,",1,"H0,","H,",YARD,Montana,46.892941,-114.027061,"Montana
(46.892941, -114.027061)"
Derailments,2011:09:MRL:2011124,0,0,3600,19500,0,0,0,MISSOULA,9/16/2011 0:00,23:30,2011,2011,"H799,","MRL,",1,"H7,","H,",YARD,Montana,46.530809,-114.024003,"Montana
(46.530809, -114.024003)"
Other impacts,2015:09:MRL:2015130,0,0,30000,0,0,0,0,MISSOULA,9/24/2015 0:00,11:00,2015,2015,"H307,","MRL,",8,"H3,","H,",YARD,Montana,46.889774,-114.020066,"Montana
(46.889774, -114.020066)"
Other impacts,2014:12:MRL:2014174,0,0,0,500000,30,30,0,MISSOULA,12/16/2014 0:00,4:05,2014,2015,"H020,H307,","MRL,",7,"H0,H3,","H,",YARD,Montana,46.888454,-114.015872,"Montana
(46.888454, -114.015872)"
Raking collision,2014:07:MRL:2014090,0,0,0,60000,0,0,0,MISSOULA,7/1/2014 0:00,1:03,2014,2014,"H307,","MRL,",68,"H3,","H,",YARD,Montana,46.88704,-114.01315,"Montana
(46.88704, -114.01315)"
Derailments,2011:08:MRL:2011109,0,0,0,21000,0,0,0,MISSOULA,8/18/2011 0:00,17:30,2011,2011,"H025,","MRL,",6,"H0,","H,",YARD,Montana,46.88608,-114.012,"Montana
(46.88608, -114.012)"
Other events,2016:04:MRL:2016038,1,0,0,8000,0,0,0,MISSOULA,4/4/2016 0:00,6:55,2016,2016,"M402,","MRL,",1,"M4,","M,",YARD,Montana,46.882651,-114.005483,"Montana
(46.882651, -114.005483)"
Derailments,2015:11:MRL:2015153,0,0,10900,19795,0,0,0,MISSOULA,11/19/2015 0:00,3:55,2015,2016,"H503,","MRL,",1,"H5,","H,",MAIN,Montana,46.88184,-114.004181,"Montana
(46.88184, -114.004181)"
Other events,2012:08:MRL:2012107,0,0,0,40000,0,0,0,MISSOULA,8/15/2012 0:00,18:45,2012,2012,"H599,","MRL,",1,"H5,","H,",YARD,Montana,46.525722,-114.002137,"Montana
(46.525722, -114.002137)"
Derailments,2013:12:MRL:2013189,0,0,0,13000,0,0,0,MISSOULA,12/19/2013 0:00,6:00,2013,2014,"H306,","MRL,",7,"H3,","H,",YARD,Montana,46.880389,-113.999969,"Montana
(46.880389, -113.999969)"
Derailments,2013:01:BNSF:MT0113106,0,0,73700,68500,4,0,0,FLATHEAD,1/25/2013 0:00,2:45,2013,2013,"T202,","BNSF,",1,"T2,","T,",MAIN,Montana,48.490162,-113.997188,"Montana
(48.490162, -113.997188)"
Derailments,2011:11:MRL:2011158,0,0,85000,3000,0,0,0,MISSOULA,11/23/2011 0:00,12:15,2011,2012,"H503,","MRL,",1,"H5,","H,",YARD,Montana,46.87771,-113.99561,"Montana
(46.87771, -113.99561)"
Other impacts,2013:03:BNSF:SW0313115,0,0,0,35862,0,0,0,MOHAVE,3/26/2013 0:00,13:45,2013,2013,"H318,","BNSF,",7,"H3,","H,",YARD,Arizona,35.255025,-113.97887,"Arizona
(35.255025, -113.97887)"
Derailments,2015:12:BNSF:SW1215105,0,0,50000,30500,13,4,0,MOHAVE,12/30/2015 0:00,20:40,2015,2016,"H307,H702,","BNSF,",1,"H3,H7,","H,",SIDING,Arizona,35.257501,-113.968406,"Arizona
(35.257501, -113.968406)"
Derailments,2016:06:BNSF:SW0616103,0,0,7500,26777,0,0,0,MOHAVE,6/15/2016 0:00,16:20,2016,2016,"H702,","BNSF,",1,"H7,","H,",YARD,Arizona,35.261438,-113.961907,"Arizona
(35.261438, -113.961907)"
Derailments,2014:08:BNSF:SW0814110,0,0,3500,117067,0,0,0,MOHAVE,8/21/2014 0:00,16:37,2014,2014,"H008,H020,","BNSF,",1,"H0,","H,",SIDING,Arizona,35.266419,-113.959915,"Arizona
(35.266419, -113.959915)"
Side collision,2014:11:MRL:2014163,0,1,200000,1300000,0,0,0,MISSOULA,11/13/2014 0:00,22:20,2014,2015,"H221,","MRL,",1,"H2,","H,",MAIN,Montana,46.873889,-113.893889,"Montana
(46.873889, -113.893889)"
Fire/violent rupture,2016:01:BNSF:SW0116109,0,0,0,110657,0,0,0,MOHAVE,1/25/2016 0:00,22:20,2016,2016,"M406,","BNSF,",1,"M4,","M,",MAIN,Arizona,35.388307,-113.845311,"Arizona
(35.388307, -113.845311)"
Fire/violent rupture,2014:10:UP:1014UT009,0,0,0,74109,0,0,0,BOX ELDER,10/25/2014 0:00,4:56,2014,2015,"E73L,","UP,",1,"E7,","E,",SIDING,Utah,41.335152,-113.825647,"Utah
(41.335152, -113.825647)"
Highway-rail impact,2013:10:UP:1013PC001,0,2,0,10270,5,0,0,LINCOLN,10/2/2013 0:00,24:47:00,2013,2014,"M308,","UP,",1,"M3,","M,",MAIN,Idaho,42.830471,-113.782218,"Idaho
(42.830471, -113.782218)"
Derailments,2012:10:EIRR:D504712,0,0,8000,90000,0,0,0,MINIDOKA,10/16/2012 0:00,2:30,2012,2013,"H306,","EIRR,",1,"H3,","H,",YARD,Idaho,42.60738,-113.684325,"Idaho
(42.60738, -113.684325)"
Obstruction impact,2013:10:BNSF:SW1013111,0,0,0,56500,0,0,0,MOHAVE,10/28/2013 0:00,11:00,2013,2014,"H997,","BNSF,",NA,"H9,","H,",SIDING,Arizona,35.364957,-113.677093,"Arizona
(35.364957, -113.677093)"
Raking collision,2012:04:EIRR:M500612,0,0,0,15943,0,0,0,MINIDOKA,4/20/2012 0:00,9:35,2012,2012,"H018,","EIRR,",1,"H0,","H,",YARD,Idaho,42.623138,-113.662751,"Idaho
(42.623138, -113.662751)"
Highway-rail impact,2015:04:UP:0415ST005,0,1,100,113443,0,0,0,YUMA,4/6/2015 0:00,24:35:00,2015,2015,"M302,","UP,",1,"M3,","M,",MAIN,Arizona,32.757849,-113.64094,"Arizona
(32.757849, -113.64094)"
Derailments,2013:11:BNSF:MT1113112,0,0,486943,175499,3,1,0,FLATHEAD,11/21/2013 0:00,7:15,2013,2014,"H702,","BNSF,",1,"H7,","H,",MAIN,Montana,48.294414,-113.61496,"Montana
(48.294414, -113.61496)"
Derailments,2012:11:MRL:2012166,0,0,11317,6500,0,0,0,MISSOULA,11/16/2012 0:00,11:15,2012,2013,"E51C,","MRL,",1,"E5,","E,",MAIN,Montana,46.724751,-113.597047,"Montana
(46.724751, -113.597047)"
Derailments,2013:10:UP:1013UT019,0,0,5495,10811,0,0,0,TOOELE,10/27/2013 0:00,8:16,2013,2014,"E53C,","UP,",1,"E5,","E,",MAIN,Utah,40.728667,-113.5641,"Utah
(40.728667, -113.5641)"
Derailments,2011:12:EIRR:DS03611,0,0,1800,64000,0,0,0,MINIDOKA,12/26/2011 0:00,8:50,2011,2012,"H503,","EIRR,",1,"H5,","H,",YARD,Idaho,42.742653,-113.511466,"Idaho
(42.742653, -113.511466)"
Obstruction impact,2013:04:UP:0413ES005,0,0,16500,0,0,0,0,IRON,4/30/2013 0:00,13:00,2013,2013,"H402,","UP,",NA,"H4,","H,",MAIN,Utah,37.955375,-113.507568,"Utah
(37.955375, -113.507568)"
Derailments,2013:02:EIRR:D500913,0,0,1500,15536,0,0,0,MINIDOKA,2/3/2013 0:00,6:30,2013,2013,"T110,","EIRR,UP,",1,"T1,","T,",YARD,Idaho,42.753364,-113.499269,"Idaho
(42.753364, -113.499269)"
Derailments,2013:08:UP:0813PC004,0,0,323691,84221,3,2,0,MINIDOKA,8/11/2013 0:00,11:16,2013,2013,"E54C,","UP,",1,"E5,","E,",MAIN,Idaho,42.757121,-113.498494,"Idaho
(42.757121, -113.498494)"
Derailments,2016:07:EIRR:160714003,0,0,28800,435082,0,0,0,MINIDOKA,7/14/2016 0:00,9:00,2016,2016,"T314,","EIRR,",1,"T3,","T,",MAIN,Idaho,42.755767,-113.491451,"Idaho
(42.755767, -113.491451)"
Derailments,2016:01:EIRR:160110003,0,0,0,17000,0,0,0,CASSIA,1/10/2016 0:00,24:05:00,2016,2016,"H307,","EIRR,",1,"H3,","H,",INDUSTRY,Idaho,42.32479,-113.481404,"Idaho
(42.32479, -113.481404)"
Other impacts,2011:10:EIRR:M502911,0,0,0,35000,1,1,0,MINIDOKA,10/17/2011 0:00,18:40,2011,2012,"H020,","EIRR,",7,"H0,","H,",YARD,Idaho,42.371931,-113.391931,"Idaho
(42.371931, -113.391931)"
Obstruction impact,2015:04:UP:0415ST014,0,0,0,10924,17,0,0,YUMA,4/13/2015 0:00,22:05,2015,2015,"M402,","UP,",1,"M4,","M,",MAIN,Arizona,32.835244,-113.353898,"Arizona
(32.835244, -113.353898)"
Highway-rail impact,2015:01:UP:0115ST007,0,1,100,12821,0,0,0,YUMA,1/13/2015 0:00,18:29,2015,2015,"M302,","UP,",1,"M3,","M,",MAIN,Arizona,32.835572,-113.351376,"Arizona
(32.835572, -113.351376)"
Other impacts,2016:03:BNSF:SW0316102,0,0,18000,4000,0,0,0,MOHAVE,3/4/2016 0:00,16:00,2016,2016,"H402,","BNSF,",9,"H4,","H,",MAIN,Arizona,35.512935,-113.337949,"Arizona
(35.512935, -113.337949)"
Other events,2014:02:BNSF:MT0214109,0,0,250,40000,0,0,0,GLACIER,2/21/2014 0:00,15:00,2014,2014,"M101,","BNSF,",9,"M1,","M,",MAIN,Montana,48.387669,-113.26497,"Montana
(48.387669, -113.26497)"
Derailments,2012:06:BNSF:SW0612110,0,0,138566,275280,3,0,0,YAVAPAI,6/28/2012 0:00,18:35,2012,2012,"M201,","BNSF,",1,"M2,","M,",MAIN,Arizona,35.499103,-113.232836,"Arizona
(35.499103, -113.232836)"
Derailments,2012:05:BNSF:SW0512101,0,0,0,15003,0,0,0,YAVAPAI,5/11/2012 0:00,6:40,2012,2012,"E37C,","BNSF,",1,"E3,","E,",MAIN,Arizona,35.494602,-113.215105,"Arizona
(35.494602, -113.215105)"
Other events,2013:07:XWLP:INDUSTRY,0,0,15000,0,0,0,0,IRON,7/9/2013 0:00,20:15,2013,2013,"H307,","UP,",1,"H3,","H,",INDUSTRY,Utah,37.685972,-113.147604,"Utah
(37.685972, -113.147604)"
Derailments,2013:11:UP:1113PC009,0,0,101963,11652,0,0,0,POWER,11/16/2013 0:00,22:15,2013,2014,"T207,","UP,",1,"T2,","T,",SIDING,Idaho,42.73697,-113.077444,"Idaho
(42.73697, -113.077444)"
Derailments,2013:12:UP:1213UT009,0,0,20500,613,0,0,0,BEAVER,12/5/2013 0:00,11:50,2013,2014,"M199,","UP,",7,"M1,","M,",YARD,Utah,38.391797,-113.011472,"Utah
(38.391797, -113.011472)"
Derailments,2013:07:UP:0713UT002,0,0,528,15255,0,0,0,BEAVER,7/10/2013 0:00,5:50,2013,2013,"H303,H307,","UP,",1,"H3,","H,",YARD,Utah,38.392427,-113.010834,"Utah
(38.392427, -113.010834)"
Derailments,2015:11:UP:1115UT012,0,0,12500,4228,0,0,0,BEAVER,11/19/2015 0:00,11:50,2015,2016,"H303,","UP,",7,"H3,","H,",YARD,Utah,38.395513,-113.009278,"Utah
(38.395513, -113.009278)"
Derailments,2013:11:UP:1113UT003,0,0,272400,8346,0,0,0,MILLARD,11/3/2013 0:00,5:00,2013,2014,"H218,","UP,",1,"H2,","H,",MAIN,Utah,38.760496,-112.937109,"Utah
(38.760496, -112.937109)"
Derailments,2011:07:UP:0711UT003,0,0,20160,5527,0,0,0,MILLARD,7/17/2011 0:00,23:18,2011,2011,"E53C,","UP,",1,"E5,","E,",MAIN,Utah,38.783015,-112.896813,"Utah
(38.783015, -112.896813)"
Highway-rail impact,2012:05:UP:0512ST007,0,1,264,48897,2,0,0,MARICOPA,5/15/2012 0:00,8:33,2012,2012,"M302,","UP,",1,"M3,","M,",MAIN,Arizona,32.919257,-112.894477,"Arizona
(32.919257, -112.894477)"
Derailments,2016:02:UP:0216PC005,0,0,208638,1680818,0,0,0,POWER,2/10/2016 0:00,7:30,2016,2016,"T299,","UP,",1,"T2,","T,",MAIN,Idaho,42.774057,-112.881582,"Idaho
(42.774057, -112.881582)"
Other events,2016:03:UP:0316ES017,0,0,0,100000,0,0,0,POWER,3/31/2016 0:00,16:00,2016,2016,"E99C,","UP,",NA,"E9,","E,",MAIN,Idaho,42.774057,-112.881582,"Idaho
(42.774057, -112.881582)"
Derailments,2015:03:BNSF:MT0315103,0,0,15000,183232,4,4,0,POWELL,3/22/2015 0:00,5:15,2015,2015,"H307,H306,","BNSF,MRL,",1,"H3,","H,",YARD,Montana,46.5375,-112.8264,"Montana
(46.5375, -112.8264)"
Derailments,2015:04:MRL:2015052,0,0,0,58000,3,3,0,POWELL,4/15/2015 0:00,17:03,2015,2015,"E46C,","MRL,",1,"E4,","E,",SIDING,Montana,46.522454,-112.808817,"Montana
(46.522454, -112.808817)"
Derailments,2015:04:BNSF:MT0415109,0,0,700196,117974,1,1,0,SILVER BOW,4/30/2015 0:00,16:25,2015,2015,"E46C,","BNSF,",1,"E4,","E,",MAIN,Montana,46.010492,-112.753499,"Montana
(46.010492, -112.753499)"
Other events,2016:08:UP:0816PC002,0,0,0,47000,0,0,0,BEAVERHEAD,8/10/2016 0:00,13:05,2016,2016,"H997,","UP,",NA,"H9,","H,",MAIN,Montana,45.527067,-112.702598,"Montana
(45.527067, -112.702598)"
Derailments,2014:05:UP:0514ST005,0,0,4635,39545,0,0,0,MARICOPA,5/10/2014 0:00,6:30,2014,2014,"E71L,","UP,",1,"E7,","E,",INDUSTRY,Arizona,32.94915,-112.698897,"Arizona
(32.94915, -112.698897)"
Derailments,2015:06:UP:0615PC011,0,0,120987,51365,5,0,0,MADISON,6/28/2015 0:00,14:07,2015,2015,"T102,","UP,",1,"T1,","T,",MAIN,Montana,45.538406,-112.697396,"Montana
(45.538406, -112.697396)"
Derailments,2013:11:UP:1113ST020,0,0,100,111023,0,0,0,MARICOPA,11/29/2013 0:00,5:15,2013,2014,"M503,","UP,",1,"M5,","M,",INDUSTRY,Arizona,32.949593,-112.69637,"Arizona
(32.949593, -112.69637)"
Derailments,2015:06:RARW:ID150043,0,0,6500,52335,0,0,0,SILVER BOW,6/4/2015 0:00,24:05:00,2015,2015,"T111,","RARW,UP,",1,"T1,","T,",YARD,Montana,46.004992,-112.671069,"Montana
(46.004992, -112.671069)"
Obstruction impact,2016:07:UP:0716PC009,0,0,0,13032,0,0,0,POWER,7/12/2016 0:00,10:30,2016,2016,"H997,","UP,",NA,"H9,","H,",MAIN,Idaho,42.880157,-112.658811,"Idaho
(42.880157, -112.658811)"
Derailments,2013:09:ZSPL:INDUSTRY,0,0,100,22392,1,0,0,POWER,9/20/2013 0:00,5:00,2013,2013,"H702,","UP,",1,"H7,","H,",INDUSTRY,Idaho,42.909914,-112.532972,"Idaho
(42.909914, -112.532972)"
Derailments,2014:08:BNSF:MT0814100,0,0,53281,1500,5,5,0,SILVER BOW,8/12/2014 0:00,7:45,2014,2014,"H607,H303,","BNSF,",7,"H6,H3,","H,",YARD,Montana,46.000412,-112.527855,"Montana
(46.000412, -112.527855)"
Derailments,2012:04:BNSF:SW0412105,0,0,35055,1200,13,0,0,YAVAPAI,4/17/2012 0:00,3:50,2012,2012,"E4TC,","BNSF,",1,"E4,","E,",MAIN,Arizona,35.394338,-112.494979,"Arizona
(35.394338, -112.494979)"
Other events,2012:08:MRL:2012109,0,0,0,14041,0,0,0,POWELL,8/18/2012 0:00,6:00,2012,2012,"H020,","MRL,",6,"H0,","H,",YARD,Montana,46.311394,-112.490903,"Montana
(46.311394, -112.490903)"
Rear end collision,2012:07:BNSF:SW0712109,1,0,0,70000,0,0,0,COCONINO,7/27/2012 0:00,7:20,2012,2012,"H997,","BNSF,",19,"H9,","H,",MAIN,Arizona,35.396859,-112.476063,"Arizona
(35.396859, -112.476063)"
Derailments,2015:11:UP:1115PC007,0,0,8970,10952,36,0,0,BANNOCK,11/16/2015 0:00,23:35,2015,2016,"S011,","UP,",1,"S0,","S,",YARD,Idaho,42.879988,-112.468048,"Idaho
(42.879988, -112.468048)"
Derailments,2014:07:UP:0714PC006,0,0,83316,23845,3,0,0,BANNOCK,7/20/2014 0:00,18:13,2014,2014,"T102,","UP,",7,"T1,","T,",YARD,Idaho,42.875069,-112.461141,"Idaho
(42.875069, -112.461141)"
Derailments,2016:08:UP:0816PC001,0,0,82200,10080,0,0,0,BANNOCK,8/2/2016 0:00,17:00,2016,2016,"H702,","UP,",7,"H7,","H,",YARD,Idaho,42.873966,-112.46067,"Idaho
(42.873966, -112.46067)"