AccidentType,inckey,Fatalities,Injuries,TrackDamage,EquipmentDamage,HazmatCars,HazmatCarsDerailed,HazmatCarsReleasing,County,DisplayDate,DisplayTime,calendar,Fiscal,AccidentCause,RailroadCodes,RAILEQUIPMENT_TYPE,CauseGroup,CauseDiscipline,TYPE_OF_TRACK,StateName,latitude,longitude,GeoLocation
Derailments,2016:01:UP:0116PC011,0,0,4222,10816,60,0,0,BANNOCK,1/30/2016 0:00,23:00,2016,2016,"T210,","UP,",7,"T2,","T,",YARD,Idaho,42.871677,-112.45838,"Idaho
(42.871677, -112.45838)"
Derailments,2012:08:UP:0812PC001,0,0,36687,700,0,0,0,BANNOCK,8/6/2012 0:00,17:45,2012,2012,"E30C,","UP,",7,"E3,","E,",YARD,Idaho,42.871074,-112.457375,"Idaho
(42.871074, -112.457375)"
Derailments,2011:06:UP:0611PC005,0,0,4418,19145,74,4,0,BANNOCK,6/18/2011 0:00,3:10,2011,2011,"H307,","UP,",7,"H3,","H,",YARD,Idaho,42.870473,-112.457306,"Idaho
(42.870473, -112.457306)"
Derailments,2012:06:UP:0612PC001,0,0,164805,2618,0,0,0,BANNOCK,6/2/2012 0:00,18:45,2012,2012,"T299,","UP,",1,"T2,","T,",YARD,Idaho,42.869045,-112.45481,"Idaho
(42.869045, -112.45481)"
Derailments,2015:07:UP:0715PC003,0,0,21891,2388,12,0,0,BANNOCK,7/19/2015 0:00,9:36,2015,2015,"T319,","UP,",1,"T3,","T,",YARD,Idaho,42.865496,-112.449303,"Idaho
(42.865496, -112.449303)"
Derailments,2015:02:UP:0215PC005,0,0,149461,14110,0,0,0,BANNOCK,2/17/2015 0:00,9:25,2015,2015,"T221,","UP,",7,"T2,","T,",YARD,Idaho,42.862184,-112.448291,"Idaho
(42.862184, -112.448291)"
Derailments,2014:05:UP:0514PC006,0,0,8415,24396,8,3,0,BANNOCK,5/19/2014 0:00,10:45,2014,2014,"T314,","UP,",7,"T3,","T,",YARD,Idaho,42.861897,-112.448069,"Idaho
(42.861897, -112.448069)"
Derailments,2011:12:UP:1211PC008,0,0,436170,78005,0,0,0,BANNOCK,12/30/2011 0:00,23:12,2011,2012,"T110,","UP,",7,"T1,","T,",YARD,Idaho,42.86189,-112.447107,"Idaho
(42.86189, -112.447107)"
Derailments,2011:06:UP:0611PC002,0,0,74871,58566,3,0,0,BANNOCK,6/18/2011 0:00,17:30,2011,2011,"H307,","UP,",7,"H3,","H,",YARD,Idaho,42.861054,-112.44634,"Idaho
(42.861054, -112.44634)"
Derailments,2015:01:UP:0115PC004,0,0,16500,31931,0,0,0,BANNOCK,1/24/2015 0:00,24:40:00,2015,2015,"H702,","UP,",7,"H7,","H,",YARD,Idaho,42.859887,-112.445628,"Idaho
(42.859887, -112.445628)"
Derailments,2015:06:UP:0615PC010,0,0,22729,60554,6,6,0,BANNOCK,6/29/2015 0:00,23:50,2015,2015,"T111,","UP,",7,"T1,","T,",YARD,Idaho,42.860831,-112.445076,"Idaho
(42.860831, -112.445076)"
Derailments,2013:02:UP:0213PC002,0,0,68720,250,0,0,0,BANNOCK,2/3/2013 0:00,6:15,2013,2013,"T210,","UP,",8,"T2,","T,",YARD,Idaho,42.895271,-112.444883,"Idaho
(42.895271, -112.444883)"
Derailments,2012:09:UP:0912PC002,0,0,74901,200,49,1,0,BANNOCK,9/6/2012 0:00,19:30,2012,2012,"H503,","UP,",7,"H5,","H,",YARD,Idaho,42.858782,-112.443431,"Idaho
(42.858782, -112.443431)"
Derailments,2016:05:UP:0516PC002,0,0,10000,4819,0,0,0,BANNOCK,5/14/2016 0:00,11:15,2016,2016,"E21C,","UP,",7,"E2,","E,",YARD,Idaho,42.856691,-112.44094,"Idaho
(42.856691, -112.44094)"
Side collision,2014:10:UP:1014PC007,0,0,150,12561,0,0,0,BANNOCK,10/28/2014 0:00,19:15,2014,2015,"H318,H995,","UP,",67,"H3,H9,H3,H9,","H,",YARD,Idaho,42.856311,-112.44059,"Idaho
(42.856311, -112.44059)"
Derailments,2012:06:UP:0612PC007,0,0,12108,4253,10,0,0,BANNOCK,6/26/2012 0:00,14:20,2012,2012,"T205,","UP,",1,"T2,","T,",YARD,Idaho,42.852863,-112.436892,"Idaho
(42.852863, -112.436892)"
Derailments,2011:09:UP:0911PC003,0,0,4772,5568,0,0,0,BANNOCK,9/17/2011 0:00,18:20,2011,2011,"H607,H702,","UP,",1,"H6,H7,","H,",YARD,Idaho,42.852052,-112.434755,"Idaho
(42.852052, -112.434755)"
Derailments,2015:05:UP:0515PC007,0,0,1250,27408,0,0,0,BANNOCK,5/29/2015 0:00,3:45,2015,2015,"H702,","UP,",1,"H7,","H,",YARD,Idaho,42.84406,-112.428862,"Idaho
(42.84406, -112.428862)"
Derailments,2013:11:UP:1113PC011,0,0,1350,13248,6,0,0,BANNOCK,11/19/2013 0:00,24:50:00,2013,2014,"H525,","UP,",7,"H5,","H,",YARD,Idaho,42.843861,-112.426785,"Idaho
(42.843861, -112.426785)"
Derailments,2012:05:UP:0512PC009,0,0,77564,21981,0,0,0,BANNOCK,5/29/2012 0:00,1:30,2012,2012,"T001,","UP,",7,"T0,","T,",YARD,Idaho,42.837481,-112.421145,"Idaho
(42.837481, -112.421145)"
Highway-rail impact,2011:07:UP:0711UT011,0,1,0,28876,0,0,0,TOOELE,7/27/2011 0:00,10:10,2011,2011,"M308,","UP,",1,"M3,","M,",MAIN,Utah,40.18812,-112.390759,"Utah
(40.18812, -112.390759)"
Derailments,2013:09:UP:0913PC001,0,0,12318,7320,0,0,0,BINGHAM,9/3/2013 0:00,15:20,2013,2013,"H303,","UP,",1,"H3,","H,",INDUSTRY,Idaho,43.204285,-112.384055,"Idaho
(43.204285, -112.384055)"
Derailments,2015:03:UP:0315UT011,0,0,29900,101571,0,0,0,WEBER,3/9/2015 0:00,11:40,2015,2015,"E66C,","UP,",7,"E6,","E,",YARD,Utah,41.244237,-112.252652,"Utah
(41.244237, -112.252652)"
Derailments,2011:06:XCHS:INDUSTRY,0,0,250,24812,0,0,0,PONDERA,6/14/2011 0:00,16:30,2011,2011,"T111,","BNSF,",1,"T1,","T,",INDUSTRY,Montana,48.309486,-112.24976,"Montana
(48.309486, -112.24976)"
Derailments,2014:01:MRL:2014007,0,0,0,280000,0,0,0,LEWIS AND CLARK,1/13/2014 0:00,4:55,2014,2014,"M105,","MRL,",1,"M1,","M,",MAIN,Montana,46.640138,-112.248906,"Montana
(46.640138, -112.248906)"
Derailments,2012:01:MRL:2012001,0,0,0,24000,26,0,0,LEWIS AND CLARK,1/2/2012 0:00,15:00,2012,2012,"H506,","MRL,",1,"H5,","H,",MAIN,Montana,46.64165,-112.24868,"Montana
(46.64165, -112.24868)"
Derailments,2013:04:MRL:2013053,0,0,3500,400000,4,0,0,LEWIS AND CLARK,4/30/2013 0:00,12:38,2013,2013,"H503,","MRL,",1,"H5,","H,",MAIN,Montana,46.642146,-112.248206,"Montana
(46.642146, -112.248206)"
Derailments,2015:03:BNSF:SW0315100,0,1,586944,120000,2,0,0,YAVAPAI,3/1/2015 0:00,18:05,2015,2015,"M404,","BNSF,",1,"M4,","M,",MAIN,Arizona,35.31808,-112.245058,"Arizona
(35.31808, -112.245058)"
Derailments,2013:04:UP:0413PC005,0,0,39600,139,9,0,0,CLARK,4/15/2013 0:00,12:35,2013,2013,"T222,","UP,",1,"T2,","T,",MAIN,Idaho,44.47397,-112.225302,"Idaho
(44.47397, -112.225302)"
Derailments,2014:09:UP:0914UT002,0,0,3480,203284,0,0,0,JUAB,9/1/2014 0:00,19:05,2014,2014,"T206,","UP,",1,"T2,","T,",MAIN,Utah,39.710732,-112.211709,"Utah
(39.710732, -112.211709)"
Derailments,2012:03:BNSF:SW0312110,0,0,0,17955,0,0,0,MARICOPA,3/14/2012 0:00,20:40,2012,2012,"H702,","BNSF,",1,"H7,","H,",YARD,Arizona,33.553296,-112.203808,"Arizona
(33.553296, -112.203808)"
Other events,2013:05:UP:0513ES012,0,0,0,29284,0,0,0,BANNOCK,5/10/2013 0:00,24:30:00,2013,2013,"H402,","UP,",NA,"H4,","H,",MAIN,Idaho,42.642064,-112.182047,"Idaho
(42.642064, -112.182047)"
Fire/violent rupture,2014:02:UP:0214UT007,0,0,0,90673,0,0,0,SALT LAKE,2/9/2014 0:00,5:04,2014,2014,"M406,","UP,",1,"M4,","M,",MAIN,Utah,40.750147,-112.172259,"Utah
(40.750147, -112.172259)"
Derailments,2016:04:BNSF:SW0416106,0,0,1500,21200,0,0,0,MARICOPA,4/29/2016 0:00,14:55,2016,2016,"H704,","BNSF,",1,"H7,","H,",MAIN,Arizona,33.52481,-112.170055,"Arizona
(33.52481, -112.170055)"
Derailments,2014:08:BNSF:SW0814112,0,0,1000,12441,0,0,0,MARICOPA,8/22/2014 0:00,16:20,2014,2014,"H995,","BNSF,",7,"H9,","H,",YARD,Arizona,33.520271,-112.164654,"Arizona
(33.520271, -112.164654)"
Derailments,2013:11:XCLU:INDUSTRY,0,0,10480,417,0,0,0,MARICOPA,11/20/2013 0:00,10:05,2013,2014,"H702,","UP,",7,"H7,","H,",INDUSTRY,Arizona,33.447822,-112.154039,"Arizona
(33.447822, -112.154039)"
Derailments,2011:09:UP:0911UT005,0,0,126171,1517744,0,0,0,JUAB,9/17/2011 0:00,6:50,2011,2011,"E61C,","UP,",1,"E6,","E,",MAIN,Utah,39.570193,-112.141196,"Utah
(39.570193, -112.141196)"
Derailments,2015:08:UP:0815PC003,0,0,75000,26274,45,0,0,JEFFERSON,8/9/2015 0:00,2:43,2015,2015,"E53C,","UP,",1,"E5,","E,",MAIN,Idaho,43.741926,-112.112661,"Idaho
(43.741926, -112.112661)"
Derailments,2012:09:BNSF:SW0912103,0,0,500,14411,0,0,0,MARICOPA,9/17/2012 0:00,11:40,2012,2012,"H503,","BNSF,",1,"H5,","H,",INDUSTRY,Arizona,33.466964,-112.101579,"Arizona
(33.466964, -112.101579)"
Derailments,2012:05:BNSF:SW0512102,0,0,8000,29200,9,4,0,MARICOPA,5/15/2012 0:00,2:30,2012,2012,"T207,","BNSF,",7,"T2,","T,",YARD,Arizona,33.464335,-112.10093,"Arizona
(33.464335, -112.10093)"
Other impacts,2016:07:BNSF:SW0716105,0,0,2500,13188,0,0,0,MARICOPA,7/20/2016 0:00,11:20,2016,2016,"H018,","BNSF,",7,"H0,","H,",YARD,Arizona,33.45703,-112.100917,"Arizona
(33.45703, -112.100917)"
Derailments,2016:08:UP:0816ST018,0,0,0,16830,0,0,0,MARICOPA,8/22/2016 0:00,13:00,2016,2016,"H997,","UP,",NA,"H9,","H,",SIDING,Arizona,33.443052,-112.091777,"Arizona
(33.443052, -112.091777)"
Derailments,2015:02:BNSF:SW0215110,0,0,4000,17488,0,0,0,MARICOPA,2/19/2015 0:00,19:40,2015,2015,"H607,H702,","BNSF,",7,"H6,H7,","H,",YARD,Arizona,33.444017,-112.090573,"Arizona
(33.444017, -112.090573)"
Derailments,2013:02:XTHS:INDUSTRY,0,0,0,19960,0,0,0,BONNEVILLE,2/1/2013 0:00,18:00,2013,2013,"H311,","UP,",1,"H3,","H,",INDUSTRY,Idaho,43.426611,-112.088075,"Idaho
(43.426611, -112.088075)"
Derailments,2016:02:MRL:2016015,0,0,300000,125000,3,0,0,LEWIS AND CLARK,2/4/2016 0:00,19:00,2016,2016,"H520,","MRL,",1,"H5,","H,",MAIN,Montana,46.61936,-112.075514,"Montana
(46.61936, -112.075514)"
Derailments,2012:08:UP:0812PC002,0,0,14614,38938,0,0,0,BONNEVILLE,8/10/2012 0:00,20:00,2012,2012,"T312,","UP,",1,"T3,","T,",YARD,Idaho,43.448694,-112.07087,"Idaho
(43.448694, -112.07087)"
Derailments,2012:03:UP:0312ST005,0,0,69391,3238,10,0,0,MARICOPA,3/10/2012 0:00,7:05,2012,2012,"H607,","UP,",7,"H6,","H,",YARD,Arizona,33.444177,-112.066076,"Arizona
(33.444177, -112.066076)"
Derailments,2014:06:UP:0614ST012,0,0,117124,169516,17,1,0,MARICOPA,6/23/2014 0:00,5:45,2014,2014,"H702,H605,","UP,",1,"H7,H6,","H,",YARD,Arizona,33.444248,-112.066033,"Arizona
(33.444248, -112.066033)"
Derailments,2012:11:UP:1112PC002,0,0,662,49709,0,0,0,BONNEVILLE,11/5/2012 0:00,20:05,2012,2013,"H307,H702,","UP,",7,"H3,H7,","H,",YARD,Idaho,43.455623,-112.065751,"Idaho
(43.455623, -112.065751)"
Derailments,2014:12:UP:1214ST012,0,0,14150,1152,0,0,0,MARICOPA,12/17/2014 0:00,13:45,2014,2015,"T202,T217,","UP,",7,"T2,","T,",YARD,Arizona,33.444312,-112.05997,"Arizona
(33.444312, -112.05997)"
Derailments,2011:08:UP:0811PC002,0,0,568049,4000,0,0,0,WEBER,8/17/2011 0:00,20:28,2011,2011,"H999,E53C,","UP,",4,"H9,E5,","H,E,",MAIN,Utah,41.427634,-112.050932,"Utah
(41.427634, -112.050932)"
Highway-rail impact,2015:11:UP:1115ST004,0,0,0,10609,0,0,0,PINAL,11/5/2015 0:00,18:20,2015,2016,"M302,","UP,",1,"M3,","M,",MAIN,Arizona,33.056441,-112.04841,"Arizona
(33.056441, -112.04841)"
Derailments,2015:04:UP:0415ST028,0,0,19013,1896,1,0,0,MARICOPA,4/30/2015 0:00,22:25,2015,2015,"H312,","UP,",7,"H3,","H,",YARD,Arizona,33.444236,-112.047775,"Arizona
(33.444236, -112.047775)"
Derailments,2013:12:UP:1213ST002,0,0,10790,1648,0,0,0,MARICOPA,12/1/2013 0:00,2:45,2013,2014,"H019,","UP,",7,"H0,","H,",YARD,Arizona,33.44412,-112.047764,"Arizona
(33.44412, -112.047764)"
Side collision,2014:05:UP:0514ST009,0,0,1100,73308,0,0,0,MARICOPA,5/20/2014 0:00,2:40,2014,2014,"H306,","UP,",7,"H3,","H,",YARD,Arizona,33.444342,-112.042901,"Arizona
(33.444342, -112.042901)"
Derailments,2012:07:UP:0712UT010,0,0,10660,200,0,0,0,DAVIS,7/19/2012 0:00,24:50:00,2012,2012,"T221,","UP,",7,"T2,","T,",YARD,Utah,41.100613,-112.040863,"Utah
(41.100613, -112.040863)"
Derailments,2011:12:UP:1211ST003,0,0,8500,7487,8,0,0,MARICOPA,12/10/2011 0:00,19:20,2011,2012,"M599,","UP,",7,"M5,","M,",YARD,Arizona,33.444291,-112.040398,"Arizona
(33.444291, -112.040398)"
Derailments,2011:09:UP:0911ST008,0,0,3393,10187,0,0,0,MARICOPA,9/18/2011 0:00,4:05,2011,2011,"H607,H307,","UP,",7,"H6,H3,","H,",YARD,Arizona,33.444391,-112.039198,"Arizona
(33.444391, -112.039198)"
Derailments,2013:06:UP:0613PC001,0,0,20000,500,0,0,0,BOX ELDER,6/4/2013 0:00,16:20,2013,2013,"T222,","UP,",8,"T2,","T,",YARD,Utah,41.512179,-112.029588,"Utah
(41.512179, -112.029588)"
Other impacts,2014:12:UP:1214PC007,0,0,0,14295,0,0,0,BOX ELDER,12/12/2014 0:00,19:30,2014,2015,"M507,M299,","UP,",5,"M5,M2,","M,",YARD,Utah,41.51361,-112.029526,"Utah
(41.51361, -112.029526)"
Derailments,2016:03:UP:0316PC006,0,0,170965,31298,0,0,0,BOX ELDER,3/23/2016 0:00,18:40,2016,2016,"E33C,","UP,",1,"E3,","E,",YARD,Utah,41.520061,-112.029518,"Utah
(41.520061, -112.029518)"
Derailments,2015:06:UP:0615PC003,0,0,65378,13750,0,0,0,BONNEVILLE,6/12/2015 0:00,10:45,2015,2015,"T314,","EIRR,UP,",1,"T3,","T,",YARD,Idaho,43.509744,-112.027033,"Idaho
(43.509744, -112.027033)"
Derailments,2016:06:UP:0616UT008,0,0,109000,1109,0,0,0,DAVIS,6/13/2016 0:00,10:30,2016,2016,"E07C,M404,","UP,",1,"E0,M4,","E,M,",YARD,Utah,41.108631,-112.024699,"Utah
(41.108631, -112.024699)"
Fire/violent rupture,2014:04:UP:0414ST001,0,0,0,17676,0,0,0,PINAL,4/1/2014 0:00,22:06,2014,2014,"M406,","UP,",1,"M4,","M,",MAIN,Arizona,33.020183,-111.989354,"Arizona
(33.020183, -111.989354)"
Derailments,2011:06:BNSF:MT0611106,0,0,23262,8750,0,0,0,TETON,6/7/2011 0:00,10:30,2011,2011,"T001,T220,","BNSF,",1,"T0,T2,","T,",MAIN,Montana,47.705794,-111.989,"Montana
(47.705794, -111.989)"
Derailments,2013:05:UP:0513UT009,0,0,40600,34771,0,0,0,WEBER,5/29/2013 0:00,8:35,2013,2013,"M405,","UP,",1,"M4,","M,",YARD,Utah,41.210512,-111.988636,"Utah
(41.210512, -111.988636)"
Derailments,2013:03:UP:0313UT002,0,0,3490,19857,0,0,0,WEBER,3/5/2013 0:00,9:40,2013,2013,"E30C,","UP,",7,"E3,","E,",YARD,Utah,41.210393,-111.988218,"Utah
(41.210393, -111.988218)"
Derailments,2015:01:UP:0115UT001,0,0,115641,278,0,0,0,WEBER,1/2/2015 0:00,17:29,2015,2015,"T207,","UP,",1,"T2,","T,",YARD,Utah,41.199844,-111.986327,"Utah
(41.199844, -111.986327)"
Derailments,2016:02:UP:0216UT005,0,0,99917,1208,0,0,0,WEBER,2/11/2016 0:00,24:20:00,2016,2016,"T299,","UP,",7,"T2,","T,",YARD,Utah,41.199206,-111.985794,"Utah
(41.199206, -111.985794)"
Derailments,2013:05:UP:0513UT007,0,0,11726,10209,0,0,0,WEBER,5/27/2013 0:00,24:15:00,2013,2013,"H503,H518,","UP,",1,"H5,","H,",YARD,Utah,41.205248,-111.984652,"Utah
(41.205248, -111.984652)"
Derailments,2014:02:TSWS:777145001,0,0,12000,20000,0,0,0,SALT LAKE,2/1/2014 0:00,23:30,2014,2014,"H704,H702,","TSWS,",7,"H7,","H,",YARD,Utah,40.753743,-111.981262,"Utah
(40.753743, -111.981262)"
Derailments,2013:10:TSWS:777135002,0,0,41290,0,0,0,0,SALT LAKE,10/8/2013 0:00,8:05,2013,2014,"H505,","TSWS,",7,"H5,","H,",YARD,Utah,40.753743,-111.981261,"Utah
(40.753743, -111.981261)"
Highway-rail impact,2013:01:UP:0113PC003,1,0,138880,731164,12,5,0,FRANKLIN,1/9/2013 0:00,9:59,2013,2013,"M302,","UP,",1,"M3,","M,",MAIN,Idaho,42.107528,-111.976876,"Idaho
(42.107528, -111.976876)"
Highway-rail impact,2015:08:UP:0815PC009,0,1,30250,0,15,0,0,FRANKLIN,8/27/2015 0:00,8:27,2015,2015,"M301,","UP,",1,"M3,","M,",MAIN,Idaho,42.107598,-111.976837,"Idaho
(42.107598, -111.976837)"
Highway-rail impact,2014:06:UTAX:06272014,0,2,0,18002,0,0,0,SALT LAKE,6/27/2014 0:00,13:05,2014,2014,"M302,M303,","UTAX,",NA,"M3,","M,",MAIN,Utah,40.593485,-111.976632,"Utah
(40.593485, -111.976632)"
Highway-rail impact,2012:01:UTAX:01032012,0,1,10000,80000,0,0,0,SALT LAKE,1/3/2012 0:00,9:35,2012,2012,"M302,M305,","UTAX,",NA,"M3,","M,",MAIN,Utah,40.596,-111.967,"Utah
(40.596, -111.967)"
Highway-rail impact,2011:11:UFRC:111,0,1,10500,26000,0,0,0,DAVIS,11/14/2011 0:00,16:25,2011,2012,"M304,","UFRC,",3,"M3,","M,",MAIN,Utah,41.034817,-111.95044,"Utah
(41.034817, -111.95044)"
Derailments,2013:05:BNSF:MT0513105,0,0,12250,38299,0,0,0,TOOLE,5/29/2013 0:00,16:45,2013,2013,"T201,","BNSF,",1,"T2,","T,",INDUSTRY,Montana,48.987964,-111.948075,"Montana
(48.987964, -111.948075)"
Highway-rail impact,2015:08:UTAX:08252015,0,0,0,32000,0,0,0,SALT LAKE,8/25/2015 0:00,13:22,2015,2015,"M304,M302,","UTAX,",NA,"M3,","M,",MAIN,Utah,40.605583,-111.93877,"Utah
(40.605583, -111.93877)"
Highway-rail impact,2014:09:UTAX:09262014,0,0,1000,14642,0,0,0,SALT LAKE,9/26/2014 0:00,22:14,2014,2014,"M302,M301,","UTAX,",NA,"M3,","M,",MAIN,Utah,40.604,-111.938,"Utah
(40.604, -111.938)"
Fire/violent rupture,2012:02:UTAX:02072012,0,0,0,558601,0,0,0,SALT LAKE,2/7/2012 0:00,17:45,2012,2012,"E09C,","UTAX,",NA,"E0,","E,",MAIN,Utah,40.604,-111.936,"Utah
(40.604, -111.936)"
Derailments,2014:04:MRL:2014055,0,0,230000,3700,0,0,0,LEWIS AND CLARK,4/22/2014 0:00,20:15,2014,2014,"E60C,","MRL,",1,"E6,","E,",MAIN,Montana,46.588054,-111.925405,"Montana
(46.588054, -111.925405)"
Other impacts,2011:09:MRL:2011134,0,0,0,25000,0,0,0,LEWIS AND CLARK,9/30/2011 0:00,16:10,2011,2011,"E0HC,","MRL,",7,"E0,","E,",YARD,Montana,45.587085,-111.924559,"Montana
(45.587085, -111.924559)"
Highway-rail impact,2014:02:UFRC:0212141,0,0,0,36732,0,0,0,SALT LAKE,2/12/2014 0:00,17:08,2014,2014,"M302,M303,","UFRC,",3,"M3,","M,",MAIN,Utah,40.807146,-111.920182,"Utah
(40.807146, -111.920182)"
Derailments,2016:05:UP:0516UT010,0,0,0,23947,0,0,0,SALT LAKE,5/24/2016 0:00,23:15,2016,2016,"E64L,","UP,",1,"E6,","E,",YARD,Utah,40.800782,-111.9193,"Utah
(40.800782, -111.9193)"
Derailments,2013:01:UP:0113UT012,0,0,97001,1807,0,0,0,SALT LAKE,1/29/2013 0:00,5:10,2013,2013,"T217,","UP,",1,"T2,","T,",YARD,Utah,40.800719,-111.919263,"Utah
(40.800719, -111.919263)"
Derailments,2012:06:UP:0612UT008,0,0,269518,300,0,0,0,SALT LAKE,6/19/2012 0:00,18:30,2012,2012,"H306,","UP,",7,"H3,","H,",YARD,Utah,40.800766,-111.919188,"Utah
(40.800766, -111.919188)"
Highway-rail impact,2014:08:UFRC:0815141,0,0,120000,565000,0,0,0,DAVIS,8/15/2014 0:00,24:56:00,2014,2014,"M302,M304,","UFRC,",NA,"M3,","M,",MAIN,Utah,40.841747,-111.917064,"Utah
(40.841747, -111.917064)"
Derailments,2015:06:UP:0615UT007,0,0,47561,510,0,0,0,SALT LAKE,6/21/2015 0:00,1:55,2015,2015,"T205,","UP,",1,"T2,","T,",YARD,Utah,40.797601,-111.916956,"Utah
(40.797601, -111.916956)"
Derailments,2011:11:ESEZ:INDUSTRY1,0,0,20000,1778,16,3,0,DAVIS,11/16/2011 0:00,11:00,2011,2012,"T314,","UP,",7,"T3,","T,",INDUSTRY,Utah,40.84347,-111.916477,"Utah
(40.84347, -111.916477)"
Derailments,2014:02:UP:0214UT005,0,0,4105,97201,0,0,0,JUAB,2/3/2014 0:00,8:30,2014,2014,"H008,","UP,",1,"H0,","H,",SIDING,Utah,39.570733,-111.914499,"Utah
(39.570733, -111.914499)"
Derailments,2014:08:UP:0814UT004,0,0,18742,37251,14,0,0,SALT LAKE,8/9/2014 0:00,20:30,2014,2014,"T210,","UP,",7,"T2,","T,",YARD,Utah,40.794793,-111.913497,"Utah
(40.794793, -111.913497)"
Derailments,2013:04:UP:0413UT010,0,0,10250,992,0,0,0,SALT LAKE,4/29/2013 0:00,5:45,2013,2013,"T210,","UP,",7,"T2,","T,",YARD,Utah,40.713717,-111.911372,"Utah
(40.713717, -111.911372)"
Derailments,2011:11:ESEZ:INDUSTRY,0,0,10694,655,0,0,0,DAVIS,11/7/2011 0:00,16:00,2011,2012,"T111,","UP,",7,"T1,","T,",INDUSTRY,Utah,40.872653,-111.910182,"Utah
(40.872653, -111.910182)"
Derailments,2012:07:UP:0712UT001,0,0,31158,34560,0,0,0,SALT LAKE,7/1/2012 0:00,5:05,2012,2012,"T314,","UP,",1,"T3,","T,",YARD,Utah,40.708282,-111.910159,"Utah
(40.708282, -111.910159)"
Side collision,2015:01:UP:0115UT005,0,0,0,143310,18,2,0,SALT LAKE,1/9/2015 0:00,19:30,2015,2015,"H307,","UP,",87,"H3,","H,",YARD,Utah,40.788327,-111.909914,"Utah
(40.788327, -111.909914)"
Derailments,2012:12:UP:1212UT005,0,0,81810,500,0,0,0,SALT LAKE,12/10/2012 0:00,19:05,2012,2013,"T210,","UP,",7,"T2,","T,",YARD,Utah,40.721245,-111.909899,"Utah
(40.721245, -111.909899)"
Derailments,2014:02:UP:0214UT001,0,0,68794,74667,9,1,0,SALT LAKE,2/1/2014 0:00,14:45,2014,2014,"T207,","UP,",7,"T2,","T,",YARD,Utah,40.788384,-111.90985,"Utah
(40.788384, -111.90985)"
Derailments,2016:05:UP:0516UT001,0,0,37888,61072,0,0,0,SALT LAKE,5/3/2016 0:00,1:10,2016,2016,"T205,","UP,",7,"T2,","T,",YARD,Utah,40.706624,-111.909348,"Utah
(40.706624, -111.909348)"
Highway-rail impact,2014:12:UFRC:1225141,0,0,0,13000,0,0,0,DAVIS,12/25/2014 0:00,3:21,2014,2015,"M399,M101,","UFRC,",9,"M3,M1,","M,",MAIN,Utah,40.851409,-111.909334,"Utah
(40.851409, -111.909334)"
Highway-rail impact,2016:07:UFRC:0726161,1,2,0,25800,0,0,0,SALT LAKE,7/25/2016 0:00,20:08,2016,2016,"M308,","UFRC,",NA,"M3,","M,",MAIN,Utah,40.749752,-111.908962,"Utah
(40.749752, -111.908962)"
Derailments,2012:02:UP:0212UT009,0,0,42059,158295,10,2,0,SALT LAKE,2/28/2012 0:00,22:00,2012,2012,"H307,H704,","UP,",7,"H3,H7,","H,",YARD,Utah,40.751767,-111.908926,"Utah
(40.751767, -111.908926)"
Other impacts,2016:03:UP:0316UT001,0,0,0,32899,0,0,0,SALT LAKE,3/6/2016 0:00,1:30,2016,2016,"H306,","UP,",76,"H3,","H,",YARD,Utah,40.705888,-111.908697,"Utah
(40.705888, -111.908697)"
Side collision,2013:11:UP:1113UT005,0,0,500,53268,0,0,0,SALT LAKE,11/11/2013 0:00,20:15,2013,2014,"H607,H306,","UP,",17,"H6,H3,H6,H3,","H,",YARD,Utah,40.728534,-111.908663,"Utah
(40.728534, -111.908663)"
Derailments,2015:12:UTAH:UTA858015R,0,0,24860,0,0,0,0,SALT LAKE,12/21/2015 0:00,4:40,2015,2016,"H523,T110,","UP,UTAH,",1,"H5,T1,","H,T,",INDUSTRY,Utah,40.61127,-111.906595,"Utah
(40.61127, -111.906595)"
Side collision,2011:12:UP:1211UT005,0,0,9474,126555,0,0,0,SALT LAKE,12/19/2011 0:00,20:30,2011,2012,"H302,","UP,",78,"H3,","H,",YARD,Utah,40.783839,-111.906137,"Utah
(40.783839, -111.906137)"
Derailments,2012:09:UP:0912UT005,0,0,20885,100,0,0,0,SALT LAKE,9/18/2012 0:00,24:40:00,2012,2012,"M405,","UP,",1,"M4,","M,",YARD,Utah,40.783551,-111.905999,"Utah
(40.783551, -111.905999)"
Derailments,2013:10:UP:1013UT004,0,0,8400,51713,0,0,0,SALT LAKE,10/6/2013 0:00,18:15,2013,2014,"T108,","UP,",1,"T1,","T,",YARD,Utah,40.703635,-111.905451,"Utah
(40.703635, -111.905451)"
Obstruction impact,2014:02:UP:0214UT014,0,0,1050,44787,0,0,0,SALT LAKE,2/21/2014 0:00,12:30,2014,2014,"M404,","UP,",7,"M4,","M,",YARD,Utah,40.703635,-111.905451,"Utah
(40.703635, -111.905451)"
Derailments,2015:06:UP:0615UT006,0,0,112679,25670,0,0,0,SALT LAKE,6/20/2015 0:00,2:50,2015,2015,"H704,","UP,",1,"H7,","H,",YARD,Utah,40.774549,-111.90531,"Utah
(40.774549, -111.90531)"
Derailments,2016:02:UP:0216UT017,0,0,59704,255,0,0,0,SALT LAKE,2/27/2016 0:00,4:45,2016,2016,"H702,","UP,",7,"H7,","H,",YARD,Utah,40.778063,-111.905309,"Utah
(40.778063, -111.905309)"
Derailments,2014:05:UP:0514UT004,0,0,18933,250,30,0,0,SALT LAKE,5/9/2014 0:00,5:50,2014,2014,"T308,T001,","UP,",1,"T3,T0,","T,",MAIN,Utah,40.780962,-111.905309,"Utah
(40.780962, -111.905309)"