AccidentType,inckey,Fatalities,Injuries,TrackDamage,EquipmentDamage,HazmatCars,HazmatCarsDerailed,HazmatCarsReleasing,County,DisplayDate,DisplayTime,calendar,Fiscal,AccidentCause,RailroadCodes,RAILEQUIPMENT_TYPE,CauseGroup,CauseDiscipline,TYPE_OF_TRACK,StateName,latitude,longitude,GeoLocation
Fire/violent rupture,2015:08:UP:0815ST022,0,0,0,140569,0,0,0,PINAL,8/30/2015 0:00,16:41,2015,2015,"M406,","UP,",1,"M4,","M,",MAIN,Arizona,32.966338,-111.901931,"Arizona
(32.966338, -111.901931)"
Highway-rail impact,2014:11:UTAX:11132014,0,0,0,79500,0,0,0,SALT LAKE,11/13/2014 0:00,19:30,2014,2015,"M304,M599,","UTAX,",NA,"M3,M5,","M,",MAIN,Utah,40.642895,-111.898418,"Utah
(40.642895, -111.898418)"
Highway-rail impact,2012:08:UTAX:08152012,1,1,0,79126,0,0,0,SALT LAKE,8/15/2012 0:00,11:58,2012,2012,"M302,","UTAX,",NA,"M3,","M,",MAIN,Utah,40.642889,-111.898376,"Utah
(40.642889, -111.898376)"
Derailments,2013:01:UTAX:01142013,0,0,0,26000,0,0,0,SALT LAKE,1/14/2013 0:00,22:58,2013,2013,"H703,T319,","UTAX,",NA,"H7,T3,","H,T,",MAIN,Utah,40.629789,-111.898361,"Utah
(40.629789, -111.898361)"
Highway-rail impact,2013:01:UTAX:01092013,0,1,0,29355,0,0,0,SALT LAKE,1/9/2013 0:00,13:20,2013,2013,"M308,","UTAX,",NA,"M3,","M,",MAIN,Utah,40.638494,-111.898334,"Utah
(40.638494, -111.898334)"
Highway-rail impact,2013:02:UTAX:02192013,0,1,0,50000,0,0,0,SALT LAKE,2/19/2013 0:00,7:50,2013,2013,"M302,","UTAX,",NA,"M3,","M,",MAIN,Utah,40.642935,-111.89827,"Utah
(40.642935, -111.89827)"
Highway-rail impact,2013:01:UTAX:01202013,0,0,0,24600,0,0,0,SALT LAKE,1/20/2013 0:00,2:48,2013,2013,"M308,","UTAX,",NA,"M3,","M,",MAIN,Utah,40.642895,-111.898208,"Utah
(40.642895, -111.898208)"
Rear end collision,2014:01:UP:0114UT001,0,2,167163,1315171,0,0,0,WEBER,1/8/2014 0:00,9:30,2014,2014,"H605,","UP,",1,"H6,","H,",MAIN,Utah,41.136879,-111.897796,"Utah
(41.136879, -111.897796)"
Highway-rail impact,2014:09:UTAX:9172014,0,0,5600,81245,0,0,0,SALT LAKE,9/17/2014 0:00,19:05,2014,2014,"M302,M304,","UTAX,",NA,"M3,","M,",MAIN,Utah,40.633,-111.897,"Utah
(40.633, -111.897)"
Highway-rail impact,2011:11:UTAX:11282011,0,0,1000,10000,0,0,0,SALT LAKE,11/28/2011 0:00,11:40,2011,2012,"M303,M301,","UTAX,",NA,"M3,","M,",MAIN,Utah,40.61597,-111.896954,"Utah
(40.61597, -111.896954)"
Highway-rail impact,2013:02:UTAX:02062013,1,0,0,29118,0,0,0,SALT LAKE,2/6/2013 0:00,10:22,2013,2013,"M308,","UTAX,",NA,"M3,","M,",MAIN,Utah,40.707321,-111.896875,"Utah
(40.707321, -111.896875)"
Derailments,2012:12:UTAX:12312012,0,0,0,100000,0,0,0,SALT LAKE,12/31/2012 0:00,18:53,2012,2013,"E69L,","UTAX,",NA,"E6,","E,",MAIN,Utah,40.730939,-111.89685,"Utah
(40.730939, -111.89685)"
Side collision,2015:03:UTAX:03032015,0,1,0,146602,0,0,0,SALT LAKE,3/3/2015 0:00,13:50,2015,2015,"H221,H999,","UTAX,",NA,"H2,H9,","H,",MAIN,Utah,40.722727,-111.896842,"Utah
(40.722727, -111.896842)"
Highway-rail impact,2012:05:UTAX:05302012,0,2,10000,38000,0,0,0,SALT LAKE,5/30/2012 0:00,16:14,2012,2012,"M304,M302,","UTAX,",NA,"M3,","M,",MAIN,Utah,40.733527,-111.896808,"Utah
(40.733527, -111.896808)"
Other impacts,2011:09:BNSF:MT0911105,0,0,8000,11600,0,0,0,TOOLE,9/29/2011 0:00,12:55,2011,2011,"H704,","BNSF,",51,"H7,","H,",YARD,Montana,48.522278,-111.89592,"Montana
(48.522278, -111.89592)"
Derailments,2013:04:UTAX:04082013,0,0,0,20000,0,0,0,SALT LAKE,4/8/2013 0:00,7:58,2013,2013,"E69C,","UTAX,",NA,"E6,","E,",MAIN,Utah,40.660123,-111.895435,"Utah
(40.660123, -111.895435)"
Derailments,2015:03:UTAX:03032015A,0,0,20000,92000,0,0,0,SALT LAKE,3/3/2015 0:00,13:25,2015,2015,"E69C,","UTAX,",NA,"E6,","E,",MAIN,Utah,40.461072,-111.89338,"Utah
(40.461072, -111.89338)"
Fire/violent rupture,2011:07:UTAX:07152011,0,0,14700,20000,0,0,0,SALT LAKE,7/15/2011 0:00,21:14,2011,2011,"M599,","UTAX,",NA,"M5,","M,",MAIN,Utah,40.665812,-111.88836,"Utah
(40.665812, -111.88836)"
Other impacts,2013:11:UTAX:11052013,0,2,0,3000000,0,0,0,SALT LAKE,11/5/2013 0:00,20:46,2013,2014,"H499,","UTAX,",NA,"H4,","H,",MAIN,Utah,40.603065,-111.886656,"Utah
(40.603065, -111.886656)"
Derailments,2012:10:BNSF:MT1012110,0,0,500,21256,1,0,0,TOOLE,10/23/2012 0:00,20:00,2012,2013,"T311,","BNSF,",1,"T3,","T,",YARD,Montana,48.509055,-111.862016,"Montana
(48.509055, -111.862016)"
Derailments,2012:01:BNSF:MT0112100,0,0,12000,70000,0,0,0,TOOLE,1/4/2012 0:00,11:38,2012,2012,"H307,H303,","BNSF,",1,"H3,","H,",SIDING,Montana,48.506093,-111.855918,"Montana
(48.506093, -111.855918)"
Highway-rail impact,2014:10:UP:1014UT007,0,0,29828,81409,0,0,0,JUAB,10/23/2014 0:00,13:57,2014,2015,"M304,","UP,",1,"M3,","M,",MAIN,Utah,39.671376,-111.851281,"Utah
(39.671376, -111.851281)"
Derailments,2010:11:BNSF:MT1110100,0,0,1500,19282,31,3,0,TOOLE,11/4/2010 0:00,4:45,2010,2011,"H307,H702,","BNSF,",1,"H3,H7,","H,",MAIN,Montana,48.50238,-111.8475,"Montana
(48.50238, -111.8475)"
Fire/violent rupture,2016:01:UP:0116UT004,0,0,0,100872,0,0,0,MORGAN,1/14/2016 0:00,19:06,2016,2016,"E73L,","UP,",1,"E7,","E,",MAIN,Utah,41.138974,-111.841045,"Utah
(41.138974, -111.841045)"
Derailments,2016:01:BNSF:MT0116102,0,0,217201,115611,13,3,0,PONDERA,1/14/2016 0:00,23:23,2016,2016,"T111,","BNSF,",1,"T1,","T,",SIDING,Montana,48.033428,-111.839514,"Montana
(48.033428, -111.839514)"
Derailments,2016:05:BNSF:MT0516104,0,0,637382,324463,21,0,0,TOOLE,5/16/2016 0:00,8:10,2016,2016,"T102,","BNSF,",1,"T1,","T,",MAIN,Montana,48.417188,-111.80941,"Montana
(48.417188, -111.80941)"
Derailments,2011:10:EIRR:D502411,0,0,9562,65808,6,6,0,MADISON,10/7/2011 0:00,14:00,2011,2012,"T202,T099,","EIRR,",1,"T2,T0,","T,",SIDING,Idaho,43.829935,-111.788324,"Idaho
(43.829935, -111.788324)"
Fire/violent rupture,2013:05:UP:0513UT010,0,0,0,50537,0,0,0,UTAH,5/18/2013 0:00,1:07,2013,2013,"M406,","UP,",1,"M4,","M,",MAIN,Utah,39.994921,-111.785936,"Utah
(39.994921, -111.785936)"
Derailments,2012:09:UP:0912UT002,0,0,100,14375,0,0,0,UTAH,9/8/2012 0:00,2:00,2012,2012,"E59C,","UP,",1,"E5,","E,",MAIN,Utah,40.057229,-111.746342,"Utah
(40.057229, -111.746342)"
Derailments,2012:12:BNSF:MT1212111,0,0,19250,17398,0,0,0,TETON,12/22/2012 0:00,21:20,2012,2013,"E46C,","BNSF,",1,"E4,","E,",MAIN,Montana,47.696324,-111.701869,"Montana
(47.696324, -111.701869)"
Derailments,2014:08:BNSF:MT0814103,0,0,14400,250292,0,0,0,TETON,8/12/2014 0:00,10:30,2014,2014,"M204,E46C,","BNSF,",1,"M2,E4,","M,E,",MAIN,Montana,47.702775,-111.696099,"Montana
(47.702775, -111.696099)"
Rear end collision,2012:08:BNSF:MT0812112,0,1,0,140200,0,0,0,TETON,8/31/2012 0:00,13:45,2012,2012,"H402,","BNSF,",91,"H4,","H,",MAIN,Montana,47.71185,-111.684842,"Montana
(47.71185, -111.684842)"
Derailments,2013:12:UP:1213UT027,0,0,41752,17295,37,0,0,UTAH,12/25/2013 0:00,12:08,2013,2014,"E06C,","UP,",1,"E0,","E,",MAIN,Utah,40.225582,-111.660779,"Utah
(40.225582, -111.660779)"
Other impacts,2014:02:MRL:2014031,0,0,0,14000,0,0,0,BROADWATER,2/26/2014 0:00,24:52:00,2014,2014,"H601,H312,","MRL,",81,"H6,H3,H6,H3,","H,",SIDING,Montana,46.477819,-111.657807,"Montana
(46.477819, -111.657807)"
Derailments,2015:10:UP:1015UT008,0,0,100,37260,76,0,0,UTAH,10/27/2015 0:00,8:50,2015,2016,"M404,","UP,",1,"M4,","M,",YARD,Utah,40.207543,-111.648643,"Utah
(40.207543, -111.648643)"
Derailments,2012:05:UTAH:UTA238812D,0,0,0,160400,35,3,0,UTAH,5/1/2012 0:00,24:45:00,2012,2012,"T202,","BNSF,UTAH,",1,"T2,","T,",YARD,Utah,40.211195,-111.644096,"Utah
(40.211195, -111.644096)"
Derailments,2014:10:UP:1014UT011,0,0,10796,6492,0,0,0,UTAH,10/29/2014 0:00,13:05,2014,2015,"T199,T314,","UP,",1,"T1,T3,","T,",YARD,Utah,40.211572,-111.64308,"Utah
(40.211572, -111.64308)"
Highway-rail impact,2015:03:BNSF:SW0315200,0,1,30000,500,1,0,0,COCONINO,3/1/2015 0:00,10:20,2015,2015,"M302,","BNSF,",1,"M3,","M,",MAIN,Arizona,35.194697,-111.628188,"Arizona
(35.194697, -111.628188)"
Obstruction impact,2015:06:UP:0615PC006,0,0,17735,273,0,0,0,CARIBOU,6/19/2015 0:00,22:38,2015,2015,"M402,","UP,",1,"M4,","M,",MAIN,Idaho,42.65502,-111.58128,"Idaho
(42.65502, -111.58128)"
Derailments,2013:11:BNSF:MT1113103,0,0,30000,18771,0,0,0,TOOLE,11/3/2013 0:00,10:36,2013,2014,"H307,H702,","BNSF,",1,"H3,H7,","H,",YARD,Montana,38.59621,-111.57319,"Montana
(38.59621, -111.57319)"
Derailments,2012:12:BNSF:SW1212109,0,0,5200,6612,0,0,0,COCONINO,12/28/2012 0:00,4:20,2012,2013,"H307,H303,","BNSF,",1,"H3,","H,",YARD,Arizona,35.220139,-111.567678,"Arizona
(35.220139, -111.567678)"
Derailments,2014:05:UP:0514UT002,0,0,454770,11217,0,0,0,MORGAN,5/4/2014 0:00,24:40:00,2014,2014,"E53C,","UP,",1,"E5,","E,",MAIN,Utah,41.062956,-111.545062,"Utah
(41.062956, -111.545062)"
Derailments,2012:05:UP:0512PC002,0,0,9374,400,60,4,0,CARIBOU,5/2/2012 0:00,7:25,2012,2012,"T319,","UP,",1,"T3,","T,",INDUSTRY,Idaho,42.73882,-111.541132,"Idaho
(42.73882, -111.541132)"
Derailments,2014:09:UP:0914ST007,0,0,131604,1272538,0,0,0,PINAL,9/15/2014 0:00,23:13,2014,2014,"M105,","UP,",1,"M1,","M,",MAIN,Arizona,32.700658,-111.47336,"Arizona
(32.700658, -111.47336)"
Derailments,2014:10:BNSF:MT1014110,0,0,0,12000,0,0,0,TOOLE,10/30/2014 0:00,8:30,2014,2015,"H997,","BNSF,",9,"H9,","H,",MAIN,Montana,48.465794,-111.464447,"Montana
(48.465794, -111.464447)"
Derailments,2013:11:BNSF:SW1113108,0,0,21500,28333,0,0,0,COCONINO,11/7/2013 0:00,10:00,2013,2014,"H021,","BNSF,",6,"H0,","H,",MAIN,Arizona,35.21193,-111.45243,"Arizona
(35.21193, -111.45243)"
Other events,2013:02:MRL:2013023,0,0,0,15000,0,0,0,GALLATIN,2/20/2013 0:00,24:35:00,2013,2013,"H311,","MRL,",1,"H3,","H,",INDUSTRY,Montana,45.882891,-111.444489,"Montana
(45.882891, -111.444489)"
Derailments,2011:09:UP:0911UT002,0,0,36993,15000,0,0,0,SUMMIT,9/7/2011 0:00,14:40,2011,2011,"H018,E08C,","UP,",7,"H0,E0,","H,E,",MAIN,Utah,40.97232,-111.438913,"Utah
(40.97232, -111.438913)"
Highway-rail impact,2016:06:UFRC:0606161,0,1,1000,35750,0,0,0,UTAH,6/6/2016 0:00,13:15,2016,2016,"M302,","UFRC,",NA,"M3,","M,",MAIN,Utah,40.152737,-111.422212,"Utah
(40.152737, -111.422212)"
Fire/violent rupture,2016:02:UP:0216UT012,0,0,0,29031,0,0,0,SUMMIT,2/21/2016 0:00,18:36,2016,2016,"E73L,","UP,",1,"E7,","E,",MAIN,Utah,40.982555,-111.419265,"Utah
(40.982555, -111.419265)"
Obstruction impact,2015:11:XANW:INDUSTRY,0,0,1000000,1000000,0,0,0,CARIBOU,11/25/2015 0:00,10:15,2015,2016,"M404,","UP,",7,"M4,","M,",INDUSTRY,Idaho,42.803317,-111.407871,"Idaho
(42.803317, -111.407871)"
Derailments,2012:09:BNSF:SW0912106,0,0,45000,8500,1,0,0,COCONINO,9/27/2012 0:00,12:25,2012,2012,"H307,H702,","BNSF,",1,"H3,H7,","H,",YARD,Arizona,35.195001,-111.361926,"Arizona
(35.195001, -111.361926)"
Rear end collision,2013:06:BNSF:MT0613107,0,0,1000,82878,1,1,0,CASCADE,6/16/2013 0:00,1:30,2013,2013,"H318,","BNSF,",67,"H3,","H,",YARD,Montana,45.507325,-111.339623,"Montana
(45.507325, -111.339623)"
Derailments,2014:01:BNSF:MT0114105,0,0,2500,21953,0,0,0,CASCADE,1/8/2014 0:00,3:00,2014,2014,"T111,","BNSF,",7,"T1,","T,",YARD,Montana,47.5032,-111.33232,"Montana
(47.5032, -111.33232)"
Derailments,2014:02:BNSF:MT0214108,0,0,6800,39585,22,2,0,CASCADE,2/27/2014 0:00,3:30,2014,2014,"H508,","BNSF,",7,"H5,","H,",YARD,Montana,47.50376,-111.3278,"Montana
(47.50376, -111.3278)"
Derailments,2014:01:BNSF:MT0114113,0,0,100,10496,2,2,0,CASCADE,1/22/2014 0:00,3:15,2014,2014,"H312,","BNSF,",7,"H3,","H,",YARD,Montana,47.503627,-111.326576,"Montana
(47.503627, -111.326576)"
Derailments,2011:11:BNSF:MT1111113,0,0,8926,4480,0,0,0,CASCADE,11/27/2011 0:00,2:15,2011,2012,"H312,H309,","BNSF,",7,"H3,","H,",YARD,Montana,47.503236,-111.325267,"Montana
(47.503236, -111.325267)"
Derailments,2015:11:BNSF:MT1115107,0,0,2500,14271,5,5,0,CASCADE,11/24/2015 0:00,24:05:00,2015,2016,"T206,","BNSF,",7,"T2,","T,",YARD,Montana,47.502689,-111.324134,"Montana
(47.502689, -111.324134)"
Derailments,2013:12:BNSF:MT1213101,0,0,20000,8918,0,0,0,CASCADE,12/11/2013 0:00,1:50,2013,2014,"E07C,","BNSF,",7,"E0,","E,",YARD,Montana,47.502373,-111.323111,"Montana
(47.502373, -111.323111)"
Derailments,2014:12:BNSF:MT1214111,0,0,200,46127,11,2,0,CASCADE,12/29/2014 0:00,14:00,2014,2015,"T202,","BNSF,",1,"T2,","T,",MAIN,Montana,47.502844,-111.323058,"Montana
(47.502844, -111.323058)"
Derailments,2012:10:BNSF:MT1012105,0,0,22600,348095,16,7,0,CASCADE,10/7/2012 0:00,15:30,2012,2013,"H504,","BNSF,",7,"H5,","H,",MAIN,Montana,47.503229,-111.310022,"Montana
(47.503229, -111.310022)"
Derailments,2012:11:BNSF:MT1112106,0,0,23950,6000,0,0,0,CASCADE,11/25/2012 0:00,23:30,2012,2013,"H503,H519,","BNSF,",1,"H5,","H,",MAIN,Montana,47.503,-111.309,"Montana
(47.503, -111.309)"
Derailments,2015:02:BNSF:MT0215104,0,0,500,8936,0,0,0,CASCADE,2/16/2015 0:00,2:30,2015,2015,"H307,H702,","BNSF,",1,"H3,H7,","H,",YARD,Montana,47.5,-111.3,"Montana
(47.5, -111.3)"
Other events,2012:05:MRL:2012067,0,0,10500,0,0,0,0,GALLATIN,5/8/2012 0:00,23:45,2012,2012,"H605,","MRL,",1,"H6,","H,",SIDING,Montana,45.530973,-111.254104,"Montana
(45.530973, -111.254104)"
Derailments,2015:07:BNSF:MT0715102,0,0,1801205,12245,0,0,0,CASCADE,7/8/2015 0:00,8:47,2015,2015,"T002,","BNSF,",1,"T0,","T,",MAIN,Montana,47.450964,-111.232738,"Montana
(47.450964, -111.232738)"
Highway-rail impact,2013:09:BNSF:MT0913201,1,1,500,10000,0,0,0,CASCADE,9/27/2013 0:00,13:00,2013,2013,"M302,","BNSF,",8,"M3,","M,",MAIN,Montana,47.453784,-111.187173,"Montana
(47.453784, -111.187173)"
Rear end collision,2011:07:BNSF:MT0711104,0,2,216662,1257551,38,0,0,CASCADE,7/19/2011 0:00,21:20,2011,2011,"H402,H702,","BNSF,",NA,"H4,H7,H4,H7,","H,",INDUSTRY,Montana,47.452108,-111.1744,"Montana
(47.452108, -111.1744)"
Other impacts,2014:11:SKYZ:INDUSTRY,0,0,0,150000,0,0,0,CARBON,11/13/2014 0:00,22:40,2014,2015,"M404,","UP,",1,"M4,","M,",INDUSTRY,Utah,39.688999,-111.157512,"Utah
(39.688999, -111.157512)"
Other events,2013:10:BNSF:SW1013110,0,0,22500,2500,3,0,0,NAVAJO,10/28/2013 0:00,14:20,2013,2014,"M105,","BNSF,",1,"M1,","M,",MAIN,Arizona,35.177851,-111.154959,"Arizona
(35.177851, -111.154959)"
Derailments,2016:06:BNSF:MT0616108,0,0,60000,232757,0,0,0,CASCADE,6/21/2016 0:00,13:10,2016,2016,"T399,","BNSF,",1,"T3,","T,",MAIN,Montana,47.595504,-111.150769,"Montana
(47.595504, -111.150769)"
Fire/violent rupture,2015:06:UP:0615ST013,0,0,0,12690,0,0,0,PIMA,6/26/2015 0:00,4:32,2015,2015,"M406,","UP,",1,"M4,","M,",MAIN,Arizona,32.337717,-111.065273,"Arizona
(32.337717, -111.065273)"
Derailments,2012:04:UP:0412ST012,0,0,41518,1975,1,1,0,PIMA,4/23/2012 0:00,13:45,2012,2012,"T110,","UP,",7,"T1,","T,",INDUSTRY,Arizona,31.94354,-110.978633,"Arizona
(31.94354, -110.978633)"
Derailments,2014:07:UP:0714PC002,0,0,432538,743222,41,5,1,LINCOLN,7/5/2014 0:00,24:37:00,2014,2014,"T205,M405,","UP,",1,"T2,M4,","T,M,",MAIN,Wyoming,41.840716,-110.977404,"Wyoming
(41.840716, -110.977404)"
Derailments,2016:07:UP:0716PC004,0,0,42488,156620,0,0,0,LINCOLN,7/9/2016 0:00,12:15,2016,2016,"E51C,","UP,",1,"E5,","E,",MAIN,Wyoming,41.907746,-110.968304,"Wyoming
(41.907746, -110.968304)"
Highway-rail impact,2013:01:UP:0113ST012,0,0,500,17978,0,0,0,PIMA,1/30/2013 0:00,24:15:00,2013,2013,"M304,","UP,",1,"M3,","M,",MAIN,Arizona,32.008822,-110.950472,"Arizona
(32.008822, -110.950472)"
Derailments,2015:03:UP:0315PC006,0,0,206174,90525,2,0,0,LINCOLN,3/29/2015 0:00,5:26,2015,2015,"H525,","UP,",1,"H5,","H,",MAIN,Wyoming,42.024589,-110.946591,"Wyoming
(42.024589, -110.946591)"
Derailments,2014:11:UP:1114ST008,0,0,2792,9876,0,0,0,PIMA,11/16/2014 0:00,1:30,2014,2015,"H306,H702,","UP,",7,"H3,H7,","H,",YARD,Arizona,32.208628,-110.945222,"Arizona
(32.208628, -110.945222)"
Derailments,2015:08:UP:0815ST002,0,0,3323,70813,1,0,0,PIMA,8/2/2015 0:00,9:49,2015,2015,"H307,","UP,",7,"H3,","H,",YARD,Arizona,32.206396,-110.941687,"Arizona
(32.206396, -110.941687)"
Derailments,2013:10:UP:1013ST009,0,0,8909,21556,5,1,0,PIMA,10/21/2013 0:00,12:52,2013,2014,"T212,","UP,",7,"T2,","T,",YARD,Arizona,32.2033,-110.93887,"Arizona
(32.2033, -110.93887)"
Highway-rail impact,2013:03:UP:0313ST001,0,1,1620,24238,0,0,0,PIMA,3/1/2013 0:00,3:55,2013,2013,"M302,","UP,",1,"M3,","M,",MAIN,Arizona,32.204096,-110.938017,"Arizona
(32.204096, -110.938017)"
Derailments,2011:08:UP:0811ST002,0,0,80499,931,0,0,0,PIMA,8/8/2011 0:00,20:50,2011,2011,"T210,","UP,",7,"T2,","T,",YARD,Arizona,32.195795,-110.929696,"Arizona
(32.195795, -110.929696)"
Derailments,2011:09:UP:0911ST005,0,0,46383,133,0,0,0,PIMA,9/13/2011 0:00,20:40,2011,2011,"M103,T110,","UP,",7,"M1,T1,","M,T,",YARD,Arizona,32.195389,-110.928526,"Arizona
(32.195389, -110.928526)"
Derailments,2014:05:UP:0514ST001,0,0,8609,8253,4,1,0,PIMA,5/3/2014 0:00,3:40,2014,2014,"T314,","UP,",7,"T3,","T,",YARD,Arizona,32.195316,-110.923511,"Arizona
(32.195316, -110.923511)"
Derailments,2015:07:UP:0715ST004,0,0,12900,18172,15,0,0,PIMA,7/11/2015 0:00,7:00,2015,2015,"H702,","UP,",7,"H7,","H,",YARD,Arizona,32.189383,-110.914338,"Arizona
(32.189383, -110.914338)"
Derailments,2013:07:UP:0713UT006,0,0,133680,52318,0,0,0,UINTA,7/23/2013 0:00,19:28,2013,2013,"T109,","UP,",1,"T1,","T,",MAIN,Wyoming,41.224285,-110.912337,"Wyoming
(41.224285, -110.912337)"
Fire/violent rupture,2016:03:UP:0316ST007,0,0,0,39693,0,0,0,PIMA,3/17/2016 0:00,9:15,2016,2016,"E74L,","UP,",1,"E7,","E,",MAIN,Arizona,32.163052,-110.908433,"Arizona
(32.163052, -110.908433)"
Derailments,2012:10:TEPC:INDUSTRY,0,0,25524,23597,0,0,0,PIMA,10/9/2012 0:00,3:00,2012,2013,"H306,","UP,",1,"H3,","H,",INDUSTRY,Arizona,32.152765,-110.897899,"Arizona
(32.152765, -110.897899)"
Derailments,2015:06:UP:0615UT010,0,0,500,18597,0,0,0,CARBON,6/29/2015 0:00,14:40,2015,2015,"T199,","UP,",1,"T1,","T,",YARD,Utah,39.678815,-110.856022,"Utah
(39.678815, -110.856022)"
Derailments,2013:03:UP:0313UT005,0,0,70739,16977,15,0,0,CARBON,3/20/2013 0:00,9:30,2013,2013,"E03C,","UP,",1,"E0,","E,",MAIN,Utah,39.658936,-110.855973,"Utah
(39.658936, -110.855973)"
Derailments,2015:03:UP:0315UT007,0,0,139412,114457,21,5,0,CARBON,3/6/2015 0:00,14:57,2015,2015,"T110,","UP,",1,"T1,","T,",YARD,Utah,39.687179,-110.853609,"Utah
(39.687179, -110.853609)"
Derailments,2012:05:AZER:AZE246712D,0,0,23740,13565,0,0,0,GILA,5/29/2012 0:00,18:55,2012,2012,"T110,","AZER,",1,"T1,","T,",MAIN,Arizona,33.465101,-110.845098,"Arizona
(33.465101, -110.845098)"
Derailments,2013:05:AZER:AZE374413D,0,0,10000,10000,20,7,0,GILA,5/22/2013 0:00,3:30,2013,2013,"T202,","AZER,",1,"T2,","T,",MAIN,Arizona,33.463338,-110.84477,"Arizona
(33.463338, -110.84477)"
Derailments,2014:06:BNSF:MT0614100,0,0,1000,18251,0,0,0,CHOUTEAU,6/2/2014 0:00,8:56,2014,2014,"T217,","BNSF,",1,"T2,","T,",INDUSTRY,Montana,47.807339,-110.843717,"Montana
(47.807339, -110.843717)"
Derailments,2012:07:CBRY:0728121,0,0,46009,247506,12,8,1,PINAL,7/28/2012 0:00,18:05,2012,2012,"T210,","CBRY,",1,"T2,","T,",MAIN,Arizona,33.01282,-110.84291,"Arizona
(33.01282, -110.84291)"
Derailments,2013:12:BNSF:MT1213103,0,0,302000,13723,100,0,0,LIBERTY,12/24/2013 0:00,13:59,2013,2014,"E45C,","BNSF,",1,"E4,","E,",MAIN,Montana,48.559106,-110.820629,"Montana
(48.559106, -110.820629)"
Derailments,2013:05:UP:0513PC005,0,0,348616,1205690,0,0,0,LINCOLN,5/18/2013 0:00,2:40,2013,2013,"E61C,","UP,",1,"E6,","E,",MAIN,Wyoming,41.824243,-110.809594,"Wyoming
(41.824243, -110.809594)"
Side collision,2014:03:BNSF:SW0314106,0,0,7569,47451,20,0,0,NAVAJO,3/22/2014 0:00,3:00,2014,2014,"H306,","BNSF,",1,"H3,","H,",YARD,Arizona,35.03106,-110.719821,"Arizona
(35.03106, -110.719821)"
Derailments,2016:01:BNSF:SW0116106,0,0,250,18373,0,0,0,NAVAJO,1/24/2016 0:00,17:00,2016,2016,"H307,H303,","BNSF,",1,"H3,","H,",YARD,Arizona,35.028721,-110.715035,"Arizona
(35.028721, -110.715035)"
Derailments,2014:07:BNSF:SW0714101,0,0,10000,16785,22,0,0,NAVAJO,7/18/2014 0:00,18:30,2014,2014,"T199,","BNSF,",1,"T1,","T,",YARD,Arizona,35.027636,-110.712084,"Arizona
(35.027636, -110.712084)"
Derailments,2015:06:BNSF:SW0615105,0,0,6509,25000,43,1,0,NAVAJO,6/16/2015 0:00,13:39,2015,2015,"T221,","BNSF,",1,"T2,","T,",YARD,Arizona,35.027636,-110.712084,"Arizona
(35.027636, -110.712084)"
Derailments,2011:10:BNSF:SW1011107,0,0,1000,11800,43,0,0,NAVAJO,10/21/2011 0:00,11:05,2011,2012,"T207,","BNSF,",1,"T2,","T,",YARD,Arizona,35.022313,-110.700289,"Arizona
(35.022313, -110.700289)"
Fire/violent rupture,2014:06:UP:0614ST006,0,0,0,132670,0,0,0,PIMA,6/4/2014 0:00,14:40,2014,2014,"M406,","UP,",1,"M4,","M,",MAIN,Arizona,32.024541,-110.663788,"Arizona
(32.024541, -110.663788)"
Derailments,2013:10:UP:1013UT001,0,0,371581,140804,0,0,0,EMERY,10/1/2013 0:00,1:25,2013,2014,"E51C,","UP,",1,"E5,","E,",MAIN,Utah,39.461702,-110.604423,"Utah
(39.461702, -110.604423)"
Other events,2014:05:UP:0514UT005,0,0,6224,5000,5,0,0,UINTA,5/11/2014 0:00,17:38,2014,2014,"E29C,","UP,",1,"E2,","E,",MAIN,Wyoming,41.393477,-110.577288,"Wyoming
(41.393477, -110.577288)"
Derailments,2013:02:MRL:2013019,0,0,2000,150000,0,0,0,PARK,2/7/2013 0:00,1:15,2013,2013,"T207,","MRL,",1,"T2,","T,",YARD,Montana,45.66254,-110.5622,"Montana
(45.66254, -110.5622)"
Derailments,2012:03:UP:0312PC004,0,0,222587,41033,0,0,0,LINCOLN,3/21/2012 0:00,9:00,2012,2012,"T001,T110,","UP,",1,"T0,T1,","T,",INDUSTRY,Wyoming,41.735294,-110.559567,"Wyoming
(41.735294, -110.559567)"
Derailments,2015:01:MRL:2015019,0,0,0,50000,0,0,0,PARK,1/27/2015 0:00,7:55,2015,2015,"H303,","MRL,",8,"H3,","H,",YARD,Montana,45.667117,-110.554383,"Montana
(45.667117, -110.554383)"
Derailments,2011:12:MRL:2011168,0,0,1000,103000,20,1,0,PARK,12/18/2011 0:00,14:00,2011,2012,"H306,","MRL,",1,"H3,","H,",YARD,Montana,45.67096,-110.54736,"Montana
(45.67096, -110.54736)"
Derailments,2013:02:AZER:AZE320113D,0,0,4088,6200,0,0,0,GILA,2/10/2013 0:00,20:16,2013,2013,"T222,","AZER,",1,"T2,","T,",MAIN,Arizona,33.297982,-110.457244,"Arizona
(33.297982, -110.457244)"
Fire/violent rupture,2014:10:UP:1014ST009,0,0,0,36481,0,0,0,COCHISE,10/19/2014 0:00,22:30,2014,2015,"M406,","UP,",1,"M4,","M,",MAIN,Arizona,31.990874,-110.434864,"Arizona
(31.990874, -110.434864)"