AccidentType,inckey,Fatalities,Injuries,TrackDamage,EquipmentDamage,HazmatCars,HazmatCarsDerailed,HazmatCarsReleasing,County,DisplayDate,DisplayTime,calendar,Fiscal,AccidentCause,RailroadCodes,RAILEQUIPMENT_TYPE,CauseGroup,CauseDiscipline,TYPE_OF_TRACK,StateName,latitude,longitude,GeoLocation
Fire/violent rupture,2015:07:UP:0715ST002,0,0,100,253476,0,0,0,COCHISE,7/1/2015 0:00,21:00,2015,2015,"E73L,","UP,",1,"E7,","E,",MAIN,Arizona,31.992353,-110.414131,"Arizona
(31.992353, -110.414131)"
Side collision,2016:01:APQQ:INDUSTRY,0,0,6500,75519,8,0,0,NAVAJO,1/20/2016 0:00,18:35,2016,2016,"H607,","BNSF,",1,"H6,","H,",INDUSTRY,Arizona,34.936309,-110.303226,"Arizona
(34.936309, -110.303226)"
Derailments,2011:12:AZER:AZE203611D,0,0,65118,3819,0,0,0,GRAHAM,12/15/2011 0:00,21:15,2011,2012,"T110,","AZER,",1,"T1,","T,",MAIN,Arizona,33.210829,-110.301876,"Arizona
(33.210829, -110.301876)"
Derailments,2013:08:UP:0813ST015,0,0,30896,18010,3,0,0,COCHISE,8/29/2013 0:00,11:15,2013,2013,"H995,","UP,",1,"H9,","H,",MAIN,Arizona,31.964658,-110.284219,"Arizona
(31.964658, -110.284219)"
Derailments,2012:11:AZER:AZE290512D,0,0,30611,35724,10,7,3,GRAHAM,11/1/2012 0:00,19:41,2012,2013,"T205,T110,","AZER,",1,"T2,T1,","T,",MAIN,Arizona,33.180612,-110.186478,"Arizona
(33.180612, -110.186478)"
Derailments,2013:08:AZER:AZE426413D,0,0,25000,7500,0,0,0,GRAHAM,8/29/2013 0:00,22:04,2013,2013,"T401,T002,","AZER,",1,"T4,T0,","T,",MAIN,Arizona,33.180612,-110.186478,"Arizona
(33.180612, -110.186478)"
Obstruction impact,2012:08:BNSF:SW0812100,0,0,58000,1800,0,0,0,NAVAJO,8/3/2012 0:00,4:35,2012,2012,"M402,","BNSF,",1,"M4,","M,",MAIN,Arizona,34.902183,-110.174605,"Arizona
(34.902183, -110.174605)"
Fire/violent rupture,2015:01:BNSF:SW0115115,0,0,0,11484,0,0,0,NAVAJO,1/26/2015 0:00,20:30,2015,2015,"M406,","ATK,BNSF,",2,"M4,","M,",MAIN,Arizona,34.95391,-109.986806,"Arizona
(34.95391, -109.986806)"
Derailments,2015:09:XAZE:INDUSTRY,0,0,130000,278,0,0,0,COCHISE,9/3/2015 0:00,15:15,2015,2015,"M501,","UP,",1,"M5,","M,",INDUSTRY,Arizona,32.078757,-109.947634,"Arizona
(32.078757, -109.947634)"
Head on collision,2016:03:UP:0316DV005,0,5,58996,1592525,1,1,0,SWEETWATER,3/14/2016 0:00,21:41,2016,2016,"H405,H702,","UP,",1,"H4,H7,","H,",SIDING,Wyoming,41.617227,-109.925037,"Wyoming
(41.617227, -109.925037)"
Other events,2012:08:BNSF:MT0812114,0,0,0,15000,0,0,0,JUDITH BASIN,8/15/2012 0:00,13:00,2012,2012,"H997,","BNSF,",9,"H9,","H,",MAIN,Montana,46.957746,-109.829095,"Montana
(46.957746, -109.829095)"
Derailments,2011:10:FMCJ:INDUSTRY,0,0,200,17200,0,0,0,SWEETWATER,10/18/2011 0:00,13:10,2011,2012,"T110,","UP,",7,"T1,","T,",INDUSTRY,Wyoming,41.624766,-109.80494,"Wyoming
(41.624766, -109.80494)"
Derailments,2014:07:UP:0714DV015,0,0,79850,480870,0,0,0,SWEETWATER,7/14/2014 0:00,15:30,2014,2014,"H606,","UP,",1,"H6,","H,",INDUSTRY,Wyoming,41.578981,-109.694926,"Wyoming
(41.578981, -109.694926)"
Derailments,2011:10:BNSF:MT1011103,0,0,0,10000,0,0,0,HILL,10/9/2011 0:00,21:00,2011,2012,"H307,","BNSF,",1,"H3,","H,",MAIN,Montana,48.555853,-109.690425,"Montana
(48.555853, -109.690425)"
Derailments,2013:01:BNSF:MT0113104,0,0,1000,20524,3,0,0,HILL,1/17/2013 0:00,7:30,2013,2013,"T311,","BNSF,",1,"T3,","T,",YARD,Montana,48.55,-109.68,"Montana
(48.55, -109.68)"
Derailments,2013:03:BNSF:MT0313103,0,0,31273,200,0,0,0,HILL,3/13/2013 0:00,11:05,2013,2013,"T001,","BNSF,",8,"T0,","T,",YARD,Montana,48.55485,-109.679521,"Montana
(48.55485, -109.679521)"
Derailments,2013:09:BNSF:MT0913105,0,0,13000,14736,0,0,0,HILL,9/19/2013 0:00,10:45,2013,2013,"T111,","BNSF,",1,"T1,","T,",YARD,Montana,48.553841,-109.668618,"Montana
(48.553841, -109.668618)"
Derailments,2014:05:BNSF:MT0514105,0,0,300,15207,3,0,0,HILL,5/9/2014 0:00,21:00,2014,2014,"E07C,","BNSF,",1,"E0,","E,",YARD,Montana,48.553841,-109.668618,"Montana
(48.553841, -109.668618)"
Derailments,2015:11:BNSF:MT1115104,0,0,0,40000,0,0,0,HILL,11/17/2015 0:00,20:45,2015,2016,"E64L,","BNSF,",8,"E6,","E,",YARD,Montana,48.553841,-109.668618,"Montana
(48.553841, -109.668618)"
Derailments,2016:06:UP:0616DV016,0,0,320063,581020,33,0,0,SWEETWATER,6/27/2016 0:00,18:00,2016,2016,"T399,","UP,",1,"T3,","T,",MAIN,Wyoming,41.549465,-109.592624,"Wyoming
(41.549465, -109.592624)"
Fire/violent rupture,2015:05:UP:0515DV023,0,0,0,15826,0,0,0,SWEETWATER,5/31/2015 0:00,12:32,2015,2015,"E73L,","UP,",1,"E7,","E,",MAIN,Wyoming,41.553019,-109.533149,"Wyoming
(41.553019, -109.533149)"
Derailments,2011:08:BNSF:MT0811108,0,2,120000,1323678,18,0,0,HILL,8/28/2011 0:00,15:45,2011,2011,"T109,","BNSF,",1,"T1,","T,",MAIN,Montana,48.559999,-109.521515,"Montana
(48.559999, -109.521515)"
Derailments,2013:11:AZER:AZE476213D,0,0,24000,129500,25,12,4,GRAHAM,11/29/2013 0:00,15:20,2013,2014,"T221,","AZER,",1,"T2,","T,",MAIN,Arizona,32.32593,-109.487064,"Arizona
(32.32593, -109.487064)"
Derailments,2014:09:BNSF:SW0914102,0,0,2000,18000,0,0,0,APACHE,9/13/2014 0:00,7:44,2014,2014,"E33C,","BNSF,",1,"E3,","E,",MAIN,Arizona,34.827554,-109.481828,"Arizona
(34.827554, -109.481828)"
Derailments,2014:12:UP:1214DV014,0,0,0,70190,0,0,0,SWEETWATER,12/29/2014 0:00,13:15,2014,2015,"M101,","UP,",8,"M1,","M,",YARD,Wyoming,41.528519,-109.47799,"Wyoming
(41.528519, -109.47799)"
Derailments,2015:09:UP:0915DV003,0,0,109432,11497,1,0,0,SWEETWATER,9/11/2015 0:00,22:50,2015,2015,"T101,","UP,",1,"T1,","T,",MAIN,Wyoming,41.5297,-109.474279,"Wyoming
(41.5297, -109.474279)"
Derailments,2016:07:UP:0716DV017,0,0,900,16913,0,0,0,SWEETWATER,7/29/2016 0:00,15:10,2016,2016,"T399,","UP,",1,"T3,","T,",YARD,Wyoming,41.527674,-109.471716,"Wyoming
(41.527674, -109.471716)"
Derailments,2011:11:FMCJ:INDUSTRY,0,0,38,10000,0,0,0,SWEETWATER,11/22/2011 0:00,17:35,2011,2012,"T111,","UP,",1,"T1,","T,",INDUSTRY,Wyoming,41.527766,-109.471621,"Wyoming
(41.527766, -109.471621)"
Derailments,2012:04:UP:0412DV011,0,0,30593,100,0,0,0,SWEETWATER,4/15/2012 0:00,18:05,2012,2012,"M405,","UP,",7,"M4,","M,",YARD,Wyoming,41.527766,-109.471621,"Wyoming
(41.527766, -109.471621)"
Derailments,2012:08:UP:0812DV013,0,0,29827,44522,0,0,0,SWEETWATER,8/26/2012 0:00,2:20,2012,2012,"T202,","UP,",7,"T2,","T,",YARD,Wyoming,41.529125,-109.47087,"Wyoming
(41.529125, -109.47087)"
Derailments,2014:02:UP:0214ST005,0,0,420504,13819,0,0,0,COCHISE,2/16/2014 0:00,4:30,2014,2014,"E53C,","UP,",1,"E5,","E,",MAIN,Arizona,32.324275,-109.467207,"Arizona
(32.324275, -109.467207)"
Other impacts,2016:08:UP:0816DV002,0,0,0,12236,0,0,0,SWEETWATER,8/2/2016 0:00,3:00,2016,2016,"H602,","UP,",75,"H6,","H,",YARD,Wyoming,41.525474,-109.467046,"Wyoming
(41.525474, -109.467046)"
Other impacts,2013:03:UP:0313DV007,0,0,100,11395,0,0,0,SWEETWATER,3/11/2013 0:00,8:00,2013,2013,"H401,","UP,",57,"H4,","H,",YARD,Wyoming,41.526525,-109.466284,"Wyoming
(41.526525, -109.466284)"
Derailments,2016:06:UP:0616DV004,0,0,3835,18006,0,0,0,SWEETWATER,6/4/2016 0:00,1:00,2016,2016,"T403,","UP,",8,"T4,","T,",YARD,Wyoming,41.523744,-109.460881,"Wyoming
(41.523744, -109.460881)"
Derailments,2011:06:UP:0611DV012,0,1,5280,92963,0,0,0,SWEETWATER,6/30/2011 0:00,2:15,2011,2011,"H302,","UP,",76,"H3,","H,",YARD,Wyoming,41.522652,-109.460027,"Wyoming
(41.522652, -109.460027)"
Derailments,2015:02:UP:0215DV004,0,0,13540,14760,0,0,0,SWEETWATER,2/8/2015 0:00,20:10,2015,2015,"T205,","UP,",7,"T2,","T,",YARD,Wyoming,41.519725,-109.459494,"Wyoming
(41.519725, -109.459494)"
Derailments,2016:08:UP:0816DV020,0,0,401000,118089,20,0,0,SWEETWATER,8/29/2016 0:00,8:05,2016,2016,"T313,","UP,",1,"T3,","T,",YARD,Wyoming,41.523028,-109.459261,"Wyoming
(41.523028, -109.459261)"
Derailments,2015:12:UP:1215DV007,0,0,6010,18257,0,0,0,SWEETWATER,12/23/2015 0:00,21:50,2015,2016,"T403,","UP,",7,"T4,","T,",YARD,Wyoming,41.520165,-109.449763,"Wyoming
(41.520165, -109.449763)"
Derailments,2013:08:UP:0813ST011,0,0,41174,5000,0,0,0,COCHISE,8/26/2013 0:00,11:30,2013,2013,"E33C,","UP,",1,"E3,","E,",MAIN,Arizona,32.3191,-109.444481,"Arizona
(32.3191, -109.444481)"
Derailments,2012:09:BNSF:MT0912103,0,0,193400,755454,0,0,0,BLAINE,9/21/2012 0:00,5:25,2012,2012,"T207,","BNSF,",1,"T2,","T,",SIDING,Montana,48.577588,-109.442121,"Montana
(48.577588, -109.442121)"
Derailments,2014:11:UP:1114DV007,0,0,2861,127994,33,5,0,SWEETWATER,11/8/2014 0:00,4:15,2014,2015,"T207,","UP,",1,"T2,","T,",YARD,Wyoming,41.518487,-109.43106,"Wyoming
(41.518487, -109.43106)"
Derailments,2012:06:AZER:AZE258312D,0,0,7539,5500,20,3,0,GREENLEE,6/29/2012 0:00,23:00,2012,2012,"T217,T317,","AZER,",1,"T2,T3,","T,",YARD,Arizona,33.083487,-109.304352,"Arizona
(33.083487, -109.304352)"
Derailments,2015:09:XMRE:INDUSTRY,0,0,16500,2000,0,0,0,APACHE,9/9/2015 0:00,21:00,2015,2015,"T108,","BNSF,",1,"T1,","T,",INDUSTRY,Arizona,34.618836,-109.301331,"Arizona
(34.618836, -109.301331)"
Derailments,2014:07:XMRE:INDUSTRY,0,0,1000,34847,0,0,0,APACHE,7/19/2014 0:00,18:00,2014,2014,"H701,","BNSF,",1,"H7,","H,",INDUSTRY,Arizona,34.58687,-109.269882,"Arizona
(34.58687, -109.269882)"
Derailments,2014:12:MRL:2014181,0,0,4000,8600,0,0,0,STILLWATER,12/31/2014 0:00,19:45,2014,2015,"H306,","MRL,",1,"H3,","H,",SIDING,Montana,45.636108,-109.250408,"Montana
(45.636108, -109.250408)"
Derailments,2014:03:AZER:AZE532314D,0,0,2700,85000,55,3,1,GREENLEE,3/14/2014 0:00,8:45,2014,2014,"M405,","AZER,",1,"M4,","M,",MAIN,Arizona,32.997534,-109.244322,"Arizona
(32.997534, -109.244322)"
Derailments,2011:08:UP:0811DV001,0,0,9100,4250,0,0,0,SWEETWATER,8/1/2011 0:00,15:15,2011,2011,"T220,","UP,",7,"T2,","T,",YARD,Wyoming,41.576748,-109.229294,"Wyoming
(41.576748, -109.229294)"
Derailments,2014:11:BNSF:SW1114100,0,0,600,24515,1,0,0,APACHE,11/3/2014 0:00,20:10,2014,2015,"H307,H303,","BNSF,",1,"H3,","H,",SIDING,Arizona,35.272096,-109.229085,"Arizona
(35.272096, -109.229085)"
Derailments,2013:06:UP:0613DV005,0,0,24800,24278,0,0,0,SWEETWATER,6/12/2013 0:00,8:35,2013,2013,"T299,","UP,",7,"T2,","T,",YARD,Wyoming,41.587927,-109.218357,"Wyoming
(41.587927, -109.218357)"
Derailments,2013:09:AZER:AZE430113D,0,0,58132,13500,25,4,0,GREENLEE,9/6/2013 0:00,22:55,2013,2013,"M204,","AZER,",1,"M2,","M,",MAIN,Arizona,32.9175,-109.196111,"Arizona
(32.9175, -109.196111)"
Derailments,2013:11:BNSF:SW1113114,0,0,191200,1027520,0,0,0,MCKINLEY,11/12/2013 0:00,19:40,2013,2014,"T108,","BNSF,",1,"T1,","T,",MAIN,New Mexico,35.377391,-109.035296,"New Mexico
(35.377391, -109.035296)"
Derailments,2015:02:BNSF:SW0215102,0,0,5000,1364162,0,0,0,MCKINLEY,2/7/2015 0:00,13:35,2015,2015,"M101,","BNSF,",1,"M1,","M,",INDUSTRY,New Mexico,35.513948,-108.874585,"New Mexico
(35.513948, -108.874585)"
Derailments,2012:09:MRL:2012138,0,0,60000,60000,80,4,0,YELLOWSTONE,9/25/2012 0:00,24:16:00,2012,2012,"E86C,","MRL,",1,"E8,","E,",MAIN,Montana,45.65609,-108.82236,"Montana
(45.65609, -108.82236)"
Derailments,2011:11:BNSF:MT1111102,0,0,0,14180,8,0,0,BLAINE,11/3/2011 0:00,11:05,2011,2012,"H503,","BNSF,",1,"H5,","H,",MAIN,Montana,48.536094,-108.793818,"Montana
(48.536094, -108.793818)"
Derailments,2014:05:MRL:2014068,0,0,1000,15000,9,0,0,YELLOWSTONE,5/9/2014 0:00,19:45,2014,2014,"H306,","MRL,",7,"H3,","H,",INDUSTRY,Montana,45.669115,-108.771532,"Montana
(45.669115, -108.771532)"
Derailments,2012:10:MRL:2012140,0,0,30000,26000,0,0,0,YELLOWSTONE,10/7/2012 0:00,22:45,2012,2013,"H702,","MRL,",7,"H7,","H,",YARD,Montana,45.66866,-108.77099,"Montana
(45.66866, -108.77099)"
Derailments,2013:04:SW:SW402,0,0,6150,54000,0,0,0,GRANT,4/29/2013 0:00,10:30,2013,2013,"T109,","SW,",1,"T1,","T,",MAIN,New Mexico,32.41875,-108.75311,"New Mexico
(32.41875, -108.75311)"
Derailments,2012:10:UP:1012DV013,0,0,10255,100,0,0,0,SWEETWATER,10/14/2012 0:00,1:30,2012,2013,"H022,","UP,",5,"H0,","H,",INDUSTRY,Wyoming,41.710493,-108.751583,"Wyoming
(41.710493, -108.751583)"
Raking collision,2012:11:MRL:2012163,0,0,0,987880,23,0,0,YELLOWSTONE,11/5/2012 0:00,22:00,2012,2013,"H306,","BNSF,MRL,",17,"H3,","H,",MAIN,Montana,45.6725,-108.7487,"Montana
(45.6725, -108.7487)"
Derailments,2015:08:BNSF:SW0815107,0,0,500,20328,23,0,0,MCKINLEY,8/29/2015 0:00,9:10,2015,2015,"H503,","BNSF,",1,"H5,","H,",YARD,New Mexico,35.527535,-108.745636,"New Mexico
(35.527535, -108.745636)"
Derailments,2015:02:BNSF:SW0215109,0,0,0,15000,0,0,0,MCKINLEY,2/20/2015 0:00,10:00,2015,2015,"H318,","BNSF,",7,"H3,","H,",YARD,New Mexico,35.529286,-108.741064,"New Mexico
(35.529286, -108.741064)"
Derailments,2012:07:MRL:2012101,0,0,50000,35000,12,0,0,YELLOWSTONE,7/31/2012 0:00,16:45,2012,2012,"H601,","MRL,",7,"H6,","H,",YARD,Montana,45.67659,-108.737936,"Montana
(45.67659, -108.737936)"
Derailments,2012:10:BNSF:SW1012108,0,0,27000,8008,29,0,0,MCKINLEY,10/24/2012 0:00,13:00,2012,2013,"E07C,","BNSF,",1,"E0,","E,",YARD,New Mexico,35.531502,-108.730605,"New Mexico
(35.531502, -108.730605)"
Other impacts,2013:08:BNSF:SW0813103,0,0,0,30000,2,0,0,MCKINLEY,8/10/2013 0:00,11:50,2013,2013,"H312,","BNSF,",7,"H3,","H,",YARD,New Mexico,35.51,-108.73,"New Mexico
(35.51, -108.73)"
Derailments,2013:12:MRL:2013180,0,0,0,35000,28,3,0,YELLOWSTONE,12/9/2013 0:00,17:00,2013,2014,"H306,","MRL,",7,"H3,","H,",MAIN,Montana,45.677804,-108.727147,"Montana
(45.677804, -108.727147)"
Derailments,2013:11:MRL:2013165,0,0,2000,10000,3,0,0,YELLOWSTONE,11/7/2013 0:00,5:44,2013,2014,"H599,","MRL,",7,"H5,","H,",YARD,Montana,45.67878,-108.726196,"Montana
(45.67878, -108.726196)"
Derailments,2013:07:BNSF:SW0713110,0,0,500,12142,32,0,0,MCKINLEY,7/19/2013 0:00,17:00,2013,2013,"H702,","BNSF,",7,"H7,","H,",YARD,New Mexico,35.531137,-108.725193,"New Mexico
(35.531137, -108.725193)"
Derailments,2013:12:MRL:2013177,0,0,850,38000,6,0,0,YELLOWSTONE,12/3/2013 0:00,13:55,2013,2014,"H303,","MRL,",7,"H3,","H,",YARD,Montana,45.678108,-108.724893,"Montana
(45.678108, -108.724893)"
Derailments,2016:05:MRL:2016055,0,0,0,65000,1,1,0,YELLOWSTONE,5/12/2016 0:00,9:50,2016,2016,"H318,","MRL,",7,"H3,","H,",YARD,Montana,45.679767,-108.723203,"Montana
(45.679767, -108.723203)"
Rear end collision,2014:11:MRL:2014155,0,0,500,200000,45,0,0,YELLOWSTONE,11/9/2014 0:00,17:30,2014,2015,"H306,","MRL,",17,"H3,","H,",YARD,Montana,45.679168,-108.721804,"Montana
(45.679168, -108.721804)"
Side collision,2011:09:MRL:2011120,0,0,0,13000,0,0,0,YELLOWSTONE,9/5/2011 0:00,2:15,2011,2011,"H021,","MRL,",6,"H0,","H,",YARD,Montana,45.679085,-108.72102,"Montana
(45.679085, -108.72102)"
Derailments,2011:12:MRL:2011165,0,0,3000,15000,0,0,0,YELLOWSTONE,12/16/2011 0:00,14:00,2011,2012,"H312,","MRL,",7,"H3,","H,",YARD,Montana,45.6806,-108.72081,"Montana
(45.6806, -108.72081)"
Other impacts,2013:09:MRL:2013126,0,0,0,300000,32,3,0,YELLOWSTONE,9/1/2013 0:00,20:40,2013,2013,"H020,","MRL,",7,"H0,","H,",YARD,Montana,45.608754,-108.719783,"Montana
(45.608754, -108.719783)"
Side collision,2012:03:MRL:2012043,0,0,20000,206000,28,7,0,YELLOWSTONE,3/19/2012 0:00,7:25,2012,2012,"H020,","MRL,",61,"H0,","H,",YARD,Montana,45.68071,-108.718893,"Montana
(45.68071, -108.718893)"
Side collision,2014:05:MRL:2014066,0,0,0,120000,0,0,0,YELLOWSTONE,5/3/2014 0:00,3:30,2014,2014,"H018,","MRL,",76,"H0,","H,",YARD,Montana,45.68147,-108.718728,"Montana
(45.68147, -108.718728)"
Derailments,2013:05:MRL:2013054,0,0,5000,150000,0,0,0,YELLOWSTONE,5/7/2013 0:00,13:30,2013,2013,"H018,","MRL,",6,"H0,","H,",YARD,Montana,45.681325,-108.718013,"Montana
(45.681325, -108.718013)"
Derailments,2013:11:SW:SW113003,3,0,55137,325000,0,0,0,GRANT,11/30/2013 0:00,24:30:00,2013,2014,"H099,","SW,",1,"H0,","H,",MAIN,New Mexico,32.472831,-108.6868,"New Mexico
(32.472831, -108.6868)"
Derailments,2014:04:BNSF:MT0414101,0,0,1000,12500,44,0,0,YELLOWSTONE,4/5/2014 0:00,13:15,2014,2014,"T111,","BNSF,",1,"T1,","T,",INDUSTRY,Montana,45.931349,-108.682538,"Montana
(45.931349, -108.682538)"
Derailments,2015:10:BNSF:SW1015104,0,0,1409409,1554835,26,5,1,MCKINLEY,10/23/2015 0:00,5:35,2015,2016,"H305,E53C,","BNSF,",1,"H3,E5,","H,E,",MAIN,New Mexico,35.530886,-108.677876,"New Mexico
(35.530886, -108.677876)"
Derailments,2013:12:BNSF:SW1213107,0,0,1200,8800,0,0,0,MCKINLEY,12/24/2013 0:00,21:40,2013,2014,"T314,","BNSF,",1,"T3,","T,",SIDING,New Mexico,35.534053,-108.647536,"New Mexico
(35.534053, -108.647536)"
Derailments,2014:12:BNSF:PR1214100,0,0,250,11250,15,0,0,PARK,12/7/2014 0:00,9:40,2014,2015,"E06C,","BNSF,",1,"E0,","E,",MAIN,Wyoming,44.970332,-108.622733,"Wyoming
(44.970332, -108.622733)"
Derailments,2011:10:UP:1011DV005,0,0,145,12216,0,0,0,MESA,10/10/2011 0:00,4:00,2011,2012,"H318,","UP,",7,"H3,","H,",YARD,Colorado,39.067857,-108.575339,"Colorado
(39.067857, -108.575339)"
Derailments,2016:07:UP:0716DV002,0,0,36001,155955,0,0,0,MESA,7/5/2016 0:00,14:05,2016,2016,"H309,","UP,",NA,"H3,","H,",YARD,Colorado,39.062629,-108.555912,"Colorado
(39.062629, -108.555912)"
Derailments,2016:06:UP:0616DV018,0,0,10650,139,0,0,0,MESA,6/30/2016 0:00,11:20,2016,2016,"T319,","UP,",7,"T3,","T,",YARD,Colorado,39.064317,-108.548822,"Colorado
(39.064317, -108.548822)"
Other events,2012:05:BNSF:MT0512104,0,0,28600,0,0,0,0,BLAINE,5/25/2012 0:00,1:45,2012,2012,"H607,H702,","BNSF,",8,"H6,H7,","H,",MAIN,Montana,48.473724,-108.544751,"Montana
(48.473724, -108.544751)"
Derailments,2013:09:UP:0913DV009,0,0,100,16185,0,0,0,MESA,9/22/2013 0:00,2:45,2013,2013,"H702,","UP,",7,"H7,","H,",YARD,Colorado,39.065316,-108.544403,"Colorado
(39.065316, -108.544403)"
Derailments,2011:07:UP:0711DV001,0,0,60255,22724,0,0,0,MESA,7/3/2011 0:00,16:00,2011,2011,"T109,","UP,",1,"T1,","T,",MAIN,Colorado,39.021644,-108.539587,"Colorado
(39.021644, -108.539587)"
Derailments,2016:02:UP:0216DV004,0,0,186866,1085,0,0,0,MESA,2/3/2016 0:00,18:55,2016,2016,"T111,","UP,",7,"T1,","T,",YARD,Colorado,39.067699,-108.534619,"Colorado
(39.067699, -108.534619)"
Derailments,2016:03:UP:0316DV004,0,0,113520,17993,0,0,0,MESA,3/16/2016 0:00,21:30,2016,2016,"T319,","UP,",7,"T3,","T,",YARD,Colorado,39.067911,-108.533729,"Colorado
(39.067911, -108.533729)"
Derailments,2013:02:UP:0213DV014,0,0,132,127214,2,0,0,MESA,2/23/2013 0:00,18:45,2013,2013,"T313,","UP,",1,"T3,","T,",YARD,Colorado,39.06883,-108.528319,"Colorado
(39.06883, -108.528319)"
Derailments,2012:09:UP:0912DV012,0,0,1900,10600,12,1,0,MESA,9/22/2012 0:00,19:05,2012,2012,"H503,","UP,",7,"H5,","H,",YARD,Colorado,39.069473,-108.526583,"Colorado
(39.069473, -108.526583)"
Derailments,2015:06:UP:0615DV010,0,0,307344,445505,0,0,0,MESA,6/13/2015 0:00,15:30,2015,2015,"T220,","UP,",1,"T2,","T,",MAIN,Colorado,39.00111,-108.512583,"Colorado
(39.00111, -108.512583)"
Other impacts,2014:02:MRL:2014026,0,0,0,85000,3,0,0,YELLOWSTONE,2/18/2014 0:00,21:30,2014,2014,"H318,","MRL,",7,"H3,","H,",INDUSTRY,Montana,45.783285,-108.50069,"Montana
(45.783285, -108.50069)"
Other impacts,2014:04:MRL:2014050,0,0,1000,380000,0,0,0,YELLOWSTONE,4/7/2014 0:00,21:30,2014,2014,"H318,H021,H018,","BNSF,MRL,",16,"H3,H0,","H,",MAIN,Montana,45.783285,-108.50069,"Montana
(45.783285, -108.50069)"
Derailments,2011:07:BNSF:MT0711100,0,0,294137,185669,0,0,0,VALLEY,7/5/2011 0:00,15:45,2011,2011,"T109,T001,","BNSF,",1,"T1,T0,","T,",MAIN,Montana,48.459229,-108.486417,"Montana
(48.459229, -108.486417)"
Other impacts,2015:07:MRL:2015098,0,0,0,21000,9,2,0,YELLOWSTONE,7/7/2015 0:00,9:20,2015,2015,"H702,","MRL,",7,"H7,","H,",YARD,Montana,45.810601,-108.434436,"Montana
(45.810601, -108.434436)"
Other impacts,2012:03:BNSF:SW0312107,0,0,0,90847,12,0,0,MCKINLEY,3/21/2012 0:00,12:12,2012,2012,"E33C,","BNSF,",1,"E3,","E,",MAIN,New Mexico,35.496137,-108.402228,"New Mexico
(35.496137, -108.402228)"
Derailments,2015:03:SW:SWW032315D,0,0,11145,0,0,0,0,GRANT,3/23/2015 0:00,16:00,2015,2015,"T001,","SW,",8,"T0,","T,",INDUSTRY,New Mexico,32.643966,-108.367826,"New Mexico
(32.643966, -108.367826)"
Derailments,2012:02:MRL:2012024,0,0,10000,7400,0,0,0,PARK,2/18/2012 0:00,17:35,2012,2012,"H022,","MRL,",5,"H0,","H,",SIDING,Montana,45.45454,-108.323258,"Montana
(45.45454, -108.323258)"
Head on collision,2014:12:SW:20141205,0,0,4000,25000,9,1,0,GRANT,12/5/2014 0:00,3:00,2014,2015,"E09L,","SW,",1,"E0,","E,",SIDING,New Mexico,32.709,-108.3019,"New Mexico
(32.709, -108.3019)"
Fire/violent rupture,2014:04:UP:0414DV006,0,0,0,24803,56,0,0,SWEETWATER,4/11/2014 0:00,14:30,2014,2014,"E73L,","UP,",1,"E7,","E,",MAIN,Wyoming,41.626332,-108.300286,"Wyoming
(41.626332, -108.300286)"
Derailments,2014:09:SW:20140916,0,0,30000,300000,0,0,0,LUNA,9/16/2014 0:00,8:38,2014,2014,"T202,","SW,",1,"T2,","T,",MAIN,New Mexico,32.436389,-108.2661119,"New Mexico
(32.436389, -108.2661119)"
Derailments,2013:07:UP:0713DV012,0,0,144559,955363,0,0,0,DELTA,7/28/2013 0:00,4:00,2013,2013,"T207,T299,","UP,",1,"T2,","T,",MAIN,Colorado,38.741135,-108.200075,"Colorado
(38.741135, -108.200075)"
Derailments,2012:02:UP:0212DV010,0,0,272150,4000,0,0,0,MESA,2/18/2012 0:00,16:45,2012,2012,"E61C,","UP,",1,"E6,","E,",MAIN,Colorado,39.349324,-108.185676,"Colorado
(39.349324, -108.185676)"
Derailments,2013:11:BNSF:PR1113113,0,0,149200,6500,0,0,0,BIG HORN,11/15/2013 0:00,22:50,2013,2014,"E67C,","BNSF,",1,"E6,","E,",MAIN,Wyoming,44.646534,-108.151428,"Wyoming
(44.646534, -108.151428)"
Derailments,2015:06:SW:SWW060115D,0,0,5400,8055,0,0,0,GRANT,6/1/2015 0:00,16:30,2015,2015,"H702,","SW,",7,"H7,","H,",YARD,New Mexico,32.6997,-108.1286,"New Mexico
(32.6997, -108.1286)"
Other events,2015:09:BNSF:PR0915101,0,0,500,70000,0,0,0,YELLOWSTONE,9/8/2015 0:00,24:55:00,2015,2015,"H997,","BNSF,",9,"H9,","H,",MAIN,Montana,45.951704,-108.123883,"Montana
(45.951704, -108.123883)"
Obstruction impact,2015:09:BNSF:PR0915120,0,0,0,72000,0,0,0,YELLOWSTONE,9/8/2015 0:00,15:42,2015,2015,"H402,","BNSF,",NA,"H4,","H,",MAIN,Montana,45.951704,-108.123883,"Montana
(45.951704, -108.123883)"
Derailments,2011:09:BNSF:CO0911107,0,0,2300,8000,0,0,0,BIG HORN,9/16/2011 0:00,1:20,2011,2011,"T102,M101,","BNSF,",7,"T1,M1,","T,M,",YARD,Wyoming,44.502169,-108.060458,"Wyoming
(44.502169, -108.060458)"
Derailments,2013:10:BNSF:PR1013108,0,0,4700,10224,0,0,0,BIG HORN,10/25/2013 0:00,15:30,2013,2014,"H307,H303,","BNSF,",7,"H3,","H,",YARD,Wyoming,44.498046,-108.058535,"Wyoming
(44.498046, -108.058535)"