AccidentType,inckey,Fatalities,Injuries,TrackDamage,EquipmentDamage,HazmatCars,HazmatCarsDerailed,HazmatCarsReleasing,County,DisplayDate,DisplayTime,calendar,Fiscal,AccidentCause,RailroadCodes,RAILEQUIPMENT_TYPE,CauseGroup,CauseDiscipline,TYPE_OF_TRACK,StateName,latitude,longitude,GeoLocation
Derailments,2014:08:BNSF:PR0814119,0,0,31500,0,0,0,0,BIG HORN,8/30/2014 0:00,9:00,2014,2014,"H607,H702,","BNSF,",8,"H6,H7,","H,",YARD,Wyoming,44.489433,-108.056973,"Wyoming
(44.489433, -108.056973)"
Side collision,2014:06:BNSF:PR0614120,0,0,0,16772,0,0,0,BIG HORN,6/24/2014 0:00,8:30,2014,2014,"H318,","BNSF,",17,"H3,","H,",YARD,Wyoming,44.487992,-108.056757,"Wyoming
(44.487992, -108.056757)"
Derailments,2016:02:BNSF:SW0216107,0,0,0,18000,0,0,0,MCKINLEY,2/24/2016 0:00,15:00,2016,2016,"H402,","BNSF,",9,"H4,","H,",MAIN,New Mexico,35.356525,-108.019957,"New Mexico
(35.356525, -108.019957)"
Derailments,2013:02:BNSF:MT0213104,0,0,548901,594239,0,0,0,PHILLIPS,2/13/2013 0:00,9:28,2013,2013,"E61C,","BNSF,",1,"E6,","E,",MAIN,Montana,48.364556,-108.018826,"Montana
(48.364556, -108.018826)"
Derailments,2012:08:BNSF:SW0812103,0,0,202000,2495691,0,0,0,CIBOLA,8/10/2012 0:00,16:45,2012,2012,"T001,","BNSF,",1,"T0,","T,",MAIN,New Mexico,35.349844,-108.010839,"New Mexico
(35.349844, -108.010839)"
Other impacts,2013:12:BNSF:PR1213112,0,0,0,34938,0,0,0,GARFIELD,12/18/2013 0:00,12:30,2013,2014,"H307,","BNSF,",16,"H3,","H,",YARD,Colorado,39.28468,-108.00851,"Colorado
(39.28468, -108.00851)"
Derailments,2014:07:BNSF:PR0714101,0,0,567000,637162,0,0,0,YELLOWSTONE,7/10/2014 0:00,19:24,2014,2014,"T109,","BNSF,",1,"T1,","T,",MAIN,Montana,45.931681,-108.007519,"Montana
(45.931681, -108.007519)"
Highway-rail impact,2013:06:BNSF:PR0613202,0,0,0,20000,0,0,0,BIG HORN,6/25/2013 0:00,16:50,2013,2013,"M302,","BNSF,",1,"M3,","M,",MAIN,Montana,45.884805,-107.972556,"Montana
(45.884805, -107.972556)"
Other events,2011:08:BNSF:SW0811110,0,0,0,9800,0,0,0,CIBOLA,8/16/2011 0:00,13:00,2011,2011,"H997,","BNSF,",9,"H9,","H,",MAIN,New Mexico,35.186033,-107.897495,"New Mexico
(35.186033, -107.897495)"
Derailments,2011:11:XMST:INDUSTRY,0,0,174000,610200,0,0,0,MCKINLEY,11/3/2011 0:00,8:03,2011,2012,"T220,","BNSF,",1,"T2,","T,",MAIN,New Mexico,35.490757,-107.84733,"New Mexico
(35.490757, -107.84733)"
Derailments,2013:03:SW:SW0306,0,0,35000,175000,10,10,7,LUNA,3/6/2013 0:00,15:07,2013,2013,"T110,M204,","SW,",1,"T1,M2,","T,M,",MAIN,New Mexico,32.296659,-107.798178,"New Mexico
(32.296659, -107.798178)"
Other impacts,2015:04:UP:0415ST023,0,0,16500,20000,0,0,0,LUNA,4/18/2015 0:00,13:29,2015,2015,"H997,","UP,",NA,"H9,","H,",YARD,New Mexico,32.278886,-107.70631,"New Mexico
(32.278886, -107.70631)"
Other impacts,2012:03:BNSF:SW0312100,0,1,0,42000,0,0,0,CIBOLA,3/12/2012 0:00,14:15,2012,2012,"H104,H997,","BNSF,",9,"H1,H9,","H,",MAIN,New Mexico,35.064944,-107.665661,"New Mexico
(35.064944, -107.665661)"
Other events,2011:06:BNSF:MT0611105,0,0,42760,0,0,0,0,PHILLIPS,6/10/2011 0:00,19:30,2011,2011,"H220,","BNSF,",1,"H2,","H,",MAIN,Montana,48.393527,-107.602978,"Montana
(48.393527, -107.602978)"
Derailments,2016:06:BNSF:MT0616103,0,0,1000,112318,0,0,0,PHILLIPS,6/18/2016 0:00,20:30,2016,2016,"M105,","BNSF,",1,"M1,","M,",SIDING,Montana,48.398307,-107.57913,"Montana
(48.398307, -107.57913)"
Other events,2013:06:UP:0613ES020,0,0,16500,23628,0,0,0,SWEETWATER,6/29/2013 0:00,13:45,2013,2013,"H402,","UP,",NA,"H4,","H,",MAIN,Wyoming,41.727908,-107.575629,"Wyoming
(41.727908, -107.575629)"
Derailments,2013:01:UP:0113DV013,0,0,56941,212854,0,0,0,SWEETWATER,1/4/2013 0:00,17:05,2013,2013,"E21C,","UP,",1,"E2,","E,",MAIN,Wyoming,41.733084,-107.559624,"Wyoming
(41.733084, -107.559624)"
Derailments,2012:05:UP:0512DV001,0,0,0,11026,0,0,0,DELTA,5/1/2012 0:00,4:59,2012,2012,"E54C,","UP,",1,"E5,","E,",MAIN,Colorado,38.91748,-107.543888,"Colorado
(38.91748, -107.543888)"
Obstruction impact,2012:08:UP:0812DV003,0,0,0,33432,0,0,0,DELTA,8/7/2012 0:00,18:00,2012,2012,"M404,","UP,",1,"M4,","M,",INDUSTRY,Colorado,38.919279,-107.53888,"Colorado
(38.919279, -107.53888)"
Obstruction impact,2014:05:WFA:WFA002,0,0,2500,25272,0,0,0,MCKINLEY,5/29/2014 0:00,13:00,2014,2014,"H702,H305,","WFA,",1,"H7,H3,","H,",SIDING,New Mexico,35.27523,-107.52135,"New Mexico
(35.27523, -107.52135)"
Derailments,2013:10:UP:1013DV010,0,0,73561,26421,0,0,0,DELTA,10/21/2013 0:00,16:45,2013,2014,"T106,","UP,",16,"T1,","T,",MAIN,Colorado,38.926104,-107.520062,"Colorado
(38.926104, -107.520062)"
Derailments,2013:11:SW:110701,0,0,21000,70000,9,0,0,LUNA,11/7/2013 0:00,2:30,2013,2014,"T213,","SW,",1,"T2,","T,",MAIN,New Mexico,32.204329,-107.510839,"New Mexico
(32.204329, -107.510839)"
Derailments,2013:12:BNSF:SW1213111,0,0,22500,2000,0,0,0,CIBOLA,12/27/2013 0:00,4:35,2013,2014,"E53C,","BNSF,",1,"E5,","E,",MAIN,New Mexico,35.146492,-107.500481,"New Mexico
(35.146492, -107.500481)"
Obstruction impact,2012:07:UP:0712DV010,0,0,100,10653,0,0,0,CARBON,7/19/2012 0:00,21:00,2012,2012,"M402,","UP,",1,"M4,","M,",MAIN,Wyoming,41.755737,-107.45818,"Wyoming
(41.755737, -107.45818)"
Derailments,2013:05:SW:SW517,0,0,25000,2400,20,3,0,LUNA,5/17/2013 0:00,11:00,2013,2013,"E99C,M204,","SW,",7,"E9,M2,","E,M,",YARD,New Mexico,32.161793,-107.45349,"New Mexico
(32.161793, -107.45349)"
Derailments,2012:07:BNSF:MT0712100,0,0,92900,131988,3,0,0,PHILLIPS,7/5/2012 0:00,10:30,2012,2012,"T102,","BNSF,",1,"T1,","T,",SIDING,Montana,48.470766,-107.385269,"Montana
(48.470766, -107.385269)"
Highway-rail impact,2015:09:BNSF:PR0915202,0,0,200000,22359,0,0,0,BIG HORN,9/18/2015 0:00,18:45,2015,2015,"M302,","BNSF,",1,"M3,","M,",MAIN,Montana,45.219478,-107.382989,"Montana
(45.219478, -107.382989)"
Derailments,2014:02:BNSF:MT0214107,0,0,20000,40684,0,0,0,PHILLIPS,2/23/2014 0:00,9:40,2014,2014,"T299,","BNSF,",1,"T2,","T,",SIDING,Montana,48.456436,-107.34511,"Montana
(48.456436, -107.34511)"
Obstruction impact,2011:07:BNSF:SW0711103,0,1,0,39800,0,0,0,CIBOLA,7/25/2011 0:00,7:45,2011,2011,"H997,","BNSF,",9,"H9,","H,",MAIN,New Mexico,35.006815,-107.281883,"New Mexico
(35.006815, -107.281883)"
Derailments,2011:06:SOO:226829,0,0,45064,10132,1,1,0,MOUNTRAIL,6/23/2011 0:00,7:30,2011,2011,"T001,","SOO,",1,"T0,","T,",MAIN,North Dakota,47.582919,-107.27552,"North Dakota
(47.582919, -107.27552)"
Other events,2013:05:UP:0513ST018,0,0,13000,0,0,0,0,DONA ANA,5/18/2013 0:00,10:00,2013,2013,"H402,","UP,",NA,"H4,","H,",MAIN,New Mexico,32.21213,-107.266255,"New Mexico
(32.21213, -107.266255)"
Derailments,2013:10:BNSF:SW1013104,0,0,183577,697380,3,0,0,CIBOLA,10/10/2013 0:00,24:25:00,2013,2014,"M105,","BNSF,",1,"M1,","M,",MAIN,New Mexico,34.99226,-107.2556,"New Mexico
(34.99226, -107.2556)"
Highway-rail impact,2013:10:BNSF:MT1013201,0,1,0,20000,41,0,0,TREASURE,10/13/2013 0:00,6:00,2013,2014,"M302,","BNSF,",1,"M3,","M,",MAIN,Montana,46.29498,-107.229094,"Montana
(46.29498, -107.229094)"
Derailments,2011:10:UP:1011DV001,0,0,94142,41128,0,0,0,CARBON,10/1/2011 0:00,16:05,2011,2012,"E41C,","UP,",1,"E4,","E,",MAIN,Wyoming,41.787714,-107.20501,"Wyoming
(41.787714, -107.20501)"
Other events,2012:12:UP:1212DV013,0,0,0,22000,52,0,0,GARFIELD,12/29/2012 0:00,24:30:00,2012,2013,"E66L,","BNSF,UP,",1,"E6,","E,",MAIN,Colorado,39.580854,-107.201423,"Colorado
(39.580854, -107.201423)"
Derailments,2016:07:SW:SWW071316D,0,0,10931,3221,0,0,0,DONA ANA,7/13/2016 0:00,17:30,2016,2016,"T110,","SW,",1,"T1,","T,",YARD,New Mexico,32.6654,-107.1531,"New Mexico
(32.6654, -107.1531)"
Derailments,2012:07:UP:0712DV012,0,0,27314,100,0,0,0,CARBON,7/22/2012 0:00,7:30,2012,2012,"E53C,","UP,",1,"E5,","E,",MAIN,Wyoming,41.778398,-107.10877,"Wyoming
(41.778398, -107.10877)"
Derailments,2013:04:XACL:INDUSTRY,0,0,5000,37839,0,0,0,TREASURE,4/16/2013 0:00,5:10,2013,2013,"T212,","BNSF,",1,"T2,","T,",INDUSTRY,Montana,45.821078,-107.09398,"Montana
(45.821078, -107.09398)"
Obstruction impact,2013:12:XPEG:INDUSTRY,0,0,100,10801,0,0,0,ROUTT,12/15/2013 0:00,9:20,2013,2014,"M504,","UP,",1,"M5,","M,",INDUSTRY,Colorado,40.347383,-107.071512,"Colorado
(40.347383, -107.071512)"
Derailments,2011:12:BNSF:SW1211108,0,0,125000,355480,0,0,0,DONA ANA,12/22/2011 0:00,21:54,2011,2012,"T001,","BNSF,",1,"T0,","T,",YARD,New Mexico,32.671885,-107.064904,"New Mexico
(32.671885, -107.064904)"
Derailments,2016:02:XPEG:INDUSTRY,0,0,0,61192,0,0,0,ROUTT,2/1/2016 0:00,17:44,2016,2016,"M101,","UP,",1,"M1,","M,",INDUSTRY,Colorado,40.354686,-107.058898,"Colorado
(40.354686, -107.058898)"
Derailments,2012:11:BNSF:SW1112106,0,0,145000,551152,6,1,0,DONA ANA,11/27/2012 0:00,21:20,2012,2013,"T207,","BNSF,",1,"T2,","T,",MAIN,New Mexico,32.698851,-107.037555,"New Mexico
(32.698851, -107.037555)"
Derailments,2013:03:BNSF:SW0313106,0,0,270222,5200,0,0,0,DONA ANA,3/16/2013 0:00,15:00,2013,2013,"E61C,","BNSF,",1,"E6,","E,",MAIN,New Mexico,32.633905,-107.018444,"New Mexico
(32.633905, -107.018444)"
Fire/violent rupture,2015:04:UP:0415ST019,0,0,0,39456,0,0,0,DONA ANA,4/17/2015 0:00,6:42,2015,2015,"M406,","UP,",1,"M4,","M,",MAIN,New Mexico,32.091586,-106.981903,"New Mexico
(32.091586, -106.981903)"
Derailments,2012:10:BNSF:PR1012105,0,0,69826,28000,0,0,0,SHERIDAN,10/13/2012 0:00,14:00,2012,2013,"M204,","BNSF,",1,"M2,","M,",YARD,Wyoming,44.81764,-106.9527,"Wyoming
(44.81764, -106.9527)"
Fire/violent rupture,2015:06:UP:0615DV020,0,0,0,33893,0,0,0,ROUTT,6/12/2015 0:00,24:02:00,2015,2015,"E79L,","UP,",1,"E7,","E,",MAIN,Colorado,40.49278,-106.951393,"Colorado
(40.49278, -106.951393)"
Derailments,2014:07:UP:0714DV003,0,0,57294,4109,0,0,0,ROUTT,7/1/2014 0:00,16:00,2014,2014,"T099,","UP,",1,"T0,","T,",YARD,Colorado,40.232347,-106.942509,"Colorado
(40.232347, -106.942509)"
Derailments,2013:10:BNSF:SW1013107,0,0,953679,2257304,23,0,0,SOCORRO,10/19/2013 0:00,4:20,2013,2014,"T201,","BNSF,",1,"T2,","T,",MAIN,New Mexico,33.785339,-106.903862,"New Mexico
(33.785339, -106.903862)"
Derailments,2013:06:BNSF:SW0613108,0,0,485630,3000,5,0,0,SOCORRO,6/22/2013 0:00,2:30,2013,2013,"M201,","BNSF,",1,"M2,","M,",MAIN,New Mexico,34.367942,-106.857886,"New Mexico
(34.367942, -106.857886)"
Fire/violent rupture,2015:01:UP:0115DV016,0,0,0,11829,3,0,0,CARBON,1/16/2015 0:00,19:00,2015,2015,"E74L,","UP,",1,"E7,","E,",MAIN,Wyoming,41.761067,-106.842533,"Wyoming
(41.761067, -106.842533)"
Derailments,2015:06:BNSF:PR0615102,0,0,538485,137130,0,0,0,SHERIDAN,6/7/2015 0:00,7:40,2015,2015,"T001,T101,","BNSF,",51,"T0,T1,T0,T1,","T,",MAIN,Wyoming,44.836861,-106.829443,"Wyoming
(44.836861, -106.829443)"
Derailments,2015:05:BNSF:PR0515113,0,0,579798,424587,0,0,0,BIG HORN,5/22/2015 0:00,13:35,2015,2015,"T101,","BNSF,",16,"T1,","T,",MAIN,Montana,45.028897,-106.818955,"Montana
(45.028897, -106.818955)"
Derailments,2014:10:UP:1014DV016,0,0,23216,3979,0,0,0,CARBON,10/17/2014 0:00,15:00,2014,2015,"E61C,","UP,",1,"E6,","E,",MAIN,Wyoming,41.775507,-106.815669,"Wyoming
(41.775507, -106.815669)"
Derailments,2011:09:BNSF:SW0911110,0,0,31000,76439,0,0,0,VALENCIA,9/26/2011 0:00,18:30,2011,2011,"E06C,","BNSF,",1,"E0,","E,",MAIN,New Mexico,34.732658,-106.809836,"New Mexico
(34.732658, -106.809836)"
Side collision,2013:08:BNSF:SW0813106,0,0,5000,103958,2,1,0,VALENCIA,8/21/2013 0:00,17:45,2013,2013,"H306,","BNSF,",7,"H3,","H,",YARD,New Mexico,34.6656,-106.7761,"New Mexico
(34.6656, -106.7761)"
Derailments,2013:12:BNSF:SW1213106,0,0,4000,15900,0,0,0,VALENCIA,12/7/2013 0:00,12:59,2013,2014,"T309,","BNSF,",1,"T3,","T,",YARD,New Mexico,34.633649,-106.773099,"New Mexico
(34.633649, -106.773099)"
Derailments,2013:04:BNSF:SW0413106,0,0,20000,11700,0,0,0,VALENCIA,4/23/2013 0:00,6:10,2013,2013,"H607,H702,","BNSF,",1,"H6,H7,","H,",YARD,New Mexico,34.632864,-106.772658,"New Mexico
(34.632864, -106.772658)"
Side collision,2014:04:BNSF:SW0414109,0,0,4000,117190,2,0,0,VALENCIA,4/24/2014 0:00,18:55,2014,2014,"H702,","BNSF,",17,"H7,","H,",YARD,New Mexico,34.635753,-106.771857,"New Mexico
(34.635753, -106.771857)"
Derailments,2014:08:BNSF:SW0814108,0,0,3000,14952,2,0,0,VALENCIA,8/18/2014 0:00,15:22,2014,2014,"H318,H312,","BNSF,",7,"H3,","H,",YARD,New Mexico,34.62979,-106.771493,"New Mexico
(34.62979, -106.771493)"
Other impacts,2014:06:BNSF:SW0614103,0,0,0,23050,1,1,0,VALENCIA,6/1/2014 0:00,22:45,2014,2014,"H020,H318,","BNSF,",67,"H0,H3,H0,H3,","H,",YARD,New Mexico,34.641123,-106.769441,"New Mexico
(34.641123, -106.769441)"
Derailments,2012:07:BNSF:SW0712103,0,0,57971,200,0,0,0,DONA ANA,7/4/2012 0:00,2:55,2012,2012,"T319,","BNSF,",7,"T3,","T,",MAIN,New Mexico,32.276908,-106.767876,"New Mexico
(32.276908, -106.767876)"
Other impacts,2011:08:BNSF:SW0811100,0,0,250,54707,0,0,0,VALENCIA,8/8/2011 0:00,1:10,2011,2011,"H306,","BNSF,",7,"H3,","H,",YARD,New Mexico,34.652589,-106.76703,"New Mexico
(34.652589, -106.76703)"
Obstruction impact,2016:03:BNSF:SW0316108,0,0,135000,250,0,0,0,VALENCIA,3/30/2016 0:00,21:00,2016,2016,"H305,","BNSF,",7,"H3,","H,",YARD,New Mexico,34.655457,-106.76702,"New Mexico
(34.655457, -106.76702)"
Derailments,2012:07:BNSF:SW0712110,0,0,14000,5600,6,0,0,VALENCIA,7/25/2012 0:00,13:10,2012,2012,"T311,","BNSF,",1,"T3,","T,",YARD,New Mexico,34.652393,-106.766847,"New Mexico
(34.652393, -106.766847)"
Derailments,2012:09:BNSF:SW0912102,0,0,27900,4250,0,0,0,VALENCIA,9/11/2012 0:00,2:50,2012,2012,"H607,H702,","BNSF,",7,"H6,H7,","H,",YARD,New Mexico,34.652393,-106.766847,"New Mexico
(34.652393, -106.766847)"
Side collision,2013:05:BNSF:SW0513108,0,0,0,23150,27,1,0,VALENCIA,5/27/2013 0:00,5:15,2013,2013,"H020,","BNSF,",76,"H0,","H,",YARD,New Mexico,34.652393,-106.766847,"New Mexico
(34.652393, -106.766847)"
Derailments,2013:05:BNSF:SW0513111,0,0,15456,8400,0,0,0,VALENCIA,5/26/2013 0:00,10:03,2013,2013,"H702,","BNSF,",1,"H7,","H,",MAIN,New Mexico,34.652393,-106.766847,"New Mexico
(34.652393, -106.766847)"
Derailments,2014:06:BNSF:SW0614100,0,0,15000,13750,0,0,0,VALENCIA,6/6/2014 0:00,17:00,2014,2014,"H607,H702,","BNSF,",7,"H6,H7,","H,",YARD,New Mexico,34.652393,-106.766847,"New Mexico
(34.652393, -106.766847)"
Other impacts,2012:03:BNSF:SW0312113,0,0,0,75500,18,2,0,VALENCIA,3/30/2012 0:00,24:12:00,2012,2012,"H602,","BNSF,",7,"H6,","H,",YARD,New Mexico,34.663307,-106.766786,"New Mexico
(34.663307, -106.766786)"
Derailments,2012:03:BNSF:SW0312111,0,0,25400,6000,4,4,0,VALENCIA,3/15/2012 0:00,17:35,2012,2012,"H312,","BNSF,",7,"H3,","H,",YARD,New Mexico,34.662887,-106.766779,"New Mexico
(34.662887, -106.766779)"
Derailments,2013:05:BNSF:SW0513113,0,0,0,13784,0,0,0,VALENCIA,5/21/2013 0:00,7:25,2013,2013,"H318,","BNSF,",7,"H3,","H,",YARD,New Mexico,34.662466,-106.766696,"New Mexico
(34.662466, -106.766696)"
Side collision,2014:07:BNSF:SW0714108,0,0,2000,29468,0,0,0,VALENCIA,7/11/2014 0:00,17:36,2014,2014,"H318,H021,","BNSF,",7,"H3,H0,","H,",YARD,New Mexico,34.658127,-106.766383,"New Mexico
(34.658127, -106.766383)"
Derailments,2012:04:BNSF:SW0412100,0,0,5000,15000,1,0,0,VALENCIA,4/1/2012 0:00,13:54,2012,2012,"H702,","BNSF,",1,"H7,","H,",YARD,New Mexico,34.630645,-106.763872,"New Mexico
(34.630645, -106.763872)"
Derailments,2015:12:ITSL:ITSL1510,0,0,30000,0,0,0,0,DONA ANA,12/11/2015 0:00,19:20,2015,2016,"H702,H303,","ITSL,",7,"H7,H3,","H,",YARD,New Mexico,31.891016,-106.730635,"New Mexico
(31.891016, -106.730635)"
Derailments,2015:12:UP:1215ST006,0,0,32369,500,0,0,0,DONA ANA,12/11/2015 0:00,19:20,2015,2016,"H995,H702,","UP,",7,"H9,H7,","H,",YARD,New Mexico,31.891016,-106.730635,"New Mexico
(31.891016, -106.730635)"
Fire/violent rupture,2014:11:UP:1114ST010,0,0,0,14588,0,0,0,DONA ANA,11/17/2014 0:00,13:21,2014,2015,"M406,","UP,",1,"M4,","M,",YARD,New Mexico,31.88455,-106.72253,"New Mexico
(31.88455, -106.72253)"
Fire/violent rupture,2014:08:UP:0814DV005,0,0,0,41834,0,0,0,EAGLE,8/1/2014 0:00,16:33,2014,2014,"E74L,","UP,",1,"E7,","E,",MAIN,Colorado,39.893041,-106.706144,"Colorado
(39.893041, -106.706144)"
Derailments,2014:09:UP:0914DV019,0,0,1247686,1759731,0,0,0,CARBON,9/21/2014 0:00,2:30,2014,2014,"E61C,","UP,",1,"E6,","E,",MAIN,Wyoming,41.83785,-106.686662,"Wyoming
(41.83785, -106.686662)"
Highway-rail impact,2013:08:NMRX:08132013A,0,2,200,36806,0,0,0,BERNALILLO,8/14/2013 0:00,11:05,2013,2013,"M302,","ATK,NMRX,",2,"M3,","M,",MAIN,New Mexico,35.01507,-106.66025,"New Mexico
(35.01507, -106.66025)"
Derailments,2015:09:BNSF:SW0915109,0,0,5000,28100,8,0,0,BERNALILLO,9/27/2015 0:00,16:44,2015,2015,"H525,","BNSF,",7,"H5,","H,",YARD,New Mexico,35.059983,-106.65179,"New Mexico
(35.059983, -106.65179)"
Derailments,2012:04:BNSF:SW0412108,0,0,12700,7150,3,0,0,BERNALILLO,4/23/2012 0:00,20:30,2012,2012,"T111,","BNSF,",7,"T1,","T,",YARD,New Mexico,35.061378,-106.651335,"New Mexico
(35.061378, -106.651335)"
Other events,2012:11:NMRX:11182012,0,0,0,50000,0,0,0,BERNALILLO,11/18/2012 0:00,22:30,2012,2013,"M406,","NMRX,",NA,"M4,","M,",MAIN,New Mexico,35.067448,-106.65037,"New Mexico
(35.067448, -106.65037)"
Side collision,2012:11:BNSF:SW1112100,0,0,0,9997,0,0,0,BERNALILLO,11/5/2012 0:00,17:30,2012,2013,"H307,","BNSF,",8,"H3,","H,",YARD,New Mexico,35.06713,-106.650281,"New Mexico
(35.06713, -106.650281)"
Other impacts,2012:01:BNSF:SW0112107,0,0,2500,10950,1,1,0,BERNALILLO,1/26/2012 0:00,6:45,2012,2012,"H306,","BNSF,",7,"H3,","H,",YARD,New Mexico,35.078828,-106.648012,"New Mexico
(35.078828, -106.648012)"
Derailments,2011:09:BNSF:SW0911108,0,0,17500,12275,0,0,0,BERNALILLO,9/18/2011 0:00,15:00,2011,2011,"E49C,","BNSF,",7,"E4,","E,",YARD,New Mexico,35.0818,-106.647482,"New Mexico
(35.0818, -106.647482)"
Derailments,2015:01:NMRX:1062015,0,0,148,36406,0,0,0,BERNALILLO,1/6/2015 0:00,22:52,2015,2015,"M503,","NMRX,",3,"M5,","M,",YARD,New Mexico,35.085808,-106.646913,"New Mexico
(35.085808, -106.646913)"
Other events,2014:08:BNSF:MT0814110,0,0,24453,0,0,0,0,VALLEY,8/18/2014 0:00,6:50,2014,2014,"H221,H702,","BNSF,",1,"H2,H7,","H,",MAIN,Montana,48.195111,-106.635796,"Montana
(48.195111, -106.635796)"
Derailments,2012:08:XPBS:INDUSTRY,0,0,200,89943,0,0,0,BERNALILLO,8/21/2012 0:00,19:45,2012,2012,"H018,T205,","BNSF,",6,"H0,T2,","H,T,",INDUSTRY,New Mexico,35.103374,-106.634924,"New Mexico
(35.103374, -106.634924)"
Highway-rail impact,2013:06:BNSF:PR0613200,0,1,12660,0,0,0,0,SHERIDAN,6/24/2013 0:00,7:20,2013,2013,"M302,","BNSF,",1,"M3,","M,",YARD,Wyoming,44.4841,-106.57156,"Wyoming
(44.4841, -106.57156)"
Derailments,2011:11:UP:1111DV019,0,0,590862,227722,0,0,0,CARBON,11/30/2011 0:00,21:15,2011,2012,"E33C,","UP,",1,"E3,","E,",MAIN,Wyoming,41.868268,-106.562342,"Wyoming
(41.868268, -106.562342)"
Derailments,2011:12:BNSF:PR1211106,0,0,35201,3000,0,0,0,SHERIDAN,12/19/2011 0:00,23:05,2011,2012,"E61C,","BNSF,",1,"E6,","E,",MAIN,Wyoming,44.647054,-106.555444,"Wyoming
(44.647054, -106.555444)"
Derailments,2013:11:BNSF:SW1113109,0,0,5000,1106778,1,1,0,TORRANCE,11/22/2013 0:00,10:55,2013,2014,"M105,","BNSF,",1,"M1,","M,",MAIN,New Mexico,34.465152,-106.509634,"New Mexico
(34.465152, -106.509634)"
Derailments,2015:11:BNSF:SW1115104,0,0,5000,450000,0,0,0,TORRANCE,11/27/2015 0:00,10:15,2015,2016,"M105,","BNSF,",1,"M1,","M,",MAIN,New Mexico,34.450268,-106.501891,"New Mexico
(34.450268, -106.501891)"
Highway-rail impact,2014:01:BNSF:PR0114202,1,0,286238,5582,0,0,0,SHERIDAN,1/8/2014 0:00,19:00,2014,2014,"M302,","BNSF,",1,"M3,","M,",MAIN,Wyoming,44.50202,-106.49752,"Wyoming
(44.50202, -106.49752)"
Other impacts,2016:01:NMRX:01242016,0,0,0,57000,0,0,0,SANDOVAL,1/24/2016 0:00,6:30,2016,2016,"M599,","NMRX,",NA,"M5,","M,",MAIN,New Mexico,35.370815,-106.495231,"New Mexico
(35.370815, -106.495231)"
Derailments,2012:06:BNSF:SW0612103,0,0,150000,66904,22,0,0,EL PASO,6/8/2012 0:00,4:30,2012,2012,"T303,","BNSF,",165,"T3,","T,",YARD,Texas,31.753984,-106.494212,"Texas
(31.753984, -106.494212)"
Other impacts,2013:09:BNSF:SW0913108,0,0,0,12500,0,0,0,EL PASO,9/28/2013 0:00,13:50,2013,2013,"H307,H702,","BNSF,",67,"H3,H7,H3,H7,","H,",YARD,Texas,31.753,-106.492,"Texas
(31.753, -106.492)"
Derailments,2012:09:BNSF:SW0912105,0,0,9000,4500,0,0,0,EL PASO,9/21/2012 0:00,11:35,2012,2012,"S011,","BNSF,",1,"S0,","S,",YARD,Texas,31.749482,-106.489401,"Texas
(31.749482, -106.489401)"
Derailments,2012:07:UP:0712ST005,0,0,4616,10092,0,0,0,EL PASO,7/12/2012 0:00,1:00,2012,2012,"T202,","UP,",7,"T2,","T,",YARD,Texas,31.748957,-106.48255,"Texas
(31.748957, -106.48255)"
Derailments,2012:09:UP:0912ST017,0,0,3581,8191,0,0,0,EL PASO,9/25/2012 0:00,20:20,2012,2012,"M405,","UP,",1,"M4,","M,",YARD,Texas,31.76731,-106.482443,"Texas
(31.76731, -106.482443)"
Side collision,2013:03:UP:0313ST015,0,0,2600,120901,0,0,0,EL PASO,3/23/2013 0:00,11:45,2013,2013,"S012,H307,","UP,",76,"S0,H3,S0,H3,","S,H,S,H,",YARD,Texas,31.749341,-106.475541,"Texas
(31.749341, -106.475541)"
Derailments,2014:11:UP:1114DV016,0,0,721446,5942,8,1,0,GRAND,11/22/2014 0:00,23:30,2014,2015,"M101,","UP,",1,"M1,","M,",MAIN,Colorado,40.017311,-106.474781,"Colorado
(40.017311, -106.474781)"
Derailments,2012:05:UP:0512ST005,0,0,21790,1691,7,2,0,EL PASO,5/13/2012 0:00,15:45,2012,2012,"T207,","UP,",7,"T2,","T,",YARD,Texas,31.750756,-106.47449,"Texas
(31.750756, -106.47449)"
Derailments,2013:10:UP:1013ST007,0,0,9450,133516,44,0,0,EL PASO,10/18/2013 0:00,20:21,2013,2014,"H599,","UP,",1,"H5,","H,",MAIN,Texas,31.773687,-106.471855,"Texas
(31.773687, -106.471855)"
Derailments,2014:07:UP:0714ST014,0,0,30298,34291,3,0,0,EL PASO,7/18/2014 0:00,14:20,2014,2014,"T103,","UP,",7,"T1,","T,",YARD,Texas,31.757096,-106.469998,"Texas
(31.757096, -106.469998)"
Derailments,2011:09:UP:0911ST001,0,0,30199,10504,52,0,0,EL PASO,9/2/2011 0:00,8:30,2011,2011,"M405,","UP,",1,"M4,","M,",MAIN,Texas,31.773789,-106.469193,"Texas
(31.773789, -106.469193)"
Derailments,2013:05:UP:0513ST002,0,0,100,15672,0,0,0,EL PASO,5/3/2013 0:00,9:40,2013,2013,"H401,","UP,",1,"H4,","H,",MAIN,Texas,31.772642,-106.469146,"Texas
(31.772642, -106.469146)"