AccidentType,inckey,Fatalities,Injuries,TrackDamage,EquipmentDamage,HazmatCars,HazmatCarsDerailed,HazmatCarsReleasing,County,DisplayDate,DisplayTime,calendar,Fiscal,AccidentCause,RailroadCodes,RAILEQUIPMENT_TYPE,CauseGroup,CauseDiscipline,TYPE_OF_TRACK,StateName,latitude,longitude,GeoLocation
Derailments,2014:04:UP:0414ST004,0,0,6747,11938,2,0,0,EL PASO,4/11/2014 0:00,12:46,2014,2014,"M204,","UP,",1,"M2,","M,",YARD,Texas,31.756548,-106.392744,"Texas
(31.756548, -106.392744)"
Other impacts,2012:06:UP:0612ST015,0,0,0,13406,2,0,0,EL PASO,6/22/2012 0:00,11:00,2012,2012,"H306,","UP,",7,"H3,","H,",YARD,Texas,31.755519,-106.390733,"Texas
(31.755519, -106.390733)"
Derailments,2013:09:UP:0913ST014,0,0,2800,22566,0,0,0,EL PASO,9/23/2013 0:00,19:40,2013,2013,"T220,","UP,",7,"T2,","T,",YARD,Texas,31.752509,-106.387756,"Texas
(31.752509, -106.387756)"
Other impacts,2014:05:UP:0514ST012,0,0,700,37564,2,2,0,EL PASO,5/24/2014 0:00,19:25,2014,2014,"H307,","UP,",7,"H3,","H,",YARD,Texas,31.752509,-106.387756,"Texas
(31.752509, -106.387756)"
Derailments,2015:01:UP:0115ST006,0,0,56330,278,0,0,0,EL PASO,1/14/2015 0:00,5:00,2015,2015,"T314,","UP,",1,"T3,","T,",YARD,Texas,31.752846,-106.38734,"Texas
(31.752846, -106.38734)"
Other impacts,2012:06:UP:0612ST024,0,0,792,11245,0,0,0,EL PASO,6/28/2012 0:00,11:00,2012,2012,"H310,","UP,",75,"H3,","H,",YARD,Texas,31.750679,-106.383645,"Texas
(31.750679, -106.383645)"
Side collision,2016:02:UP:0216ST007,0,0,99,67660,21,8,0,EL PASO,2/15/2016 0:00,17:31,2016,2016,"H306,","UP,",7,"H3,","H,",YARD,Texas,31.747857,-106.381681,"Texas
(31.747857, -106.381681)"
Derailments,2013:04:BNSF:PR0413105,0,0,750,12657,0,0,0,NATRONA,4/12/2013 0:00,21:30,2013,2013,"H307,H303,","BNSF,",7,"H3,","H,",INDUSTRY,Wyoming,42.859409,-106.378,"Wyoming
(42.859409, -106.378)"
Derailments,2014:08:UP:0814ST019,0,0,550000,592208,16,9,0,EL PASO,8/21/2014 0:00,22:15,2014,2014,"H704,","UP,",7,"H7,","H,",YARD,Texas,31.742139,-106.37556,"Texas
(31.742139, -106.37556)"
Derailments,2015:05:BHBZ:INDUSTRY,0,0,0,21181,0,0,0,NATRONA,5/1/2015 0:00,22:00,2015,2015,"T111,","BNSF,",7,"T1,","T,",INDUSTRY,Wyoming,42.852355,-106.374722,"Wyoming
(42.852355, -106.374722)"
Highway-rail impact,2012:05:UP:0512ST009,0,1,15000,5000,0,0,0,EL PASO,5/22/2012 0:00,24:38:00,2012,2012,"M305,M399,","ATK,UP,",2,"M3,","M,",MAIN,Texas,31.705081,-106.332088,"Texas
(31.705081, -106.332088)"
Other impacts,2013:03:BNSF:PR0313110,0,0,0,10205,2,2,0,NATRONA,3/22/2013 0:00,3:50,2013,2013,"H318,","BNSF,",57,"H3,","H,",YARD,Wyoming,42.85389,-106.326074,"Wyoming
(42.85389, -106.326074)"
Rear end collision,2016:04:NMRX:01042016,0,0,0,59442,0,0,0,SANDOVAL,4/1/2016 0:00,4:30,2016,2016,"M599,","NMRX,",NA,"M5,","M,",MAIN,New Mexico,35.511364,-106.325735,"New Mexico
(35.511364, -106.325735)"
Highway-rail impact,2014:07:UP:0714ST008,0,1,0,20244,0,0,0,OTERO,7/13/2014 0:00,15:15,2014,2014,"M302,","UP,",1,"M3,","M,",MAIN,New Mexico,32.13594,-106.237782,"New Mexico
(32.13594, -106.237782)"
Derailments,2012:07:BNSF:MT0712106,0,0,192724,1355499,13,8,1,VALLEY,7/17/2012 0:00,15:35,2012,2012,"T109,","BNSF,",1,"T1,","T,",MAIN,Montana,48.075873,-106.190452,"Montana
(48.075873, -106.190452)"
Derailments,2011:11:BNSF:MT1111109,0,0,351285,1052600,1,1,0,VALLEY,11/19/2011 0:00,22:10,2011,2012,"T207,","BNSF,",1,"T2,","T,",MAIN,Montana,48.071938,-106.134431,"Montana
(48.071938, -106.134431)"
Obstruction impact,2011:10:UP:1011DV003,0,1,0,22735,0,0,0,CARBON,10/6/2011 0:00,2:07,2011,2012,"M206,","UP,",1,"M2,","M,",MAIN,Wyoming,41.8621,-106.109574,"Wyoming
(41.8621, -106.109574)"
Fire/violent rupture,2014:06:UP:0614ST015,0,0,0,82290,0,0,0,OTERO,6/20/2014 0:00,21:23,2014,2014,"M406,","UP,",1,"M4,","M,",INDUSTRY,New Mexico,32.361701,-106.092536,"New Mexico
(32.361701, -106.092536)"
Other events,2012:02:BNSF:SW0212110,0,0,13993,0,0,0,0,TORRANCE,2/8/2012 0:00,16:30,2012,2012,"H997,","BNSF,",NA,"H9,","H,",MAIN,New Mexico,34.577717,-106.091871,"New Mexico
(34.577717, -106.091871)"
Fire/violent rupture,2015:03:UP:0315ST003,0,0,0,126091,0,0,0,OTERO,3/2/2015 0:00,24:54:00,2015,2015,"M406,","UP,",1,"M4,","M,",MAIN,New Mexico,33.321658,-106.074962,"New Mexico
(33.321658, -106.074962)"
Obstruction impact,2012:08:UP:0812ST011,0,1,0,10000,0,0,0,EL PASO,8/23/2012 0:00,19:37,2012,2012,"M404,","UP,",9,"M4,","M,",MAIN,Texas,31.420889,-106.032467,"Texas
(31.420889, -106.032467)"
Derailments,2016:04:SLRG:SL160429A,0,0,79205,1500,0,0,0,RIO GRANDE,4/29/2016 0:00,15:39,2016,2016,"T221,","SLRG,",1,"T2,","T,",MAIN,Colorado,37.532035,-106.029106,"Colorado
(37.532035, -106.029106)"
Other events,2015:11:BNSF:PR1115113,0,0,31700,9413,0,0,0,SHERIDAN,11/28/2015 0:00,3:24,2015,2016,"E36C,","BNSF,",1,"E3,","E,",MAIN,Wyoming,44.577248,-106.014603,"Wyoming
(44.577248, -106.014603)"
Obstruction impact,2013:05:UP:0513ST010,0,0,55500,10742,0,0,0,OTERO,5/11/2013 0:00,16:30,2013,2013,"M402,","UP,",1,"M4,","M,",MAIN,New Mexico,32.853154,-105.968737,"New Mexico
(32.853154, -105.968737)"
Derailments,2014:11:UP:1114DV020,0,0,83580,80087,0,0,0,GRAND,11/26/2014 0:00,10:00,2014,2015,"H303,","UP,",1,"H3,","H,",SIDING,Colorado,40.084471,-105.940041,"Colorado
(40.084471, -105.940041)"
Derailments,2012:06:UP:0612ST001,0,0,416585,164888,0,0,0,HUDSPETH,6/2/2012 0:00,24:44:00,2012,2012,"M410,","UP,",1,"M4,","M,",MAIN,Texas,31.363896,-105.918165,"Texas
(31.363896, -105.918165)"
Derailments,2012:12:ZTRP:INDUSTRY,0,0,750,14485,0,0,0,CUSTER,12/9/2012 0:00,24:35:00,2012,2013,"H307,H702,","BNSF,",1,"H3,H7,","H,",INDUSTRY,Montana,46.402605,-105.848958,"Montana
(46.402605, -105.848958)"
Other impacts,2011:11:BNSF:MT1111104,0,0,0,11286,30,0,0,CUSTER,11/4/2011 0:00,8:00,2011,2012,"H307,H302,","BNSF,",16,"H3,","H,",MAIN,Montana,46.409448,-105.840198,"Montana
(46.409448, -105.840198)"
Derailments,2012:03:BNSF:SW0312101,0,0,170497,8000,4,0,0,TORRANCE,3/15/2012 0:00,6:45,2012,2012,"E45C,","BNSF,",1,"E4,","E,",MAIN,New Mexico,34.657722,-105.824843,"New Mexico
(34.657722, -105.824843)"
Derailments,2011:07:UP:0711ST018,0,0,10252,2220,0,0,0,LINCOLN,7/31/2011 0:00,16:20,2011,2011,"M103,","UP,",1,"M1,","M,",MAIN,New Mexico,33.888714,-105.811089,"New Mexico
(33.888714, -105.811089)"
Derailments,2012:03:BNSF:MT0312109,0,0,58920,2000,0,0,0,CUSTER,3/31/2012 0:00,6:00,2012,2012,"E60C,","BNSF,",1,"E6,","E,",SIDING,Montana,46.499539,-105.732299,"Montana
(46.499539, -105.732299)"
Fire/violent rupture,2015:07:UP:0715ST015,0,0,0,17222,0,0,0,LINCOLN,7/29/2015 0:00,19:47,2015,2015,"E74L,","UP,",1,"E7,","E,",MAIN,New Mexico,34.182067,-105.640289,"New Mexico
(34.182067, -105.640289)"
Other events,2013:04:BNSF:MT0413106,0,0,30185,0,0,0,0,ROOSEVELT,4/16/2013 0:00,10:08,2013,2013,"H307,H702,","BNSF,",1,"H3,H7,","H,",MAIN,Montana,48.108346,-105.529119,"Montana
(48.108346, -105.529119)"
Other impacts,2013:07:BNSF:PR0713101,0,0,0,23300,1,1,0,CAMPBELL,7/1/2013 0:00,8:00,2013,2013,"H302,H307,","BNSF,",1,"H3,","H,",YARD,Wyoming,44.296068,-105.516047,"Wyoming
(44.296068, -105.516047)"
Derailments,2013:04:UP:0413ST006,0,0,21898,6648,0,0,0,TORRANCE,4/11/2013 0:00,24:00:00,2013,2013,"E53C,","UP,",1,"E5,","E,",MAIN,New Mexico,34.418214,-105.456053,"New Mexico
(34.418214, -105.456053)"
Side collision,2014:06:BNSF:MT0614102,0,0,0,20319,0,0,0,PRAIRIE,6/17/2014 0:00,23:58,2014,2014,"M105,","BNSF,",1,"M1,","M,",MAIN,Montana,46.711168,-105.449407,"Montana
(46.711168, -105.449407)"
Other events,2012:11:XEBU:INDUSTRY,0,0,0,11337,0,0,0,CAMPBELL,11/7/2012 0:00,7:35,2012,2013,"H311,","BNSF,",1,"H3,","H,",INDUSTRY,Wyoming,44.382929,-105.447768,"Wyoming
(44.382929, -105.447768)"
Derailments,2011:11:XRCR:INDUSTRY,0,0,19,10463,0,0,0,HUDSPETH,11/3/2011 0:00,9:30,2011,2012,"H306,","UP,",4,"H3,","H,",INDUSTRY,Texas,31.191686,-105.423459,"Texas
(31.191686, -105.423459)"
Derailments,2013:09:UP:0913DV004,0,0,2574,19421,0,0,0,GILPIN,9/11/2013 0:00,20:30,2013,2013,"M101,M103,","UP,",1,"M1,","M,",MAIN,Colorado,39.933584,-105.400622,"Colorado
(39.933584, -105.400622)"
Derailments,2013:04:UP:0413DV006,0,0,3980,19261,0,0,0,GILPIN,4/10/2013 0:00,22:28,2013,2013,"T111,","UP,",8,"T1,","T,",MAIN,Colorado,39.933273,-105.398688,"Colorado
(39.933273, -105.398688)"
Highway-rail impact,2012:12:UP:1212ST009,0,2,121485,283253,0,0,0,TORRANCE,12/19/2012 0:00,13:19,2012,2013,"M304,","UP,",1,"M3,","M,",MAIN,New Mexico,34.468828,-105.395187,"New Mexico
(34.468828, -105.395187)"
Side collision,2015:07:ANAQ:INDUSTRY,0,0,0,49575,3,3,0,CAMPBELL,7/27/2015 0:00,20:50,2015,2015,"H307,","BNSF,",51,"H3,","H,",INDUSTRY,Wyoming,43.842146,-105.363762,"Wyoming
(43.842146, -105.363762)"
Other impacts,2011:06:BNSF:PR0611108,0,0,45000,0,0,0,0,CONVERSE,6/14/2011 0:00,16:45,2011,2011,"H997,","BNSF,",9,"H9,","H,",MAIN,Wyoming,43.632799,-105.362,"Wyoming
(43.632799, -105.362)"
Derailments,2012:03:BTMZ:INDUSTRY,0,0,0,27500,0,0,0,CAMPBELL,3/3/2012 0:00,8:00,2012,2012,"M101,","BNSF,",1,"M1,","M,",INDUSTRY,Wyoming,43.771842,-105.361461,"Wyoming
(43.771842, -105.361461)"
Other impacts,2013:04:BNSF:PR0413101,0,0,0,67924,0,0,0,CAMPBELL,4/5/2013 0:00,4:00,2013,2013,"H307,","BNSF,",1,"H3,","H,",MAIN,Wyoming,43.809466,-105.361374,"Wyoming
(43.809466, -105.361374)"
Obstruction impact,2014:04:BTMZ:INDUSTRY,0,0,0,12000,0,0,0,CAMPBELL,4/4/2014 0:00,1:30,2014,2014,"H307,","BNSF,",19,"H3,","H,",INDUSTRY,Wyoming,43.73343,-105.36127,"Wyoming
(43.73343, -105.36127)"
Fire/violent rupture,2012:06:BNSF:PR0612108,0,0,0,22551,0,0,0,CAMPBELL,6/6/2012 0:00,2:46,2012,2012,"E74L,","BNSF,UP,",1,"E7,","E,",MAIN,Wyoming,43.71557,-105.361217,"Wyoming
(43.71557, -105.361217)"
Derailments,2013:08:BNSF:PR0813105,0,0,0,127562,0,0,0,CAMPBELL,8/11/2013 0:00,12:45,2013,2013,"E86C,","BNSF,",1,"E8,","E,",YARD,Wyoming,43.728553,-105.361189,"Wyoming
(43.728553, -105.361189)"
Derailments,2016:01:BNSF:PR0116100,0,0,157232,43127,0,0,0,CAMPBELL,1/2/2016 0:00,18:00,2016,2016,"H307,H705,","BNSF,UP,",1,"H3,H7,H3,H7,","H,",MAIN,Wyoming,43.728553,-105.361189,"Wyoming
(43.728553, -105.361189)"
Derailments,2016:04:UP:0416DV010,0,0,11083,1336,0,0,0,BOULDER,4/18/2016 0:00,21:40,2016,2016,"H019,","UP,",1,"H0,","H,",MAIN,Colorado,39.923613,-105.355599,"Colorado
(39.923613, -105.355599)"
Fire/violent rupture,2014:07:BNSF:PR0714120,0,0,0,10745,0,0,0,CAMPBELL,7/10/2014 0:00,12:30,2014,2014,"E73L,","BNSF,UP,",1,"E7,","E,",MAIN,Wyoming,43.964618,-105.343532,"Wyoming
(43.964618, -105.343532)"
Derailments,2013:03:BNSF:PR0313102,0,0,271475,129308,4,0,0,CAMPBELL,3/5/2013 0:00,6:55,2013,2013,"H503,","BNSF,",1,"H5,","H,",MAIN,Wyoming,44.289439,-105.341326,"Wyoming
(44.289439, -105.341326)"
Derailments,2013:10:BNSF:PR1013109,0,0,48000,9980,0,0,0,CAMPBELL,10/26/2013 0:00,11:00,2013,2014,"E33C,E32C,","BNSF,",1,"E3,","E,",MAIN,Wyoming,44.312126,-105.341257,"Wyoming
(44.312126, -105.341257)"
Other events,2011:11:BNSF:PR1111102,0,0,28000,0,0,0,0,CAMPBELL,11/22/2011 0:00,18:42,2011,2012,"H705,H307,","BNSF,UP,",1,"H7,H3,","H,",MAIN,Wyoming,43.621661,-105.340003,"Wyoming
(43.621661, -105.340003)"
Side collision,2012:11:XCPE:INDUSTRY,0,0,0,133064,0,0,0,CAMPBELL,11/5/2012 0:00,13:45,2012,2013,"H022,","UP,",1,"H0,","H,",INDUSTRY,Wyoming,44.079729,-105.339808,"Wyoming
(44.079729, -105.339808)"
Other events,2013:02:BNSF:PR0213107,0,0,24500,0,0,0,0,CAMPBELL,2/17/2013 0:00,4:18,2013,2013,"H221,H702,","BNSF,",1,"H2,H7,","H,",INDUSTRY,Wyoming,44.095169,-105.336883,"Wyoming
(44.095169, -105.336883)"
Other events,2012:10:BNSF:PR1012104,0,0,43919,0,0,0,0,CAMPBELL,10/8/2012 0:00,16:57,2012,2013,"H702,","BNSF,",8,"H7,","H,",MAIN,Wyoming,44.083062,-105.335141,"Wyoming
(44.083062, -105.335141)"
Derailments,2016:05:XNBM:INDUSTRY,0,0,4500,17767,2,2,0,CAMPBELL,5/20/2016 0:00,19:50,2016,2016,"H303,","BNSF,",1,"H3,","H,",INDUSTRY,Wyoming,44.077254,-105.333454,"Wyoming
(44.077254, -105.333454)"
Derailments,2013:11:BNSF:PR1113106,0,0,5400,22156,0,0,0,CONVERSE,11/4/2013 0:00,22:55,2013,2014,"E36C,E34C,","BNSF,UP,",1,"E3,","E,",MAIN,Wyoming,43.463725,-105.322721,"Wyoming
(43.463725, -105.322721)"
Derailments,2012:06:BNSF:PR0612103,0,0,565316,1004375,0,0,0,CONVERSE,6/23/2012 0:00,16:49,2012,2012,"T109,","BNSF,UP,",1,"T1,","T,",MAIN,Wyoming,43.348479,-105.321189,"Wyoming
(43.348479, -105.321189)"
Other events,2015:04:BNSF:PR0415115,0,0,2500,39771,0,0,0,CONVERSE,4/25/2015 0:00,1:06,2015,2015,"E20C,","BNSF,",1,"E2,","E,",MAIN,Wyoming,43.341202,-105.320997,"Wyoming
(43.341202, -105.320997)"
Fire/violent rupture,2015:10:BNSF:PR1015112,0,0,0,16835,0,0,0,CONVERSE,10/1/2015 0:00,22:20,2015,2016,"E74L,","BNSF,UP,",1,"E7,","E,",MAIN,Wyoming,43.341202,-105.320997,"Wyoming
(43.341202, -105.320997)"
Fire/violent rupture,2014:10:BNSF:PR1014122,0,0,0,18500,0,0,0,CONVERSE,10/7/2014 0:00,17:30,2014,2015,"E71L,","BNSF,UP,",1,"E7,","E,",MAIN,Wyoming,43.28435,-105.308073,"Wyoming
(43.28435, -105.308073)"
Derailments,2014:06:BNSF:PR0614110,0,0,485000,1500,0,0,0,CAMPBELL,6/26/2014 0:00,14:20,2014,2014,"E68C,","BNSF,",1,"E6,","E,",MAIN,Wyoming,44.250955,-105.30617,"Wyoming
(44.250955, -105.30617)"
Obstruction impact,2014:06:BNSF:PR0614123,0,0,0,56000,0,0,0,CONVERSE,6/11/2014 0:00,9:00,2014,2014,"H997,","BNSF,",NA,"H9,","H,",MAIN,Wyoming,43.479558,-105.304062,"Wyoming
(43.479558, -105.304062)"
Other events,2015:04:BNSF:PR0415121,0,0,50000,0,0,0,0,CONVERSE,4/16/2015 0:00,3:22,2015,2015,"H305,H607,H307,","BNSF,UP,",8,"H3,H6,H3,","H,",MAIN,Wyoming,43.482932,-105.30397,"Wyoming
(43.482932, -105.30397)"
Rear end collision,2014:10:BNSF:PR1014112,0,0,60000,500,0,0,0,CONVERSE,10/9/2014 0:00,9:20,2014,2015,"M502,H992,","BNSF,UP,",18,"M5,H9,","M,H,",MAIN,Wyoming,43.48812,-105.303968,"Wyoming
(43.48812, -105.303968)"
Other events,2011:08:BNSF:PR0811105,0,0,170000,2500,0,0,0,CAMPBELL,8/25/2011 0:00,23:52,2011,2011,"E45C,","BNSF,",4,"E4,","E,",MAIN,Wyoming,44.286373,-105.29778,"Wyoming
(44.286373, -105.29778)"
Other events,2013:01:BNSF:PR0113121,0,0,68000,0,0,0,0,CAMPBELL,1/27/2013 0:00,9:57,2013,2013,"H705,","BNSF,",1,"H7,","H,",MAIN,Wyoming,44.290158,-105.289243,"Wyoming
(44.290158, -105.289243)"
Derailments,2014:10:BNSF:PR1014107,0,0,10500,13000,0,0,0,CAMPBELL,10/7/2014 0:00,3:19,2014,2015,"H607,H702,","BNSF,",7,"H6,H7,","H,",YARD,Wyoming,44.290158,-105.289243,"Wyoming
(44.290158, -105.289243)"
Derailments,2016:06:BNSF:PR0616104,0,0,0,78310,0,0,0,CAMPBELL,6/11/2016 0:00,15:15,2016,2016,"H318,M105,","BNSF,",1,"H3,M1,","H,M,",YARD,Wyoming,44.289647,-105.285297,"Wyoming
(44.289647, -105.285297)"
Derailments,2015:04:BNSF:PR0415103,0,0,0,14449,1,1,0,CAMPBELL,4/13/2015 0:00,12:52,2015,2015,"H311,","BNSF,",7,"H3,","H,",YARD,Wyoming,44.290141,-105.283183,"Wyoming
(44.290141, -105.283183)"
Derailments,2015:03:BNSF:PR0315116,0,0,0,17388,0,0,0,CAMPBELL,3/26/2015 0:00,23:00,2015,2015,"H607,H702,","BNSF,",7,"H6,H7,","H,",YARD,Wyoming,44.289889,-105.282904,"Wyoming
(44.289889, -105.282904)"
Other events,2015:09:BNSF:PR0915118,0,0,50291,0,0,0,0,CONVERSE,9/30/2015 0:00,9:34,2015,2015,"H605,H702,","BNSF,",1,"H6,H7,","H,",MAIN,Wyoming,43.254525,-105.280312,"Wyoming
(43.254525, -105.280312)"
Other impacts,2014:10:PROQ:INDUSTRY,0,0,0,29120,0,0,0,CONVERSE,10/5/2014 0:00,8:10,2014,2015,"H307,H302,","BNSF,",1,"H3,","H,",INDUSTRY,Wyoming,43.17473,-105.260278,"Wyoming
(43.17473, -105.260278)"
Fire/violent rupture,2016:05:UP:0516NP010,0,0,0,25610,0,0,0,CONVERSE,5/12/2016 0:00,20:00,2016,2016,"E79L,","UP,",1,"E7,","E,",MAIN,Wyoming,42.868623,-105.244967,"Wyoming
(42.868623, -105.244967)"
Derailments,2014:02:BNSF:MT0214105,0,0,215800,1466949,0,0,0,PRAIRIE,2/24/2014 0:00,21:10,2014,2014,"E54C,","BNSF,",1,"E5,","E,",MAIN,Montana,46.796622,-105.244362,"Montana
(46.796622, -105.244362)"
Derailments,2014:01:UP:0114ST012,0,0,400517,489614,7,1,0,GUADALUPE,1/17/2014 0:00,5:45,2014,2014,"E29C,","UP,",1,"E2,","E,",MAIN,New Mexico,34.605621,-105.233919,"New Mexico
(34.605621, -105.233919)"
Derailments,2011:12:UP:1211DV005,0,0,10196,600,63,0,0,JEFFERSON,12/7/2011 0:00,20:25,2011,2012,"H607,H303,","BNSF,UP,",1,"H6,H3,H6,H3,","H,",SIDING,Colorado,39.861181,-105.230138,"Colorado
(39.861181, -105.230138)"
Rear end collision,2013:04:BNSF:SW0413107,0,0,0,23481,0,0,0,GUADALUPE,4/29/2013 0:00,17:15,2013,2013,"H997,","BNSF,",9,"H9,","H,",MAIN,New Mexico,34.608845,-105.221734,"New Mexico
(34.608845, -105.221734)"
Highway-rail impact,2012:03:BNSF:MT0312201,1,0,15000,500,8,0,0,ROOSEVELT,3/20/2012 0:00,23:19,2012,2012,"M302,","BNSF,",1,"M3,","M,",MAIN,Montana,48.110778,-105.219741,"Montana
(48.110778, -105.219741)"
Derailments,2015:03:BNSF:PR0315109,0,0,402500,8540,0,0,0,JEFFERSON,3/11/2015 0:00,24:00:00,2015,2015,"H307,H702,","BNSF,",7,"H3,H7,","H,",YARD,Colorado,39.763466,-105.213993,"Colorado
(39.763466, -105.213993)"
Derailments,2013:03:BNSF:SW0313113,0,0,200,64597,4,0,0,GUADALUPE,3/24/2013 0:00,12:45,2013,2013,"T207,","BNSF,",1,"T2,","T,",MAIN,New Mexico,34.607401,-105.213388,"New Mexico
(34.607401, -105.213388)"
Derailments,2013:11:BNSF:PR1113108,0,0,1599150,1752126,0,0,0,CONVERSE,11/24/2013 0:00,1:05,2013,2014,"E61C,","BNSF,UP,",1,"E6,","E,",MAIN,Wyoming,42.848258,-105.205744,"Wyoming
(42.848258, -105.205744)"
Derailments,2011:11:IPCZ:INDUSTRY,0,0,9000,750,0,0,0,JEFFERSON,11/3/2011 0:00,16:10,2011,2012,"T111,","BNSF,",8,"T1,","T,",INDUSTRY,Colorado,39.77807,-105.169204,"Colorado
(39.77807, -105.169204)"
Derailments,2013:04:SLRG:SL042613,0,0,210667,145033,0,0,0,HUERFANO,4/26/2013 0:00,23:26,2013,2013,"T221,","SLRG,",1,"T2,","T,",MAIN,Colorado,37.51938,-105.147571,"Colorado
(37.51938, -105.147571)"
Derailments,2014:10:SLRG:SL101314D,0,0,19195,0,0,0,0,HUERFANO,10/13/2014 0:00,23:30,2014,2015,"T111,T221,","SLRG,",1,"T1,T2,","T,",MAIN,Colorado,37.51938,-105.14757,"Colorado
(37.51938, -105.14757)"
Derailments,2014:11:SLRG:SL111014D,0,0,8990,106879,0,0,0,HUERFANO,11/10/2014 0:00,23:45,2014,2015,"T110,","SLRG,",1,"T1,","T,",MAIN,Colorado,37.51938,-105.14757,"Colorado
(37.51938, -105.14757)"
Derailments,2015:11:SLRG:SL112915D,0,0,0,815027,0,0,0,HUERFANO,11/29/2015 0:00,3:50,2015,2016,"H513,H522,","SLRG,",1,"H5,","H,",MAIN,Colorado,37.495302,-105.146657,"Colorado
(37.495302, -105.146657)"
Derailments,2014:05:XAHD:INDUSTRY,0,0,5872,7342,0,0,0,DENVER,5/15/2014 0:00,15:30,2014,2014,"T199,","BNSF,",1,"T1,","T,",INDUSTRY,Colorado,39.699852,-105.145377,"Colorado
(39.699852, -105.145377)"
Other events,2011:10:BNSF:PR1011100,0,0,23000,0,0,0,0,CONVERSE,10/1/2011 0:00,4:30,2011,2012,"H607,H702,","BNSF,",NA,"H6,H7,","H,",MAIN,Wyoming,42.773756,-105.136476,"Wyoming
(42.773756, -105.136476)"
Derailments,2012:02:SLRG:SL02062012,0,0,14503,35541,0,0,0,ALAMOSA,2/6/2012 0:00,21:28,2012,2012,"T212,T202,","SLRG,",1,"T2,","T,",MAIN,Colorado,37.31,-105.128,"Colorado
(37.31, -105.128)"
Derailments,2013:10:SLRG:SL101413,0,0,34789,13450,0,0,0,HUERFANO,10/14/2013 0:00,22:28,2013,2014,"T210,","SLRG,",1,"T2,","T,",MAIN,Colorado,37.517131,-105.116268,"Colorado
(37.517131, -105.116268)"
Derailments,2014:03:SLRG:SL032714D,0,0,43610,201177,3,0,0,HUERFANO,3/27/2014 0:00,12:04,2014,2014,"T113,","SLRG,",1,"T1,","T,",MAIN,Colorado,37.521592,-105.115765,"Colorado
(37.521592, -105.115765)"
Derailments,2014:08:SLRG:SL080914D,0,0,10082,21056,0,0,0,HUERFANO,8/9/2014 0:00,12:45,2014,2014,"T111,","SLRG,",1,"T1,","T,",MAIN,Colorado,37.521592,-105.115765,"Colorado
(37.521592, -105.115765)"
Derailments,2011:12:TIFZ:INDUSTRY,0,0,1000,10500,0,0,0,JEFFERSON,12/21/2011 0:00,11:50,2011,2012,"T111,","BNSF,",7,"T1,","T,",INDUSTRY,Colorado,39.79157,-105.1152,"Colorado
(39.79157, -105.1152)"
Derailments,2016:03:BNSF:SW0316103,0,0,29000,49997,2,0,0,GUADALUPE,3/13/2016 0:00,8:50,2016,2016,"T207,","BNSF,",1,"T2,","T,",MAIN,New Mexico,34.511343,-105.080674,"New Mexico
(34.511343, -105.080674)"
Derailments,2013:08:SLRG:SL083013,0,0,147634,78694,0,0,0,HUERFANO,8/30/2013 0:00,23:05,2013,2013,"T210,","SLRG,",1,"T2,","T,",MAIN,Colorado,37.518416,-105.054378,"Colorado
(37.518416, -105.054378)"
Head on collision,2015:08:BNSF:PR0815108,0,0,1000,18700,0,0,0,CROOK,8/13/2015 0:00,9:10,2015,2015,"H017,","BNSF,",81,"H0,","H,",MAIN,Wyoming,44.28202,-105.053763,"Wyoming
(44.28202, -105.053763)"
Fire/violent rupture,2016:04:UP:0416DV006,0,0,0,65468,0,0,0,LARAMIE,4/10/2016 0:00,1:45,2016,2016,"E73L,","UP,",1,"E7,","E,",MAIN,Wyoming,41.09418,-105.038253,"Wyoming
(41.09418, -105.038253)"
Derailments,2012:06:BNSF:CO0612110,0,0,45500,26600,0,0,0,PLATTE,6/24/2012 0:00,15:05,2012,2012,"T109,","BNSF,",1,"T1,","T,",MAIN,Wyoming,41.656872,-105.033279,"Wyoming
(41.656872, -105.033279)"
Other events,2012:03:UP:0312DV004,0,0,26944,0,0,0,0,DENVER,3/5/2012 0:00,23:30,2012,2012,"H605,H702,","BNSF,UP,",1,"H6,H7,H6,H7,","H,",MAIN,Colorado,39.803814,-105.025023,"Colorado
(39.803814, -105.025023)"
Derailments,2015:06:BNSF:PR0615103,0,0,0,42843,0,0,0,ARAPAHOE,6/5/2015 0:00,19:00,2015,2015,"M202,","BNSF,",4,"M2,","M,",MAIN,Colorado,39.593883,-105.021188,"Colorado
(39.593883, -105.021188)"
Derailments,2014:06:BNSF:PR0614103,0,0,14454,10000,0,0,0,DENVER,6/5/2014 0:00,13:30,2014,2014,"M404,","BNSF,",1,"M4,","M,",MAIN,Colorado,39.741672,-105.012939,"Colorado
(39.741672, -105.012939)"
Derailments,2012:08:BNSF:CO0812104,0,0,500,19881,0,0,0,DENVER,8/13/2012 0:00,22:50,2012,2012,"H307,H303,","BNSF,",1,"H3,","H,",SIDING,Colorado,39.739095,-105.011574,"Colorado
(39.739095, -105.011574)"
Derailments,2015:02:XWNM:INDUSTRY,0,0,190951,1360,0,0,0,ARAPAHOE,2/23/2015 0:00,15:30,2015,2015,"M501,","UP,",1,"M5,","M,",INDUSTRY,Colorado,39.635419,-105.007345,"Colorado
(39.635419, -105.007345)"
Highway-rail impact,2013:06:BNSF:PR0613201,2,0,1100,138229,0,0,0,DENVER,6/18/2013 0:00,21:50,2013,2013,"M303,","BNSF,",1,"M3,","M,",MAIN,Colorado,39.71575,-105.001336,"Colorado
(39.71575, -105.001336)"
Derailments,2014:10:UP:1014DV010,0,0,1400,18597,0,0,0,DENVER,10/13/2014 0:00,13:45,2014,2015,"T111,T110,","UP,",8,"T1,","T,",YARD,Colorado,39.753674,-105.000365,"Colorado
(39.753674, -105.000365)"