AccidentType,inckey,Fatalities,Injuries,TrackDamage,EquipmentDamage,HazmatCars,HazmatCarsDerailed,HazmatCarsReleasing,County,DisplayDate,DisplayTime,calendar,Fiscal,AccidentCause,RailroadCodes,RAILEQUIPMENT_TYPE,CauseGroup,CauseDiscipline,TYPE_OF_TRACK,StateName,latitude,longitude,GeoLocation
Derailments,2015:06:UP:0615DV004,0,0,205093,191395,1,1,0,ADAMS,6/9/2015 0:00,13:50,2015,2015,"T110,","UP,",1,"T1,","T,",INDUSTRY,Colorado,39.86983,-105.000365,"Colorado
(39.86983, -105.000365)"
Derailments,2014:07:UP:0714DV009,0,0,514,18597,0,0,0,DENVER,7/3/2014 0:00,2:50,2014,2014,"T221,","UP,",8,"T2,","T,",YARD,Colorado,39.787147,-104.999206,"Colorado
(39.787147, -104.999206)"
Derailments,2011:12:UP:1211DV013,0,0,31380,834,0,0,0,DENVER,12/28/2011 0:00,1:40,2011,2012,"E49C,","UP,",1,"E4,","E,",YARD,Colorado,39.798573,-104.998403,"Colorado
(39.798573, -104.998403)"
Highway-rail impact,2013:12:BNSF:PR1213200,0,0,800,12000,1,1,0,DENVER,12/17/2013 0:00,24:35:00,2013,2014,"M302,","BNSF,",7,"M3,","M,",YARD,Colorado,39.799239,-104.998373,"Colorado
(39.799239, -104.998373)"
Derailments,2013:11:UP:1113DV005,0,0,100,62849,0,0,0,DENVER,11/8/2013 0:00,4:00,2013,2014,"H318,H601,","UP,",67,"H3,H6,H3,H6,","H,",YARD,Colorado,39.781102,-104.997963,"Colorado
(39.781102, -104.997963)"
Derailments,2012:09:BNSF:CO0912105,0,0,0,26917,0,0,0,DENVER,9/21/2012 0:00,11:37,2012,2012,"H306,H303,","BNSF,",7,"H3,","H,",YARD,Colorado,39.797842,-104.997863,"Colorado
(39.797842, -104.997863)"
Derailments,2014:02:BNSF:PR0214110,0,0,6500,146167,6,0,0,DENVER,2/15/2014 0:00,24:45:00,2014,2014,"E46C,","BNSF,",71,"E4,","E,",YARD,Colorado,39.797842,-104.997863,"Colorado
(39.797842, -104.997863)"
Derailments,2012:04:UP:0412DV001,0,0,230,34313,0,0,0,DENVER,4/1/2012 0:00,12:30,2012,2012,"T314,","UP,",8,"T3,","T,",YARD,Colorado,39.788562,-104.997855,"Colorado
(39.788562, -104.997855)"
Derailments,2012:11:UP:1112DV006,0,0,8253,3172,0,0,0,DENVER,11/7/2012 0:00,18:15,2012,2013,"H702,","UP,",7,"H7,","H,",YARD,Colorado,39.796039,-104.997837,"Colorado
(39.796039, -104.997837)"
Derailments,2015:04:UP:0415DV005,0,0,10089,13632,0,0,0,DENVER,4/15/2015 0:00,4:46,2015,2015,"M409,","UP,",7,"M4,","M,",YARD,Colorado,39.766413,-104.997707,"Colorado
(39.766413, -104.997707)"
Derailments,2016:06:XCBO:INDUSTRY,0,0,5725,5000,0,0,0,DENVER,6/13/2016 0:00,16:00,2016,2016,"H607,H702,","BNSF,",8,"H6,H7,","H,",INDUSTRY,Colorado,39.798386,-104.997574,"Colorado
(39.798386, -104.997574)"
Derailments,2015:02:BNSF:PR0215110,0,0,11000,31121,0,0,0,DENVER,2/24/2015 0:00,21:30,2015,2015,"H307,H303,","BNSF,",7,"H3,","H,",YARD,Colorado,39.782671,-104.997538,"Colorado
(39.782671, -104.997538)"
Other impacts,2015:11:BNSF:PR1115114,0,0,18449,500,0,0,0,DENVER,11/30/2015 0:00,16:58,2015,2016,"H021,","BNSF,",71,"H0,","H,",YARD,Colorado,39.777057,-104.997219,"Colorado
(39.777057, -104.997219)"
Side collision,2011:07:BNSF:CO0711108,0,0,100,56022,11,0,0,DENVER,7/19/2011 0:00,16:28,2011,2011,"H307,","BNSF,",81,"H3,","H,",YARD,Colorado,39.761944,-104.995802,"Colorado
(39.761944, -104.995802)"
Derailments,2015:07:RTDC:2015001,0,0,52900,5000,0,0,0,DENVER,7/16/2015 0:00,5:40,2015,2015,"H306,H303,","BNSF,RTDC,",87,"H3,","H,",MAIN,Colorado,39.759815,-104.994268,"Colorado
(39.759815, -104.994268)"
Derailments,2013:03:BNSF:PR0313113,0,0,46795,5600,25,0,0,DENVER,3/24/2013 0:00,5:45,2013,2013,"T199,","BNSF,",1,"T1,","T,",YARD,Colorado,39.766012,-104.992275,"Colorado
(39.766012, -104.992275)"
Other impacts,2014:01:BNSF:PR0114110,0,0,0,53672,0,0,0,DENVER,1/9/2014 0:00,19:15,2014,2014,"H318,","BNSF,",7,"H3,","H,",YARD,Colorado,39.766012,-104.992275,"Colorado
(39.766012, -104.992275)"
Derailments,2014:04:UP:0414DV020,0,0,0,28417,0,0,0,DENVER,4/24/2014 0:00,19:40,2014,2014,"T110,","BNSF,UP,",7,"T1,","T,",YARD,Colorado,39.766012,-104.992275,"Colorado
(39.766012, -104.992275)"
Derailments,2014:07:BNSF:PR0714104,0,0,7681,4396,0,0,0,DENVER,7/3/2014 0:00,13:01,2014,2014,"H503,","BNSF,",7,"H5,","H,",YARD,Colorado,39.766012,-104.992275,"Colorado
(39.766012, -104.992275)"
Derailments,2014:11:BNSF:PR1114110,0,0,6000,8733,0,0,0,DENVER,11/11/2014 0:00,17:00,2014,2015,"T316,","BNSF,",7,"T3,","T,",YARD,Colorado,39.766012,-104.992275,"Colorado
(39.766012, -104.992275)"
Obstruction impact,2014:03:BNSF:PR0314119,0,0,0,50000,0,0,0,DENVER,3/18/2014 0:00,16:00,2014,2014,"H997,","BNSF,",9,"H9,","H,",YARD,Colorado,39.76842,-104.990051,"Colorado
(39.76842, -104.990051)"
Side collision,2012:02:BNSF:CO0212108,0,0,0,10580,11,2,0,DENVER,2/23/2012 0:00,9:15,2012,2012,"H607,H702,","BNSF,",68,"H6,H7,H6,H7,","H,",YARD,Colorado,39.770799,-104.987416,"Colorado
(39.770799, -104.987416)"
Derailments,2016:02:UP:0216DV019,0,0,52873,14921,0,0,0,DENVER,2/29/2016 0:00,18:30,2016,2016,"H702,H306,","UP,",7,"H7,H3,","H,",YARD,Colorado,39.762804,-104.986365,"Colorado
(39.762804, -104.986365)"
Derailments,2011:12:BNSF:CO1211112,0,0,5000,50000,0,0,0,DENVER,12/17/2011 0:00,8:40,2011,2012,"T207,","ATK,BNSF,",2,"T2,","T,",YARD,Colorado,39.766012,-104.984703,"Colorado
(39.766012, -104.984703)"
Derailments,2015:07:BNSF:PR0715108,0,0,5000,8510,0,0,0,DENVER,7/21/2015 0:00,18:45,2015,2015,"E25C,","BNSF,",7,"E2,","E,",YARD,Colorado,39.773521,-104.983628,"Colorado
(39.773521, -104.983628)"
Derailments,2014:06:BNSF:PR0614102,0,0,3500,13500,1,1,0,DENVER,6/1/2014 0:00,14:55,2014,2014,"H318,","BNSF,",7,"H3,","H,",YARD,Colorado,39.773565,-104.98339,"Colorado
(39.773565, -104.98339)"
Derailments,2016:05:BNSF:PR0516107,0,0,1200,12350,0,0,0,DENVER,5/19/2016 0:00,11:55,2016,2016,"H312,","BNSF,",7,"H3,","H,",YARD,Colorado,39.774943,-104.983278,"Colorado
(39.774943, -104.983278)"
Side collision,2013:01:BNSF:PR0113113,0,0,0,20224,1,1,0,DENVER,1/23/2013 0:00,11:15,2013,2013,"H020,H318,","BNSF,",7,"H0,H3,","H,",YARD,Colorado,39.775,-104.982,"Colorado
(39.775, -104.982)"
Other events,2015:09:BNSF:PR0915109,0,0,0,11588,5,5,0,DENVER,9/18/2015 0:00,12:30,2015,2015,"H318,","BNSF,",7,"H3,","H,",YARD,Colorado,39.775555,-104.981191,"Colorado
(39.775555, -104.981191)"
Raking collision,2015:09:BNSF:PR0915112,0,0,250,16697,1,1,0,DENVER,9/23/2015 0:00,17:10,2015,2015,"H306,","BNSF,",87,"H3,","H,",YARD,Colorado,39.775888,-104.980917,"Colorado
(39.775888, -104.980917)"
Derailments,2016:08:BNSF:PR0816110,0,0,2080,11219,3,0,0,DENVER,8/15/2016 0:00,20:30,2016,2016,"H703,","BNSF,",7,"H7,","H,",YARD,Colorado,39.784291,-104.98013,"Colorado
(39.784291, -104.98013)"
Head on collision,2012:05:BNSF:CO0512110,0,0,9000,341500,20,0,0,DENVER,5/28/2012 0:00,9:45,2012,2012,"H306,H302,","BNSF,",7,"H3,","H,",YARD,Colorado,39.777651,-104.978021,"Colorado
(39.777651, -104.978021)"
Derailments,2014:03:BNSF:PR0314106,0,0,114749,131317,2,2,0,DENVER,3/8/2014 0:00,20:32,2014,2014,"H318,","BNSF,",7,"H3,","H,",YARD,Colorado,39.778673,-104.976693,"Colorado
(39.778673, -104.976693)"
Derailments,2014:08:BNSF:PR0814107,0,0,0,17233,0,0,0,DENVER,8/8/2014 0:00,10:15,2014,2014,"E31C,","BNSF,",7,"E3,","E,",YARD,Colorado,39.778673,-104.976693,"Colorado
(39.778673, -104.976693)"
Derailments,2016:08:BNSF:PR0816112,0,0,650,15000,0,0,0,DENVER,8/18/2016 0:00,17:50,2016,2016,"T399,","BNSF,",8,"T3,","T,",YARD,Colorado,39.779304,-104.976061,"Colorado
(39.779304, -104.976061)"
Derailments,2016:07:BNSF:PR0716102,0,0,637,136682,1,1,0,DENVER,7/8/2016 0:00,9:30,2016,2016,"H607,H702,","BNSF,",71,"H6,H7,H6,H7,","H,",YARD,Colorado,39.779313,-104.976035,"Colorado
(39.779313, -104.976035)"
Derailments,2016:04:UP:0416DV001,0,0,3644,12712,0,0,0,DENVER,4/1/2016 0:00,1:00,2016,2016,"S103,","UP,",1,"S1,","S,",YARD,Colorado,39.771368,-104.973377,"Colorado
(39.771368, -104.973377)"
Derailments,2015:02:UP:0215DV017,0,0,200,55647,0,0,0,DENVER,2/27/2015 0:00,2:13,2015,2015,"H702,","UP,",8,"H7,","H,",YARD,Colorado,39.770904,-104.973203,"Colorado
(39.770904, -104.973203)"
Derailments,2014:05:UP:0514DV011,0,0,18165,1306,0,0,0,DENVER,5/20/2014 0:00,22:20,2014,2014,"M501,","UP,",1,"M5,","M,",YARD,Colorado,39.772291,-104.972184,"Colorado
(39.772291, -104.972184)"
Derailments,2016:02:UP:0216DV014,0,0,71557,12265,55,0,0,DENVER,2/19/2016 0:00,21:15,2016,2016,"H503,","UP,",1,"H5,","H,",YARD,Colorado,39.772291,-104.972184,"Colorado
(39.772291, -104.972184)"
Derailments,2014:08:DRIR:08241401,0,0,64950,9793,0,0,0,DENVER,8/24/2014 0:00,14:15,2014,2014,"H099,T110,","DRIR,UP,",1,"H0,T1,","H,T,",YARD,Colorado,39.805271,-104.971526,"Colorado
(39.805271, -104.971526)"
Derailments,2015:02:UP:0215DV015,0,0,200,44774,11,3,0,DENVER,2/19/2015 0:00,10:30,2015,2015,"H702,","UP,",7,"H7,","H,",YARD,Colorado,39.771479,-104.971455,"Colorado
(39.771479, -104.971455)"
Other impacts,2013:07:BNSF:PR0713113,0,0,59873,26682,7,1,0,DENVER,7/23/2013 0:00,5:30,2013,2013,"H702,H303,","BNSF,",7,"H7,H3,","H,",YARD,Colorado,39.783756,-104.970003,"Colorado
(39.783756, -104.970003)"
Derailments,2012:01:UP:0112DV014,0,0,3872,12748,0,0,0,DENVER,1/24/2012 0:00,21:00,2012,2012,"T220,","UP,",7,"T2,","T,",YARD,Colorado,39.774183,-104.969419,"Colorado
(39.774183, -104.969419)"
Derailments,2012:10:UP:1012DV018,0,0,115610,774,0,0,0,DENVER,10/21/2012 0:00,20:35,2012,2013,"T111,","UP,",1,"T1,","T,",YARD,Colorado,39.775385,-104.966691,"Colorado
(39.775385, -104.966691)"
Derailments,2014:05:UP:0514DV003,0,0,1800,14562,0,0,0,DENVER,5/2/2014 0:00,3:00,2014,2014,"H526,","UP,",7,"H5,","H,",INDUSTRY,Colorado,39.804724,-104.966379,"Colorado
(39.804724, -104.966379)"
Derailments,2013:02:UP:0213DV015,0,0,100,93894,0,0,0,DENVER,2/24/2013 0:00,24:45:00,2013,2013,"M101,","UP,",1,"M1,","M,",YARD,Colorado,39.779336,-104.962904,"Colorado
(39.779336, -104.962904)"
Side collision,2016:06:UP:0616DV010,0,0,0,36267,0,0,0,DENVER,6/16/2016 0:00,12:38,2016,2016,"H302,","UP,",8,"H3,","H,",YARD,Colorado,39.80385,-104.962583,"Colorado
(39.80385, -104.962583)"
Derailments,2014:02:BNSF:PR0214104,0,0,166699,116918,0,0,0,DOUGLAS,2/6/2014 0:00,14:32,2014,2014,"E59L,","BNSF,",1,"E5,","E,",MAIN,Colorado,39.436659,-104.961701,"Colorado
(39.436659, -104.961701)"
Derailments,2016:05:GWR:GWRC161476,0,0,70151,475542,0,0,0,LARIMER,5/15/2016 0:00,24:00:00,2016,2016,"T202,","GWR,",1,"T2,","T,",MAIN,Colorado,40.53309,-104.961193,"Colorado
(40.53309, -104.961193)"
Derailments,2011:09:UP:0911DV013,0,0,18408,34315,0,0,0,DENVER,9/28/2011 0:00,15:45,2011,2011,"T311,","UP,",7,"T3,","T,",YARD,Colorado,39.782727,-104.95895,"Colorado
(39.782727, -104.95895)"
Derailments,2012:11:UP:1112DV018,0,0,121816,400000,0,0,0,FREMONT,11/28/2012 0:00,7:15,2012,2013,"T221,T202,","RRRR,UP,",1,"T2,","T,",MAIN,Colorado,38.363442,-104.957142,"Colorado
(38.363442, -104.957142)"
Derailments,2015:03:UP:0315DV030,0,0,1190,87680,0,0,0,DENVER,3/23/2015 0:00,12:00,2015,2015,"T111,","UP,",8,"T1,","T,",YARD,Colorado,39.788851,-104.954164,"Colorado
(39.788851, -104.954164)"
Derailments,2013:04:UP:0413DV015,0,0,11140,23478,1,1,0,DENVER,4/24/2013 0:00,11:15,2013,2013,"H021,H599,","DRIR,UP,",57,"H0,H5,H0,","H,",YARD,Colorado,39.799226,-104.954079,"Colorado
(39.799226, -104.954079)"
Other impacts,2016:08:UP:0816DV024,0,0,0,11430,0,0,0,DENVER,8/25/2016 0:00,8:53,2016,2016,"M411,","UP,",5,"M4,","M,",YARD,Colorado,39.796479,-104.953429,"Colorado
(39.796479, -104.953429)"
Derailments,2012:12:BNSF:CO1212101,0,0,12454,11154,0,0,0,ADAMS,12/6/2012 0:00,13:00,2012,2013,"H307,H303,","BNSF,",1,"H3,","H,",INDUSTRY,Colorado,39.80753,-104.93898,"Colorado
(39.80753, -104.93898)"
Derailments,2012:10:UP:1012DV020,0,0,15650,653,0,0,0,ADAMS,10/26/2012 0:00,24:20:00,2012,2013,"T111,","UP,",7,"T1,","T,",INDUSTRY,Colorado,39.809935,-104.937684,"Colorado
(39.809935, -104.937684)"
Derailments,2015:02:BNSF:PR0215105,0,0,66416,20903,0,0,0,ADAMS,2/17/2015 0:00,15:15,2015,2015,"T201,","BNSF,",7,"T2,","T,",YARD,Colorado,39.807736,-104.937524,"Colorado
(39.807736, -104.937524)"
Derailments,2016:06:UP:0616DV007,0,0,36835,934347,7,0,0,LARAMIE,6/6/2016 0:00,13:30,2016,2016,"M405,","UP,",1,"M4,","M,",MAIN,Wyoming,41.094847,-104.918971,"Wyoming
(41.094847, -104.918971)"
Derailments,2015:07:BNSF:SW0715104,0,0,222000,3900,0,0,0,GUADALUPE,7/14/2015 0:00,17:35,2015,2015,"E65C,","BNSF,",1,"E6,","E,",MAIN,New Mexico,34.49156,-104.916983,"New Mexico
(34.49156, -104.916983)"
Other impacts,2015:07:DRIR:07211501,0,0,0,30000,0,0,0,DENVER,7/20/2015 0:00,9:00,2015,2015,"H399,","DRIR,",7,"H3,","H,",YARD,Colorado,39.780428,-104.915436,"Colorado
(39.780428, -104.915436)"
Fire/violent rupture,2015:01:UP:0115NP051,0,0,0,57646,0,0,0,CONVERSE,1/20/2015 0:00,4:40,2015,2015,"E73L,","UP,",1,"E7,","E,",MAIN,Wyoming,42.761856,-104.911355,"Wyoming
(42.761856, -104.911355)"
Derailments,2014:09:BAEZ:INDUSTRY,0,0,1000,15825,0,0,0,PLATTE,9/5/2014 0:00,5:25,2014,2014,"E34C,","BNSF,",1,"E3,","E,",INDUSTRY,Wyoming,42.127605,-104.908406,"Wyoming
(42.127605, -104.908406)"
Derailments,2013:06:GWR:GWRC130278,0,0,62044,140754,0,0,0,WELD,6/24/2013 0:00,14:00,2013,2013,"T102,","GWR,",1,"T1,","T,",MAIN,Colorado,40.33255,-104.89555,"Colorado
(40.33255, -104.89555)"
Obstruction impact,2014:07:BNSF:PR0714121,0,0,0,81500,0,0,0,PLATTE,7/10/2014 0:00,13:00,2014,2014,"H997,","BNSF,",9,"H9,","H,",MAIN,Wyoming,42.345346,-104.892321,"Wyoming
(42.345346, -104.892321)"
Derailments,2016:07:GWR:GWRC161534,0,0,10244,100144,0,0,0,WELD,7/22/2016 0:00,23:00,2016,2016,"H318,","GWR,",6,"H3,","H,",MAIN,Colorado,40.47,-104.887875,"Colorado
(40.47, -104.887875)"
Derailments,2014:12:BNSF:PR1214118,0,0,10000,60790,0,0,0,ADAMS,12/27/2014 0:00,11:55,2014,2015,"H307,H702,","BNSF,",1,"H3,H7,","H,",YARD,Colorado,39.856969,-104.881581,"Colorado
(39.856969, -104.881581)"
Derailments,2015:09:UP:0915DV013,0,0,2000,18395,0,0,0,WELD,9/27/2015 0:00,4:16,2015,2015,"H503,","UP,",1,"H5,","H,",MAIN,Colorado,40.987272,-104.880697,"Colorado
(40.987272, -104.880697)"
Derailments,2015:04:BNSF:PR0415119,0,0,0,11814,1,1,0,ADAMS,4/24/2015 0:00,4:00,2015,2015,"E0HC,","BNSF,",7,"E0,","E,",YARD,Colorado,39.861798,-104.878613,"Colorado
(39.861798, -104.878613)"
Derailments,2012:05:BNSF:PR0512105,0,0,5000,41800,0,0,0,PLATTE,5/26/2012 0:00,14:15,2012,2012,"T111,","BNSF,",1,"T1,","T,",YARD,Wyoming,42.328032,-104.873483,"Wyoming
(42.328032, -104.873483)"
Other events,2016:05:UP:0516DV005,0,0,0,30877,0,0,0,LARAMIE,5/6/2016 0:00,15:15,2016,2016,"E79L,","UP,",1,"E7,","E,",MAIN,Wyoming,41.114498,-104.859973,"Wyoming
(41.114498, -104.859973)"
Derailments,2015:03:UP:0315DV023,0,0,31062,10030,0,0,0,DENVER,3/25/2015 0:00,18:30,2015,2015,"T110,","UP,",1,"T1,","T,",YARD,Colorado,39.768382,-104.85856,"Colorado
(39.768382, -104.85856)"
Derailments,2011:08:GWR:GWRCS11026,0,0,141980,4067,0,0,0,WELD,8/14/2011 0:00,14:00,2011,2011,"T314,H505,T311,","GWR,UP,",1,"T3,H5,T3,","T,H,T,",MAIN,Colorado,40.333649,-104.856324,"Colorado
(40.333649, -104.856324)"
Derailments,2015:03:UP:0315DV020,0,0,66720,1968,9,0,0,DOUGLAS,3/16/2015 0:00,1:00,2015,2015,"E53C,H305,","BNSF,UP,",1,"E5,H3,E5,","E,H,E,",MAIN,Colorado,39.189538,-104.856238,"Colorado
(39.189538, -104.856238)"
Fire/violent rupture,2014:07:UP:0714DV033,0,0,0,268908,0,0,0,WELD,7/25/2014 0:00,12:54,2014,2014,"E73L,","UP,",1,"E7,","E,",MAIN,Colorado,40.841381,-104.849419,"Colorado
(40.841381, -104.849419)"
Derailments,2014:03:UP:0314DV004,0,0,43674,11559,0,0,0,ADAMS,3/6/2014 0:00,23:00,2014,2014,"T110,","UP,",1,"T1,","T,",YARD,Colorado,39.767051,-104.841726,"Colorado
(39.767051, -104.841726)"
Derailments,2013:09:BNSF:PR0913102,0,0,10831,7600,26,0,0,LARAMIE,9/4/2013 0:00,9:50,2013,2013,"T311,","BNSF,",1,"T3,","T,",YARD,Wyoming,41.138135,-104.834553,"Wyoming
(41.138135, -104.834553)"
Other events,2012:10:BNSF:PR1012110,0,0,0,25000,0,0,0,LARAMIE,10/19/2012 0:00,13:00,2012,2013,"H997,","BNSF,",9,"H9,","H,",MAIN,Wyoming,41.133114,-104.832973,"Wyoming
(41.133114, -104.832973)"
Derailments,2012:09:UP:0912DV009,0,0,4640,35006,0,0,0,EL PASO,9/12/2012 0:00,17:50,2012,2012,"T314,","UP,",1,"T3,","T,",YARD,Colorado,38.829399,-104.830435,"Colorado
(38.829399, -104.830435)"
Derailments,2015:04:UP:0415DV007,0,0,548332,182892,0,0,0,EL PASO,4/12/2015 0:00,23:38,2015,2015,"T299,","BNSF,UP,",1,"T2,","T,",MAIN,Colorado,38.821478,-104.830133,"Colorado
(38.821478, -104.830133)"
Derailments,2015:04:UP:0415DV013,0,0,4561,7997,0,0,0,LARAMIE,4/25/2015 0:00,1:10,2015,2015,"H702,","UP,",1,"H7,","H,",YARD,Wyoming,41.126609,-104.821749,"Wyoming
(41.126609, -104.821749)"
Derailments,2016:02:UP:0216DV015,0,0,14263,22814,1,0,0,LARAMIE,2/20/2016 0:00,12:10,2016,2016,"H702,","UP,",7,"H7,","H,",YARD,Wyoming,41.126609,-104.821749,"Wyoming
(41.126609, -104.821749)"
Derailments,2012:06:BNSF:CO0612102,0,0,0,46504,16,0,0,PLATTE,6/7/2012 0:00,15:15,2012,2012,"M102,","BNSF,",1,"M1,","M,",MAIN,Wyoming,41.862664,-104.821632,"Wyoming
(41.862664, -104.821632)"
Derailments,2016:07:UP:0716DV010,0,0,18827,1000,0,0,0,LARAMIE,7/16/2016 0:00,10:15,2016,2016,"H702,","UP,",8,"H7,","H,",YARD,Wyoming,41.128157,-104.81791,"Wyoming
(41.128157, -104.81791)"
Highway-rail impact,2013:07:UP:0713DV011,0,0,0,28351,0,0,0,WELD,7/21/2013 0:00,16:00,2013,2013,"M304,","UP,",1,"M3,","M,",MAIN,Colorado,40.173908,-104.816065,"Colorado
(40.173908, -104.816065)"
Derailments,2013:12:XBMC:INDUSTRY,0,0,8858,1633,0,0,0,WELD,12/11/2013 0:00,17:35,2013,2014,"T199,","UP,",1,"T1,","T,",INDUSTRY,Colorado,40.080117,-104.80827,"Colorado
(40.080117, -104.80827)"
Derailments,2015:11:UP:1115DV001,0,0,5784,215000,0,0,0,HUERFANO,11/1/2015 0:00,14:51,2015,2016,"T110,E64C,","SLRG,UP,",1,"T1,E6,","T,E,",YARD,Colorado,37.618674,-104.7953,"Colorado
(37.618674, -104.7953)"
Derailments,2014:05:UP:0514DV007,0,0,40630,134825,98,6,1,WELD,5/9/2014 0:00,8:00,2014,2014,"T108,T001,","UP,",1,"T1,T0,","T,",MAIN,Colorado,40.337013,-104.783968,"Colorado
(40.337013, -104.783968)"
Derailments,2014:10:USA:INDUSTRY,0,0,6600,4482,0,0,0,EL PASO,10/26/2014 0:00,14:53,2014,2015,"H702,","UP,",1,"H7,","H,",INDUSTRY,Colorado,38.796626,-104.782338,"Colorado
(38.796626, -104.782338)"
Derailments,2012:09:BNSF:PR0912103,0,0,112837,502844,0,0,0,PLATTE,9/13/2012 0:00,7:19,2012,2012,"T207,","BNSF,",1,"T2,","T,",MAIN,Wyoming,42.296376,-104.781526,"Wyoming
(42.296376, -104.781526)"
Derailments,2014:12:BNSF:PR1214119,0,0,33679,2798,0,0,0,HUERFANO,12/30/2014 0:00,3:22,2014,2015,"H702,T311,","BNSF,UP,",1,"H7,T3,","H,T,",MAIN,Colorado,37.625806,-104.781255,"Colorado
(37.625806, -104.781255)"
Derailments,2011:06:UP:0611DV003,0,0,10093,250,0,0,0,EL PASO,6/3/2011 0:00,9:00,2011,2011,"H303,","UP,",8,"H3,","H,",INDUSTRY,Colorado,38.790954,-104.777792,"Colorado
(38.790954, -104.777792)"
Derailments,2011:09:UP:0911NP017,0,0,19,50787,0,0,0,NIOBRARA,9/19/2011 0:00,17:30,2011,2011,"M101,","UP,",4,"M1,","M,",MAIN,Wyoming,42.759796,-104.775034,"Wyoming
(42.759796, -104.775034)"
Derailments,2011:09:BNSF:MT0911103,0,0,148933,25079,0,0,0,DAWSON,9/24/2011 0:00,16:22,2011,2011,"T108,","BNSF,",7,"T1,","T,",YARD,Montana,47.10082,-104.773333,"Montana
(47.10082, -104.773333)"
Derailments,2013:09:UP:0913DV005,0,0,0,29256,0,0,0,EL PASO,9/17/2013 0:00,9:35,2013,2013,"T221,","UP,",1,"T2,","T,",INDUSTRY,Colorado,38.781732,-104.770346,"Colorado
(38.781732, -104.770346)"
Derailments,2015:03:BNSF:PR0315101,0,0,10500,9689,0,0,0,PLATTE,3/3/2015 0:00,21:05,2015,2015,"H702,","BNSF,",1,"H7,","H,",YARD,Wyoming,42.273355,-104.743035,"Wyoming
(42.273355, -104.743035)"
Derailments,2011:09:BNSF:PR0911104,0,0,2500,13620,0,0,0,PLATTE,9/26/2011 0:00,19:30,2011,2011,"E46C,","BNSF,",1,"E4,","E,",YARD,Wyoming,42.273075,-104.742716,"Wyoming
(42.273075, -104.742716)"
Derailments,2012:03:BNSF:CO0312100,0,0,21647,0,0,0,0,HUERFANO,3/4/2012 0:00,6:10,2012,2012,"M204,M202,","BNSF,",1,"M2,","M,",MAIN,Colorado,37.751652,-104.740885,"Colorado
(37.751652, -104.740885)"
Derailments,2015:07:BNSF:MT0715103,0,0,2389968,83000,49,3,0,ROOSEVELT,7/14/2015 0:00,17:30,2015,2015,"T109,","BNSF,",1,"T1,","T,",MAIN,Montana,48.146924,-104.739543,"Montana
(48.146924, -104.739543)"
Highway-rail impact,2012:08:UP:0812DV008,0,1,100,17146,0,0,0,WELD,8/18/2012 0:00,6:40,2012,2012,"M302,M304,","UP,",1,"M3,","M,",MAIN,Colorado,40.568278,-104.726822,"Colorado
(40.568278, -104.726822)"
Fire/violent rupture,2014:02:UP:0214NP030,0,0,0,82346,0,0,0,NIOBRARA,2/18/2014 0:00,5:30,2014,2014,"E74L,E71L,","UP,",1,"E7,","E,",MAIN,Wyoming,42.765132,-104.722613,"Wyoming
(42.765132, -104.722613)"
Derailments,2015:08:BNSF:PR0815102,0,0,0,43099,0,0,0,PLATTE,8/1/2015 0:00,4:10,2015,2015,"H307,H303,","BNSF,",8,"H3,","H,",YARD,Wyoming,42.26075,-104.716905,"Wyoming
(42.26075, -104.716905)"
Derailments,2015:11:BNSF:PR1115106,0,0,0,42213,0,0,0,PLATTE,11/21/2015 0:00,2:50,2015,2016,"H303,","BNSF,",8,"H3,","H,",YARD,Wyoming,42.260848,-104.716258,"Wyoming
(42.260848, -104.716258)"
Derailments,2012:12:BNSF:MT1212102,0,0,1000,9900,0,0,0,DAWSON,12/5/2012 0:00,20:54,2012,2013,"H704,","BNSF,",8,"H7,","H,",YARD,Montana,47.10594,-104.710957,"Montana
(47.10594, -104.710957)"
Derailments,2011:12:BNSF:MT1211101,0,0,5000,58000,0,0,0,DAWSON,12/3/2011 0:00,23:40,2011,2012,"H017,","BNSF,",8,"H0,","H,",YARD,Montana,47.1059,-104.7109,"Montana
(47.1059, -104.7109)"
Derailments,2014:07:UP:0714DV008,0,0,23290,842,0,0,0,WELD,7/7/2014 0:00,17:40,2014,2014,"H704,","UP,",7,"H7,","H,",YARD,Colorado,40.345047,-104.706295,"Colorado
(40.345047, -104.706295)"
Derailments,2016:08:BNSF:MT0816101,0,0,112000,246970,0,0,0,DAWSON,8/17/2016 0:00,5:50,2016,2016,"T212,","BNSF,",1,"T2,","T,",YARD,Montana,47.110976,-104.705949,"Montana
(47.110976, -104.705949)"
Derailments,2015:11:BNSF:MT1115105,0,0,100000,25000,0,0,0,DAWSON,11/21/2015 0:00,17:50,2015,2016,"H307,H702,","BNSF,",7,"H3,H7,","H,",YARD,Montana,47.111205,-104.705445,"Montana
(47.111205, -104.705445)"
Derailments,2011:08:UP:0811DV011,0,0,266,44831,0,0,0,WELD,8/15/2011 0:00,8:30,2011,2011,"H526,","UP,",1,"H5,","H,",YARD,Colorado,40.349493,-104.701946,"Colorado
(40.349493, -104.701946)"