AccidentType,inckey,Fatalities,Injuries,TrackDamage,EquipmentDamage,HazmatCars,HazmatCarsDerailed,HazmatCarsReleasing,County,DisplayDate,DisplayTime,calendar,Fiscal,AccidentCause,RailroadCodes,RAILEQUIPMENT_TYPE,CauseGroup,CauseDiscipline,TYPE_OF_TRACK,StateName,latitude,longitude,GeoLocation
Derailments,2013:12:UP:1213DV016,0,0,13000,67946,0,0,0,WELD,12/21/2013 0:00,3:30,2013,2014,"H524,H599,","UP,",1,"H5,","H,",YARD,Colorado,40.349558,-104.701885,"Colorado
(40.349558, -104.701885)"
Derailments,2014:07:UP:0714DV032,0,0,30340,215,0,0,0,WELD,7/31/2014 0:00,19:50,2014,2014,"T220,","UP,",1,"T2,","T,",YARD,Colorado,40.350714,-104.700657,"Colorado
(40.350714, -104.700657)"
Derailments,2011:07:BNSF:MT0711105,0,0,25976,35000,0,0,0,DAWSON,7/18/2011 0:00,1:15,2011,2011,"H607,H702,","BNSF,",8,"H6,H7,","H,",YARD,Montana,47.1,-104.7,"Montana
(47.1, -104.7)"
Derailments,2015:03:UP:0315DV021,0,0,82430,44903,2,0,0,WELD,3/23/2015 0:00,20:45,2015,2015,"E40C,","UP,",1,"E4,","E,",SIDING,Colorado,40.355888,-104.697861,"Colorado
(40.355888, -104.697861)"
Fire/violent rupture,2011:09:UP:0911ES003,0,0,129,12000,0,0,0,NIOBRARA,9/6/2011 0:00,14:10,2011,2011,"E99C,","UP,",NA,"E9,","E,",MAIN,Wyoming,42.772233,-104.693104,"Wyoming
(42.772233, -104.693104)"
Derailments,2015:05:BNSF:PR0515101,0,0,40000,340191,0,0,0,PLATTE,5/6/2015 0:00,24:01:00,2015,2015,"E65C,T308,","BNSF,",1,"E6,T3,","E,T,",YARD,Wyoming,42.256993,-104.680774,"Wyoming
(42.256993, -104.680774)"
Derailments,2015:01:UP:0115NP023,0,0,193111,9230,0,0,0,NIOBRARA,1/18/2015 0:00,23:20,2015,2015,"E53C,","UP,",1,"E5,","E,",MAIN,Wyoming,42.779404,-104.67831,"Wyoming
(42.779404, -104.67831)"
Derailments,2013:08:UP:0813NP018,0,0,9564,273340,7,0,0,LARAMIE,8/12/2013 0:00,1:40,2013,2013,"H526,","UP,",1,"H5,","H,",MAIN,Wyoming,41.154777,-104.672871,"Wyoming
(41.154777, -104.672871)"
Derailments,2015:07:BNSF:PR0715100,0,0,54771,5600,27,0,0,PUEBLO,7/1/2015 0:00,11:15,2015,2015,"T316,T111,","BNSF,",1,"T3,T1,","T,",YARD,Colorado,38.290208,-104.639927,"Colorado
(38.290208, -104.639927)"
Derailments,2015:08:BNSF:PR0815106,0,0,2138987,1751,0,0,0,EL PASO,8/10/2015 0:00,12:50,2015,2015,"E65C,","BNSF,",1,"E6,","E,",MAIN,Colorado,38.536808,-104.639314,"Colorado
(38.536808, -104.639314)"
Derailments,2013:05:BNSF:PR0513107,0,0,38810,86984,0,0,0,PUEBLO,5/8/2013 0:00,12:40,2013,2013,"T314,","BNSF,",1,"T3,","T,",YARD,Colorado,38.28067,-104.63616,"Colorado
(38.28067, -104.63616)"
Derailments,2015:11:XGRG:INDUSTRY,0,1,2000,44050,0,0,0,PUEBLO,11/15/2015 0:00,21:30,2015,2016,"H607,H303,","BNSF,",1,"H6,H3,","H,",INDUSTRY,Colorado,38.115787,-104.634915,"Colorado
(38.115787, -104.634915)"
Raking collision,2016:03:BNSF:PR0316103,0,0,0,10800,0,0,0,PUEBLO,3/9/2016 0:00,16:00,2016,2016,"H307,H302,","BNSF,",67,"H3,","H,",YARD,Colorado,38.281566,-104.634381,"Colorado
(38.281566, -104.634381)"
Derailments,2016:02:BNSF:PR0216109,0,0,0,13450,0,0,0,PUEBLO,2/9/2016 0:00,2:55,2016,2016,"H507,","BNSF,",7,"H5,","H,",YARD,Colorado,38.277246,-104.631522,"Colorado
(38.277246, -104.631522)"
Derailments,2015:10:UP:1015DV009,0,0,100,14156,0,0,0,PUEBLO,10/21/2015 0:00,14:10,2015,2016,"E39C,","UP,",7,"E3,","E,",YARD,Colorado,38.273081,-104.628748,"Colorado
(38.273081, -104.628748)"
Derailments,2012:09:BNSF:CO0912102,0,0,63587,14300,7,0,0,PUEBLO,9/9/2012 0:00,1:30,2012,2012,"M204,M201,","BNSF,",1,"M2,","M,",YARD,Colorado,38.27565,-104.62851,"Colorado
(38.27565, -104.62851)"
Derailments,2012:04:BNSF:CO0412105,0,0,2500,8800,0,0,0,PUEBLO,4/26/2012 0:00,23:00,2012,2012,"E39C,","BNSF,",1,"E3,","E,",MAIN,Colorado,38.04402,-104.628362,"Colorado
(38.04402, -104.628362)"
Derailments,2015:07:BNSF:PR0715110,0,0,2000,9690,29,0,0,PUEBLO,7/22/2015 0:00,21:36,2015,2015,"E35C,","BNSF,",1,"E3,","E,",YARD,Colorado,38.272198,-104.626103,"Colorado
(38.272198, -104.626103)"
Derailments,2014:07:BNSF:PR0714114,0,0,19920,22926,0,0,0,PUEBLO,7/19/2014 0:00,7:45,2014,2014,"T206,","BNSF,",7,"T2,","T,",YARD,Colorado,38.271281,-104.625052,"Colorado
(38.271281, -104.625052)"
Derailments,2015:01:BNSF:PR0115122,0,0,12000,9885,0,0,0,PUEBLO,1/31/2015 0:00,9:40,2015,2015,"H507,","BNSF,",7,"H5,","H,",YARD,Colorado,38.271281,-104.625052,"Colorado
(38.271281, -104.625052)"
Side collision,2015:12:BNSF:PR1215108,0,0,0,17500,0,0,0,PUEBLO,12/8/2015 0:00,19:20,2015,2016,"H018,","BNSF,",75,"H0,","H,",YARD,Colorado,38.272312,-104.624984,"Colorado
(38.272312, -104.624984)"
Derailments,2015:07:BNSF:PR0715122,0,0,7000,54453,15,0,0,PUEBLO,7/31/2015 0:00,15:22,2015,2015,"E35C,","BNSF,",16,"E3,","E,",YARD,Colorado,38.270714,-104.623335,"Colorado
(38.270714, -104.623335)"
Derailments,2012:11:BNSF:CO1112100,0,0,43179,35228,0,0,0,PUEBLO,11/1/2012 0:00,20:10,2012,2013,"T110,","BNSF,",7,"T1,","T,",YARD,Colorado,38.269404,-104.622268,"Colorado
(38.269404, -104.622268)"
Derailments,2011:09:BNSF:CO0911111,0,0,34010,25680,16,3,0,PUEBLO,9/26/2011 0:00,16:50,2011,2011,"T199,","BNSF,",7,"T1,","T,",YARD,Colorado,38.269238,-104.622096,"Colorado
(38.269238, -104.622096)"
Derailments,2013:08:BNSF:PR0813111,0,0,210580,36095,0,0,0,PUEBLO,8/25/2013 0:00,20:20,2013,2013,"T199,E34C,","BNSF,",7,"T1,E3,","T,E,",YARD,Colorado,38.268298,-104.620738,"Colorado
(38.268298, -104.620738)"
Derailments,2016:04:BNSF:PR0416106,0,0,12500,15620,0,0,0,PUEBLO,4/22/2016 0:00,20:45,2016,2016,"H504,","BNSF,",7,"H5,","H,",YARD,Colorado,38.268141,-104.620571,"Colorado
(38.268141, -104.620571)"
Highway-rail impact,2015:03:BNSF:PR0315200,0,1,0,28759,99,1,0,PUEBLO,3/13/2015 0:00,17:30,2015,2015,"M308,M304,","BNSF,",1,"M3,","M,",MAIN,Colorado,38.315882,-104.615673,"Colorado
(38.315882, -104.615673)"
Derailments,2011:12:UP:1211DV008,0,0,13058,1050,0,0,0,PUEBLO,12/19/2011 0:00,17:30,2011,2012,"T221,","UP,",7,"T2,","T,",YARD,Colorado,38.26098,-104.615108,"Colorado
(38.26098, -104.615108)"
Other events,2015:06:UP:0615NP019,0,0,797074,1072997,0,0,0,NIOBRARA,6/12/2015 0:00,15:30,2015,2015,"M103,","UP,",1,"M1,","M,",MAIN,Wyoming,42.78121,-104.611835,"Wyoming
(42.78121, -104.611835)"
Other events,2015:06:UP:0615NP020,0,0,821347,961461,0,0,0,NIOBRARA,6/13/2015 0:00,2:34,2015,2015,"M103,","UP,",1,"M1,","M,",MAIN,Wyoming,42.78121,-104.611835,"Wyoming
(42.78121, -104.611835)"
Derailments,2014:01:BNSF:PR0114115,0,0,500,11937,0,0,0,PUEBLO,1/30/2014 0:00,21:50,2014,2014,"H306,","BNSF,",7,"H3,","H,",YARD,Colorado,38.262951,-104.606876,"Colorado
(38.262951, -104.606876)"
Derailments,2015:02:BNSF:PR0215111,0,0,2500,16595,0,0,0,PUEBLO,2/27/2015 0:00,10:10,2015,2015,"M101,","BNSF,",1,"M1,","M,",YARD,Colorado,38.223517,-104.604167,"Colorado
(38.223517, -104.604167)"
Derailments,2012:11:CW:27112012,0,0,6181,11311,0,0,0,PUEBLO,11/4/2012 0:00,18:45,2012,2013,"E64C,T314,","CW,",7,"E6,T3,","E,T,",YARD,Colorado,38.232533,-104.602911,"Colorado
(38.232533, -104.602911)"
Derailments,2012:03:BNSF:CO0312104,0,0,21157,23050,11,0,0,PUEBLO,3/7/2012 0:00,3:40,2012,2012,"H503,","BNSF,",1,"H5,","H,",YARD,Colorado,38.264187,-104.602043,"Colorado
(38.264187, -104.602043)"
Derailments,2011:12:BNSF:CO1211111,0,0,12280,38800,1,1,0,PUEBLO,12/16/2011 0:00,7:30,2011,2012,"H503,","BNSF,",1,"H5,","H,",YARD,Colorado,38.269497,-104.601605,"Colorado
(38.269497, -104.601605)"
Derailments,2011:12:BNSF:CO1211113,0,0,6500,15900,2,0,0,PUEBLO,12/19/2011 0:00,2:55,2011,2012,"H305,","BNSF,",1,"H3,","H,",YARD,Colorado,38.269497,-104.601605,"Colorado
(38.269497, -104.601605)"
Derailments,2015:05:CW:15052015,0,0,10710,8041,0,0,0,PUEBLO,5/5/2015 0:00,14:15,2015,2015,"T110,","CW,",7,"T1,","T,",YARD,Colorado,38.230118,-104.599166,"Colorado
(38.230118, -104.599166)"
Derailments,2014:02:BNSF:PR0214103,0,0,1500,12063,0,0,0,PUEBLO,2/2/2014 0:00,1:01,2014,2014,"T111,","BNSF,",1,"T1,","T,",YARD,Colorado,38.26241,-104.5979,"Colorado
(38.26241, -104.5979)"
Derailments,2014:12:BNSF:MT1214103,0,0,1000,73372,18,0,0,ROOSEVELT,12/13/2014 0:00,6:43,2014,2015,"E69C,","BNSF,",1,"E6,","E,",MAIN,Montana,48.135224,-104.586408,"Montana
(48.135224, -104.586408)"
Derailments,2012:08:BNSF:MT0812101,0,0,314975,1085110,44,17,12,FALLON,8/5/2012 0:00,14:55,2012,2012,"T109,","BNSF,",1,"T1,","T,",MAIN,Montana,46.414927,-104.539419,"Montana
(46.414927, -104.539419)"
Derailments,2015:05:SW:SWC050515D,0,0,8703,2741,0,0,0,CHAVES,5/5/2015 0:00,13:15,2015,2015,"T001,","SW,",1,"T0,","T,",INDUSTRY,New Mexico,33.3872,-104.5281,"New Mexico
(33.3872, -104.5281)"
Derailments,2015:02:BNSF:MT0215108,0,0,500,119329,0,0,0,ROOSEVELT,2/23/2015 0:00,23:50,2015,2015,"H307,H303,","BNSF,",1,"H3,","H,",INDUSTRY,Montana,48.142773,-104.517647,"Montana
(48.142773, -104.517647)"
Obstruction impact,2016:03:BNSF:PR0316111,0,0,23000,500,0,0,0,LAS ANIMAS,3/21/2016 0:00,24:05:00,2016,2016,"H997,","BNSF,",9,"H9,","H,",YARD,Colorado,37.225211,-104.487834,"Colorado
(37.225211, -104.487834)"
Derailments,2012:06:BNSF:CO0612100,0,0,22000,5100,21,0,0,PUEBLO,6/2/2012 0:00,4:00,2012,2012,"E62C,","BNSF,",1,"E6,","E,",MAIN,Colorado,38.276364,-104.471421,"Colorado
(38.276364, -104.471421)"
Highway-rail impact,2016:06:BNSF:PR0616201,5,1,0,34658,0,0,0,LAS ANIMAS,6/26/2016 0:00,9:45,2016,2016,"M302,","ATK,BNSF,",2,"M3,","M,",MAIN,Colorado,37.216703,-104.464547,"Colorado
(37.216703, -104.464547)"
Derailments,2015:03:UP:0315NP022,0,0,697775,807465,0,0,0,NIOBRARA,3/12/2015 0:00,10:07,2015,2015,"T399,","UP,",1,"T3,","T,",MAIN,Wyoming,42.759483,-104.431198,"Wyoming
(42.759483, -104.431198)"
Derailments,2015:01:UP:0115NP012,0,0,49021,7771,0,0,0,NIOBRARA,1/8/2015 0:00,21:20,2015,2015,"E09C,E66C,","UP,",1,"E0,E6,","E,",MAIN,Wyoming,42.757513,-104.42406,"Wyoming
(42.757513, -104.42406)"
Head on collision,2015:04:SW:SWC42815DF,1,1,286000,2100000,0,0,0,CHAVES,4/28/2015 0:00,6:24,2015,2015,"H702,H499,","SW,",1,"H7,H4,","H,",SIDING,New Mexico,33.262048,-104.418854,"New Mexico
(33.262048, -104.418854)"
Derailments,2015:08:SW:SWC081815D,0,0,2710,75000,4,4,0,EDDY,8/18/2015 0:00,13:15,2015,2015,"H303,H307,","SW,",7,"H3,","H,",INDUSTRY,New Mexico,32.8428,-104.4122,"New Mexico
(32.8428, -104.4122)"
Derailments,2015:03:BNSF:PR0315113,0,0,1006916,2095828,0,0,0,WELD,3/22/2015 0:00,9:35,2015,2015,"E62C,","BNSF,",1,"E6,","E,",MAIN,Colorado,40.166135,-104.411064,"Colorado
(40.166135, -104.411064)"
Derailments,2015:07:BNSF:MT0715105,0,0,916857,1831011,106,22,5,ROOSEVELT,7/16/2015 0:00,17:54,2015,2015,"T109,","BNSF,",1,"T1,","T,",MAIN,Montana,48.143765,-104.380785,"Montana
(48.143765, -104.380785)"
Derailments,2014:11:UP:1114DV003,0,0,393394,49953,0,0,0,PUEBLO,11/3/2014 0:00,11:15,2014,2015,"E53C,","BNSF,UP,",1,"E5,","E,",MAIN,Colorado,38.266478,-104.369737,"Colorado
(38.266478, -104.369737)"
Fire/violent rupture,2014:01:UP:0114NP014,0,0,0,81273,10,0,0,LARAMIE,1/16/2014 0:00,6:20,2014,2014,"E73L,","UP,",1,"E7,","E,",MAIN,Wyoming,41.195709,-104.354076,"Wyoming
(41.195709, -104.354076)"
Derailments,2014:03:UP:0314NP024,0,0,10000,87112,0,0,0,NIOBRARA,3/21/2014 0:00,24:57:00,2014,2014,"H307,H601,","UP,",1,"H3,H6,","H,",SIDING,Wyoming,42.728682,-104.330761,"Wyoming
(42.728682, -104.330761)"
Fire/violent rupture,2013:03:UP:0313NP016,0,0,0,66353,0,0,0,LARAMIE,3/18/2013 0:00,8:00,2013,2013,"E72L,","UP,",1,"E7,","E,",MAIN,Wyoming,41.190369,-104.316334,"Wyoming
(41.190369, -104.316334)"
Fire/violent rupture,2013:04:UP:0413NP005,0,0,0,19748,0,0,0,LARAMIE,4/8/2013 0:00,3:00,2013,2013,"E73L,","UP,",1,"E7,","E,",MAIN,Wyoming,41.190369,-104.316334,"Wyoming
(41.190369, -104.316334)"
Highway-rail impact,2012:01:BNSF:MT0112200,0,3,600000,2061770,9,2,0,ROOSEVELT,1/17/2012 0:00,13:15,2012,2012,"M302,M304,","BNSF,",1,"M3,","M,",MAIN,Montana,48.150644,-104.289799,"Montana
(48.150644, -104.289799)"
Derailments,2013:04:BNSF:SW0413101,0,0,1722307,1591640,0,0,0,DE BACA,4/17/2013 0:00,16:05,2013,2013,"T108,H993,","BNSF,",1,"T1,H9,","T,H,",MAIN,New Mexico,34.467459,-104.278263,"New Mexico
(34.467459, -104.278263)"
Derailments,2015:08:SW:SWC826152D,0,0,0,12500,0,0,0,EDDY,8/26/2015 0:00,13:30,2015,2015,"H306,T299,","SW,",1,"H3,T2,","H,T,",INDUSTRY,New Mexico,32.4991,-104.2634,"New Mexico
(32.4991, -104.2634)"
Derailments,2013:03:BNSF:SW0313111,0,0,314600,1266979,0,0,0,DE BACA,3/23/2013 0:00,18:10,2013,2013,"M105,","BNSF,",1,"M1,","M,",MAIN,New Mexico,34.481676,-104.251528,"New Mexico
(34.481676, -104.251528)"
Derailments,2014:11:SW:111614,0,0,89500,11110,0,0,0,EDDY,11/16/2014 0:00,7:30,2014,2015,"T314,T319,","SW,",1,"T3,","T,",YARD,New Mexico,32.4119,-104.2364,"New Mexico
(32.4119, -104.2364)"
Derailments,2015:06:SW:SWC060815D,0,0,7568,17814,0,0,0,EDDY,6/8/2015 0:00,24:50:00,2015,2015,"T199,","SW,",7,"T1,","T,",YARD,New Mexico,32.4119,-104.2364,"New Mexico
(32.4119, -104.2364)"
Highway-rail impact,2011:07:BNSF:MT0711201,0,0,33741,13291,22,0,0,ROOSEVELT,7/16/2011 0:00,17:25,2011,2011,"M308,","BNSF,",1,"M3,","M,",MAIN,Montana,48.142685,-104.219155,"Montana
(48.142685, -104.219155)"
Derailments,2014:04:BNSF:MT0414109,0,2,484879,111003,0,0,0,ROOSEVELT,4/28/2014 0:00,15:35,2014,2014,"T001,T102,","ATK,BNSF,",2,"T0,T1,T0,T1,","T,",MAIN,Montana,48.141953,-104.217391,"Montana
(48.141953, -104.217391)"
Derailments,2013:11:BNSF:PR1113104,0,0,100670,6026,0,0,0,WESTON,11/11/2013 0:00,18:48,2013,2014,"E61C,","BNSF,",1,"E6,","E,",MAIN,Wyoming,43.85351,-104.205666,"Wyoming
(43.85351, -104.205666)"
Derailments,2011:11:SW:SW1101D,0,0,11000,528000,0,0,0,CHAVES,11/18/2011 0:00,20:00,2011,2012,"H020,H318,","SW,",1,"H0,H3,","H,",SIDING,New Mexico,33.610525,-104.191033,"New Mexico
(33.610525, -104.191033)"
Derailments,2015:07:BNSF:PR0715111,0,0,15748,382273,0,0,0,WESTON,7/24/2015 0:00,20:32,2015,2015,"M105,","BNSF,",1,"M1,","M,",MAIN,Wyoming,43.841496,-104.178004,"Wyoming
(43.841496, -104.178004)"
Derailments,2012:08:UP:0812NP024,0,0,80986,11695,0,0,0,NIOBRARA,8/27/2012 0:00,1:15,2012,2012,"E62C,","UP,",1,"E6,","E,",MAIN,Wyoming,42.683435,-104.173931,"Wyoming
(42.683435, -104.173931)"
Highway-rail impact,2011:08:BNSF:MT0811200,0,1,600,45100,0,0,0,WIBAUX,8/4/2011 0:00,19:00,2011,2011,"M302,M304,","BNSF,",1,"M3,","M,",MAIN,Montana,46.982136,-104.150692,"Montana
(46.982136, -104.150692)"
Derailments,2015:10:BNSF:MT1015100,0,0,207335,3884,1,1,0,RICHLAND,10/7/2015 0:00,16:50,2015,2016,"H607,H702,","BNSF,",1,"H6,H7,","H,",YARD,Montana,47.71835,-104.13965,"Montana
(47.71835, -104.13965)"
Derailments,2015:07:BNSF:SW0715105,0,0,462716,120000,0,0,0,DE BACA,7/20/2015 0:00,18:55,2015,2015,"M105,","BNSF,",1,"M1,","M,",MAIN,New Mexico,34.44471,-104.122322,"New Mexico
(34.44471, -104.122322)"
Derailments,2011:11:DME:229170,0,0,6650,17390,0,0,0,CROOK,11/17/2011 0:00,3:38,2011,2012,"T219,","DME,",1,"T2,","T,",MAIN,Wyoming,44.842455,-104.122015,"Wyoming
(44.842455, -104.122015)"
Highway-rail impact,2012:08:UP:0812NP007,0,0,0,24556,0,0,0,LARAMIE,8/7/2012 0:00,11:36,2012,2012,"M308,","UP,",1,"M3,","M,",MAIN,Wyoming,41.311035,-104.109963,"Wyoming
(41.311035, -104.109963)"
Fire/violent rupture,2014:02:UP:0214NP029,0,0,0,80345,0,0,0,GOSHEN,2/15/2014 0:00,22:24,2014,2014,"E79L,","UP,",1,"E7,","E,",MAIN,Wyoming,42.461081,-104.105391,"Wyoming
(42.461081, -104.105391)"
Derailments,2015:07:UP:0715NP013,0,0,717542,1749910,0,0,0,GOSHEN,7/24/2015 0:00,13:45,2015,2015,"T205,","UP,",1,"T2,","T,",MAIN,Wyoming,42.335385,-104.099353,"Wyoming
(42.335385, -104.099353)"
Derailments,2012:06:BNSF:MT0612105,0,0,288360,123872,9,0,0,ROOSEVELT,6/25/2012 0:00,12:25,2012,2012,"M204,","BNSF,",1,"M2,","M,",MAIN,Montana,48.038582,-104.097664,"Montana
(48.038582, -104.097664)"
Derailments,2013:07:BNSF:PR0713102,0,0,863424,13544,0,0,0,WESTON,7/8/2013 0:00,2:30,2013,2013,"M103,","BNSF,",1,"M1,","M,",MAIN,Wyoming,43.628593,-104.08115,"Wyoming
(43.628593, -104.08115)"
Fire/violent rupture,2012:01:UP:0112NP020,0,0,0,29160,0,0,0,LARAMIE,1/29/2012 0:00,10:37,2012,2012,"M406,","UP,",1,"M4,","M,",MAIN,Wyoming,41.181009,-104.075838,"Wyoming
(41.181009, -104.075838)"
Derailments,2014:07:BNSF:PR0714102,0,0,503109,1525003,0,0,0,WESTON,7/13/2014 0:00,19:45,2014,2014,"T109,","BNSF,",1,"T1,","T,",MAIN,Wyoming,43.581471,-104.067538,"Wyoming
(43.581471, -104.067538)"
Other events,2011:12:UP:1211NP010,0,0,105510,4958,0,0,0,GOSHEN,12/9/2011 0:00,3:20,2011,2012,"E54C,","UP,",1,"E5,","E,",MAIN,Wyoming,42.178784,-104.066243,"Wyoming
(42.178784, -104.066243)"
Derailments,2015:07:BNSF:PR0715115,0,0,298949,594630,0,0,0,CUSTER,7/29/2015 0:00,17:57,2015,2015,"T109,","BNSF,",1,"T1,","T,",MAIN,South Dakota,43.518915,-104.035073,"South Dakota
(43.518915, -104.035073)"
Derailments,2012:04:MUSQ:INDUSTRY,0,0,300,37008,100,3,0,RICHLAND,4/4/2012 0:00,19:00,2012,2012,"H704,","BNSF,",1,"H7,","H,",INDUSTRY,Montana,47.924151,-104.031776,"Montana
(47.924151, -104.031776)"
Other events,2014:08:UP:0814ST014,0,0,258201,0,0,0,0,QUAY,8/9/2014 0:00,22:49,2014,2014,"E71L,","UP,",1,"E7,","E,",MAIN,New Mexico,35.105737,-104.030593,"New Mexico
(35.105737, -104.030593)"
Derailments,2012:01:YSVR:D630212,0,0,22000,5200,3,3,0,RICHLAND,1/15/2012 0:00,23:20,2012,2012,"H702,","YSVR,",1,"H7,","H,",MAIN,Montana,47.551511,-104.01557,"Montana
(47.551511, -104.01557)"
Fire/violent rupture,2014:04:UP:0414NP021,0,0,0,27587,0,0,0,SCOTTS BLUFF,4/15/2014 0:00,18:32,2014,2014,"E72L,","UP,",1,"E7,","E,",MAIN,Nebraska,42.000584,-104.002681,"Nebraska
(42.000584, -104.002681)"
Highway-rail impact,2013:07:BNSF:MT0713202,1,2,0,145138,0,0,0,WILLIAMS,7/29/2013 0:00,19:30,2013,2013,"M302,","ATK,BNSF,",2,"M3,","M,",MAIN,North Dakota,48.005317,-103.954069,"North Dakota
(48.005317, -103.954069)"
Derailments,2015:12:BNSF:SW1215102,0,0,60000,326445,0,0,0,ROOSEVELT,12/26/2015 0:00,20:00,2015,2016,"M105,","BNSF,",1,"M1,","M,",MAIN,New Mexico,34.450135,-103.942119,"New Mexico
(34.450135, -103.942119)"
Derailments,2014:09:UP:0914NP016,0,0,11659,18936,0,0,0,SCOTTS BLUFF,9/20/2014 0:00,23:58,2014,2014,"H307,H209,","UP,",8,"H3,H2,","H,",MAIN,Nebraska,41.931866,-103.889192,"Nebraska
(41.931866, -103.889192)"
Other events,2012:06:BNSF:PR0612107,0,0,25000,0,0,0,0,SCOTTS BLUFF,6/23/2012 0:00,16:00,2012,2012,"H607,H705,","BNSF,",1,"H6,H7,","H,",MAIN,Nebraska,41.957876,-103.87339,"Nebraska
(41.957876, -103.87339)"
Other events,2015:11:UP:1115NP012,0,0,10911,139,0,0,0,SCOTTS BLUFF,11/19/2015 0:00,17:52,2015,2016,"E86C,","UP,",1,"E8,","E,",YARD,Nebraska,41.930378,-103.856071,"Nebraska
(41.930378, -103.856071)"
Derailments,2014:11:UP:1114DV014,0,0,108763,47136,0,0,0,ELBERT,11/13/2014 0:00,5:25,2014,2015,"T202,","UP,",1,"T2,","T,",MAIN,Colorado,39.334752,-103.841167,"Colorado
(39.334752, -103.841167)"
Rear end collision,2015:01:BNSF:PR0115106,0,0,500,60000,0,0,0,FALL RIVER,1/9/2015 0:00,17:05,2015,2015,"H018,","BNSF,",87,"H0,","H,",YARD,South Dakota,43.298756,-103.823242,"South Dakota
(43.298756, -103.823242)"
Derailments,2012:06:UP:0612DV009,0,0,181951,1567963,0,0,0,LINCOLN,6/15/2012 0:00,23:47,2012,2012,"E54C,","UP,",1,"E5,","E,",MAIN,Colorado,39.291454,-103.797647,"Colorado
(39.291454, -103.797647)"
Fire/violent rupture,2016:02:UP:0216NP010,0,0,0,109151,0,0,0,KIMBALL,2/9/2016 0:00,11:30,2016,2016,"E79L,","UP,",1,"E7,","E,",MAIN,Nebraska,41.229402,-103.78442,"Nebraska
(41.229402, -103.78442)"
Highway-rail impact,2013:11:BNSF:PR1113201,0,0,0,28357,0,0,0,OTERO,11/26/2013 0:00,16:10,2013,2014,"M302,","BNSF,",1,"M3,","M,",MAIN,Colorado,38.078713,-103.784268,"Colorado
(38.078713, -103.784268)"
Derailments,2016:08:SW:SWC082416D,0,2,117000,450000,0,0,0,ROOSEVELT,8/24/2016 0:00,18:15,2016,2016,"T215,","SW,",1,"T2,","T,",MAIN,New Mexico,33.8423,-103.7719,"New Mexico
(33.8423, -103.7719)"
Other events,2012:07:UP:0712NP004,0,0,0,55537,0,0,0,SCOTTS BLUFF,7/7/2012 0:00,16:40,2012,2012,"E21C,","UP,",1,"E2,","E,",MAIN,Nebraska,41.848661,-103.683257,"Nebraska
(41.848661, -103.683257)"
Derailments,2014:10:FVFZ:INDUSTRY,0,0,20000,62182,0,0,0,KIMBALL,10/2/2014 0:00,3:32,2014,2015,"T210,T001,","UP,",1,"T2,T0,","T,",INDUSTRY,Nebraska,41.238774,-103.658895,"Nebraska
(41.238774, -103.658895)"
Derailments,2014:12:BNSF:PR1214103,0,0,1000,31520,0,0,0,SCOTTS BLUFF,12/15/2014 0:00,22:01,2014,2015,"H307,H302,","BNSF,",1,"H3,","H,",MAIN,Nebraska,41.853182,-103.650003,"Nebraska
(41.853182, -103.650003)"
Derailments,2013:12:BNSF:PR1213109,0,0,8000,13446,0,0,0,SCOTTS BLUFF,12/16/2013 0:00,16:10,2013,2014,"H307,H702,","BNSF,",7,"H3,H7,","H,",YARD,Nebraska,41.850972,-103.64288,"Nebraska
(41.850972, -103.64288)"
Other events,2014:03:BNSF:PR0314111,0,0,15000,0,0,0,0,SCOTTS BLUFF,3/8/2014 0:00,14:30,2014,2014,"H524,","BNSF,",8,"H5,","H,",MAIN,Nebraska,41.849309,-103.637519,"Nebraska
(41.849309, -103.637519)"
Derailments,2012:05:BNSF:CO0512101,0,0,85000,6750,37,1,0,MORGAN,5/3/2012 0:00,3:40,2012,2012,"M409,","BNSF,",1,"M4,","M,",MAIN,Colorado,40.253858,-103.624326,"Colorado
(40.253858, -103.624326)"
Derailments,2015:09:BNSF:PR0915108,0,0,3000,17961,0,0,0,MORGAN,9/16/2015 0:00,11:30,2015,2015,"T303,","BNSF,",7,"T3,","T,",YARD,Colorado,40.254528,-103.614784,"Colorado
(40.254528, -103.614784)"
Other impacts,2013:01:BNSF:PR0113116,0,0,0,22350,0,0,0,SCOTTS BLUFF,1/27/2013 0:00,10:10,2013,2013,"H601,","BNSF,",1,"H6,","H,",MAIN,Nebraska,41.842104,-103.614279,"Nebraska
(41.842104, -103.614279)"
Derailments,2015:02:BNSF:MT0215105,0,0,130521,3000,0,0,0,WILLIAMS,2/18/2015 0:00,21:35,2015,2015,"H605,H702,","BNSF,",1,"H6,H7,","H,",MAIN,North Dakota,48.142997,-103.607234,"North Dakota
(48.142997, -103.607234)"
Derailments,2015:12:BNSF:SW1215103,0,0,60000,34992,0,0,0,CURRY,12/27/2015 0:00,1:38,2015,2016,"M105,","BNSF,",1,"M1,","M,",MAIN,New Mexico,34.420594,-103.579633,"New Mexico
(34.420594, -103.579633)"
Derailments,2011:08:DME:227843,0,0,87121,67096,0,0,0,MEADE,8/25/2011 0:00,15:15,2011,2011,"T109,","DME,",1,"T1,","T,",MAIN,South Dakota,44.422253,-103.55216,"South Dakota
(44.422253, -103.55216)"
Derailments,2014:03:BNSF:PR0314108,0,0,9500,18779,0,0,0,OTERO,3/24/2014 0:00,11:04,2014,2014,"H506,T111,","BNSF,",1,"H5,T1,","H,T,",YARD,Colorado,37.988486,-103.545326,"Colorado
(37.988486, -103.545326)"