AccidentType,inckey,Fatalities,Injuries,TrackDamage,EquipmentDamage,HazmatCars,HazmatCarsDerailed,HazmatCarsReleasing,County,DisplayDate,DisplayTime,calendar,Fiscal,AccidentCause,RailroadCodes,RAILEQUIPMENT_TYPE,CauseGroup,CauseDiscipline,TYPE_OF_TRACK,StateName,latitude,longitude,GeoLocation
Highway-rail impact,2012:02:BNSF:MT0212201,0,1,0,80000,0,0,0,WILLIAMS,2/7/2012 0:00,9:55,2012,2012,"M302,","BNSF,",1,"M3,","M,",MAIN,North Dakota,48.197873,-103.511257,"North Dakota
(48.197873, -103.511257)"
Highway-rail impact,2012:04:BNSF:MT0412200,0,1,0,48000,0,0,0,WILLIAMS,4/6/2012 0:00,11:55,2012,2012,"M302,","BNSF,",1,"M3,","M,",MAIN,North Dakota,48.197873,-103.511257,"North Dakota
(48.197873, -103.511257)"
Derailments,2016:04:BNSF:PR0416104,0,0,5000,105340,0,0,0,SCOTTS BLUFF,4/14/2016 0:00,24:08:00,2016,2016,"H307,H702,","BNSF,",1,"H3,H7,","H,",SIDING,Nebraska,41.807658,-103.503475,"Nebraska
(41.807658, -103.503475)"
Obstruction impact,2012:03:UP:0312FW022,0,0,19,88265,1,0,0,REEVES,3/26/2012 0:00,8:20,2012,2012,"M402,","UP,",1,"M4,","M,",MAIN,Texas,31.426869,-103.49914,"Texas
(31.426869, -103.49914)"
Derailments,2016:06:SW:SWC061616D,0,0,30120,9000,0,0,0,ROOSEVELT,6/16/2016 0:00,14:55,2016,2016,"T220,","SW,",1,"T2,","T,",SIDING,New Mexico,34.0754,-103.4925,"New Mexico
(34.0754, -103.4925)"
Obstruction impact,2016:03:TXPF:03112016,0,0,0,24079,0,0,0,BREWSTER,3/11/2016 0:00,24:20:00,2016,2016,"H997,H699,","TXPF,",NA,"H9,H6,H9,H6,","H,",YARD,Texas,30.566882,-103.487505,"Texas
(30.566882, -103.487505)"
Derailments,2014:05:UP:0514NP006,0,0,41641,4000,0,0,0,MORGAN,5/5/2014 0:00,13:30,2014,2014,"E53C,","BNSF,UP,",1,"E5,","E,",MAIN,Colorado,40.402679,-103.4782,"Colorado
(40.402679, -103.4782)"
Highway-rail impact,2012:07:UP:0712FW014,0,1,0,16016,0,0,0,WARD,7/16/2012 0:00,13:30,2012,2012,"M304,","UP,",1,"M3,","M,",MAIN,Texas,31.443179,-103.445783,"Texas
(31.443179, -103.445783)"
Derailments,2012:06:UP:0612NP030,0,0,225192,1351430,0,0,0,WASHINGTON,6/23/2012 0:00,15:50,2012,2012,"T109,","BNSF,UP,",1,"T1,","T,",MAIN,Colorado,40.43149,-103.431446,"Colorado
(40.43149, -103.431446)"
Other events,2013:03:BNSF:PR0313103,0,0,23000,0,0,0,0,DAWES,3/6/2013 0:00,15:15,2013,2013,"H705,","BNSF,",1,"H7,","H,",MAIN,Nebraska,42.7231,-103.427059,"Nebraska
(42.7231, -103.427059)"
Other events,2015:08:BNSF:PR0815100,0,0,97000,0,0,0,0,DAWES,8/1/2015 0:00,17:35,2015,2015,"H604,H702,","BNSF,",1,"H6,H7,","H,",MAIN,Nebraska,42.7231,-103.427059,"Nebraska
(42.7231, -103.427059)"
Derailments,2015:02:UP:0215NP021,0,0,336587,1385088,0,0,0,SCOTTS BLUFF,2/11/2015 0:00,11:40,2015,2015,"E62C,","UP,",1,"E6,","E,",MAIN,Nebraska,41.723854,-103.417687,"Nebraska
(41.723854, -103.417687)"
Highway-rail impact,2013:03:UP:0313ST006,1,0,20401,5580,0,0,0,QUAY,3/7/2013 0:00,9:53,2013,2013,"M308,","UP,",1,"M3,","M,",MAIN,New Mexico,35.345713,-103.409533,"New Mexico
(35.345713, -103.409533)"
Highway-rail impact,2014:08:UP:0814FW003,0,1,108036,843836,14,0,0,WARD,8/3/2014 0:00,14:34,2014,2014,"M302,","UP,",1,"M3,","M,",MAIN,Texas,31.464042,-103.370552,"Texas
(31.464042, -103.370552)"
Rear end collision,2013:02:BNSF:PR0213101,0,0,0,104000,0,0,0,DAWES,2/7/2013 0:00,9:22,2013,2013,"H605,","BNSF,",81,"H6,","H,",MAIN,Nebraska,42.629609,-103.354396,"Nebraska
(42.629609, -103.354396)"
Derailments,2013:06:TNMR:TN060113,0,0,191652,46150,75,6,0,LEA,6/1/2013 0:00,11:45,2013,2013,"H702,H302,","TNMR,",1,"H7,H3,","H,",MAIN,New Mexico,32.939931,-103.344346,"New Mexico
(32.939931, -103.344346)"
Highway-rail impact,2012:08:UP:0812FW002,0,2,330,66920,10,0,0,WARD,8/1/2012 0:00,19:10,2012,2012,"M304,M303,","UP,",1,"M3,","M,",MAIN,Texas,31.475131,-103.330482,"Texas
(31.475131, -103.330482)"
Derailments,2016:06:UP:0616NP021,0,0,0,19057,0,0,0,LOGAN,6/24/2016 0:00,13:10,2016,2016,"M299,","UP,",4,"M2,","M,",MAIN,Colorado,40.500832,-103.327391,"Colorado
(40.500832, -103.327391)"
Derailments,2016:01:ZCSM:INDUSTRY,0,0,15000,56000,106,0,0,WILLIAMS,1/7/2016 0:00,4:50,2016,2016,"H702,","BNSF,",1,"H7,","H,",INDUSTRY,North Dakota,48.285267,-103.314284,"North Dakota
(48.285267, -103.314284)"
Derailments,2012:08:TNMR:TN08142012,0,0,18689,8700,0,0,0,LEA,8/14/2012 0:00,13:24,2012,2012,"T110,","TNMR,",1,"T1,","T,",MAIN,New Mexico,32.875101,-103.29381,"New Mexico
(32.875101, -103.29381)"
Highway-rail impact,2016:03:TXPF:03082016,0,0,0,0,0,0,0,PECOS,3/8/2016 0:00,12:30,2016,2016,"M302,","TXPF,",1,"M3,","M,",MAIN,Texas,30.639652,-103.259747,"Texas
(30.639652, -103.259747)"
Highway-rail impact,2012:09:UP:0912FW002,0,1,500,20598,0,0,0,WARD,9/10/2012 0:00,11:15,2012,2012,"M302,","UP,",1,"M3,","M,",MAIN,Texas,31.502496,-103.231254,"Texas
(31.502496, -103.231254)"
Highway-rail impact,2012:06:UP:0612FW023,0,1,0,228011,3,0,0,WARD,6/22/2012 0:00,8:30,2012,2012,"M302,","UP,",1,"M3,","M,",MAIN,Texas,31.502456,-103.231244,"Texas
(31.502456, -103.231244)"
Highway-rail impact,2012:11:UP:1112FW024,0,1,0,14879,8,0,0,WARD,11/24/2012 0:00,24:50:00,2012,2013,"M304,M308,","UP,",1,"M3,","M,",MAIN,Texas,31.502508,-103.231225,"Texas
(31.502508, -103.231225)"
Derailments,2014:09:RCPE:RCP623914D,0,0,10000,75000,0,0,0,PENNINGTON,9/4/2014 0:00,14:00,2014,2014,"T314,","RCPE,",1,"T3,","T,",YARD,South Dakota,44.080543,-103.231014,"South Dakota
(44.080543, -103.231014)"
Derailments,2013:10:BNSF:SW1013105,0,0,32000,24329,0,0,0,CURRY,10/14/2013 0:00,10:20,2013,2014,"E69C,","BNSF,",1,"E6,","E,",YARD,New Mexico,34.398806,-103.227012,"New Mexico
(34.398806, -103.227012)"
Derailments,2012:02:BNSF:SW0212100,0,0,8400,39986,2,0,0,CURRY,2/6/2012 0:00,4:00,2012,2012,"H607,H702,","BNSF,",1,"H6,H7,","H,",YARD,New Mexico,34.398536,-103.223534,"New Mexico
(34.398536, -103.223534)"
Derailments,2014:01:BNSF:SW0114105,0,0,4100,27028,0,0,0,CURRY,1/19/2014 0:00,11:20,2014,2014,"H503,","BNSF,",7,"H5,","H,",YARD,New Mexico,34.398587,-103.223533,"New Mexico
(34.398587, -103.223533)"
Derailments,2014:07:BNSF:SW0714102,0,0,1000,157094,14,0,0,CURRY,7/16/2014 0:00,3:35,2014,2014,"H607,H702,","BNSF,",17,"H6,H7,H6,H7,","H,",YARD,New Mexico,34.398587,-103.223522,"New Mexico
(34.398587, -103.223522)"
Other impacts,2015:02:BNSF:SW0215112,0,0,0,13356,0,0,0,CURRY,2/27/2015 0:00,23:13,2015,2015,"H307,H702,","BNSF,",7,"H3,H7,","H,",YARD,New Mexico,34.398587,-103.223522,"New Mexico
(34.398587, -103.223522)"
Derailments,2016:01:BNSF:SW0116101,0,0,680151,63661,1,0,0,CURRY,1/16/2016 0:00,15:45,2016,2016,"H607,H702,","BNSF,",1,"H6,H7,","H,",YARD,New Mexico,34.397991,-103.219643,"New Mexico
(34.397991, -103.219643)"
Derailments,2015:01:BNSF:PR0115117,0,0,383414,8000,0,0,0,BOX BUTTE,1/26/2015 0:00,22:46,2015,2015,"E61C,","BNSF,",1,"E6,","E,",MAIN,Nebraska,42.404605,-103.216319,"Nebraska
(42.404605, -103.216319)"
Other impacts,2015:04:BNSF:SW0415108,0,0,0,16850,1,1,0,CURRY,4/17/2015 0:00,17:30,2015,2015,"H018,","BNSF,",7,"H0,","H,",YARD,New Mexico,34.397933,-103.213051,"New Mexico
(34.397933, -103.213051)"
Derailments,2013:11:BNSF:SW1113110,0,0,29000,38400,0,0,0,CURRY,11/8/2013 0:00,1:45,2013,2014,"H607,H702,","BNSF,",7,"H6,H7,","H,",YARD,New Mexico,34.39714,-103.21252,"New Mexico
(34.39714, -103.21252)"
Derailments,2014:12:BNSF:SW1214103,0,0,156969,11900,0,0,0,CURRY,12/9/2014 0:00,11:50,2014,2015,"H607,H702,","BNSF,",7,"H6,H7,","H,",YARD,New Mexico,34.4125,-103.204611,"New Mexico
(34.4125, -103.204611)"
Derailments,2014:09:BNSF:SW0914105,0,0,96000,9277,24,0,0,CURRY,9/16/2014 0:00,23:30,2014,2014,"H704,","BNSF,",1,"H7,","H,",YARD,New Mexico,34.396839,-103.1956,"New Mexico
(34.396839, -103.1956)"
Derailments,2016:05:BNSF:PR0516101,0,0,11200,10018,3,3,0,LOGAN,5/3/2016 0:00,14:55,2016,2016,"H318,","BNSF,",7,"H3,","H,",YARD,Colorado,40.641495,-103.192136,"Colorado
(40.641495, -103.192136)"
Derailments,2015:06:RCPE:RCP761115D,0,0,5000,10000,0,0,0,PENNINGTON,6/23/2015 0:00,24:00:00,2015,2015,"T001,","RCPE,",7,"T0,","T,",YARD,South Dakota,44.062762,-103.191366,"South Dakota
(44.062762, -103.191366)"
Derailments,2013:12:CP:239587,0,0,94976,475311,0,0,0,MEADE,12/19/2013 0:00,24:30:00,2013,2014,"T207,","CP,",1,"T2,","T,",MAIN,South Dakota,44.09166,-103.18522,"South Dakota
(44.09166, -103.18522)"
Derailments,2012:06:BNSF:PR0612101,0,0,10000,10800,6,0,0,LOGAN,6/8/2012 0:00,12:01,2012,2012,"H307,H211,","BNSF,",1,"H3,H2,","H,",YARD,Colorado,40.662705,-103.176618,"Colorado
(40.662705, -103.176618)"
Derailments,2013:03:BNSF:PR0313100,0,0,244000,1262438,0,0,0,LOGAN,3/2/2013 0:00,8:35,2013,2013,"E71L,","BNSF,",1,"E7,","E,",MAIN,Colorado,40.662705,-103.176618,"Colorado
(40.662705, -103.176618)"
Derailments,2013:01:TNMR:TN011313,0,0,13450,841,0,0,0,LEA,1/13/2013 0:00,10:28,2013,2013,"T111,","TNMR,",1,"T1,","T,",INDUSTRY,New Mexico,32.733426,-103.154848,"New Mexico
(32.733426, -103.154848)"
Derailments,2011:10:BNSF:PR1011103,0,0,39724,344673,0,0,0,LOGAN,10/26/2011 0:00,11:15,2011,2012,"T212,","BNSF,",1,"T2,","T,",SIDING,Colorado,40.929001,-103.148992,"Colorado
(40.929001, -103.148992)"
Derailments,2011:12:TNMR:TNMR122211,0,0,3440,7770,1,1,0,LEA,12/22/2011 0:00,18:20,2011,2012,"T221,","TNMR,",1,"T2,","T,",MAIN,New Mexico,32.69543,-103.143714,"New Mexico
(32.69543, -103.143714)"
Derailments,2014:03:BNSF:SW0314101,0,0,60000,63979,3,3,0,CURRY,3/13/2014 0:00,21:20,2014,2014,"H221,","BNSF,",1,"H2,","H,",YARD,New Mexico,34.39356,-103.143296,"New Mexico
(34.39356, -103.143296)"
Derailments,2012:10:TNMR:TN10222012,0,0,11014,134920,0,0,0,LEA,10/22/2012 0:00,4:00,2012,2013,"H318,","TNMR,",1,"H3,","H,",MAIN,New Mexico,32.420444,-103.141901,"New Mexico
(32.420444, -103.141901)"
Derailments,2013:04:BNSF:PR0413109,0,0,566188,815597,0,0,0,MORRILL,4/21/2013 0:00,6:44,2013,2013,"E61C,","BNSF,",1,"E6,","E,",MAIN,Nebraska,41.680755,-103.117906,"Nebraska
(41.680755, -103.117906)"
Derailments,2014:07:TNMR:072714D,0,0,27541,31564,0,0,0,WINKLER,7/27/2014 0:00,21:56,2014,2014,"T221,","TNMR,",1,"T2,","T,",MAIN,Texas,31.765881,-103.1102,"Texas
(31.765881, -103.1102)"
Derailments,2013:02:TNMR:TN020513,0,0,12461,982,2,2,0,WINKLER,2/5/2013 0:00,15:10,2013,2013,"T111,","TNMR,",1,"T1,","T,",MAIN,Texas,31.85113,-103.105641,"Texas
(31.85113, -103.105641)"
Highway-rail impact,2015:12:UP:1215NP022,0,1,497746,1386243,12,6,1,CHEYENNE,12/21/2015 0:00,1:00,2015,2016,"M305,M404,","UP,",1,"M3,M4,","M,",MAIN,Nebraska,41.210984,-103.096964,"Nebraska
(41.210984, -103.096964)"
Other events,2011:08:UP:0811NP027,0,0,18969,0,0,0,0,MORRILL,8/31/2011 0:00,21:50,2011,2011,"H221,H607,","BNSF,UP,",1,"H2,H6,H2,H6,","H,",MAIN,Nebraska,41.689571,-103.096797,"Nebraska
(41.689571, -103.096797)"
Other events,2011:12:UP:1211NP023,0,0,10946,0,0,0,0,MORRILL,12/28/2011 0:00,10:24,2011,2012,"H605,H401,","UP,",1,"H6,H4,","H,",SIDING,Nebraska,41.671654,-103.070437,"Nebraska
(41.671654, -103.070437)"
Derailments,2013:09:UP:0913NP001,0,0,10244,9020,1,0,0,CHEYENNE,9/2/2013 0:00,22:08,2013,2013,"E54C,","UP,",1,"E5,","E,",MAIN,Nebraska,41.166328,-103.069255,"Nebraska
(41.166328, -103.069255)"
Highway-rail impact,2015:11:BNSF:PR1115202,0,1,0,85000,0,0,0,CHEYENNE,11/12/2015 0:00,13:15,2015,2016,"M302,","BNSF,",9,"M3,","M,",MAIN,Nebraska,41.10157,-103.031,"Nebraska
(41.10157, -103.031)"
Derailments,2015:12:POOL:INDUSTRY,0,0,0,20636,0,0,0,DALLAM,12/16/2015 0:00,15:30,2015,2016,"M101,","BNSF,",7,"M1,","M,",INDUSTRY,Texas,36.375304,-103.023988,"Texas
(36.375304, -103.023988)"
Rear end collision,2015:03:BNSF:PR0315121,0,0,0,105000,0,0,0,MORRILL,3/9/2015 0:00,15:00,2015,2015,"H997,","BNSF,",NA,"H9,","H,",MAIN,Nebraska,41.528661,-103.02378,"Nebraska
(41.528661, -103.02378)"
Derailments,2014:01:BNSF:MT0114111,0,0,166920,1017196,3,0,0,WILLIAMS,1/16/2014 0:00,6:30,2014,2014,"M105,","BNSF,",1,"M1,","M,",MAIN,North Dakota,48.396227,-103.00512,"North Dakota
(48.396227, -103.00512)"
Derailments,2014:05:BNSF:MT0514111,0,0,0,22000,0,0,0,WILLIAMS,5/7/2014 0:00,8:00,2014,2014,"M101,","BNSF,",9,"M1,","M,",MAIN,North Dakota,48.396227,-103.00512,"North Dakota
(48.396227, -103.00512)"
Derailments,2013:05:TNMR:TN050513,0,0,52429,11972,27,2,0,WARD,5/5/2013 0:00,22:37,2013,2013,"T199,","TNMR,",1,"T1,","T,",SIDING,Texas,31.648956,-103.000948,"Texas
(31.648956, -103.000948)"
Derailments,2013:09:UP:0913NP013,0,0,1539,187360,3,1,0,CHEYENNE,9/9/2013 0:00,19:13,2013,2013,"M105,","UP,",1,"M1,","M,",MAIN,Nebraska,41.145761,-102.995748,"Nebraska
(41.145761, -102.995748)"
Derailments,2015:07:UP:0715NP020,0,0,225,23994,0,0,0,CHEYENNE,7/28/2015 0:00,9:30,2015,2015,"H021,","UP,",576,"H0,","H,",YARD,Nebraska,41.145938,-102.990991,"Nebraska
(41.145938, -102.990991)"
Derailments,2013:10:UP:1013NP022,0,0,5990,4110,0,0,0,CHEYENNE,10/20/2013 0:00,5:45,2013,2014,"E67C,","UP,",1,"E6,","E,",MAIN,Nebraska,41.146045,-102.986231,"Nebraska
(41.146045, -102.986231)"
Derailments,2016:05:TXN:160522001,0,0,2000,126402,0,0,0,WARD,5/22/2016 0:00,1:35,2016,2016,"H702,H307,","TXN,",7,"H7,H3,","H,",INDUSTRY,Texas,31.638864,-102.984739,"Texas
(31.638864, -102.984739)"
Highway-rail impact,2016:07:BNSF:PR0716203,0,0,8870,5000,0,0,0,CHEYENNE,7/20/2016 0:00,22:52,2016,2016,"M302,","BNSF,",1,"M3,","M,",MAIN,Nebraska,41.323078,-102.973672,"Nebraska
(41.323078, -102.973672)"
Derailments,2012:01:TNMR:TN01212012,0,0,22859,57512,0,0,0,TERRY,1/21/2012 0:00,4:20,2012,2012,"S013,","TNMR,",1,"S0,","S,",INDUSTRY,Texas,31.629,-102.97,"Texas
(31.629, -102.97)"
Other events,2013:05:BNSF:MT0513110,0,0,0,55000,0,0,0,WILLIAMS,5/8/2013 0:00,13:30,2013,2013,"H997,","BNSF,",9,"H9,","H,",MAIN,North Dakota,48.394633,-102.938014,"North Dakota
(48.394633, -102.938014)"
Derailments,2014:03:TNMR:TN030514,0,0,500,12150,0,0,0,WARD,3/5/2014 0:00,10:45,2014,2014,"H018,","TNMR,",1,"H0,","H,",MAIN,Texas,31.595575,-102.920457,"Texas
(31.595575, -102.920457)"
Derailments,2014:07:TNMR:TN071714D,0,0,235,23451,0,0,0,WARD,7/17/2014 0:00,22:01,2014,2014,"H995,","TNMR,",1,"H9,","H,",SIDING,Texas,31.594575,-102.919131,"Texas
(31.594575, -102.919131)"
Derailments,2014:12:BNSF:MT1214109,0,0,221720,21952,18,1,0,WILLIAMS,12/28/2014 0:00,5:18,2014,2015,"E4TC,","BNSF,",1,"E4,","E,",MAIN,North Dakota,48.39393,-102.91085,"North Dakota
(48.39393, -102.91085)"
Derailments,2012:04:UP:0412FW020,0,0,68548,500,0,0,0,WARD,4/24/2012 0:00,14:30,2012,2012,"T202,T212,","TNMR,UP,",1,"T2,","T,",YARD,Texas,31.590405,-102.910349,"Texas
(31.590405, -102.910349)"
Derailments,2012:04:BNSF:PR0412107,0,0,2525,19550,0,0,0,BOX BUTTE,4/24/2012 0:00,8:30,2012,2012,"H307,H702,","BNSF,",1,"H3,H7,","H,",MAIN,Nebraska,42.128283,-102.908004,"Nebraska
(42.128283, -102.908004)"
Other impacts,2011:06:BNSF:PR0611107,0,0,0,38569,0,0,0,BOX BUTTE,6/16/2011 0:00,17:02,2011,2011,"M105,","BNSF,",68,"M1,","M,",YARD,Nebraska,42.060469,-102.90444,"Nebraska
(42.060469, -102.90444)"
Derailments,2012:03:BNSF:PR0312100,0,0,500,20000,0,0,0,BOX BUTTE,3/1/2012 0:00,6:00,2012,2012,"H307,H303,","BNSF,",8,"H3,","H,",YARD,Nebraska,42.063101,-102.902788,"Nebraska
(42.063101, -102.902788)"
Derailments,2015:12:UP:1215FW017,0,0,1655,18850,0,0,0,WARD,12/27/2015 0:00,6:30,2015,2016,"T310,M101,","UP,",1,"T3,M1,","T,M,",YARD,Texas,31.592468,-102.902556,"Texas
(31.592468, -102.902556)"
Derailments,2015:05:BNSF:PR0515102,0,0,64800,68586,0,0,0,BOX BUTTE,5/10/2015 0:00,8:40,2015,2015,"T207,","BNSF,",1,"T2,","T,",YARD,Nebraska,42.06592,-102.900449,"Nebraska
(42.06592, -102.900449)"
Derailments,2015:08:BNSF:KS0815112,0,0,148000,0,0,0,0,PARMER,8/27/2015 0:00,17:59,2015,2015,"H022,","BNSF,",NA,"H0,","H,",MAIN,Texas,34.506834,-102.898588,"Texas
(34.506834, -102.898588)"
Derailments,2015:07:BNSF:PR0715101,0,0,0,30384,0,0,0,BOX BUTTE,7/2/2015 0:00,2:15,2015,2015,"M105,","BNSF,",6,"M1,","M,",YARD,Nebraska,42.066964,-102.898399,"Nebraska
(42.066964, -102.898399)"
Derailments,2012:02:UP:0212DV011,0,0,175363,217983,0,0,0,CHEYENNE,2/21/2012 0:00,14:10,2012,2012,"T101,","UP,",1,"T1,","T,",MAIN,Colorado,38.779163,-102.898159,"Colorado
(38.779163, -102.898159)"
Side collision,2015:07:BNSF:PR0715107,0,0,0,12322,0,0,0,BOX BUTTE,7/17/2015 0:00,20:55,2015,2015,"H607,","BNSF,",75,"H6,","H,",YARD,Nebraska,42.067508,-102.897728,"Nebraska
(42.067508, -102.897728)"
Derailments,2014:06:BNSF:PR0614109,0,0,0,63692,0,0,0,BOX BUTTE,6/26/2014 0:00,11:45,2014,2014,"H318,","BNSF,",1,"H3,","H,",YARD,Nebraska,42.070808,-102.896898,"Nebraska
(42.070808, -102.896898)"
Derailments,2015:08:TXN:D470715,0,1,92000,350000,0,0,0,WARD,8/1/2015 0:00,4:14,2015,2015,"H018,H008,","TXN,",6,"H0,","H,",MAIN,Texas,31.355866,-102.892174,"Texas
(31.355866, -102.892174)"
Derailments,2015:07:BNSF:PR0715120,0,0,0,15328,0,0,0,BOX BUTTE,7/30/2015 0:00,9:35,2015,2015,"H318,","BNSF,",7,"H3,","H,",YARD,Nebraska,42.081465,-102.888404,"Nebraska
(42.081465, -102.888404)"
Derailments,2012:05:BNSF:PR0512104,0,0,0,11000,0,0,0,BOX BUTTE,5/21/2012 0:00,22:15,2012,2012,"H306,","BNSF,",7,"H3,","H,",YARD,Nebraska,42.086659,-102.888007,"Nebraska
(42.086659, -102.888007)"
Derailments,2015:03:BNSF:PR0315106,0,0,3800,11248,0,0,0,BOX BUTTE,3/6/2015 0:00,6:15,2015,2015,"T222,","BNSF,",1,"T2,","T,",YARD,Nebraska,42.088048,-102.887092,"Nebraska
(42.088048, -102.887092)"
Derailments,2014:11:BNSF:PR1114116,0,0,188903,127998,0,0,0,BOX BUTTE,11/20/2014 0:00,13:00,2014,2015,"E40C,","BNSF,",1,"E4,","E,",YARD,Nebraska,42.088414,-102.886931,"Nebraska
(42.088414, -102.886931)"
Other impacts,2015:07:BNSF:PR0715119,0,0,0,40000,0,0,0,BOX BUTTE,7/29/2015 0:00,20:10,2015,2015,"H307,","BNSF,",8,"H3,","H,",YARD,Nebraska,42.084985,-102.886903,"Nebraska
(42.084985, -102.886903)"
Derailments,2014:12:BNSF:PR1214111,0,0,500,29003,0,0,0,BOX BUTTE,12/26/2014 0:00,12:27,2014,2015,"H607,H702,","BNSF,",1,"H6,H7,","H,",YARD,Nebraska,42.093173,-102.883843,"Nebraska
(42.093173, -102.883843)"
Other events,2015:11:BNSF:PR1115111,0,0,15000,0,0,0,0,BOX BUTTE,11/26/2015 0:00,19:44,2015,2016,"H605,H702,","BNSF,",1,"H6,H7,","H,",MAIN,Nebraska,42.094295,-102.880032,"Nebraska
(42.094295, -102.880032)"
Derailments,2015:12:BNSF:PR1215105,0,0,226251,613629,0,0,0,BOX BUTTE,12/7/2015 0:00,12:30,2015,2016,"M105,","BNSF,",61,"M1,","M,",YARD,Nebraska,42.094212,-102.875955,"Nebraska
(42.094212, -102.875955)"
Side collision,2011:12:BNSF:PR1211103,0,0,3500,82700,0,0,0,BOX BUTTE,12/10/2011 0:00,15:45,2011,2012,"H309,H303,","BNSF,",16,"H3,","H,",YARD,Nebraska,42.09438,-102.875684,"Nebraska
(42.09438, -102.875684)"
Derailments,2015:04:BNSF:PR0415109,0,0,500,24000,0,0,0,BOX BUTTE,4/16/2015 0:00,14:30,2015,2015,"T113,","BNSF,",8,"T1,","T,",YARD,Nebraska,42.092957,-102.875623,"Nebraska
(42.092957, -102.875623)"
Derailments,2015:02:BNSF:PR0215104,0,0,500,12072,0,0,0,BOX BUTTE,2/15/2015 0:00,16:30,2015,2015,"H318,H018,","BNSF,",7,"H3,H0,","H,",YARD,Nebraska,42.094207,-102.865613,"Nebraska
(42.094207, -102.865613)"
Derailments,2012:04:BNSF:PR0412103,0,0,900,14000,0,0,0,BOX BUTTE,4/7/2012 0:00,1:15,2012,2012,"H702,","BNSF,",8,"H7,","H,",YARD,Nebraska,42.094586,-102.865026,"Nebraska
(42.094586, -102.865026)"
Highway-rail impact,2012:08:BNSF:MT0812201,1,1,919760,2188205,2,0,0,MOUNTRAIL,8/13/2012 0:00,6:25,2012,2012,"M302,","BNSF,",1,"M3,","M,",MAIN,North Dakota,48.388922,-102.862073,"North Dakota
(48.388922, -102.862073)"
Fire/violent rupture,2014:10:UP:1014NP031,0,0,0,139758,0,0,0,MORRILL,10/29/2014 0:00,20:00,2014,2015,"E71L,","UP,",1,"E7,","E,",MAIN,Nebraska,41.593181,-102.847626,"Nebraska
(41.593181, -102.847626)"
Derailments,2015:01:BNSF:MT0115102,0,0,1700,27273,0,0,0,STARK,1/10/2015 0:00,21:30,2015,2015,"H702,","BNSF,",1,"H7,","H,",YARD,North Dakota,46.876093,-102.816002,"North Dakota
(46.876093, -102.816002)"
Derailments,2013:03:BNSF:PR0313117,0,0,1000,52999,0,0,0,BOX BUTTE,3/27/2013 0:00,7:10,2013,2013,"H607,H303,","BNSF,",8,"H6,H3,","H,",YARD,Nebraska,42.1,-102.8,"Nebraska
(42.1, -102.8)"
Derailments,2013:08:BNSF:MT0813104,0,0,0,9970,0,0,0,STARK,8/8/2013 0:00,12:01,2013,2013,"H503,","BNSF,",1,"H5,","H,",INDUSTRY,North Dakota,46.877886,-102.795028,"North Dakota
(46.877886, -102.795028)"
Highway-rail impact,2013:09:BNSF:KS0913200,0,2,0,11500,1,0,0,BAILEY,9/18/2013 0:00,13:40,2013,2013,"M303,","BNSF,",1,"M3,","M,",MAIN,Texas,34.268619,-102.79284,"Texas
(34.268619, -102.79284)"
Derailments,2012:09:BNSF:PR0912100,0,0,500,11568,0,0,0,BOX BUTTE,9/7/2012 0:00,1:00,2012,2012,"H307,H702,","BNSF,",1,"H3,H7,","H,",INDUSTRY,Nebraska,42.095951,-102.792669,"Nebraska
(42.095951, -102.792669)"
Derailments,2011:11:UP:1111SA013,0,0,5079,7500,23,0,0,BREWSTER,11/21/2011 0:00,6:23,2011,2012,"M299,","UP,",1,"M2,","M,",MAIN,Texas,30.092501,-102.792436,"Texas
(30.092501, -102.792436)"
Derailments,2014:09:BNSF:MT0914104,0,0,53400,24221,29,0,0,STARK,9/6/2014 0:00,5:15,2014,2014,"H307,H702,","BNSF,",1,"H3,H7,","H,",YARD,North Dakota,46.877699,-102.778518,"North Dakota
(46.877699, -102.778518)"
Derailments,2014:12:BNSF:PR1214117,0,0,0,50000,0,0,0,FORT BEND,12/27/2014 0:00,4:42,2014,2015,"M101,","BNSF,",1,"M1,","M,",MAIN,Texas,36.214959,-102.762732,"Texas
(36.214959, -102.762732)"
Highway-rail impact,2015:06:UP:0615FW034,0,0,0,29526,15,0,0,ECTOR,6/25/2015 0:00,9:25,2015,2015,"M303,M302,","UP,",1,"M3,","M,",MAIN,Texas,31.656906,-102.737516,"Texas
(31.656906, -102.737516)"
Derailments,2011:08:UP:0811FW011,0,0,4250,16057,0,0,0,ECTOR,8/10/2011 0:00,16:13,2011,2011,"T109,","UP,",1,"T1,","T,",SIDING,Texas,31.703932,-102.696542,"Texas
(31.703932, -102.696542)"
Highway-rail impact,2011:08:BNSF:CO0811201,0,1,0,10000,8,0,0,YUMA,8/23/2011 0:00,11:23,2011,2011,"M304,M302,","BNSF,",1,"M3,","M,",MAIN,Colorado,40.12141,-102.678389,"Colorado
(40.12141, -102.678389)"
Highway-rail impact,2014:12:UP:1214FW002,0,2,0,21366,0,0,0,ECTOR,12/4/2014 0:00,14:55,2014,2015,"M302,","UP,",1,"M3,","M,",MAIN,Texas,31.719148,-102.63081,"Texas
(31.719148, -102.63081)"
Other events,2013:10:BNSF:KS1013114,0,0,0,16500,0,0,0,PROWERS,10/1/2013 0:00,13:00,2013,2014,"H997,","BNSF,",9,"H9,","H,",MAIN,Colorado,38.08929,-102.630445,"Colorado
(38.08929, -102.630445)"