AccidentType,inckey,Fatalities,Injuries,TrackDamage,EquipmentDamage,HazmatCars,HazmatCarsDerailed,HazmatCarsReleasing,County,DisplayDate,DisplayTime,calendar,Fiscal,AccidentCause,RailroadCodes,RAILEQUIPMENT_TYPE,CauseGroup,CauseDiscipline,TYPE_OF_TRACK,StateName,latitude,longitude,GeoLocation
Derailments,2013:01:BNSF:MT0113108,0,0,268293,717135,0,0,0,ADAMS,1/26/2013 0:00,20:45,2013,2013,"T110,","BNSF,",1,"T1,","T,",MAIN,North Dakota,45.990064,-102.606793,"North Dakota
(45.990064, -102.606793)"
Highway-rail impact,2013:04:BNSF:KS0413200,1,0,0,18277,0,0,0,LAMB,4/8/2013 0:00,11:12,2013,2013,"M302,","BNSF,",1,"M3,","M,",MAIN,Texas,34.10387,-102.571454,"Texas
(34.10387, -102.571454)"
Derailments,2014:01:BNSF:MT0114115,0,0,425000,462467,0,0,0,MOUNTRAIL,1/23/2014 0:00,14:15,2014,2014,"T210,","BNSF,",1,"T2,","T,",SIDING,North Dakota,48.31377,-102.552406,"North Dakota
(48.31377, -102.552406)"
Highway-rail impact,2013:10:BNSF:MT1013200,0,1,0,48203,0,0,0,MOUNTRAIL,10/7/2013 0:00,4:00,2013,2014,"M303,","BNSF,",1,"M3,","M,",MAIN,North Dakota,48.314113,-102.545906,"North Dakota
(48.314113, -102.545906)"
Derailments,2012:02:BNSF:MT0212108,0,0,67500,99910,2,0,0,MOUNTRAIL,2/14/2012 0:00,22:50,2012,2012,"H607,H303,","BNSF,",1,"H6,H3,","H,",INDUSTRY,North Dakota,48.314232,-102.543641,"North Dakota
(48.314232, -102.543641)"
Derailments,2012:10:XCSW:INDUSTRY,0,0,500,15800,0,0,0,DALLAM,10/20/2012 0:00,23:25,2012,2013,"H607,H702,","BNSF,",1,"H6,H7,","H,",INDUSTRY,Texas,36.07451,-102.536218,"Texas
(36.07451, -102.536218)"
Derailments,2011:06:UP:0611KC008,0,0,6742,54397,35,6,0,DALLAM,6/13/2011 0:00,15:25,2011,2011,"T109,","UP,",7,"T1,","T,",YARD,Texas,36.070165,-102.515787,"Texas
(36.070165, -102.515787)"
Derailments,2013:06:BNSF:KS0613110,0,0,183000,1866624,0,0,0,CASTRO,6/17/2013 0:00,12:30,2013,2013,"M105,","BNSF,",1,"M1,","M,",MAIN,Texas,34.735735,-102.512064,"Texas
(34.735735, -102.512064)"
Derailments,2012:07:BNSF:CO0712100,0,0,1500,10000,0,0,0,YUMA,7/6/2012 0:00,17:05,2012,2012,"M105,","BNSF,",1,"M1,","M,",SIDING,Colorado,40.11591,-102.500905,"Colorado
(40.11591, -102.500905)"
Other events,2014:06:BNSF:PR0614124,0,0,250,34000,0,0,0,YUMA,6/26/2014 0:00,8:30,2014,2014,"H997,","BNSF,",9,"H9,","H,",MAIN,Colorado,40.114756,-102.487743,"Colorado
(40.114756, -102.487743)"
Derailments,2014:05:UP:0514KC025,0,0,0,12121,0,0,0,DALLAM,5/11/2014 0:00,17:30,2014,2014,"E27C,","UP,",1,"E2,","E,",YARD,Texas,36.088659,-102.484785,"Texas
(36.088659, -102.484785)"
Other events,2014:03:BNSF:PR0314118,0,0,0,13000,0,0,0,DALLAM,3/10/2014 0:00,13:00,2014,2014,"H997,","BNSF,",9,"H9,","H,",MAIN,Texas,36.036625,-102.484768,"Texas
(36.036625, -102.484768)"
Highway-rail impact,2016:02:UP:0216NP021,0,0,250,25505,0,0,0,DEUEL,2/24/2016 0:00,11:20,2016,2016,"M302,","UP,",1,"M3,","M,",MAIN,Nebraska,41.07698,-102.438233,"Nebraska
(41.07698, -102.438233)"
Highway-rail impact,2013:10:UP:1013KC011,0,1,0,52323,0,0,0,DALLAM,10/17/2013 0:00,15:48,2013,2014,"M302,","UP,",1,"M3,","M,",MAIN,Texas,36.116711,-102.437891,"Texas
(36.116711, -102.437891)"
Fire/violent rupture,2012:05:UP:0512FW003,0,0,0,94810,0,0,0,ECTOR,5/1/2012 0:00,16:20,2012,2012,"E74L,","UP,",1,"E7,","E,",MAIN,Texas,31.807741,-102.437717,"Texas
(31.807741, -102.437717)"
Obstruction impact,2013:03:UP:0313NP032,0,0,100,14213,26,0,0,DEUEL,3/30/2013 0:00,21:35,2013,2013,"E33C,","UP,",1,"E3,","E,",MAIN,Nebraska,41.064771,-102.422478,"Nebraska
(41.064771, -102.422478)"
Highway-rail impact,2012:01:BNSF:KS0112202,0,1,9000,14000,7,0,0,DEAF SMITH,1/30/2012 0:00,8:50,2012,2012,"M302,","BNSF,",1,"M3,","M,",MAIN,Texas,34.813602,-102.40004,"Texas
(34.813602, -102.40004)"
Derailments,2011:08:BNSF:PR0811100,0,0,100000,398830,0,0,0,SHERIDAN,8/1/2011 0:00,16:05,2011,2011,"T109,","BNSF,",1,"T1,","T,",MAIN,Nebraska,42.055376,-102.38529,"Nebraska
(42.055376, -102.38529)"
Obstruction impact,2015:06:UP:0615FW001,0,0,72604,2500,0,0,0,ECTOR,6/2/2015 0:00,16:16,2015,2015,"M402,","UP,",1,"M4,","M,",MAIN,Texas,31.843261,-102.369039,"Texas
(31.843261, -102.369039)"
Highway-rail impact,2011:12:BNSF:CO1211200,0,0,0,10000,0,0,0,HARTLEY,12/10/2011 0:00,9:25,2011,2012,"M305,","BNSF,",9,"M3,","M,",MAIN,Texas,35.814792,-102.35667,"Texas
(35.814792, -102.35667)"
Highway-rail impact,2013:08:BNSF:KS0813203,0,1,600,30093,2,0,0,DEAF SMITH,8/21/2013 0:00,10:26,2013,2013,"M302,","BNSF,",1,"M3,","M,",MAIN,Texas,34.835781,-102.354043,"Texas
(34.835781, -102.354043)"
Derailments,2015:04:BNSF:MT0415106,0,0,119751,31998,0,0,0,MOUNTRAIL,4/21/2015 0:00,21:52,2015,2015,"H307,H702,","BNSF,",4,"H3,H7,","H,",YARD,North Dakota,48.32873,-102.353167,"North Dakota
(48.32873, -102.353167)"
Derailments,2011:09:BNSF:MT0911104,0,0,3000,19000,15,2,0,MOUNTRAIL,9/30/2011 0:00,20:20,2011,2011,"T202,","BNSF,",1,"T2,","T,",SIDING,North Dakota,48.324372,-102.348553,"North Dakota
(48.324372, -102.348553)"
Derailments,2015:01:BNSF:PR0115123,0,0,28500,1500,0,0,0,HARTLEY,1/24/2015 0:00,23:15,2015,2015,"H702,","BNSF,",1,"H7,","H,",MAIN,Texas,35.685771,-102.330961,"Texas
(35.685771, -102.330961)"
Highway-rail impact,2013:09:UP:0913NP030,0,1,141,13963,0,0,0,GARDEN,9/27/2013 0:00,9:49,2013,2013,"M302,","UP,",1,"M3,","M,",MAIN,Nebraska,41.400826,-102.328436,"Nebraska
(41.400826, -102.328436)"
Derailments,2013:04:ZFHR:INDUSTRY,0,0,0,12972,100,0,0,ECTOR,4/6/2013 0:00,12:05,2013,2013,"H306,","UP,",1,"H3,","H,",INDUSTRY,Texas,31.83347,-102.32121,"Texas
(31.83347, -102.32121)"
Derailments,2014:11:UP:1114FW036,0,0,3628,12939,0,0,0,ECTOR,11/29/2014 0:00,17:25,2014,2015,"H702,","UP,",8,"H7,","H,",YARD,Texas,31.870087,-102.317165,"Texas
(31.870087, -102.317165)"
Obstruction impact,2014:01:UP:0114FW008,0,0,0,19187,4,0,0,ECTOR,1/17/2014 0:00,21:22,2014,2014,"M402,","UP,",1,"M4,","M,",MAIN,Texas,31.874748,-102.308156,"Texas
(31.874748, -102.308156)"
Highway-rail impact,2015:09:UP:0915KC017,0,0,0,15000,0,0,0,DALLAM,9/26/2015 0:00,13:40,2015,2015,"M302,","UP,",1,"M3,","M,",MAIN,Texas,36.210288,-102.28057,"Texas
(36.210288, -102.28057)"
Other events,2013:04:UP:0413NP015,0,0,10593,0,0,0,0,GARDEN,4/11/2013 0:00,14:10,2013,2013,"E61C,","UP,",1,"E6,","E,",MAIN,Nebraska,41.383942,-102.278386,"Nebraska
(41.383942, -102.278386)"
Derailments,2012:10:BNSF:PR1012103,0,0,629492,144370,0,0,0,SHERIDAN,10/6/2012 0:00,2:00,2012,2013,"T204,","BNSF,",1,"T2,","T,",SIDING,Nebraska,42.055077,-102.272529,"Nebraska
(42.055077, -102.272529)"
Derailments,2014:02:BNSF:PR0214102,0,0,212000,438389,0,0,0,YUMA,2/1/2014 0:00,24:35:00,2014,2014,"M101,","BNSF,",1,"M1,","M,",MAIN,Colorado,40.08003,-102.251049,"Colorado
(40.08003, -102.251049)"
Other impacts,2011:07:UP:0711NP020,0,0,0,313170,0,0,0,GARDEN,7/26/2011 0:00,17:10,2011,2011,"M105,","UP,",NA,"M1,","M,",MAIN,Nebraska,41.372634,-102.248,"Nebraska
(41.372634, -102.248)"
Derailments,2015:06:UP:0615FW019,0,0,407071,290121,0,0,0,MIDLAND,6/13/2015 0:00,3:30,2015,2015,"E51C,E59C,","UP,",1,"E5,","E,",MAIN,Texas,31.90799,-102.243862,"Texas
(31.90799, -102.243862)"
Other events,2012:11:SOO:234298,0,0,975,13300,0,0,0,MOUNTRAIL,11/8/2012 0:00,24:15:00,2012,2013,"M599,","SOO,",NA,"M5,","M,",MAIN,North Dakota,47.943153,-102.242822,"North Dakota
(47.943153, -102.242822)"
Derailments,2015:06:ZNXE:INDUSTRY,0,0,18280,1068,8,3,0,MIDLAND,6/4/2015 0:00,21:50,2015,2015,"T111,","UP,",1,"T1,","T,",INDUSTRY,Texas,31.911597,-102.236817,"Texas
(31.911597, -102.236817)"
Highway-rail impact,2014:11:UP:1114FW008,0,0,0,12778,0,0,0,MIDLAND,11/5/2014 0:00,5:30,2014,2015,"M304,","UP,",1,"M3,","M,",MAIN,Texas,31.912995,-102.234173,"Texas
(31.912995, -102.234173)"
Other events,2012:07:UP:0712NP022,0,0,67820,18518,2,0,0,SEDGWICK,7/24/2012 0:00,3:22,2012,2012,"E71L,","UP,",1,"E7,","E,",MAIN,Colorado,41.00166,-102.233456,"Colorado
(41.00166, -102.233456)"
Derailments,2015:06:WTLC:WT060115D,0,0,2575,250403,0,0,0,HOCKLEY,6/1/2015 0:00,22:17,2015,2015,"T110,","WTLC,",1,"T1,","T,",MAIN,Texas,33.588203,-102.216105,"Texas
(33.588203, -102.216105)"
Derailments,2016:07:LBWR:160710002,0,0,68000,21000,0,0,0,TERRY,7/10/2016 0:00,12:05,2016,2016,"T101,T105,","LBWR,",1,"T1,","T,",MAIN,Texas,33.355208,-102.196881,"Texas
(33.355208, -102.196881)"
Derailments,2015:08:TXPF:08102015,0,0,40000,60000,0,0,0,UPTON,8/10/2015 0:00,15:45,2015,2015,"T319,M199,","TXPF,",1,"T3,M1,","T,M,",MAIN,Texas,31.144182,-102.192798,"Texas
(31.144182, -102.192798)"
Derailments,2015:07:UP:0715NP017,0,0,163777,180839,12,7,0,DEUEL,7/19/2015 0:00,10:50,2015,2015,"T499,E39C,","UP,",1,"T4,E3,","T,E,",MAIN,Nebraska,41.030523,-102.180821,"Nebraska
(41.030523, -102.180821)"
Highway-rail impact,2014:01:UP:0114FW007,0,0,11500,0,1,0,0,MIDLAND,1/16/2014 0:00,17:21,2014,2014,"M304,","UP,",1,"M3,","M,",MAIN,Texas,31.94462,-102.172947,"Texas
(31.94462, -102.172947)"
Highway-rail impact,2015:11:UP:1115FW012,0,0,1565,11141,6,0,0,MIDLAND,11/12/2015 0:00,15:45,2015,2016,"M304,","UP,",1,"M3,","M,",MAIN,Texas,31.94458,-102.17292,"Texas
(31.94458, -102.17292)"
Highway-rail impact,2015:05:BNSF:KS0515202,0,0,16865,250,0,0,0,HOCKLEY,5/24/2015 0:00,3:16,2015,2015,"M303,","BNSF,",1,"M3,","M,",MAIN,Texas,33.80744,-102.165607,"Texas
(33.80744, -102.165607)"
Other impacts,2016:01:BNSF:MT0116101,0,0,0,26694,30,0,0,PERKINS,1/9/2016 0:00,3:40,2016,2016,"H020,","BNSF,",1,"H0,","H,",MAIN,South Dakota,45.944358,-102.158017,"South Dakota
(45.944358, -102.158017)"
Derailments,2013:03:WTLC:WT03012013,0,0,6518,45000,0,0,0,HOCKLEY,3/1/2013 0:00,5:30,2013,2013,"T221,","WTLC,",1,"T2,","T,",MAIN,Texas,33.418023,-102.154465,"Texas
(33.418023, -102.154465)"
Derailments,2015:10:UP:1015NP020,0,0,51866,3971,0,0,0,GARDEN,10/20/2015 0:00,20:15,2015,2016,"H702,","UP,",4,"H7,","H,",MAIN,Nebraska,41.331688,-102.141135,"Nebraska
(41.331688, -102.141135)"
Derailments,2013:10:CP:238888,0,0,775,13275,0,0,0,BURKE,10/21/2013 0:00,3:00,2013,2014,"E27C,","CP,",1,"E2,","E,",MAIN,North Dakota,48.46875,-102.13009,"North Dakota
(48.46875, -102.13009)"
Derailments,2011:12:BNSF:KS1211100,0,1,5400,8000,0,0,0,PROWERS,12/6/2011 0:00,23:23,2011,2012,"H702,","ATK,BNSF,",2,"H7,","H,",SIDING,Colorado,38.050564,-102.122685,"Colorado
(38.050564, -102.122685)"
Derailments,2013:12:XRWE:INDUSTRY,0,0,45950,462,14,2,0,MIDLAND,12/17/2013 0:00,9:30,2013,2014,"T110,T001,","UP,",1,"T1,T0,","T,",INDUSTRY,Texas,31.97094,-102.121959,"Texas
(31.97094, -102.121959)"
Highway-rail impact,2011:11:UP:1111FW003,0,1,17709,943,7,0,0,MIDLAND,11/7/2011 0:00,14:05,2011,2012,"M308,","UP,",1,"M3,","M,",MAIN,Texas,31.976679,-102.111129,"Texas
(31.976679, -102.111129)"
Highway-rail impact,2012:11:UP:1112FW016,4,24,4098,11078,9,0,0,MIDLAND,11/15/2012 0:00,16:35,2012,2013,"M302,","UP,",1,"M3,","M,",MAIN,Texas,31.985609,-102.093561,"Texas
(31.985609, -102.093561)"
Highway-rail impact,2015:07:UP:0715FW018,1,2,14291,0,0,0,0,MIDLAND,7/18/2015 0:00,17:20,2015,2015,"M302,","UP,",1,"M3,","M,",MAIN,Texas,32.002497,-102.060784,"Texas
(32.002497, -102.060784)"
Highway-rail impact,2013:11:UP:1113FW014,0,0,1132,14567,1,0,0,MIDLAND,11/10/2013 0:00,6:44,2013,2014,"M304,","UP,",1,"M3,","M,",MAIN,Texas,32.008065,-102.049987,"Texas
(32.008065, -102.049987)"
Highway-rail impact,2012:06:UP:0612FW013,0,0,21118,87150,0,0,0,MIDLAND,6/15/2012 0:00,16:30,2012,2012,"M303,","UP,",1,"M3,","M,",MAIN,Texas,32.031509,-102.004023,"Texas
(32.031509, -102.004023)"
Derailments,2012:01:TXNW:W20108D,0,0,25000,50000,0,0,0,MOORE,1/8/2012 0:00,16:15,2012,2012,"T111,","TXNW,",7,"T1,","T,",INDUSTRY,Texas,36.02321,-101.997327,"Texas
(36.02321, -101.997327)"
Highway-rail impact,2013:10:UP:1013FW008,0,1,41875,66670,0,0,0,MIDLAND,10/9/2013 0:00,9:15,2013,2014,"M304,","UP,",1,"M3,","M,",MAIN,Texas,32.04153,-101.984994,"Texas
(32.04153, -101.984994)"
Highway-rail impact,2011:09:UP:0911FW012,0,1,1175,85118,0,0,0,MIDLAND,9/12/2011 0:00,6:56,2011,2011,"M304,","UP,",1,"M3,","M,",MAIN,Texas,32.041534,-101.984987,"Texas
(32.041534, -101.984987)"
Derailments,2016:08:UP:0816NP017,0,0,44453,8000,0,0,0,KEITH,8/21/2016 0:00,17:50,2016,2016,"H995,","UP,",4,"H9,","H,",MAIN,Nebraska,41.301339,-101.976443,"Nebraska
(41.301339, -101.976443)"
Derailments,2016:08:TXNW:TXNW160805,0,0,0,64800,0,0,0,MOORE,8/5/2016 0:00,4:00,2016,2016,"H307,H702,","BNSF,TXNW,",1,"H3,H7,H3,H7,","H,",YARD,Texas,36.023551,-101.975659,"Texas
(36.023551, -101.975659)"
Derailments,2015:02:NPR:DR021501,0,0,10500,11300,0,0,0,RENVILLE,2/23/2015 0:00,14:30,2015,2015,"T299,","NPR,",1,"T2,","T,",INDUSTRY,North Dakota,48.727228,-101.969753,"North Dakota
(48.727228, -101.969753)"
Raking collision,2013:03:WTLC:WT030213,0,0,0,10600,0,0,0,LUBBOCK,3/2/2013 0:00,3:35,2013,2013,"H020,","WTLC,",8,"H0,","H,",YARD,Texas,33.556999,-101.964837,"Texas
(33.556999, -101.964837)"
Highway-rail impact,2013:12:UP:1213NP029,0,2,10734,715,0,0,0,KEITH,12/27/2013 0:00,21:46,2013,2014,"M301,","UP,",1,"M3,","M,",MAIN,Nebraska,41.300248,-101.956332,"Nebraska
(41.300248, -101.956332)"
Highway-rail impact,2013:01:UP:0113FW002,0,1,15351,8200,0,0,0,MIDLAND,1/5/2013 0:00,17:37,2013,2013,"M304,M308,","UP,",1,"M3,","M,",MAIN,Texas,32.064057,-101.941178,"Texas
(32.064057, -101.941178)"
Derailments,2012:11:BNSF:CO1112110,0,0,236717,266625,0,0,0,POTTER,11/27/2012 0:00,5:00,2012,2013,"T207,","BNSF,",1,"T2,","T,",MAIN,Texas,35.453645,-101.886403,"Texas
(35.453645, -101.886403)"
Derailments,2011:07:TXNW:W010706D,0,0,600,18348,20,6,0,MOORE,7/6/2011 0:00,14:00,2011,2011,"T109,","TXNW,",7,"T1,","T,",YARD,Texas,36.007256,-101.886008,"Texas
(36.007256, -101.886008)"
Derailments,2012:10:BNSF:PR1012100,0,0,301000,1328590,0,0,0,GRANT,10/2/2012 0:00,3:30,2012,2013,"T213,","BNSF,",1,"T2,","T,",MAIN,Nebraska,42.011984,-101.857263,"Nebraska
(42.011984, -101.857263)"
Derailments,2014:12:BNSF:KS1214108,0,0,97011,15139,4,4,0,RANDALL,12/16/2014 0:00,4:40,2014,2015,"H702,H306,","BNSF,UP,",1,"H7,H3,","H,",INDUSTRY,Texas,35.135793,-101.852921,"Texas
(35.135793, -101.852921)"
Derailments,2012:06:BNSF:KS0612106,0,0,1600,19235,1,1,0,LUBBOCK,6/11/2012 0:00,11:15,2012,2012,"H306,H303,","BNSF,",7,"H3,","H,",YARD,Texas,33.586652,-101.840924,"Texas
(33.586652, -101.840924)"
Other events,2011:06:BNSF:KS0611118,0,0,177237,0,0,0,0,GARZA,6/24/2011 0:00,15:50,2011,2011,"M105,","BNSF,",NA,"M1,","M,",MAIN,Texas,33.272963,-101.840539,"Texas
(33.272963, -101.840539)"
Other events,2013:03:BNSF:PR0313112,0,0,1000,10984,35,0,0,POTTER,3/22/2013 0:00,10:30,2013,2013,"E29C,","BNSF,",1,"E2,","E,",MAIN,Texas,35.213831,-101.839368,"Texas
(35.213831, -101.839368)"
Derailments,2014:08:BNSF:KS0814101,0,0,4000,27104,0,0,0,POTTER,8/3/2014 0:00,19:50,2014,2014,"H503,","BNSF,",1,"H5,","H,",YARD,Texas,35.173411,-101.839186,"Texas
(35.173411, -101.839186)"
Side collision,2014:09:BNSF:KS0914103,0,0,5500,44370,0,0,0,POTTER,9/13/2014 0:00,20:00,2014,2014,"H318,","BNSF,",7,"H3,","H,",YARD,Texas,35.173184,-101.839169,"Texas
(35.173184, -101.839169)"
Raking collision,2014:05:BNSF:KS0514109,0,0,0,64346,0,0,0,POTTER,5/30/2014 0:00,11:00,2014,2014,"H318,H021,","BNSF,",7,"H3,H0,","H,",YARD,Texas,35.174365,-101.838737,"Texas
(35.174365, -101.838737)"
Derailments,2016:03:BNSF:KS0316109,0,0,0,29736,0,0,0,RANDALL,3/25/2016 0:00,13:50,2016,2016,"H503,H505,","BNSF,",1,"H5,","H,",YARD,Texas,35.180166,-101.836496,"Texas
(35.180166, -101.836496)"
Derailments,2011:11:BNSF:KS1111111,0,0,34850,40670,0,0,0,POTTER,11/19/2011 0:00,4:45,2011,2012,"H099,","BNSF,",7,"H0,","H,",YARD,Texas,35.181675,-101.835992,"Texas
(35.181675, -101.835992)"
Derailments,2012:02:BNSF:KS0212106,0,0,19890,200,0,0,0,POTTER,2/11/2012 0:00,6:15,2012,2012,"H305,","BNSF,",7,"H3,","H,",YARD,Texas,35.181675,-101.835992,"Texas
(35.181675, -101.835992)"
Derailments,2013:02:BNSF:KS0213106,0,0,5700,16446,0,0,0,LUBBOCK,2/20/2013 0:00,1:25,2013,2013,"H307,H702,","BNSF,",7,"H3,H7,","H,",YARD,Texas,33.581161,-101.83538,"Texas
(33.581161, -101.83538)"
Derailments,2014:04:BNSF:PR0414107,0,0,500,49504,0,0,0,POTTER,4/18/2014 0:00,3:50,2014,2014,"H306,H702,","BNSF,UP,",7,"H3,H7,H3,","H,",YARD,Texas,35.213142,-101.834155,"Texas
(35.213142, -101.834155)"
Other impacts,2011:11:BNSF:KS1111106,0,0,0,24668,2,2,0,POTTER,11/13/2011 0:00,10:00,2011,2012,"H306,","BNSF,",76,"H3,","H,",YARD,Texas,35.207248,-101.833892,"Texas
(35.207248, -101.833892)"
Rear end collision,2015:07:BNSF:KS0715105,0,0,0,14753,0,0,0,POTTER,7/13/2015 0:00,10:00,2015,2015,"H306,","BNSF,",7,"H3,","H,",YARD,Texas,35.186991,-101.833438,"Texas
(35.186991, -101.833438)"
Derailments,2012:04:BNSF:KS0412111,0,0,24505,0,0,0,0,POTTER,4/21/2012 0:00,13:15,2012,2012,"T113,","BNSF,",8,"T1,","T,",YARD,Texas,35.192887,-101.832273,"Texas
(35.192887, -101.832273)"
Side collision,2011:06:BNSF:KS0611117,0,0,0,112150,0,0,0,POTTER,6/22/2011 0:00,2:10,2011,2011,"H306,H702,","BNSF,",7,"H3,H7,","H,",YARD,Texas,35.195489,-101.832233,"Texas
(35.195489, -101.832233)"
Side collision,2013:12:BNSF:KS1213122,0,0,10100,119590,0,0,0,POTTER,12/21/2013 0:00,19:30,2013,2014,"H601,","BNSF,",7,"H6,","H,",YARD,Texas,35.194142,-101.831511,"Texas
(35.194142, -101.831511)"
Side collision,2016:03:BNSF:KS0316106,0,0,0,24038,0,0,0,POTTER,3/21/2016 0:00,1:15,2016,2016,"H607,H702,","BNSF,",8,"H6,H7,","H,",YARD,Texas,35.191656,-101.831324,"Texas
(35.191656, -101.831324)"
Raking collision,2012:09:BNSF:KS0912114,0,0,0,45000,0,0,0,POTTER,9/8/2012 0:00,13:30,2012,2012,"H607,","BNSF,",78,"H6,","H,",YARD,Texas,35.195517,-101.831005,"Texas
(35.195517, -101.831005)"
Derailments,2015:02:BNSF:KS0215106,0,0,11000,11684,0,0,0,POTTER,2/18/2015 0:00,21:30,2015,2015,"H312,","BNSF,",7,"H3,","H,",YARD,Texas,35.195517,-101.831005,"Texas
(35.195517, -101.831005)"
Other impacts,2011:09:BNSF:KS0911107,0,3,93000,853211,14,4,1,POTTER,9/16/2011 0:00,11:30,2011,2011,"H312,","BNSF,",7,"H3,","H,",YARD,Texas,35.195489,-101.830914,"Texas
(35.195489, -101.830914)"
Derailments,2015:09:BNSF:KS0915104,0,0,3500,61991,1,1,0,POTTER,9/8/2015 0:00,13:59,2015,2015,"H318,","BNSF,",7,"H3,","H,",YARD,Texas,35.194261,-101.830891,"Texas
(35.194261, -101.830891)"
Side collision,2012:10:BNSF:KS1012110,0,0,12000,185385,54,5,0,POTTER,10/13/2012 0:00,12:50,2012,2013,"H607,","BNSF,",71,"H6,","H,",YARD,Texas,35.196643,-101.830773,"Texas
(35.196643, -101.830773)"
Derailments,2015:05:BNSF:KS0515117,0,0,1000,18826,0,0,0,POTTER,5/28/2015 0:00,8:00,2015,2015,"H505,","BNSF,",7,"H5,","H,",YARD,Texas,35.212707,-101.830417,"Texas
(35.212707, -101.830417)"
Derailments,2012:08:BNSF:KS0812103,0,0,18954,300,0,0,0,POTTER,8/4/2012 0:00,10:50,2012,2012,"H307,H303,","BNSF,",7,"H3,","H,",YARD,Texas,35.196893,-101.83,"Texas
(35.196893, -101.83)"
Derailments,2011:11:BNSF:KS1111114,0,0,7000,12412,7,0,0,POTTER,11/23/2011 0:00,16:00,2011,2012,"M405,","BNSF,",1,"M4,","M,",YARD,Texas,35.1953,-101.8298,"Texas
(35.1953, -101.8298)"
Other events,2015:04:BNSF:KS0415107,0,0,0,102235,0,0,0,POTTER,4/24/2015 0:00,24:30:00,2015,2015,"H318,","BNSF,",87,"H3,","H,",YARD,Texas,35.196907,-101.829516,"Texas
(35.196907, -101.829516)"
Derailments,2011:07:BNSF:KS0711125,0,0,250,16421,0,0,0,POTTER,7/27/2011 0:00,2:30,2011,2011,"H017,","BNSF,",8,"H0,","H,",YARD,Texas,35.195189,-101.829151,"Texas
(35.195189, -101.829151)"
Derailments,2016:04:BNSF:KS0416101,0,0,0,122313,1,1,0,POTTER,4/10/2016 0:00,22:00,2016,2016,"H020,M105,","BNSF,",61,"H0,M1,H0,M1,","H,M,H,M,",YARD,Texas,35.199377,-101.82907,"Texas
(35.199377, -101.82907)"
Derailments,2012:08:BNSF:KS0812112,0,0,0,11500,0,0,0,POTTER,8/26/2012 0:00,13:00,2012,2012,"E79L,","BNSF,",8,"E7,","E,",YARD,Texas,35.195274,-101.829003,"Texas
(35.195274, -101.829003)"
Derailments,2015:12:BNSF:KS1215107,0,0,1500,20709,3,3,0,POTTER,12/17/2015 0:00,7:45,2015,2016,"T113,","BNSF,",7,"T1,","T,",YARD,Texas,35.194025,-101.828599,"Texas
(35.194025, -101.828599)"
Derailments,2012:06:BNSF:KS0612113,0,0,15500,88848,0,0,0,POTTER,6/11/2012 0:00,22:30,2012,2012,"T311,","BNSF,",7,"T3,","T,",YARD,Texas,35.202285,-101.828008,"Texas
(35.202285, -101.828008)"
Derailments,2012:10:BNSF:KS1012103,0,0,16000,37730,30,3,0,POTTER,10/6/2012 0:00,3:00,2012,2013,"E67C,","BNSF,",7,"E6,","E,",YARD,Texas,35.205088,-101.82712,"Texas
(35.205088, -101.82712)"
Raking collision,2014:02:BNSF:KS0214106,0,0,38477,40589,1,1,0,POTTER,2/23/2014 0:00,16:00,2014,2014,"E65C,","BNSF,",1,"E6,","E,",YARD,Texas,35.206516,-101.826838,"Texas
(35.206516, -101.826838)"
Derailments,2013:06:BNSF:KS0613116,0,0,0,12866,0,0,0,POTTER,6/22/2013 0:00,24:00:00,2013,2013,"H312,H301,","BNSF,",71,"H3,","H,",YARD,Texas,35.21529,-101.82658,"Texas
(35.21529, -101.82658)"
Derailments,2013:12:TXNW:W21204D,0,0,0,10000,1,1,0,MOORE,12/4/2013 0:00,18:45,2013,2014,"H307,","TXNW,",7,"H3,","H,",YARD,Texas,36.016702,-101.824616,"Texas
(36.016702, -101.824616)"
Derailments,2014:07:TXNW:TXNW070514,0,0,0,150000,5,5,0,MOORE,7/5/2014 0:00,10:00,2014,2014,"H306,","TXNW,",7,"H3,","H,",YARD,Texas,36.016702,-101.824616,"Texas
(36.016702, -101.824616)"
Derailments,2015:07:BNSF:KS0715100,0,0,0,121471,0,0,0,LUBBOCK,7/3/2015 0:00,9:45,2015,2015,"H020,","BNSF,",7,"H0,","H,",YARD,Texas,33.57028,-101.82422,"Texas
(33.57028, -101.82422)"
Derailments,2011:12:PMSW:D01,0,0,50000,4000,0,0,0,LUBBOCK,12/24/2011 0:00,3:30,2011,2012,"T221,","PMSW,",7,"T2,","T,",INDUSTRY,Texas,33.566917,-101.824084,"Texas
(33.566917, -101.824084)"
Highway-rail impact,2012:09:NPR:GC091202,1,0,8726,11509,0,0,0,RENVILLE,9/21/2012 0:00,9:25,2012,2012,"M304,","NPR,",1,"M3,","M,",MAIN,North Dakota,48.727,-101.824,"North Dakota
(48.727, -101.824)"
Derailments,2012:08:BNSF:KS0812108,0,0,4500,13883,8,1,0,POTTER,8/27/2012 0:00,3:40,2012,2012,"H307,H303,","BNSF,",7,"H3,","H,",YARD,Texas,35.21075,-101.822156,"Texas
(35.21075, -101.822156)"
Derailments,2015:05:BNSF:KS0515107,0,0,1650,110724,23,0,0,LUBBOCK,5/14/2015 0:00,20:00,2015,2015,"H307,","BNSF,",1,"H3,","H,",YARD,Texas,33.567285,-101.821343,"Texas
(33.567285, -101.821343)"