AccidentType,inckey,Fatalities,Injuries,TrackDamage,EquipmentDamage,HazmatCars,HazmatCarsDerailed,HazmatCarsReleasing,County,DisplayDate,DisplayTime,calendar,Fiscal,AccidentCause,RailroadCodes,RAILEQUIPMENT_TYPE,CauseGroup,CauseDiscipline,TYPE_OF_TRACK,StateName,latitude,longitude,GeoLocation
Derailments,2013:03:BNSF:KS0313103,0,0,0,13155,0,0,0,LUBBOCK,3/5/2013 0:00,14:20,2013,2013,"H318,","BNSF,",7,"H3,","H,",YARD,Texas,33.563314,-101.817723,"Texas
(33.563314, -101.817723)"
Raking collision,2012:08:PMSW:R01,0,0,0,70000,0,0,0,LUBBOCK,8/28/2012 0:00,9:30,2012,2012,"H302,H306,","PMSW,",8,"H3,","H,",YARD,Texas,30.566683,-101.81676,"Texas
(30.566683, -101.81676)"
Rear end collision,2014:11:BNSF:PR1114104,0,1,0,25250,0,0,0,POTTER,11/5/2014 0:00,10:30,2014,2015,"H104,","BNSF,",91,"H1,","H,",MAIN,Texas,35.369598,-101.814479,"Texas
(35.369598, -101.814479)"
Highway-rail impact,2015:02:BNSF:KS0215201,0,0,150000,700,18,0,0,LUBBOCK,2/10/2015 0:00,8:35,2015,2015,"M302,M308,","BNSF,",1,"M3,","M,",MAIN,Texas,33.559962,-101.814398,"Texas
(33.559962, -101.814398)"
Highway-rail impact,2015:09:UP:0915FW019,0,1,441,11179,0,0,0,MARTIN,9/18/2015 0:00,20:10,2015,2015,"M304,","UP,",1,"M3,","M,",MAIN,Texas,32.121154,-101.810865,"Texas
(32.121154, -101.810865)"
Highway-rail impact,2016:08:UP:0816FW007,0,2,31180,400,19,0,0,MARTIN,8/4/2016 0:00,11:10,2016,2016,"M304,","UP,",1,"M3,","M,",MAIN,Texas,32.124604,-101.80146,"Texas
(32.124604, -101.80146)"
Highway-rail impact,2012:02:UP:0212FW012,0,0,19791,25232,0,0,0,MARTIN,2/18/2012 0:00,20:15,2012,2012,"M302,","UP,",1,"M3,","M,",MAIN,Texas,32.124381,-101.801205,"Texas
(32.124381, -101.801205)"
Other impacts,2012:05:BNSF:KS0512120,0,0,0,29865,35,3,0,POTTER,5/19/2012 0:00,13:20,2012,2012,"H018,","BNSF,",76,"H0,","H,",YARD,Texas,35.2,-101.8,"Texas
(35.2, -101.8)"
Derailments,2016:02:BNSF:PR0216106,0,0,58000,6250,0,0,0,POTTER,2/6/2016 0:00,10:00,2016,2016,"T108,","BNSF,",7,"T1,","T,",INDUSTRY,Texas,35.216177,-101.79707,"Texas
(35.216177, -101.79707)"
Highway-rail impact,2013:08:PMSW:XA03,1,0,0,10000,0,0,0,LUBBOCK,8/19/2013 0:00,11:45,2013,2013,"M308,M302,","PMSW,",7,"M3,","M,",INDUSTRY,Texas,33.538378,-101.793316,"Texas
(33.538378, -101.793316)"
Highway-rail impact,2012:05:BNSF:KS0512201,0,0,0,27078,2,0,0,LUBBOCK,5/16/2012 0:00,21:15,2012,2012,"M303,","BNSF,",1,"M3,","M,",MAIN,Texas,33.522449,-101.777144,"Texas
(33.522449, -101.777144)"
Derailments,2014:11:BNSF:KS1114112,0,0,184472,51474,0,0,0,LUBBOCK,11/20/2014 0:00,14:18,2014,2015,"E51C,","BNSF,",1,"E5,","E,",MAIN,Texas,33.520877,-101.775584,"Texas
(33.520877, -101.775584)"
Derailments,2011:07:UP:0711NP009,0,0,254007,2486394,0,0,0,KEITH,7/10/2011 0:00,7:15,2011,2011,"T214,","UP,",1,"T2,","T,",MAIN,Nebraska,41.264432,-101.772386,"Nebraska
(41.264432, -101.772386)"
Other events,2013:07:BNSF:MT0713100,0,0,0,21885,0,0,0,WARD,7/5/2013 0:00,17:30,2013,2013,"H307,H601,","BNSF,",1,"H3,H6,","H,",MAIN,North Dakota,48.321783,-101.769623,"North Dakota
(48.321783, -101.769623)"
Derailments,2013:07:UP:0713FW005,0,0,36036,13811,0,0,0,MARTIN,7/11/2013 0:00,18:40,2013,2013,"H702,","UP,",1,"H7,","H,",MAIN,Texas,32.142198,-101.753284,"Texas
(32.142198, -101.753284)"
Side collision,2015:02:XBEN:INDUSTRY,0,0,0,70525,0,0,0,POTTER,2/20/2015 0:00,3:50,2015,2015,"H307,H702,","BNSF,",7,"H3,H7,","H,",INDUSTRY,Texas,35.226439,-101.740386,"Texas
(35.226439, -101.740386)"
Fire/violent rupture,2015:04:UP:0415KC003,0,0,0,98005,0,0,0,TEXAS,4/11/2015 0:00,6:32,2015,2015,"E74L,","UP,",1,"E7,","E,",MAIN,Oklahoma,36.536075,-101.72669,"Oklahoma
(36.536075, -101.72669)"
Highway-rail impact,2012:03:UP:0312KC008,0,1,0,55491,0,0,0,TEXAS,3/12/2012 0:00,13:49,2012,2012,"M302,M304,","UP,",1,"M3,","M,",MAIN,Oklahoma,36.53616,-101.726545,"Oklahoma
(36.53616, -101.726545)"
Derailments,2015:06:NKCR:NKCR151154,0,0,24000,13100,0,0,0,PERKINS,6/10/2015 0:00,19:45,2015,2015,"T108,T002,","NKCR,",1,"T1,T0,","T,",INDUSTRY,Nebraska,40.840131,-101.709612,"Nebraska
(40.840131, -101.709612)"
Derailments,2011:12:BNSF:KS1211104,0,0,18550,4090,4,4,0,HALE,12/9/2011 0:00,5:45,2011,2012,"H307,H702,","BNSF,",1,"H3,H7,","H,",INDUSTRY,Texas,34.194142,-101.703322,"Texas
(34.194142, -101.703322)"
Highway-rail impact,2013:11:BNSF:KS1113203,0,0,22300,1260,21,0,0,POTTER,11/23/2013 0:00,5:00,2013,2014,"M302,","BNSF,",1,"M3,","M,",MAIN,Texas,35.241219,-101.689108,"Texas
(35.241219, -101.689108)"
Highway-rail impact,2012:06:UP:0612FW029,0,0,41605,12992,0,0,0,HOWARD,6/29/2012 0:00,13:00,2012,2012,"M302,","UP,",1,"M3,","M,",MAIN,Texas,32.176312,-101.659072,"Texas
(32.176312, -101.659072)"
Highway-rail impact,2015:07:UP:0715FW015,0,1,14658,51278,9,0,0,HOWARD,7/16/2015 0:00,13:30,2015,2015,"M308,","UP,",1,"M3,","M,",MAIN,Texas,32.176312,-101.659072,"Texas
(32.176312, -101.659072)"
Highway-rail impact,2016:03:BNSF:KS0316201,0,0,20000,300,0,0,0,LUBBOCK,3/8/2016 0:00,14:56,2016,2016,"M302,M304,","BNSF,",1,"M3,","M,",MAIN,Texas,33.453407,-101.657418,"Texas
(33.453407, -101.657418)"
Derailments,2011:06:BNSF:KS0611106,0,0,4759,29766,0,0,0,LUBBOCK,6/9/2011 0:00,5:40,2011,2011,"E40C,T299,","BNSF,",51,"E4,T2,E4,T2,","E,T,E,T,",YARD,Texas,38.353246,-101.652451,"Texas
(38.353246, -101.652451)"
Rear end collision,2013:09:BNSF:KS0913107,0,6,167257,3577497,6,0,0,POTTER,9/25/2013 0:00,4:17,2013,2013,"H222,H605,","BNSF,",1,"H2,H6,","H,",MAIN,Texas,35.256143,-101.640841,"Texas
(35.256143, -101.640841)"
Derailments,2013:06:BNSF:KS0613104,0,0,10000,330929,9,9,0,LUBBOCK,6/6/2013 0:00,2:00,2013,2013,"M105,","BNSF,",6,"M1,","M,",MAIN,Texas,33.442661,-101.638103,"Texas
(33.442661, -101.638103)"
Other impacts,2014:05:BNSF:KS0514101,0,0,0,10700,2,2,0,LUBBOCK,5/6/2014 0:00,1:20,2014,2014,"H318,","BNSF,",7,"H3,","H,",YARD,Texas,33.442661,-101.638103,"Texas
(33.442661, -101.638103)"
Derailments,2014:08:BNSF:KS0814106,0,0,1000,32593,0,0,0,LUBBOCK,8/30/2014 0:00,15:12,2014,2014,"H307,","BNSF,",7,"H3,","H,",YARD,Texas,33.442661,-101.638103,"Texas
(33.442661, -101.638103)"
Other events,2015:11:BNSF:KS1115114,0,0,0,11461,1,1,0,LUBBOCK,11/12/2015 0:00,4:45,2015,2016,"H525,","BNSF,",8,"H5,","H,",YARD,Texas,33.442661,-101.638103,"Texas
(33.442661, -101.638103)"
Derailments,2011:06:BNSF:KS0611116,0,0,113483,15255,55,1,0,LUBBOCK,6/26/2011 0:00,19:45,2011,2011,"E40C,","BNSF,",1,"E4,","E,",YARD,Texas,33.442608,-101.638024,"Texas
(33.442608, -101.638024)"
Other events,2014:10:BNSF:MT1014111,0,0,0,25000,0,0,0,MORTON,10/27/2014 0:00,11:30,2014,2015,"H997,","BNSF,",9,"H9,","H,",MAIN,North Dakota,46.845546,-101.637307,"North Dakota
(46.845546, -101.637307)"
Obstruction impact,2011:08:BNSF:CO0811105,0,29,158000,2152942,0,0,0,DUNDY,8/26/2011 0:00,7:51,2011,2011,"M404,","ATK,BNSF,",2,"M4,","M,",MAIN,Nebraska,40.035209,-101.622049,"Nebraska
(40.035209, -101.622049)"
Head on collision,2012:06:UP:0612KC011,3,1,121940,11607683,6,1,0,TEXAS,6/24/2012 0:00,10:01,2012,2012,"H605,","UP,",1,"H6,","H,",MAIN,Oklahoma,36.60801,-101.603173,"Oklahoma
(36.60801, -101.603173)"
Derailments,2012:08:BNSF:TC0812109,0,0,14155,35833,0,0,0,GRAND FORKS,8/22/2012 0:00,2:45,2012,2012,"H307,H702,","BNSF,",7,"H3,H7,","H,",YARD,North Dakota,47.5531,-101.57,"North Dakota
(47.5531, -101.57)"
Derailments,2016:05:RCPE:RCP966216D,0,0,1000,15000,0,0,0,HAAKON,5/6/2016 0:00,2:30,2016,2016,"T101,","RCPE,",1,"T1,","T,",MAIN,South Dakota,44.039602,-101.5662,"South Dakota
(44.039602, -101.5662)"
Derailments,2011:07:NKCR:11018,0,0,114000,300,0,0,0,CHEYENNE,7/7/2011 0:00,12:55,2011,2011,"M101,","NKCR,",1,"M1,","M,",MAIN,Kansas,39.452978,-101.560997,"Kansas
(39.452978, -101.560997)"
Highway-rail impact,2014:11:BNSF:KS1114200,1,0,0,35796,3,0,0,GARZA,11/14/2014 0:00,15:45,2014,2015,"M302,","BNSF,",1,"M3,","M,",MAIN,Texas,33.37122,-101.555851,"Texas
(33.37122, -101.555851)"
Derailments,2012:06:CVR:W62204,0,0,41000,105000,0,0,0,MORTON,6/22/2012 0:00,17:15,2012,2012,"T109,T202,","CVR,",1,"T1,T2,","T,",MAIN,Kansas,37.0114,-101.5229,"Kansas
(37.0114, -101.5229)"
Obstruction impact,2014:11:UP:1114SA012,0,0,0,50000,0,0,0,VAL VERDE,11/7/2014 0:00,11:26,2014,2015,"H606,","UP,",NA,"H6,","H,",MAIN,Texas,29.817712,-101.508204,"Texas
(29.817712, -101.508204)"
Derailments,2014:01:UP:0114FW017,0,0,13748,3416,2,0,0,HOWARD,1/24/2014 0:00,3:17,2014,2014,"T314,E64C,","UP,",7,"T3,E6,","T,E,",YARD,Texas,32.251333,-101.486524,"Texas
(32.251333, -101.486524)"
Derailments,2011:06:UP:0611FW005,0,0,30064,7142,17,2,0,HOWARD,6/5/2011 0:00,11:45,2011,2011,"T403,","UP,",7,"T4,","T,",YARD,Texas,32.25196,-101.484981,"Texas
(32.25196, -101.484981)"
Derailments,2014:01:UP:0114NP001,0,0,93401,13098,0,0,0,KEITH,1/8/2014 0:00,14:35,2014,2014,"E6AC,","UP,",1,"E6,","E,",MAIN,Nebraska,41.124981,-101.484833,"Nebraska
(41.124981, -101.484833)"
Side collision,2012:09:UP:0912FW017,0,0,1926,36581,52,4,0,HOWARD,9/23/2012 0:00,1:50,2012,2012,"H306,","UP,",81,"H3,","H,",YARD,Texas,32.253513,-101.481229,"Texas
(32.253513, -101.481229)"
Raking collision,2016:05:PMSW:S01,0,0,0,40000,1,1,0,LUBBOCK,5/11/2016 0:00,9:05,2016,2016,"H018,","PMSW,",7,"H0,","H,",YARD,Texas,33.321325,-101.481075,"Texas
(33.321325, -101.481075)"
Derailments,2012:04:UP:0412FW024,0,0,27930,250,0,0,0,HOWARD,4/25/2012 0:00,11:55,2012,2012,"E71L,E65L,","UP,",1,"E7,E6,","E,",MAIN,Texas,32.261379,-101.458064,"Texas
(32.261379, -101.458064)"
Other impacts,2016:01:PNR:PNR161373,0,0,0,61796,0,0,0,HUTCHINSON,1/16/2016 0:00,1:30,2016,2016,"M501,H307,","PNR,",1,"M5,H3,","M,H,",INDUSTRY,Texas,35.665674,-101.434269,"Texas
(35.665674, -101.434269)"
Derailments,2013:12:BNSF:KS1213114,0,0,20475,1800,8,0,0,CARSON,12/21/2013 0:00,10:03,2013,2014,"H702,","BNSF,",1,"H7,","H,",SIDING,Texas,35.323082,-101.424185,"Texas
(35.323082, -101.424185)"
Derailments,2014:01:BNSF:MT0114103,0,0,19390,2300,4,0,0,WARD,1/6/2014 0:00,12:30,2014,2014,"E61C,","BNSF,",1,"E6,","E,",MAIN,North Dakota,48.243901,-101.421128,"North Dakota
(48.243901, -101.421128)"
Highway-rail impact,2012:04:UP:0412FW008,1,0,2277,58177,0,0,0,HOWARD,4/11/2012 0:00,11:27,2012,2012,"M303,","UP,",1,"M3,","M,",MAIN,Texas,32.270343,-101.418904,"Texas
(32.270343, -101.418904)"
Highway-rail impact,2016:06:BNSF:KS0616200,0,0,87164,11592,2,0,0,CARSON,6/8/2016 0:00,13:20,2016,2016,"M302,","BNSF,",1,"M3,","M,",MAIN,Texas,35.325247,-101.417128,"Texas
(35.325247, -101.417128)"
Fire/violent rupture,2014:11:UP:1114NP009,0,0,0,59177,0,0,0,KEITH,11/7/2014 0:00,6:16,2014,2015,"E74L,","UP,",1,"E7,","E,",MAIN,Nebraska,41.182095,-101.414838,"Nebraska
(41.182095, -101.414838)"
Derailments,2013:05:UP:0513KC007,0,0,107013,1124120,0,0,0,TEXAS,5/19/2013 0:00,7:00,2013,2013,"T214,","UP,",1,"T2,","T,",MAIN,Oklahoma,36.724139,-101.411987,"Oklahoma
(36.724139, -101.411987)"
Other events,2012:05:BNSF:KS0512107,0,0,0,12000,1,1,0,POTTER,5/9/2012 0:00,2:20,2012,2012,"H601,","BNSF,",7,"H6,","H,",INDUSTRY,Texas,35.327896,-101.408405,"Texas
(35.327896, -101.408405)"
Derailments,2012:02:PNR:PNRCS12005,0,0,1500,90000,3,3,0,HUTCHINSON,2/16/2012 0:00,10:05,2012,2012,"T201,","PNR,",7,"T2,","T,",INDUSTRY,Texas,35.6575,-101.406944,"Texas
(35.6575, -101.406944)"
Derailments,2015:01:PNR:PNR150970,0,0,16000,360,0,0,0,HUTCHINSON,1/28/2015 0:00,17:30,2015,2015,"M502,","PNR,",5,"M5,","M,",MAIN,Texas,35.653715,-101.393782,"Texas
(35.653715, -101.393782)"
Derailments,2013:06:BNSF:KS0613112,0,0,563538,687073,1,1,0,CARSON,6/20/2013 0:00,23:49,2013,2013,"M105,","BNSF,",1,"M1,","M,",MAIN,Texas,35.333741,-101.393282,"Texas
(35.333741, -101.393282)"
Derailments,2015:12:PNR:PNR151337,0,0,8612,128607,0,0,0,HUTCHINSON,12/3/2015 0:00,23:48,2015,2016,"H020,","PNR,",1,"H0,","H,",MAIN,Texas,35.661369,-101.388232,"Texas
(35.661369, -101.388232)"
Derailments,2011:06:BNSF:MT0611100,0,0,338000,373155,0,0,0,WARD,6/2/2011 0:00,4:50,2011,2011,"T001,","BNSF,",1,"T0,","T,",MAIN,North Dakota,48.250499,-101.386237,"North Dakota
(48.250499, -101.386237)"
Fire/violent rupture,2015:09:UP:0915KC015,0,0,0,57349,0,0,0,TEXAS,9/24/2015 0:00,2:52,2015,2015,"E79L,","UP,",1,"E7,","E,",MAIN,Oklahoma,36.756683,-101.362649,"Oklahoma
(36.756683, -101.362649)"
Head on collision,2016:06:BNSF:KS0616108,3,1,263496,14190573,5,2,1,CARSON,6/28/2016 0:00,8:21,2016,2016,"M505,","BNSF,",1,"M5,","M,",MAIN,Texas,35.360988,-101.334873,"Texas
(35.360988, -101.334873)"
Derailments,2012:01:BNSF:PR0112103,0,0,560355,1877955,0,0,0,HOOKER,1/28/2012 0:00,12:05,2012,2012,"T215,","BNSF,",1,"T2,","T,",MAIN,Nebraska,42.034097,-101.330835,"Nebraska
(42.034097, -101.330835)"
Derailments,2012:09:BSR:20121,0,0,10428,32795,0,0,0,HOWARD,9/24/2012 0:00,3:00,2012,2012,"E0HL,","BSR,",8,"E0,","E,",YARD,Texas,32.14474,-101.31018,"Texas
(32.14474, -101.31018)"
Other events,2014:12:BNSF:MT1214105,0,0,0,60000,0,0,0,WARD,12/14/2014 0:00,14:00,2014,2015,"H099,","BNSF,",7,"H0,","H,",YARD,North Dakota,48.235747,-101.299882,"North Dakota
(48.235747, -101.299882)"
Other events,2012:07:UP:0712ES016,0,0,10000,0,0,0,0,KEITH,7/20/2012 0:00,8:45,2012,2012,"M599,","UP,",NA,"M5,","M,",MAIN,Nebraska,41.125974,-101.297398,"Nebraska
(41.125974, -101.297398)"
Derailments,2016:06:BNSF:TC0616114,0,0,51504,86315,0,0,0,WARD,6/20/2016 0:00,12:01,2016,2016,"E4BC,","BNSF,",1,"E4,","E,",YARD,North Dakota,48.237592,-101.295132,"North Dakota
(48.237592, -101.295132)"
Derailments,2015:11:BNSF:TX1115113,0,0,57528,3000,0,0,0,ARMSTRONG,11/27/2015 0:00,6:25,2015,2016,"S011,","BNSF,",1,"S0,","S,",MAIN,Texas,35.086071,-101.29336,"Texas
(35.086071, -101.29336)"
Obstruction impact,2011:09:UP:0911NP001,0,0,17441,500,0,0,0,KEITH,9/2/2011 0:00,24:00:00,2011,2011,"H995,","UP,",NA,"H9,","H,",MAIN,Nebraska,41.129294,-101.27956,"Nebraska
(41.129294, -101.27956)"
Derailments,2015:03:BNSF:TC0315129,0,0,0,45000,0,0,0,WARD,3/13/2015 0:00,16:00,2015,2015,"H997,","BNSF,",NA,"H9,","H,",MAIN,North Dakota,48.23762,-101.264009,"North Dakota
(48.23762, -101.264009)"
Derailments,2014:10:TXPF:10222014,0,0,5000,50000,0,0,0,IRION,10/22/2014 0:00,12:11,2014,2015,"H017,H999,","TXPF,",8,"H0,H9,","H,",MAIN,Texas,31.13029,-101.263837,"Texas
(31.13029, -101.263837)"
Derailments,2013:05:TXPF:051813,0,0,5000,96947,13,10,0,IRION,5/18/2013 0:00,7:30,2013,2013,"H703,H212,","TXPF,",1,"H7,H2,","H,",INDUSTRY,Texas,31.117358,-101.234024,"Texas
(31.117358, -101.234024)"
Derailments,2013:01:BNSF:MT0113110,0,0,640262,253882,1,0,0,MORTON,1/25/2013 0:00,23:15,2013,2013,"T221,","BNSF,",1,"T2,","T,",MAIN,North Dakota,46.832257,-101.228192,"North Dakota
(46.832257, -101.228192)"
Obstruction impact,2011:12:UP:1211KC012,0,0,19315,3916,0,0,0,TEXAS,12/31/2011 0:00,2:59,2011,2012,"M402,","UP,",1,"M4,","M,",MAIN,Oklahoma,36.84876,-101.226204,"Oklahoma
(36.84876, -101.226204)"
Derailments,2011:10:BNSF:TC1011107,0,0,12000,800,0,0,0,WARD,10/9/2011 0:00,22:00,2011,2012,"T207,","BNSF,",7,"T2,","T,",YARD,North Dakota,48.238,-101.196,"North Dakota
(48.238, -101.196)"
Other impacts,2011:10:BNSF:TC1011113,0,0,0,10675,7,7,0,WARD,10/13/2011 0:00,2:45,2011,2012,"H302,H307,","BNSF,",87,"H3,","H,",YARD,North Dakota,48.236206,-101.192295,"North Dakota
(48.236206, -101.192295)"
Derailments,2013:11:BNSF:MT1113113,0,0,0,24000,0,0,0,WARD,11/29/2013 0:00,16:45,2013,2014,"H303,","BNSF,",8,"H3,","H,",YARD,North Dakota,48.115226,-101.19,"North Dakota
(48.115226, -101.19)"
Derailments,2016:03:BNSF:MT0316101,0,0,33600,4831,0,0,0,WARD,3/17/2016 0:00,17:00,2016,2016,"E32C,","BNSF,",7,"E3,","E,",YARD,North Dakota,48.237525,-101.181521,"North Dakota
(48.237525, -101.181521)"
Derailments,2014:08:TXPF:08062014,0,0,10000,4500,0,0,0,IRION,8/6/2014 0:00,1:00,2014,2014,"T319,H703,","TXPF,",1,"T3,H7,","T,H,",INDUSTRY,Texas,31.119966,-101.174787,"Texas
(31.119966, -101.174787)"
Highway-rail impact,2014:08:TXPF:08292014,0,1,30000,20000,0,0,0,IRION,8/29/2014 0:00,23:07,2014,2014,"M308,M302,","TXPF,",1,"M3,","M,",MAIN,Texas,31.127048,-101.171011,"Texas
(31.127048, -101.171011)"
Derailments,2011:08:BNSF:TC0811120,0,0,39923,32735,1,1,0,WARD,8/23/2011 0:00,6:30,2011,2011,"H312,","BNSF,",7,"H3,","H,",YARD,North Dakota,48.236025,-101.166141,"North Dakota
(48.236025, -101.166141)"
Derailments,2015:09:BNSF:TC0915104,0,0,500,13200,0,0,0,WARD,9/11/2015 0:00,21:30,2015,2015,"H702,","BNSF,",7,"H7,","H,",YARD,North Dakota,48.238399,-101.163257,"North Dakota
(48.238399, -101.163257)"
Derailments,2015:03:RCPE:RCP-712115,0,0,105000,70000,0,0,0,HAAKON,3/18/2015 0:00,14:15,2015,2015,"E52C,","RCPE,",1,"E5,","E,",MAIN,South Dakota,44.071653,-101.155417,"South Dakota
(44.071653, -101.155417)"
Derailments,2011:05:DME:226372,0,0,4260,30261,0,0,0,HAAKON,5/31/2011 0:00,24:22:00,2011,2011,"T102,","DME,",16,"T1,","T,",SIDING,South Dakota,44.069068,-101.146931,"South Dakota
(44.069068, -101.146931)"
Other impacts,2011:06:NKCR:11014,0,0,500,200000,0,0,0,LINCOLN,6/7/2011 0:00,13:50,2011,2011,"M504,","NKCR,",1,"M5,","M,",MAIN,Nebraska,40.828783,-101.139611,"Nebraska
(40.828783, -101.139611)"
Derailments,2012:12:DMVW:DE1212506,0,0,0,35000,0,0,0,MCLEAN,12/27/2012 0:00,19:15,2012,2013,"E30C,","DMVW,",1,"E3,","E,",MAIN,North Dakota,47.409967,-101.110696,"North Dakota
(47.409967, -101.110696)"
Highway-rail impact,2015:01:UP:0115DV025,0,1,38381,300423,0,0,0,LOGAN,1/27/2015 0:00,24:12:00,2015,2015,"M302,","UP,",8,"M3,","M,",MAIN,Kansas,39.095501,-101.109176,"Kansas
(39.095501, -101.109176)"
Broken train collision,2012:04:BNSF:MT0412109,0,0,10920,38850,0,0,0,MORTON,4/19/2012 0:00,8:15,2012,2012,"E33C,","BNSF,",1,"E3,","E,",MAIN,North Dakota,46.798666,-101.092841,"North Dakota
(46.798666, -101.092841)"
Derailments,2014:05:BNSF:TC0514110,0,0,83800,169940,0,0,0,WARD,5/26/2014 0:00,15:44,2014,2014,"T001,","BNSF,",1,"T0,","T,",MAIN,North Dakota,48.215443,-101.068157,"North Dakota
(48.215443, -101.068157)"
Highway-rail impact,2012:04:SOO:231046,1,1,2133,81412,2,0,0,WARD,4/3/2012 0:00,24:30:00,2012,2012,"M302,","SOO,",1,"M3,","M,",MAIN,North Dakota,48.089211,-101.045777,"North Dakota
(48.089211, -101.045777)"
Derailments,2011:08:BNSF:KS0811121,0,0,13200,53918,0,0,0,FINNEY,8/28/2011 0:00,6:15,2011,2011,"T201,","BNSF,",1,"T2,","T,",MAIN,Kansas,37.995905,-101.044362,"Kansas
(37.995905, -101.044362)"
Derailments,2012:02:CVR:W21501,0,0,130000,112000,0,0,0,HASKELL,2/15/2012 0:00,13:35,2012,2012,"T221,","CVR,",1,"T2,","T,",MAIN,Kansas,37.4208,-101.0156,"Kansas
(37.4208, -101.0156)"
Derailments,2016:05:UP:0516FW002,0,0,239781,44843,3,0,0,MITCHELL,5/2/2016 0:00,9:41,2016,2016,"E53C,","UP,",1,"E5,","E,",MAIN,Texas,32.356564,-101.002296,"Texas
(32.356564, -101.002296)"
Derailments,2012:03:CVR:Y32202,0,0,13025,19412,0,0,0,HASKELL,3/22/2012 0:00,11:10,2012,2012,"T303,T111,","CVR,",1,"T3,T1,","T,",MAIN,Kansas,37.440278,-100.989444,"Kansas
(37.440278, -100.989444)"
Other impacts,2013:03:BNSF:KS0313122,0,0,0,10000,0,0,0,GRAY,3/24/2013 0:00,24:30:00,2013,2013,"H318,H021,","BNSF,",7,"H3,H0,","H,",YARD,Texas,35.528818,-100.972707,"Texas
(35.528818, -100.972707)"
Fire/violent rupture,2014:05:UP:0514NP018,0,0,0,194880,0,0,0,LINCOLN,5/10/2014 0:00,6:25,2014,2014,"E74L,","UP,",1,"E7,","E,",MAIN,Nebraska,41.155753,-100.926078,"Nebraska
(41.155753, -100.926078)"
Highway-rail impact,2014:11:UP:1114SA007,0,0,25684,1305,16,0,0,VAL VERDE,11/5/2014 0:00,6:00,2014,2015,"M303,","UP,",1,"M3,","M,",MAIN,Texas,29.355868,-100.922362,"Texas
(29.355868, -100.922362)"
Other events,2011:10:UP:1011NP006,0,0,27454,0,0,0,0,LINCOLN,10/4/2011 0:00,23:30,2011,2012,"E21C,","UP,",7,"E2,","E,",YARD,Nebraska,41.154304,-100.90466,"Nebraska
(41.154304, -100.90466)"
Derailments,2012:06:UP:0612NP032,0,0,199085,39073,19,0,0,LINCOLN,6/21/2012 0:00,17:50,2012,2012,"T206,","UP,",1,"T2,","T,",YARD,Nebraska,41.154304,-100.90466,"Nebraska
(41.154304, -100.90466)"
Side collision,2015:04:BNSF:TC0415104,0,0,0,15884,0,0,0,MORTON,4/1/2015 0:00,23:59,2015,2015,"H318,","BNSF,",7,"H3,","H,",YARD,North Dakota,46.824248,-100.899229,"North Dakota
(46.824248, -100.899229)"
Other impacts,2012:02:BNSF:TC0212120,0,0,0,12000,0,0,0,MORTON,2/20/2012 0:00,13:45,2012,2012,"H306,","BNSF,",71,"H3,","H,",YARD,North Dakota,46.83,-100.89,"North Dakota
(46.83, -100.89)"
Other impacts,2011:11:BNSF:TC1111112,0,0,3000,89211,15,0,0,MORTON,11/18/2011 0:00,5:15,2011,2012,"H307,H702,","BNSF,",16,"H3,H7,H3,H7,","H,",YARD,North Dakota,46.826189,-100.886704,"North Dakota
(46.826189, -100.886704)"
Side collision,2013:09:BNSF:TC0913126,0,0,0,11314,0,0,0,MORTON,9/29/2013 0:00,14:30,2013,2013,"H318,","BNSF,",71,"H3,","H,",YARD,North Dakota,46.826536,-100.882026,"North Dakota
(46.826536, -100.882026)"
Other impacts,2015:06:BNSF:TC0615105,0,0,0,23500,0,0,0,MORTON,6/16/2015 0:00,17:55,2015,2015,"H318,H312,","BNSF,",7,"H3,","H,",YARD,North Dakota,46.828069,-100.872821,"North Dakota
(46.828069, -100.872821)"
Derailments,2011:06:UP:0611NP002,0,0,20731,5790,5,0,0,LINCOLN,6/1/2011 0:00,19:57,2011,2011,"E04C,","UP,",7,"E0,","E,",YARD,Nebraska,41.151831,-100.871935,"Nebraska
(41.151831, -100.871935)"
Derailments,2015:03:UP:0315NP038,0,0,4814,7686,0,0,0,LINCOLN,3/31/2015 0:00,5:30,2015,2015,"H303,","UP,",1,"H3,","H,",YARD,Nebraska,41.15313,-100.870713,"Nebraska
(41.15313, -100.870713)"
Derailments,2013:04:UP:0413NP008,0,0,100,111558,0,0,0,LINCOLN,4/9/2013 0:00,12:40,2013,2013,"H303,","UP,",8,"H3,","H,",YARD,Nebraska,41.157402,-100.864122,"Nebraska
(41.157402, -100.864122)"
Derailments,2012:01:UP:0112NP008,0,0,19,17157,0,0,0,LINCOLN,1/13/2012 0:00,1:00,2012,2012,"H704,","UP,",8,"H7,","H,",YARD,Nebraska,41.150378,-100.862178,"Nebraska
(41.150378, -100.862178)"
Derailments,2012:05:UP:0512NP008,0,0,0,17157,0,0,0,LINCOLN,5/9/2012 0:00,4:27,2012,2012,"H704,","UP,",8,"H7,","H,",YARD,Nebraska,41.150378,-100.862178,"Nebraska
(41.150378, -100.862178)"
Derailments,2012:01:SOO:229933,0,0,11614,454528,0,0,0,MCLEAN,1/12/2012 0:00,4:15,2012,2012,"T207,","SOO,",1,"T2,","T,",MAIN,North Dakota,47.84034,-100.86207,"North Dakota
(47.84034, -100.86207)"