AccidentType,inckey,Fatalities,Injuries,TrackDamage,EquipmentDamage,HazmatCars,HazmatCarsDerailed,HazmatCarsReleasing,County,DisplayDate,DisplayTime,calendar,Fiscal,AccidentCause,RailroadCodes,RAILEQUIPMENT_TYPE,CauseGroup,CauseDiscipline,TYPE_OF_TRACK,StateName,latitude,longitude,GeoLocation
Derailments,2012:11:UP:1112DV016,0,0,133116,1000,0,0,0,LOGAN,11/20/2012 0:00,14:15,2012,2013,"M599,","UP,",6,"M5,","M,",YARD,Kansas,39.124334,-100.861428,"Kansas
(39.124334, -100.861428)"
Derailments,2015:01:UP:0115NP034,0,0,7322,3392,12,0,0,LINCOLN,1/23/2015 0:00,19:15,2015,2015,"H702,H303,","UP,",7,"H7,H3,","H,",YARD,Nebraska,41.154746,-100.855578,"Nebraska
(41.154746, -100.855578)"
Derailments,2015:02:UP:0215NP015,0,0,276966,16417,23,0,0,LINCOLN,2/7/2015 0:00,5:15,2015,2015,"T207,","UP,",7,"T2,","T,",YARD,Nebraska,41.149275,-100.854062,"Nebraska
(41.149275, -100.854062)"
Derailments,2014:03:UP:0314NP018,0,0,69071,120417,0,0,0,LINCOLN,3/14/2014 0:00,4:30,2014,2014,"M405,","UP,",67,"M4,","M,",YARD,Nebraska,41.149227,-100.853595,"Nebraska
(41.149227, -100.853595)"
Derailments,2012:09:UP:0912NP003,0,0,23658,18785,0,0,0,LINCOLN,9/4/2012 0:00,19:00,2012,2012,"M405,","UP,",7,"M4,","M,",YARD,Nebraska,41.154655,-100.853231,"Nebraska
(41.154655, -100.853231)"
Derailments,2013:01:UP:0113NP013,0,0,0,23695,0,0,0,LINCOLN,1/11/2013 0:00,18:57,2013,2013,"H307,","UP,",1,"H3,","H,",YARD,Nebraska,41.15539,-100.853,"Nebraska
(41.15539, -100.853)"
Derailments,2013:07:UP:0713NP020,0,0,15988,250,0,0,0,LINCOLN,7/18/2013 0:00,19:10,2013,2013,"T319,","UP,",8,"T3,","T,",YARD,Nebraska,41.153439,-100.852434,"Nebraska
(41.153439, -100.852434)"
Derailments,2016:07:UP:0716NP010,0,0,7182,6409,6,0,0,LINCOLN,7/31/2016 0:00,7:10,2016,2016,"T314,","UP,",1,"T3,","T,",YARD,Nebraska,41.153114,-100.852429,"Nebraska
(41.153114, -100.852429)"
Other events,2014:09:UP:0914NP005,0,0,0,14170,0,0,0,LINCOLN,9/3/2014 0:00,10:00,2014,2014,"M507,","UP,",6,"M5,","M,",YARD,Nebraska,41.15458,-100.851063,"Nebraska
(41.15458, -100.851063)"
Obstruction impact,2015:07:UP:0715NP025,0,0,10672,9497,0,0,0,LINCOLN,7/30/2015 0:00,2:25,2015,2015,"M404,","UP,",7,"M4,","M,",YARD,Nebraska,41.148758,-100.848567,"Nebraska
(41.148758, -100.848567)"
Derailments,2012:07:UP:0712NP019,0,0,101145,13798,0,0,0,LINCOLN,7/21/2012 0:00,23:05,2012,2012,"H995,","UP,",1,"H9,","H,",YARD,Nebraska,41.154079,-100.848505,"Nebraska
(41.154079, -100.848505)"
Derailments,2014:08:UP:0814NP007,0,0,30859,3318,0,0,0,LINCOLN,8/10/2014 0:00,8:39,2014,2014,"H316,","UP,",7,"H3,","H,",YARD,Nebraska,41.148855,-100.847187,"Nebraska
(41.148855, -100.847187)"
Derailments,2013:04:UP:0413NP006,0,0,150,18011,0,0,0,LINCOLN,4/8/2013 0:00,12:30,2013,2013,"H704,","UP,",8,"H7,","H,",YARD,Nebraska,41.154453,-100.847064,"Nebraska
(41.154453, -100.847064)"
Other impacts,2016:05:UP:0516NP024,0,0,0,11778,1,1,0,LINCOLN,5/23/2016 0:00,24:50:00,2016,2016,"S007,","UP,",75,"S0,","S,",YARD,Nebraska,41.149555,-100.84704,"Nebraska
(41.149555, -100.84704)"
Derailments,2016:01:UP:0116NP010,0,0,204417,20505,2,1,0,LINCOLN,1/26/2016 0:00,10:12,2016,2016,"S016,","UP,",75,"S0,","S,",YARD,Nebraska,41.150601,-100.845587,"Nebraska
(41.150601, -100.845587)"
Other impacts,2013:03:UP:0313NP018,0,0,0,14498,0,0,0,LINCOLN,3/18/2013 0:00,17:10,2013,2013,"E04C,","UP,",575,"E0,","E,",YARD,Nebraska,41.148351,-100.845193,"Nebraska
(41.148351, -100.845193)"
Derailments,2015:10:UP:1015NP005,0,0,7394,14711,1,0,0,LINCOLN,10/5/2015 0:00,18:45,2015,2016,"S007,","UP,",7,"S0,","S,",YARD,Nebraska,41.146736,-100.844666,"Nebraska
(41.146736, -100.844666)"
Derailments,2011:06:UP:0611NP010,0,0,26009,23848,0,0,0,LINCOLN,6/14/2011 0:00,5:20,2011,2011,"E24C,","UP,",7,"E2,","E,",YARD,Nebraska,41.146685,-100.844144,"Nebraska
(41.146685, -100.844144)"
Other events,2016:03:UP:0316NP025,0,0,0,12000,0,0,0,LINCOLN,3/14/2016 0:00,14:30,2016,2016,"E29C,","UP,",4,"E2,","E,",YARD,Nebraska,41.146681,-100.843549,"Nebraska
(41.146681, -100.843549)"
Derailments,2012:10:UP:1012NP031,0,0,40535,56260,0,0,0,LINCOLN,10/29/2012 0:00,12:15,2012,2013,"H607,","UP,",8,"H6,","H,",YARD,Nebraska,41.152983,-100.842619,"Nebraska
(41.152983, -100.842619)"
Side collision,2014:11:UP:1114NP007,0,0,1120,12015,0,0,0,LINCOLN,11/8/2014 0:00,12:18,2014,2015,"H302,","UP,",85,"H3,","H,",YARD,Nebraska,41.154286,-100.842573,"Nebraska
(41.154286, -100.842573)"
Other impacts,2015:12:UP:1215NP013,0,0,3039,10613,1,0,0,LINCOLN,12/12/2015 0:00,24:13:00,2015,2016,"M411,","UP,",7,"M4,","M,",YARD,Nebraska,41.146422,-100.8416,"Nebraska
(41.146422, -100.8416)"
Other events,2015:07:UP:0715NP002,0,0,10768,55791,0,0,0,LINCOLN,7/4/2015 0:00,2:15,2015,2015,"H702,","UP,",8,"H7,","H,",YARD,Nebraska,41.146157,-100.839652,"Nebraska
(41.146157, -100.839652)"
Derailments,2012:02:UP:0212NP011,0,0,11279,4096,8,0,0,LINCOLN,2/21/2012 0:00,19:55,2012,2012,"E07C,","UP,",7,"E0,","E,",YARD,Nebraska,41.149992,-100.839125,"Nebraska
(41.149992, -100.839125)"
Derailments,2012:11:UP:1112NP010,0,0,100,20227,0,0,0,LINCOLN,11/25/2012 0:00,12:59,2012,2013,"H303,","UP,",8,"H3,","H,",YARD,Nebraska,41.149992,-100.839125,"Nebraska
(41.149992, -100.839125)"
Derailments,2011:10:UP:1011NP018,0,0,60827,39963,0,0,0,LINCOLN,10/18/2011 0:00,18:30,2011,2012,"T110,","UP,",7,"T1,","T,",YARD,Nebraska,41.150095,-100.839111,"Nebraska
(41.150095, -100.839111)"
Other impacts,2011:12:UP:1211NP014,0,0,29,15144,0,0,0,LINCOLN,12/15/2011 0:00,8:29,2011,2012,"S007,","UP,",75,"S0,","S,",YARD,Nebraska,41.150095,-100.839111,"Nebraska
(41.150095, -100.839111)"
Derailments,2014:08:UP:0814NP008,0,0,317,10968,0,0,0,LINCOLN,8/13/2014 0:00,14:15,2014,2014,"H995,","UP,",1,"H9,","H,",YARD,Nebraska,41.154981,-100.839076,"Nebraska
(41.154981, -100.839076)"
Derailments,2014:08:UP:0814NP023,0,0,18400,500,0,0,0,LINCOLN,8/21/2014 0:00,18:30,2014,2014,"T210,","UP,",8,"T2,","T,",YARD,Nebraska,41.145332,-100.838986,"Nebraska
(41.145332, -100.838986)"
Other impacts,2012:08:UP:0812NP001,0,0,3228,19396,0,0,0,LINCOLN,8/1/2012 0:00,11:30,2012,2012,"M411,","UP,",57,"M4,","M,",YARD,Nebraska,41.153294,-100.838672,"Nebraska
(41.153294, -100.838672)"
Derailments,2013:06:UP:0613NP001,0,0,6133,5107,0,0,0,LINCOLN,6/2/2013 0:00,1:00,2013,2013,"M411,H310,","UP,",7,"M4,H3,","M,H,",YARD,Nebraska,41.154073,-100.838626,"Nebraska
(41.154073, -100.838626)"
Derailments,2011:12:UP:1211NP002,0,0,0,18095,0,0,0,LINCOLN,12/1/2011 0:00,21:15,2011,2012,"M411,","UP,",75,"M4,","M,",YARD,Nebraska,41.14974,-100.837222,"Nebraska
(41.14974, -100.837222)"
Derailments,2015:11:UP:1115NP019,0,0,600,24103,0,0,0,LINCOLN,11/28/2015 0:00,8:20,2015,2016,"S007,","UP,",76,"S0,","S,",YARD,Nebraska,41.145262,-100.835807,"Nebraska
(41.145262, -100.835807)"
Derailments,2016:02:UP:0216NP012,0,0,2774,71907,0,0,0,LINCOLN,2/3/2016 0:00,2:40,2016,2016,"M506,","UP,",8,"M5,","M,",YARD,Nebraska,41.145262,-100.835807,"Nebraska
(41.145262, -100.835807)"
Derailments,2013:09:UP:0913NP032,0,0,74235,17928,0,0,0,LINCOLN,9/30/2013 0:00,6:10,2013,2013,"T205,","UP,",7,"T2,","T,",YARD,Nebraska,41.146171,-100.835138,"Nebraska
(41.146171, -100.835138)"
Other impacts,2014:02:UP:0214NP023,0,0,0,24838,5,5,0,LINCOLN,2/15/2014 0:00,2:12,2014,2014,"M407,","UP,",75,"M4,","M,",YARD,Nebraska,41.152265,-100.834804,"Nebraska
(41.152265, -100.834804)"
Derailments,2012:10:UP:1012NP002,0,0,208719,33200,28,0,0,LINCOLN,10/4/2012 0:00,10:15,2012,2013,"M405,","UP,",7,"M4,","M,",YARD,Nebraska,41.146644,-100.834075,"Nebraska
(41.146644, -100.834075)"
Derailments,2015:03:UP:0315NP016,0,0,10064,37194,0,0,0,LINCOLN,3/10/2015 0:00,8:55,2015,2015,"H017,","UP,",8,"H0,","H,",YARD,Nebraska,41.1455,-100.833625,"Nebraska
(41.1455, -100.833625)"
Derailments,2011:09:UP:0911NP015,0,0,1032,9107,0,0,0,LINCOLN,9/15/2011 0:00,24:30:00,2011,2011,"T205,E67C,","UP,",7,"T2,E6,","T,E,",YARD,Nebraska,41.149339,-100.833392,"Nebraska
(41.149339, -100.833392)"
Derailments,2013:06:UP:0613NP018,0,0,12262,4323,0,0,0,LINCOLN,6/27/2013 0:00,16:15,2013,2013,"M411,T111,","UP,",7,"M4,T1,","M,T,",YARD,Nebraska,41.152711,-100.832851,"Nebraska
(41.152711, -100.832851)"
Other impacts,2014:02:UP:0214NP022,0,0,182,25509,0,0,0,LINCOLN,2/14/2014 0:00,21:48,2014,2014,"S007,","UP,",75,"S0,","S,",YARD,Nebraska,41.152711,-100.832851,"Nebraska
(41.152711, -100.832851)"
Derailments,2013:12:UP:1213NP033,0,0,16700,5150,0,0,0,LINCOLN,12/29/2013 0:00,21:55,2013,2014,"E09C,","UP,",57,"E0,","E,",YARD,Nebraska,41.1471,-100.831838,"Nebraska
(41.1471, -100.831838)"
Derailments,2014:07:UP:0714NP019,0,0,13124,56818,0,0,0,LINCOLN,7/10/2014 0:00,23:40,2014,2014,"M405,","UP,",7,"M4,","M,",YARD,Nebraska,41.14592,-100.831055,"Nebraska
(41.14592, -100.831055)"
Derailments,2014:09:UP:0914NP001,0,0,142630,54286,59,0,0,LINCOLN,9/2/2014 0:00,9:35,2014,2014,"M405,","UP,",7,"M4,","M,",YARD,Nebraska,41.155501,-100.830592,"Nebraska
(41.155501, -100.830592)"
Derailments,2016:03:UP:0316NP014,0,0,2475,17131,0,0,0,LINCOLN,3/18/2016 0:00,13:45,2016,2016,"H305,","UP,",8,"H3,","H,",YARD,Nebraska,41.152155,-100.830314,"Nebraska
(41.152155, -100.830314)"
Raking collision,2013:11:BNSF:KS1113115,0,0,4500,161992,4,4,0,FINNEY,11/23/2013 0:00,24:30:00,2013,2014,"H307,","BNSF,",16,"H3,","H,",INDUSTRY,Kansas,37.955949,-100.830265,"Kansas
(37.955949, -100.830265)"
Derailments,2011:10:UP:1011NP014,0,0,23477,6952,17,0,0,LINCOLN,10/10/2011 0:00,21:30,2011,2012,"M405,","UP,",7,"M4,","M,",YARD,Nebraska,41.148831,-100.829542,"Nebraska
(41.148831, -100.829542)"
Derailments,2012:01:UP:0112NP018,0,0,2990,28067,1,1,0,LINCOLN,1/30/2012 0:00,4:15,2012,2012,"T207,","UP,",7,"T2,","T,",YARD,Nebraska,41.148721,-100.829519,"Nebraska
(41.148721, -100.829519)"
Derailments,2012:12:UP:1212NP010,0,0,35972,16888,0,0,0,LINCOLN,12/11/2012 0:00,15:55,2012,2013,"H995,","UP,",7,"H9,","H,",YARD,Nebraska,41.148825,-100.829498,"Nebraska
(41.148825, -100.829498)"
Derailments,2012:02:UP:0212NP003,0,0,4516,42348,3,1,0,LINCOLN,2/8/2012 0:00,20:40,2012,2012,"M405,","UP,",7,"M4,","M,",YARD,Nebraska,41.152659,-100.82902,"Nebraska
(41.152659, -100.82902)"
Derailments,2016:08:UP:0816NP025,0,0,5984,78955,1,1,0,LINCOLN,8/27/2016 0:00,3:01,2016,2016,"S016,","UP,",7,"S0,","S,",YARD,Nebraska,41.15398,-100.829009,"Nebraska
(41.15398, -100.829009)"
Other events,2013:10:UP:1013NP002,0,0,0,15726,0,0,0,LINCOLN,10/1/2013 0:00,16:41,2013,2014,"M507,","UP,",5,"M5,","M,",YARD,Nebraska,41.146957,-100.82787,"Nebraska
(41.146957, -100.82787)"
Derailments,2013:10:UP:1013NP021,0,0,43639,19045,0,0,0,LINCOLN,10/18/2013 0:00,5:15,2013,2014,"T399,","UP,",7,"T3,","T,",YARD,Nebraska,41.14693,-100.8276,"Nebraska
(41.14693, -100.8276)"
Derailments,2011:09:UP:0911NP021,0,0,2212,25668,3,0,0,LINCOLN,9/25/2011 0:00,22:50,2011,2011,"T403,","UP,",78,"T4,","T,",YARD,Nebraska,41.148322,-100.825692,"Nebraska
(41.148322, -100.825692)"
Other impacts,2012:04:UP:0412NP012,0,0,0,11120,0,0,0,LINCOLN,4/18/2012 0:00,8:54,2012,2012,"S007,","UP,",76,"S0,","S,",YARD,Nebraska,41.148206,-100.825623,"Nebraska
(41.148206, -100.825623)"
Derailments,2011:12:UP:1211NP013,0,0,2521,16682,0,0,0,LINCOLN,12/13/2011 0:00,10:00,2011,2012,"H995,","UP,",1,"H9,","H,",YARD,Nebraska,41.14831,-100.825604,"Nebraska
(41.14831, -100.825604)"
Derailments,2012:10:UP:1012NP033,0,0,38683,1553,0,0,0,LINCOLN,10/28/2012 0:00,7:45,2012,2013,"H306,","UP,",7,"H3,","H,",YARD,Nebraska,41.154462,-100.825594,"Nebraska
(41.154462, -100.825594)"
Other impacts,2015:08:UP:0815NP010,0,0,0,34838,0,0,0,LINCOLN,8/13/2015 0:00,3:00,2015,2015,"S007,","UP,",57,"S0,","S,",YARD,Nebraska,41.146797,-100.823901,"Nebraska
(41.146797, -100.823901)"
Derailments,2016:06:UP:0616NP006,0,0,33509,58512,4,0,0,LINCOLN,6/8/2016 0:00,1:30,2016,2016,"T217,","UP,",7,"T2,","T,",YARD,Nebraska,41.146483,-100.823586,"Nebraska
(41.146483, -100.823586)"
Other events,2012:10:UP:1012NP026,0,0,0,53277,0,0,0,LINCOLN,10/25/2012 0:00,12:14,2012,2013,"S007,","UP,",75,"S0,","S,",YARD,Nebraska,41.155525,-100.822643,"Nebraska
(41.155525, -100.822643)"
Other impacts,2012:01:UP:0112NP012,0,0,604,51352,0,0,0,LINCOLN,1/24/2012 0:00,2:07,2012,2012,"M411,","UP,",75,"M4,","M,",YARD,Nebraska,41.155595,-100.822632,"Nebraska
(41.155595, -100.822632)"
Derailments,2014:11:UP:1114NP035,0,0,100,12731,0,0,0,LINCOLN,11/28/2014 0:00,6:38,2014,2015,"M411,","UP,",75,"M4,","M,",YARD,Nebraska,41.149069,-100.819498,"Nebraska
(41.149069, -100.819498)"
Derailments,2014:07:UP:0714NP038,0,0,3170,13188,0,0,0,LINCOLN,7/29/2014 0:00,18:45,2014,2014,"E30C,","UP,",7,"E3,","E,",YARD,Nebraska,41.146296,-100.818339,"Nebraska
(41.146296, -100.818339)"
Derailments,2013:03:UP:0313NP031,0,0,62215,15947,7,0,0,LINCOLN,3/28/2013 0:00,13:30,2013,2013,"H307,","UP,",7,"H3,","H,",YARD,Nebraska,41.147024,-100.817872,"Nebraska
(41.147024, -100.817872)"
Other events,2014:12:UP:1214NP012,0,0,0,12597,0,0,0,LINCOLN,12/15/2014 0:00,9:30,2014,2015,"M411,","UP,",6,"M4,","M,",YARD,Nebraska,41.154188,-100.816818,"Nebraska
(41.154188, -100.816818)"
Derailments,2015:07:UP:0715NP015,0,0,35725,96921,15,0,0,LINCOLN,7/26/2015 0:00,22:00,2015,2015,"T110,","UP,",76,"T1,","T,",YARD,Nebraska,41.146065,-100.816617,"Nebraska
(41.146065, -100.816617)"
Highway-rail impact,2016:06:TXPF:06292016,0,1,0,0,0,0,0,IRION,6/29/2016 0:00,11:45,2016,2016,"M308,M302,","TXPF,",9,"M3,","M,",MAIN,Texas,31.24897,-100.81618,"Texas
(31.24897, -100.81618)"
Derailments,2013:07:UP:0713NP001,0,0,100,18038,0,0,0,LINCOLN,7/7/2013 0:00,18:02,2013,2013,"H605,S011,","UP,",1,"H6,S0,","H,S,",YARD,Nebraska,41.15425,-100.8159,"Nebraska
(41.15425, -100.8159)"
Other impacts,2011:10:UP:1011NP030,0,0,273,9347,0,0,0,LINCOLN,10/26/2011 0:00,23:50,2011,2012,"M411,","UP,",75,"M4,","M,",YARD,Nebraska,41.146568,-100.814176,"Nebraska
(41.146568, -100.814176)"
Derailments,2011:11:UP:1111NP019,0,0,555,41970,0,0,0,LINCOLN,11/28/2011 0:00,2:20,2011,2012,"M411,","UP,",57,"M4,","M,",YARD,Nebraska,41.146466,-100.814171,"Nebraska
(41.146466, -100.814171)"
Other impacts,2016:08:UP:0816NP009,0,0,0,12998,0,0,0,LINCOLN,8/9/2016 0:00,12:19,2016,2016,"H99E,","UP,",7,"H9,","H,",YARD,Nebraska,41.145821,-100.814103,"Nebraska
(41.145821, -100.814103)"
Obstruction impact,2013:07:UP:0713NP028,0,0,0,10107,5,0,0,LINCOLN,7/26/2013 0:00,13:30,2013,2013,"E21C,","UP,",7,"E2,","E,",YARD,Nebraska,41.145804,-100.8141,"Nebraska
(41.145804, -100.8141)"
Derailments,2014:04:UP:0414NP039,0,0,4400,35966,0,0,0,LINCOLN,4/25/2014 0:00,20:20,2014,2014,"M405,","UP,",7,"M4,","M,",YARD,Nebraska,41.145812,-100.814056,"Nebraska
(41.145812, -100.814056)"
Derailments,2011:12:UP:1211NP006,0,0,7360,86550,8,1,0,LINCOLN,12/7/2011 0:00,5:10,2011,2012,"T202,","UP,",7,"T2,","T,",YARD,Nebraska,41.146542,-100.813984,"Nebraska
(41.146542, -100.813984)"
Derailments,2011:09:UP:0911NP018,0,0,3984,23092,0,0,0,LINCOLN,9/20/2011 0:00,24:05:00,2011,2011,"M409,","UP,",7,"M4,","M,",YARD,Nebraska,41.150082,-100.813948,"Nebraska
(41.150082, -100.813948)"
Derailments,2011:07:UP:0711NP005,0,0,1738,13686,7,0,0,LINCOLN,7/5/2011 0:00,9:45,2011,2011,"M405,","UP,",7,"M4,","M,",YARD,Nebraska,41.153322,-100.813919,"Nebraska
(41.153322, -100.813919)"
Derailments,2013:04:UP:0413NP025,0,0,25621,231,2,0,0,LINCOLN,4/21/2013 0:00,18:07,2013,2013,"M404,","UP,",7,"M4,","M,",YARD,Nebraska,41.150094,-100.813808,"Nebraska
(41.150094, -100.813808)"
Obstruction impact,2013:12:UP:1213NP013,0,0,35923,25688,0,0,0,LINCOLN,12/15/2013 0:00,2:00,2013,2014,"M404,","UP,",7,"M4,","M,",YARD,Nebraska,41.146419,-100.813049,"Nebraska
(41.146419, -100.813049)"
Derailments,2013:08:UP:0813NP033,0,0,180951,843,0,0,0,LINCOLN,8/28/2013 0:00,13:20,2013,2013,"M404,","UP,",7,"M4,","M,",YARD,Nebraska,41.151893,-100.811504,"Nebraska
(41.151893, -100.811504)"
Derailments,2012:01:UP:0112NP011,0,0,164056,19844,0,0,0,LINCOLN,1/22/2012 0:00,19:14,2012,2012,"E39C,","UP,",7,"E3,","E,",YARD,Nebraska,41.151347,-100.810493,"Nebraska
(41.151347, -100.810493)"
Derailments,2013:07:UP:0713NP008,0,0,100,45431,1,1,0,LINCOLN,7/10/2013 0:00,1:00,2013,2013,"S007,","UP,",57,"S0,","S,",YARD,Nebraska,41.149899,-100.810327,"Nebraska
(41.149899, -100.810327)"
Derailments,2015:03:UP:0315NP001,0,0,66,17766,2,0,0,LINCOLN,3/3/2015 0:00,24:49:00,2015,2015,"H303,","UP,",7,"H3,","H,",YARD,Nebraska,41.15089,-100.809998,"Nebraska
(41.15089, -100.809998)"
Derailments,2015:05:UP:0515NP018,0,0,30352,62922,73,3,0,LINCOLN,5/25/2015 0:00,15:37,2015,2015,"H503,","UP,",76,"H5,","H,",YARD,Nebraska,41.145248,-100.80843,"Nebraska
(41.145248, -100.80843)"
Raking collision,2013:01:UP:0113NP003,0,0,175960,116882,0,0,0,LINCOLN,1/3/2013 0:00,13:25,2013,2013,"H306,H607,","UP,",78,"H3,H6,H3,H6,","H,",YARD,Nebraska,41.149167,-100.808351,"Nebraska
(41.149167, -100.808351)"
Derailments,2011:07:UP:0711NP014,0,0,213370,16192,0,0,0,LINCOLN,7/15/2011 0:00,2:20,2011,2011,"T110,","UP,",7,"T1,","T,",YARD,Nebraska,41.149712,-100.808338,"Nebraska
(41.149712, -100.808338)"
Derailments,2013:12:UP:1213NP006,0,0,1434,35870,1,1,0,LINCOLN,12/8/2013 0:00,19:35,2013,2014,"H503,M404,","UP,",7,"H5,M4,","H,M,",YARD,Nebraska,41.149312,-100.808211,"Nebraska
(41.149312, -100.808211)"
Other impacts,2013:02:UP:0213NP019,0,0,0,52040,0,0,0,LINCOLN,2/15/2013 0:00,24:39:00,2013,2013,"M411,","UP,",5,"M4,","M,",YARD,Nebraska,41.147828,-100.80811,"Nebraska
(41.147828, -100.80811)"
Derailments,2014:01:UP:0114NP011,0,0,134315,102597,6,6,0,LINCOLN,1/13/2014 0:00,7:00,2014,2014,"E30C,","UP,",7,"E3,","E,",YARD,Nebraska,41.149035,-100.807634,"Nebraska
(41.149035, -100.807634)"
Derailments,2013:04:UP:0413NP023,0,0,29447,7078,7,0,0,LINCOLN,4/19/2013 0:00,21:40,2013,2013,"M404,","UP,",7,"M4,","M,",YARD,Nebraska,41.148572,-100.806382,"Nebraska
(41.148572, -100.806382)"
Other events,2016:02:UP:0216NP004,0,0,0,15772,1,1,0,LINCOLN,2/3/2016 0:00,17:48,2016,2016,"M411,","UP,",5,"M4,","M,",YARD,Nebraska,41.14488,-100.804752,"Nebraska
(41.14488, -100.804752)"
Derailments,2016:06:UP:0616NP013,0,0,105764,23541,0,0,0,LINCOLN,6/13/2016 0:00,16:58,2016,2016,"S099,","UP,",7,"S0,","S,",YARD,Nebraska,41.144949,-100.804739,"Nebraska
(41.144949, -100.804739)"
Derailments,2012:07:UP:0712NP008,0,0,800,28154,13,0,0,LINCOLN,7/11/2012 0:00,21:20,2012,2012,"E30C,","UP,",76,"E3,","E,",YARD,Nebraska,41.144872,-100.804679,"Nebraska
(41.144872, -100.804679)"
Derailments,2016:07:UP:0716NP003,0,0,10413,408,0,0,0,LINCOLN,7/21/2016 0:00,15:50,2016,2016,"T110,","UP,",7,"T1,","T,",YARD,Nebraska,41.147239,-100.804371,"Nebraska
(41.147239, -100.804371)"
Other events,2014:02:UP:0214NP014,0,0,0,10842,0,0,0,LINCOLN,2/7/2014 0:00,22:03,2014,2014,"M507,","UP,",5,"M5,","M,",YARD,Nebraska,41.145543,-100.803827,"Nebraska
(41.145543, -100.803827)"
Other events,2012:05:UP:0512NP003,0,0,0,14392,0,0,0,LINCOLN,5/4/2012 0:00,10:34,2012,2012,"M507,","UP,",5,"M5,","M,",YARD,Nebraska,41.147923,-100.803616,"Nebraska
(41.147923, -100.803616)"
Other events,2014:07:UP:0714NP016,0,0,0,30702,0,0,0,LINCOLN,7/9/2014 0:00,11:47,2014,2014,"M507,","UP,",5,"M5,","M,",YARD,Nebraska,41.144933,-100.799715,"Nebraska
(41.144933, -100.799715)"
Derailments,2012:06:UP:0612NP007,0,0,14389,10328,1,0,0,LINCOLN,6/11/2012 0:00,2:10,2012,2012,"T110,","UP,",7,"T1,","T,",YARD,Nebraska,41.144855,-100.798891,"Nebraska
(41.144855, -100.798891)"
Derailments,2012:05:NKCR:12007,0,0,38472,33175,0,0,0,LINCOLN,5/4/2012 0:00,14:10,2012,2012,"T001,","NKCR,",1,"T0,","T,",MAIN,Nebraska,40.787778,-100.798056,"Nebraska
(40.787778, -100.798056)"
Derailments,2015:11:BNSF:KS1115104,0,0,10300,40547,0,0,0,GRAY,11/16/2015 0:00,19:20,2015,2016,"M102,","BNSF,",1,"M1,","M,",MAIN,Texas,35.620366,-100.796725,"Texas
(35.620366, -100.796725)"
Derailments,2016:02:UP:0216NP016,0,0,96848,59965,0,0,0,LINCOLN,2/19/2016 0:00,10:30,2016,2016,"M405,","UP,",1,"M4,","M,",YARD,Nebraska,41.143943,-100.795415,"Nebraska
(41.143943, -100.795415)"
Derailments,2011:11:UP:1111NP009,0,0,103864,32548,16,2,0,LINCOLN,11/18/2011 0:00,23:15,2011,2012,"H306,","UP,",7,"H3,","H,",YARD,Nebraska,41.144341,-100.795225,"Nebraska
(41.144341, -100.795225)"
Derailments,2015:04:UP:0415NP006,0,0,58540,19462,0,0,0,LINCOLN,4/11/2015 0:00,20:45,2015,2015,"H307,","UP,",7,"H3,","H,",YARD,Nebraska,41.144291,-100.794847,"Nebraska
(41.144291, -100.794847)"
Derailments,2015:03:UP:0315NP003,0,0,123146,38206,6,1,0,LINCOLN,3/5/2015 0:00,14:00,2015,2015,"E39C,","UP,",7,"E3,","E,",YARD,Nebraska,41.143616,-100.794382,"Nebraska
(41.143616, -100.794382)"
Derailments,2012:03:UP:0312NP034,0,0,2352,8996,0,0,0,LINCOLN,3/30/2012 0:00,20:50,2012,2012,"H704,","UP,",1,"H7,","H,",YARD,Nebraska,41.144349,-100.794138,"Nebraska
(41.144349, -100.794138)"
Derailments,2012:02:UP:0212NP013,0,0,26101,416,0,0,0,LINCOLN,2/26/2012 0:00,3:15,2012,2012,"H307,H306,","UP,",7,"H3,","H,",YARD,Nebraska,41.144306,-100.794075,"Nebraska
(41.144306, -100.794075)"
Derailments,2015:04:UP:0415NP010,0,0,128236,14930,0,0,0,LINCOLN,4/13/2015 0:00,5:00,2015,2015,"H704,","UP,",7,"H7,","H,",YARD,Nebraska,41.144081,-100.793337,"Nebraska
(41.144081, -100.793337)"
Derailments,2015:09:UP:0915NP004,0,0,16715,5552,0,0,0,LINCOLN,9/4/2015 0:00,8:30,2015,2015,"M409,","UP,",1,"M4,","M,",YARD,Nebraska,41.144456,-100.791352,"Nebraska
(41.144456, -100.791352)"
Derailments,2011:09:UP:0911NP029,0,0,14366,19273,1,0,0,LINCOLN,9/29/2011 0:00,18:45,2011,2011,"E34C,","UP,",76,"E3,","E,",YARD,Nebraska,41.143571,-100.789561,"Nebraska
(41.143571, -100.789561)"
Obstruction impact,2011:05:BNSF:TC0511135,0,0,0,12500,0,0,0,BURLEIGH,5/27/2011 0:00,16:00,2011,2011,"H997,","BNSF,",9,"H9,","H,",YARD,North Dakota,46.804501,-100.780304,"North Dakota
(46.804501, -100.780304)"
Derailments,2013:04:UP:0413NP026,0,0,100,56349,1,1,0,LINCOLN,4/22/2013 0:00,6:30,2013,2013,"M407,","UP,",7,"M4,","M,",YARD,Nebraska,41.142178,-100.780146,"Nebraska
(41.142178, -100.780146)"
Derailments,2015:07:UP:0715NP004,0,0,12322,3543,0,0,0,LINCOLN,7/4/2015 0:00,6:30,2015,2015,"H702,H704,","UP,",7,"H7,","H,",YARD,Nebraska,41.142874,-100.779447,"Nebraska
(41.142874, -100.779447)"