AccidentType,inckey,Fatalities,Injuries,TrackDamage,EquipmentDamage,HazmatCars,HazmatCarsDerailed,HazmatCarsReleasing,County,DisplayDate,DisplayTime,calendar,Fiscal,AccidentCause,RailroadCodes,RAILEQUIPMENT_TYPE,CauseGroup,CauseDiscipline,TYPE_OF_TRACK,StateName,latitude,longitude,GeoLocation
Derailments,2015:03:UP:0315NP035,0,0,9981,19908,0,0,0,LINCOLN,3/26/2015 0:00,9:25,2015,2015,"T111,","UP,",7,"T1,","T,",YARD,Nebraska,41.142443,-100.778353,"Nebraska
(41.142443, -100.778353)"
Derailments,2014:11:UP:1114NP031,0,0,56199,7985,1,0,0,LINCOLN,11/23/2014 0:00,8:15,2014,2015,"H704,","UP,",67,"H7,","H,",YARD,Nebraska,41.141574,-100.775598,"Nebraska
(41.141574, -100.775598)"
Derailments,2011:12:UP:1211NP027,0,0,684,49256,0,0,0,LINCOLN,12/29/2011 0:00,17:00,2011,2012,"H307,H702,","UP,",1,"H3,H7,","H,",INDUSTRY,Nebraska,41.140154,-100.764899,"Nebraska
(41.140154, -100.764899)"
Derailments,2013:04:CP:236538,0,0,16700,47400,0,0,0,STANLEY,4/10/2013 0:00,14:20,2013,2013,"T213,","CP,",1,"T2,","T,",MAIN,South Dakota,44.168577,-100.761992,"South Dakota
(44.168577, -100.761992)"
Derailments,2012:11:XAGV:INDUSTRY,0,0,22000,19467,0,0,0,LINCOLN,11/12/2012 0:00,24:45:00,2012,2013,"H704,","UP,",7,"H7,","H,",INDUSTRY,Nebraska,41.13928,-100.7562,"Nebraska
(41.13928, -100.7562)"
Derailments,2012:06:DMVW:DE0612545,0,0,20000,90000,0,0,0,BURLEIGH,6/18/2012 0:00,19:40,2012,2012,"T299,T215,","DMVW,",1,"T2,","T,",MAIN,North Dakota,46.982989,-100.754772,"North Dakota
(46.982989, -100.754772)"
Derailments,2014:10:UP:1014NP014,0,0,300,14900,6,0,0,LINCOLN,10/11/2014 0:00,22:20,2014,2015,"H303,","UP,",1,"H3,","H,",INDUSTRY,Nebraska,41.137483,-100.745691,"Nebraska
(41.137483, -100.745691)"
Derailments,2013:04:UP:0413NP019,0,0,78130,94794,40,0,0,LINCOLN,4/10/2013 0:00,20:00,2013,2013,"E33C,","UP,",1,"E3,","E,",MAIN,Nebraska,41.137512,-100.743057,"Nebraska
(41.137512, -100.743057)"
Derailments,2013:08:UP:0813NP027,0,0,197733,38480,0,0,0,LINCOLN,8/22/2013 0:00,14:30,2013,2013,"H705,","UP,",1,"H7,","H,",MAIN,Nebraska,41.13634,-100.740489,"Nebraska
(41.13634, -100.740489)"
Derailments,2013:09:CP:238670,0,0,34256,101264,0,0,0,MCHENRY,9/29/2013 0:00,5:15,2013,2013,"H218,","CP,",1,"H2,","H,",MAIN,North Dakota,48.006664,-100.736089,"North Dakota
(48.006664, -100.736089)"
Derailments,2011:12:UP:1211NP025,0,0,5507,5678,0,0,0,LINCOLN,12/28/2011 0:00,21:10,2011,2012,"H306,","UP,",8,"H3,","H,",YARD,Nebraska,41.141776,-100.721867,"Nebraska
(41.141776, -100.721867)"
Derailments,2012:03:UP:0312NP028,0,0,0,17157,0,0,0,LINCOLN,3/15/2012 0:00,17:30,2012,2012,"T110,","UP,",8,"T1,","T,",YARD,Nebraska,41.141776,-100.721867,"Nebraska
(41.141776, -100.721867)"
Derailments,2013:03:UP:0313NP017,0,0,1901,53120,0,0,0,LINCOLN,3/19/2013 0:00,13:20,2013,2013,"H702,","UP,",8,"H7,","H,",YARD,Nebraska,41.141776,-100.721867,"Nebraska
(41.141776, -100.721867)"
Highway-rail impact,2011:10:BNSF:TC1011203,0,1,0,27000,0,0,0,MCHENRY,10/22/2011 0:00,10:05,2011,2012,"M302,","BNSF,",1,"M3,","M,",MAIN,North Dakota,48.116233,-100.711857,"North Dakota
(48.116233, -100.711857)"
Highway-rail impact,2012:01:BNSF:TX0112201,1,0,6000,7000,4,0,0,DONLEY,1/25/2012 0:00,14:25,2012,2012,"M302,","BNSF,",1,"M3,","M,",MAIN,Texas,34.871776,-100.701382,"Texas
(34.871776, -100.701382)"
Derailments,2011:08:DME:227809,0,0,3000,14392,0,0,0,STANLEY,8/21/2011 0:00,20:30,2011,2011,"T101,","DME,",1,"T1,","T,",SIDING,South Dakota,44.22606,-100.695967,"South Dakota
(44.22606, -100.695967)"
Derailments,2012:07:DME:232521,0,0,29000,57561,0,0,0,STANLEY,7/12/2012 0:00,18:00,2012,2012,"T101,","DME,",NA,"T1,","T,",MAIN,South Dakota,44.2385,-100.6711,"South Dakota
(44.2385, -100.6711)"
Highway-rail impact,2015:11:BNSF:PR1115204,0,0,47500,300,0,0,0,THOMAS,11/24/2015 0:00,7:00,2015,2016,"M302,","BNSF,",1,"M3,","M,",MAIN,Nebraska,41.97822,-100.654953,"Nebraska
(41.97822, -100.654953)"
Derailments,2014:09:UP:0914NP012,0,0,541991,3374,11,0,0,LINCOLN,9/16/2014 0:00,17:35,2014,2014,"E59C,","UP,",1,"E5,","E,",MAIN,Nebraska,41.118755,-100.653006,"Nebraska
(41.118755, -100.653006)"
Derailments,2012:02:UP:0212SA004,0,0,201669,1521732,9,5,0,KINNEY,2/7/2012 0:00,7:37,2012,2012,"T207,","UP,",1,"T2,","T,",MAIN,Texas,29.364746,-100.640705,"Texas
(29.364746, -100.640705)"
Other events,2013:07:BNSF:KS0713115,0,0,250,10500,0,0,0,ROBERTS,7/9/2013 0:00,10:00,2013,2013,"H997,","BNSF,",9,"H9,","H,",MAIN,Texas,35.692016,-100.639361,"Texas
(35.692016, -100.639361)"
Derailments,2014:07:BNSF:NE0714108,0,0,50000,4000,0,0,0,RED WILLOW,7/24/2014 0:00,7:30,2014,2014,"H503,","BNSF,",1,"H5,","H,",MAIN,Nebraska,40.196597,-100.638188,"Nebraska
(40.196597, -100.638188)"
Derailments,2014:02:BNSF:NE0214110,0,0,24507,16843,5,5,0,RED WILLOW,2/20/2014 0:00,9:44,2014,2014,"H307,H702,","BNSF,",7,"H3,H7,","H,",YARD,Nebraska,40.197522,-100.632713,"Nebraska
(40.197522, -100.632713)"
Derailments,2015:11:UP:1115NP009,0,0,172883,15828,0,0,0,LINCOLN,11/13/2015 0:00,13:15,2015,2016,"E51C,","UP,",1,"E5,","E,",MAIN,Nebraska,41.1075,-100.621654,"Nebraska
(41.1075, -100.621654)"
Derailments,2012:11:BNSF:NE1112102,0,0,71769,3600,3,0,0,RED WILLOW,11/4/2012 0:00,12:02,2012,2013,"H307,H702,","BNSF,",1,"H3,H7,","H,",YARD,Nebraska,40.196519,-100.606931,"Nebraska
(40.196519, -100.606931)"
Derailments,2011:08:UP:0811SA001,0,0,28180,15130,0,0,0,KINNEY,8/3/2011 0:00,20:00,2011,2011,"T108,","UP,",1,"T1,","T,",MAIN,Texas,29.287503,-100.597648,"Texas
(29.287503, -100.597648)"
Derailments,2012:04:UP:0412SA002,0,0,48754,1192409,1,0,0,KINNEY,4/1/2012 0:00,21:34,2012,2012,"M105,","UP,",1,"M1,","M,",MAIN,Texas,29.253507,-100.542568,"Texas
(29.253507, -100.542568)"
Derailments,2011:04:BNSF:KS0411111,0,0,500,17037,45,0,0,ROBERTS,4/21/2011 0:00,11:30,2011,2011,"H525,H503,","BNSF,",1,"H5,","H,",MAIN,Texas,35.751335,-100.535122,"Texas
(35.751335, -100.535122)"
Derailments,2012:03:UP:0312NP016,0,0,10081,548379,0,0,0,LINCOLN,3/18/2012 0:00,21:20,2012,2012,"M102,","UP,",6,"M1,","M,",YARD,Nebraska,41.090704,-100.523455,"Nebraska
(41.090704, -100.523455)"
Derailments,2012:06:UP:0612NP027,0,0,0,27865,5,0,0,LINCOLN,6/18/2012 0:00,17:27,2012,2012,"H313,H318,","UP,",7,"H3,","H,",YARD,Nebraska,41.08552,-100.502728,"Nebraska
(41.08552, -100.502728)"
Derailments,2016:08:UP:0816SA006,0,0,121488,4616,0,0,0,MAVERICK,8/3/2016 0:00,5:00,2016,2016,"T212,","UP,",1,"T2,","T,",YARD,Texas,28.697257,-100.501567,"Texas
(28.697257, -100.501567)"
Derailments,2016:03:UP:0316SA004,0,0,130215,12106,6,0,0,MAVERICK,3/8/2016 0:00,17:30,2016,2016,"H523,","UP,",1,"H5,","H,",YARD,Texas,28.697253,-100.501557,"Texas
(28.697253, -100.501557)"
Other events,2013:09:UP:0913SA001,0,0,18249,0,0,0,0,MAVERICK,9/4/2013 0:00,20:45,2013,2013,"H607,","UP,",NA,"H6,","H,",YARD,Texas,28.70159,-100.498382,"Texas
(28.70159, -100.498382)"
Derailments,2012:07:NKCR:12016,0,0,23970,30000,0,0,0,LINCOLN,7/8/2012 0:00,13:40,2012,2012,"H513,T109,","NKCR,",1,"H5,T1,","H,T,",MAIN,Nebraska,40.481707,-100.494865,"Nebraska
(40.481707, -100.494865)"
Other events,2011:09:UP:0911NP025,0,0,9863,0,0,0,0,LINCOLN,9/26/2011 0:00,4:00,2011,2011,"M202,","UP,",1,"M2,","M,",MAIN,Nebraska,41.064316,-100.477437,"Nebraska
(41.064316, -100.477437)"
Derailments,2014:10:BNSF:TX1014111,0,0,273000,1000708,0,0,0,HALL,10/28/2014 0:00,13:15,2014,2015,"T499,","BNSF,",1,"T4,","T,",MAIN,Texas,34.559186,-100.437506,"Texas
(34.559186, -100.437506)"
Derailments,2015:08:UP:0815SA023,0,0,1158,18969,0,0,0,MAVERICK,8/30/2015 0:00,19:38,2015,2015,"H303,","UP,",4,"H3,","H,",YARD,Texas,28.839007,-100.434043,"Texas
(28.839007, -100.434043)"
Derailments,2012:02:SOO:230431,0,0,17788,5196,10,1,0,MCHENRY,2/15/2012 0:00,6:35,2012,2012,"E69C,","SOO,",1,"E6,","E,",MAIN,North Dakota,48.00279,-100.43143,"North Dakota
(48.00279, -100.43143)"
Derailments,2014:06:TXPF:06082014,0,0,13000,600,0,0,0,TOM GREEN,6/8/2014 0:00,11:25,2014,2014,"T222,T210,","TXPF,",7,"T2,","T,",YARD,Texas,31.493199,-100.413631,"Texas
(31.493199, -100.413631)"
Derailments,2015:04:TXPF:04022015,0,0,13150,2000,0,0,0,TOM GREEN,4/2/2015 0:00,20:00,2015,2015,"H702,H399,","TXPF,",7,"H7,H3,","H,",YARD,Texas,31.492615,-100.413586,"Texas
(31.492615, -100.413586)"
Derailments,2012:02:BNSF:GC0212119,0,0,351561,30774,0,0,0,NOLAN,2/19/2012 0:00,6:00,2012,2012,"T001,T205,","BNSF,",1,"T0,T2,","T,",YARD,Texas,32.510498,-100.405461,"Texas
(32.510498, -100.405461)"
Derailments,2012:07:DME:232652,0,0,17800,62426,0,0,0,STANLEY,7/22/2012 0:00,17:20,2012,2012,"T109,","DME,",1,"T1,","T,",MAIN,South Dakota,44.316597,-100.405396,"South Dakota
(44.316597, -100.405396)"
Highway-rail impact,2011:10:SOO:228546,0,1,28750,20887,0,0,0,MCHENRY,10/4/2011 0:00,14:40,2011,2012,"M302,","SOO,",1,"M3,","M,",MAIN,North Dakota,47.919938,-100.401502,"North Dakota
(47.919938, -100.401502)"
Derailments,2015:10:BNSF:GC1015111,0,0,250,25000,0,0,0,NOLAN,10/26/2015 0:00,11:00,2015,2016,"H607,H303,","BNSF,",7,"H6,H3,","H,",YARD,Texas,32.503312,-100.398649,"Texas
(32.503312, -100.398649)"
Derailments,2015:11:BNSF:GC1115105,0,0,40000,11753,22,0,0,NOLAN,11/11/2015 0:00,2:20,2015,2016,"H607,H702,","BNSF,",1,"H6,H7,","H,",MAIN,Texas,32.506035,-100.392986,"Texas
(32.506035, -100.392986)"
Derailments,2014:08:UP:0814NP021,0,0,189647,19142,30,0,0,LINCOLN,8/23/2014 0:00,20:55,2014,2014,"T001,","UP,",1,"T0,","T,",MAIN,Nebraska,41.03612,-100.390147,"Nebraska
(41.03612, -100.390147)"
Derailments,2013:12:BNSF:GC1213120,0,0,0,88020,0,0,0,NOLAN,12/27/2013 0:00,10:30,2013,2014,"H601,","BNSF,",8,"H6,","H,",YARD,Texas,32.504533,-100.388177,"Texas
(32.504533, -100.388177)"
Derailments,2012:02:BNSF:GC0212114,0,0,4300,9160,11,0,0,NOLAN,2/13/2012 0:00,13:30,2012,2012,"T110,","BNSF,",1,"T1,","T,",YARD,Texas,32.502306,-100.381856,"Texas
(32.502306, -100.381856)"
Derailments,2012:02:BNSF:GC0212127,0,0,51733,1950,4,0,0,NOLAN,2/29/2012 0:00,12:20,2012,2012,"H703,","BNSF,",1,"H7,","H,",YARD,Texas,32.502306,-100.381856,"Texas
(32.502306, -100.381856)"
Derailments,2016:03:BNSF:KS0316103,0,56,363000,2784355,0,0,0,GRAY,3/14/2016 0:00,12:10,2016,2016,"M506,","ATK,BNSF,",2,"M5,","M,",MAIN,Kansas,37.808482,-100.381272,"Kansas
(37.808482, -100.381272)"
Derailments,2014:07:BNSF:GC0714102,0,0,96000,24523,0,0,0,NOLAN,7/4/2014 0:00,14:14,2014,2014,"T303,","BNSF,",1,"T3,","T,",YARD,Texas,32.501186,-100.378708,"Texas
(32.501186, -100.378708)"
Derailments,2015:07:BNSF:TC0715108,0,0,723677,89999,0,0,0,BOTTINEAU,7/16/2015 0:00,15:59,2015,2015,"M103,","BNSF,",1,"M1,","M,",MAIN,North Dakota,48.642011,-100.31611,"North Dakota
(48.642011, -100.31611)"
Derailments,2013:03:UP:0313NP007,0,0,29910,5033,0,0,0,LINCOLN,3/10/2013 0:00,14:10,2013,2013,"H503,","UP,",1,"H5,","H,",MAIN,Nebraska,40.980593,-100.287127,"Nebraska
(40.980593, -100.287127)"
Derailments,2014:11:BNSF:NE1114100,0,1,150750,178000,0,0,0,RED WILLOW,11/1/2014 0:00,5:25,2014,2015,"T204,","ATK,BNSF,",2,"T2,","T,",MAIN,Nebraska,40.264106,-100.246809,"Nebraska
(40.264106, -100.246809)"
Derailments,2014:08:UP:0814NP001,0,0,82686,6245,33,0,0,DAWSON,8/1/2014 0:00,21:05,2014,2014,"E55C,","UP,",1,"E5,","E,",MAIN,Nebraska,40.951387,-100.221111,"Nebraska
(40.951387, -100.221111)"
Highway-rail impact,2013:11:UP:1113FW027,0,0,344,27245,5,0,0,NOLAN,11/13/2013 0:00,19:16,2013,2014,"M303,","UP,",1,"M3,","M,",MAIN,Texas,32.515046,-100.217264,"Texas
(32.515046, -100.217264)"
Other events,2013:03:BNSF:MT0313102,0,0,0,37900,2,1,0,WARD,3/11/2013 0:00,21:15,2013,2013,"H020,","BNSF,",86,"H0,","H,",YARD,North Dakota,48.237537,-100.193523,"North Dakota
(48.237537, -100.193523)"
Derailments,2012:02:UP:0212KC012,0,0,86981,712859,5,1,1,MEADE,2/29/2012 0:00,6:57,2012,2012,"T220,","UP,",1,"T2,","T,",MAIN,Kansas,37.393243,-100.154448,"Kansas
(37.393243, -100.154448)"
Rear end collision,2011:10:BNSF:PR1011101,0,0,35927,215300,0,0,0,BLAINE,10/10/2011 0:00,7:25,2011,2012,"H104,H221,","BNSF,",1,"H1,H2,","H,",MAIN,Nebraska,41.847302,-100.1535,"Nebraska
(41.847302, -100.1535)"
Obstruction impact,2013:12:BNSF:TC1213115,0,0,136251,609053,8,8,0,MCHENRY,12/1/2013 0:00,6:15,2013,2014,"M402,","BNSF,",1,"M4,","M,",MAIN,North Dakota,47.913913,-100.137623,"North Dakota
(47.913913, -100.137623)"
Derailments,2015:05:UP:0515DV005,0,0,100,194862,0,0,0,TREGO,5/9/2015 0:00,20:04,2015,2015,"M105,","UP,",6,"M1,","M,",SIDING,Kansas,39.028975,-100.13762,"Kansas
(39.028975, -100.13762)"
Derailments,2012:07:BNSF:PR0712100,0,0,0,341214,0,0,0,BLAINE,7/4/2012 0:00,18:20,2012,2012,"M105,","BNSF,",1,"M1,","M,",MAIN,Nebraska,41.818343,-100.093765,"Nebraska
(41.818343, -100.093765)"
Derailments,2013:01:CP:235331,0,0,600,11031,0,0,0,SULLY,1/20/2013 0:00,18:15,2013,2013,"H702,","CP,",7,"H7,","H,",YARD,South Dakota,44.70709,-100.07188,"South Dakota
(44.70709, -100.07188)"
Derailments,2015:07:RCPE:RCP770015R,0,0,0,200000,0,0,0,SULLY,7/8/2015 0:00,13:00,2015,2015,"H022,","RCPE,",7,"H0,","H,",SIDING,South Dakota,44.70771,-100.061735,"South Dakota
(44.70771, -100.061735)"
Highway-rail impact,2013:10:UP:1013NP034,0,1,20900,2292,0,0,0,DAWSON,10/24/2013 0:00,21:35,2013,2014,"M302,","UP,",1,"M3,","M,",MAIN,Nebraska,40.881358,-100.052419,"Nebraska
(40.881358, -100.052419)"
Derailments,2011:12:UP:1211SA002,0,0,15000,13633,0,0,0,UVALDE,12/5/2011 0:00,15:38,2011,2012,"M204,","UP,",1,"M2,","M,",INDUSTRY,Texas,29.169668,-100.035862,"Texas
(29.169668, -100.035862)"
Derailments,2016:02:XMMM:INDUSTRY,0,0,0,36979,0,0,0,UVALDE,2/19/2016 0:00,4:44,2016,2016,"H303,","UP,",1,"H3,","H,",INDUSTRY,Texas,29.169668,-100.035862,"Texas
(29.169668, -100.035862)"
Derailments,2013:07:UP:0713SA020,0,0,4055,70894,0,0,0,UVALDE,7/26/2013 0:00,2:30,2013,2013,"H704,","UP,",1,"H7,","H,",INDUSTRY,Texas,29.170756,-100.035362,"Texas
(29.170756, -100.035362)"
Derailments,2016:03:XCHS:INDUSTRY,0,0,5000,12933,0,0,0,WALWORTH,3/29/2016 0:00,23:45,2016,2016,"H703,","BNSF,",1,"H7,","H,",INDUSTRY,South Dakota,45.503297,-100.033221,"South Dakota
(45.503297, -100.033221)"
Other impacts,2012:08:BNSF:KS0812104,0,0,0,24901,0,0,0,FORD,8/13/2012 0:00,21:00,2012,2012,"H310,","BNSF,",67,"H3,","H,",INDUSTRY,Kansas,37.752251,-100.016622,"Kansas
(37.752251, -100.016622)"
Derailments,2011:11:BNSF:KS1111115,0,0,6000,23200,2,2,0,FORD,11/28/2011 0:00,10:45,2011,2012,"H703,","BNSF,",7,"H7,","H,",YARD,Kansas,37.751962,-100.010475,"Kansas
(37.751962, -100.010475)"
Derailments,2013:05:BNSF:KS0513102,0,0,9300,3177,3,0,0,FORD,5/4/2013 0:00,11:10,2013,2013,"H511,","BNSF,",1,"H5,","H,",YARD,Kansas,37.75193,-100.00952,"Kansas
(37.75193, -100.00952)"
Side collision,2013:03:BNSF:KS0313102,0,0,0,25519,17,0,0,FORD,3/6/2013 0:00,23:15,2013,2013,"H607,","BNSF,",17,"H6,","H,",YARD,Kansas,37.751715,-100.009392,"Kansas
(37.751715, -100.009392)"
Other impacts,2012:11:BNSF:KS1112108,0,0,0,18810,1,1,0,FORD,11/29/2012 0:00,19:40,2012,2013,"E0HC,","BNSF,",67,"E0,","E,",YARD,Kansas,37.751976,-100.007473,"Kansas
(37.751976, -100.007473)"
Derailments,2012:06:BNSF:KS0612110,0,0,21500,91079,0,0,0,FORD,6/15/2012 0:00,13:00,2012,2012,"H702,T319,","BNSF,CVR,",1,"H7,T3,","H,T,",YARD,Kansas,37.75181,-100.003684,"Kansas
(37.75181, -100.003684)"
Highway-rail impact,2015:05:UP:0515KC010,0,0,45795,14068,3,0,0,CLARK,5/27/2015 0:00,20:50,2015,2015,"M399,","UP,",1,"M3,","M,",MAIN,Kansas,37.451225,-99.997561,"Kansas
(37.451225, -99.997561)"
Derailments,2015:12:BNSF:KS1215100,0,0,115000,1835,0,0,0,FORD,12/3/2015 0:00,9:00,2015,2016,"T319,","BNSF,",7,"T3,","T,",YARD,Kansas,37.751228,-99.995681,"Kansas
(37.751228, -99.995681)"
Derailments,2012:06:ZGFL:INDUSTRY,0,0,1000,22990,0,0,0,DAWSON,6/18/2012 0:00,16:00,2012,2012,"T111,","UP,",1,"T1,","T,",INDUSTRY,Nebraska,40.859874,-99.994115,"Nebraska
(40.859874, -99.994115)"
Derailments,2011:07:XPVG:INDUSTRY,0,0,15961,18057,0,0,0,DAWSON,7/2/2011 0:00,14:30,2011,2011,"T110,T111,","UP,",76,"T1,","T,",INDUSTRY,Nebraska,40.857975,-99.989391,"Nebraska
(40.857975, -99.989391)"
Derailments,2013:02:BNSF:KS0213100,0,0,9600,14689,0,0,0,FORD,2/1/2013 0:00,5:00,2013,2013,"T202,","BNSF,",1,"T2,","T,",YARD,Kansas,37.750847,-99.989324,"Kansas
(37.750847, -99.989324)"
Obstruction impact,2011:07:BNSF:KS0711121,0,0,0,21719,0,0,0,LIPSCOMB,7/22/2011 0:00,3:30,2011,2011,"M402,","BNSF,",1,"M4,","M,",MAIN,Texas,36.133698,-99.980519,"Texas
(36.133698, -99.980519)"
Derailments,2014:06:BNSF:PR0614116,0,0,0,300266,0,0,0,CUSTER,6/27/2014 0:00,21:42,2014,2014,"M105,","BNSF,",1,"M1,","M,",MAIN,Nebraska,41.710471,-99.974943,"Nebraska
(41.710471, -99.974943)"
Other impacts,2012:12:SOO:234675,0,0,0,33012,0,0,0,WELLS,12/5/2012 0:00,20:30,2012,2013,"H601,H307,","SOO,",7,"H6,H3,","H,",MAIN,North Dakota,47.78449,-99.96861,"North Dakota
(47.78449, -99.96861)"
Highway-rail impact,2011:06:BNSF:KS0611202,0,1,0,9402,5,0,0,ELLIS,6/14/2011 0:00,10:35,2011,2011,"M302,","BNSF,",1,"M3,","M,",MAIN,Oklahoma,36.173863,-99.9567,"Oklahoma
(36.173863, -99.9567)"
Derailments,2012:02:BNSF:PR0212102,0,0,186000,4400,0,0,0,CUSTER,2/12/2012 0:00,10:15,2012,2012,"E53C,","BNSF,",1,"E5,","E,",MAIN,Nebraska,41.673383,-99.925196,"Nebraska
(41.673383, -99.925196)"
Fire/violent rupture,2014:07:UP:0714NP003,0,0,0,82251,0,0,0,DAWSON,7/3/2014 0:00,6:45,2014,2014,"E73L,","UP,",1,"E7,","E,",MAIN,Nebraska,40.830746,-99.916365,"Nebraska
(40.830746, -99.916365)"
Derailments,2012:01:BNSF:KS0112114,0,0,0,23300,0,0,0,ELLIS,1/26/2012 0:00,13:10,2012,2012,"H022,","BNSF,",6,"H0,","H,",INDUSTRY,Oklahoma,36.235235,-99.907101,"Oklahoma
(36.235235, -99.907101)"
Highway-rail impact,2012:02:BNSF:PR0212200,0,1,0,10018,0,0,0,CUSTER,2/15/2012 0:00,18:50,2012,2012,"M302,M303,","BNSF,",1,"M3,","M,",MAIN,Nebraska,41.602917,-99.845736,"Nebraska
(41.602917, -99.845736)"
Other events,2014:06:UP:0614SA014,0,0,752,18442,15,0,0,UVALDE,6/12/2014 0:00,21:59,2014,2014,"M105,","UP,",1,"M1,","M,",MAIN,Texas,29.236694,-99.811692,"Texas
(29.236694, -99.811692)"
Highway-rail impact,2016:07:BNSF:PR0716200,0,0,10500,5000,0,0,0,CUSTER,7/11/2016 0:00,9:58,2016,2016,"M302,","BNSF,",1,"M3,","M,",MAIN,Nebraska,41.51036,-99.771,"Nebraska
(41.51036, -99.771)"
Obstruction impact,2011:09:UP:0911NP004,0,0,9939,5149,0,0,0,DAWSON,9/3/2011 0:00,5:00,2011,2011,"M402,","UP,",1,"M4,","M,",MAIN,Nebraska,40.781621,-99.767669,"Nebraska
(40.781621, -99.767669)"
Other events,2012:05:BNSF:KS0512123,0,0,0,13625,0,0,0,FORD,5/22/2012 0:00,10:22,2012,2012,"H997,","BNSF,",9,"H9,","H,",MAIN,Kansas,37.851155,-99.757291,"Kansas
(37.851155, -99.757291)"
Derailments,2015:05:UP:0515FW017,0,0,46581,3128,0,0,0,TAYLOR,5/21/2015 0:00,9:45,2015,2015,"T207,","UP,",1,"T2,","T,",YARD,Texas,32.448967,-99.732792,"Texas
(32.448967, -99.732792)"
Derailments,2016:07:UP:0716NP006,0,0,1713,17358,36,2,0,DAWSON,7/27/2016 0:00,1:45,2016,2016,"M105,","UP,",6,"M1,","M,",YARD,Nebraska,40.770533,-99.717107,"Nebraska
(40.770533, -99.717107)"
Highway-rail impact,2012:06:UP:0612FW005,0,1,27660,149780,13,0,0,TAYLOR,6/7/2012 0:00,5:00,2012,2012,"M308,","UP,",1,"M3,","M,",SIDING,Texas,32.446974,-99.713698,"Texas
(32.446974, -99.713698)"
Derailments,2013:08:TXPF:08312013,0,0,8400,74500,0,0,0,COLEMAN,8/31/2013 0:00,9:20,2013,2013,"T212,T222,","TXPF,",1,"T2,","T,",MAIN,Texas,31.77596,-99.71177,"Texas
(31.77596, -99.71177)"
Derailments,2014:11:TXPF:11262014,0,0,300000,600000,0,0,0,COLEMAN,11/26/2014 0:00,12:05,2014,2015,"T202,T222,","TXPF,",1,"T2,","T,",MAIN,Texas,31.773891,-99.682679,"Texas
(31.773891, -99.682679)"
Other events,2014:04:UP:0414NP047,0,0,11453,0,7,0,0,DAWSON,4/30/2014 0:00,1:45,2014,2014,"E32C,","UP,",1,"E3,","E,",MAIN,Nebraska,40.762743,-99.681411,"Nebraska
(40.762743, -99.681411)"
Derailments,2015:05:BNSF:TC0515101,0,0,2993814,476670,107,6,5,WELLS,5/6/2015 0:00,7:30,2015,2015,"E61C,","BNSF,",1,"E6,","E,",MAIN,North Dakota,47.793096,-99.642249,"North Dakota
(47.793096, -99.642249)"
Derailments,2014:05:BNSF:TC0514109,0,0,38106,2812,100,1,0,BENSON,5/26/2014 0:00,13:05,2014,2014,"T001,","BNSF,",1,"T0,","T,",MAIN,North Dakota,48.313133,-99.574555,"North Dakota
(48.313133, -99.574555)"
Derailments,2014:07:BNSF:KS0714102,0,0,18500,30861,0,0,0,WOODWARD,7/2/2014 0:00,15:15,2014,2014,"E33C,","BNSF,",1,"E3,","E,",MAIN,Oklahoma,36.412395,-99.545426,"Oklahoma
(36.412395, -99.545426)"
Derailments,2016:05:KO:20160518,0,0,2000,16000,0,0,0,PAWNEE,5/18/2016 0:00,10:00,2016,2016,"H099,","KO,",1,"H0,","H,",INDUSTRY,Kansas,38.192386,-99.526034,"Kansas
(38.192386, -99.526034)"
Derailments,2011:10:UP:1011SA016,0,0,143694,14203,0,0,0,WEBB,10/21/2011 0:00,19:00,2011,2012,"M503,","UP,",1,"M5,","M,",YARD,Texas,27.514561,-99.517077,"Texas
(27.514561, -99.517077)"
Derailments,2014:07:UP:0714SA010,0,0,33366,2002,2,0,0,WEBB,7/20/2014 0:00,16:15,2014,2014,"T110,","UP,",1,"T1,","T,",YARD,Texas,27.521545,-99.514085,"Texas
(27.521545, -99.514085)"
Derailments,2012:04:BNSF:PR0412110,0,0,500,9200,0,0,0,CUSTER,4/29/2012 0:00,24:00:00,2012,2012,"T110,","BNSF,",1,"T1,","T,",INDUSTRY,Nebraska,41.347807,-99.49622,"Nebraska
(41.347807, -99.49622)"
Derailments,2016:08:TXPF:08102016,0,0,450000,250000,0,0,0,COLEMAN,8/10/2016 0:00,17:00,2016,2016,"T204,T222,","TXPF,",1,"T2,","T,",MAIN,Texas,31.754246,-99.495094,"Texas
(31.754246, -99.495094)"
Derailments,2013:05:FMRC:F05162013,0,0,12172,6850,10,5,0,BECKHAM,5/16/2013 0:00,17:00,2013,2013,"T109,","FMRC,",1,"T1,","T,",MAIN,Oklahoma,35.373252,-99.470322,"Oklahoma
(35.373252, -99.470322)"
Highway-rail impact,2016:08:UP:0816SA008,0,0,80359,3422,3,0,0,WEBB,8/8/2016 0:00,14:30,2016,2016,"M304,","UP,",1,"M3,","M,",MAIN,Texas,27.669209,-99.46919,"Texas
(27.669209, -99.46919)"
Highway-rail impact,2012:07:UP:0712SA021,0,1,16500,0,0,0,0,WEBB,7/17/2012 0:00,24:00:00,2012,2012,"M304,","UP,",1,"M3,","M,",MAIN,Texas,27.669198,-99.469127,"Texas
(27.669198, -99.469127)"
Derailments,2014:08:UP:0814SA013,0,0,63531,615,14,0,0,WEBB,8/19/2014 0:00,2:30,2014,2014,"T314,","UP,",1,"T3,","T,",YARD,Texas,27.671264,-99.46855,"Texas
(27.671264, -99.46855)"