AccidentType,inckey,Fatalities,Injuries,TrackDamage,EquipmentDamage,HazmatCars,HazmatCarsDerailed,HazmatCarsReleasing,County,DisplayDate,DisplayTime,calendar,Fiscal,AccidentCause,RailroadCodes,RAILEQUIPMENT_TYPE,CauseGroup,CauseDiscipline,TYPE_OF_TRACK,StateName,latitude,longitude,GeoLocation
Derailments,2012:05:UP:0512SA012,0,0,264,21930,1,0,0,WEBB,5/14/2012 0:00,18:30,2012,2012,"M599,","UP,",1,"M5,","M,",YARD,Texas,27.674073,-99.467691,"Texas
(27.674073, -99.467691)"
Derailments,2013:01:UP:0113SA013,0,0,0,24272,0,0,0,WEBB,1/19/2013 0:00,10:30,2013,2013,"E21C,","UP,",7,"E2,","E,",YARD,Texas,27.674058,-99.467647,"Texas
(27.674058, -99.467647)"
Derailments,2012:09:XUNI:INDUSTRY,0,0,6510,11634,0,0,0,WEBB,9/10/2012 0:00,11:15,2012,2012,"T110,T111,","UP,",7,"T1,","T,",INDUSTRY,Texas,27.684995,-99.462077,"Texas
(27.684995, -99.462077)"
Derailments,2012:07:UP:0712SA020,0,0,38991,28875,6,2,0,WEBB,7/14/2012 0:00,7:00,2012,2012,"T110,","UP,",1,"T1,","T,",YARD,Texas,27.664812,-99.451615,"Texas
(27.664812, -99.451615)"
Derailments,2013:03:BNSF:KS0313100,0,0,60000,4959,0,0,0,EDWARDS,3/1/2013 0:00,4:05,2013,2013,"T314,","BNSF,",1,"T3,","T,",SIDING,Kansas,37.91112,-99.444589,"Kansas
(37.91112, -99.444589)"
Derailments,2011:06:UP:0611SA012,0,0,14938,267,4,0,0,WEBB,6/19/2011 0:00,10:18,2011,2011,"T111,","UP,",7,"T1,","T,",YARD,Texas,27.666005,-99.432537,"Texas
(27.666005, -99.432537)"
Highway-rail impact,2012:08:BNSF:GC0812200,1,0,18033,12500,0,0,0,COLEMAN,8/2/2012 0:00,19:00,2012,2012,"M303,","BNSF,",1,"M3,","M,",MAIN,Texas,31.834257,-99.426171,"Texas
(31.834257, -99.426171)"
Derailments,2014:09:KCS:14090502,0,0,27723,76772,0,0,0,WEBB,9/5/2014 0:00,24:20:00,2014,2014,"T001,","KCS,",1,"T0,","T,",YARD,Texas,27.502604,-99.418471,"Texas
(27.502604, -99.418471)"
Derailments,2015:05:CGIZ:INDUSTRY,0,0,0,42480,0,0,0,PHELPS,5/31/2015 0:00,3:00,2015,2015,"H702,","BNSF,",1,"H7,","H,",INDUSTRY,Nebraska,40.413407,-99.4184,"Nebraska
(40.413407, -99.4184)"
Other events,2014:04:BNSF:PR0414104,0,0,15000,28000,0,0,0,CUSTER,4/17/2014 0:00,18:20,2014,2014,"E62L,","BNSF,",1,"E6,","E,",MAIN,Nebraska,41.309151,-99.410052,"Nebraska
(41.309151, -99.410052)"
Derailments,2016:06:KCS:16061301,0,0,0,65000,0,0,0,WEBB,6/13/2016 0:00,8:15,2016,2016,"H704,H702,","KCS,",7,"H7,","H,",YARD,Texas,27.500758,-99.40239,"Texas
(27.500758, -99.40239)"
Other impacts,2016:04:TXPF:04262016,0,0,0,260000,0,0,0,COLEMAN,4/26/2016 0:00,23:20,2016,2016,"H099,H017,","TXPF,",18,"H0,","H,",YARD,Texas,31.771928,-99.400045,"Texas
(31.771928, -99.400045)"
Derailments,2015:06:TXPF:06222015,0,0,1900,160000,0,0,0,COLEMAN,6/22/2015 0:00,12:52,2015,2015,"H303,H702,","TXPF,",7,"H3,H7,","H,",YARD,Texas,31.772081,-99.398881,"Texas
(31.772081, -99.398881)"
Derailments,2013:06:KCS:13062901,0,0,4625,31976,0,0,0,WEBB,6/29/2013 0:00,7:45,2013,2013,"T110,","KCS,",8,"T1,","T,",YARD,Texas,27.498534,-99.394556,"Texas
(27.498534, -99.394556)"
Derailments,2013:10:KCS:13101701,0,0,22257,3000,8,0,0,WEBB,10/17/2013 0:00,13:35,2013,2014,"T110,","KCS,",1,"T1,","T,",YARD,Texas,27.499423,-99.388539,"Texas
(27.499423, -99.388539)"
Derailments,2016:01:NKCR:NKCR161377,0,0,40000,5500,0,0,0,PHELPS,1/15/2016 0:00,8:45,2016,2016,"M501,H509,","BNSF,NKCR,",8,"M5,H5,","M,H,",INDUSTRY,Nebraska,40.43212,-99.388027,"Nebraska
(40.43212, -99.388027)"
Highway-rail impact,2014:11:UP:1114SA015,0,0,239,66553,0,0,0,WEBB,11/12/2014 0:00,7:09,2014,2015,"M304,","UP,",1,"M3,","M,",MAIN,Texas,27.944081,-99.385039,"Texas
(27.944081, -99.385039)"
Derailments,2014:08:BNSF:TC0814120,0,0,800,24175,0,0,0,TOWNER,8/31/2014 0:00,4:41,2014,2014,"H704,","BNSF,",1,"H7,","H,",INDUSTRY,North Dakota,48.627137,-99.37879,"North Dakota
(48.627137, -99.37879)"
Other events,2014:04:UP:0414NP002,0,0,101925,824,5,0,0,BUFFALO,4/2/2014 0:00,12:45,2014,2014,"M204,","UP,",1,"M2,","M,",MAIN,Nebraska,40.716906,-99.372783,"Nebraska
(40.716906, -99.372783)"
Derailments,2015:01:BNSF:GC0115110,0,0,5000,47091,0,0,0,COLEMAN,1/27/2015 0:00,22:55,2015,2015,"T202,","BNSF,FWWR,",1,"T2,","T,",YARD,Texas,31.775404,-99.367126,"Texas
(31.775404, -99.367126)"
Obstruction impact,2014:02:UP:0214SA009,0,1,0,17866,0,0,0,WEBB,2/17/2014 0:00,7:30,2014,2014,"M402,","UP,",1,"M4,","M,",MAIN,Texas,28.007582,-99.365566,"Texas
(28.007582, -99.365566)"
Derailments,2012:05:UP:0512FW023,0,1,0,20000,0,0,0,CALLAHAN,5/26/2012 0:00,9:00,2012,2012,"M507,","UP,",NA,"M5,","M,",MAIN,Texas,32.390308,-99.365103,"Texas
(32.390308, -99.365103)"
Derailments,2016:06:UP:0616FW006,0,0,25421,140395,0,0,0,CALLAHAN,6/8/2016 0:00,10:30,2016,2016,"M103,","UP,",4,"M1,","M,",MAIN,Texas,32.390308,-99.365103,"Texas
(32.390308, -99.365103)"
Highway-rail impact,2011:11:UP:1111SA006,0,0,1572,58007,0,0,0,LA SALLE,11/12/2011 0:00,18:37,2011,2012,"M302,","UP,",1,"M3,","M,",MAIN,Texas,28.046292,-99.353666,"Texas
(28.046292, -99.353666)"
Rear end collision,2012:03:KCS:12031101,0,2,130461,321714,9,2,1,WEBB,3/11/2012 0:00,12:03,2012,2012,"H404,","KCS,",1,"H4,","H,",MAIN,Texas,27.494313,-99.345779,"Texas
(27.494313, -99.345779)"
Derailments,2016:05:UP:0516FW014,0,0,279180,335021,18,0,0,CALLAHAN,5/13/2016 0:00,21:15,2016,2016,"T102,","UP,",1,"T1,","T,",MAIN,Texas,32.387855,-99.340197,"Texas
(32.387855, -99.340197)"
Other events,2012:09:UP:0912DV006,0,0,100,12378,0,0,0,ELLIS,9/10/2012 0:00,20:00,2012,2012,"H209,H399,","UP,",7,"H2,H3,","H,",YARD,Kansas,38.872709,-99.334067,"Kansas
(38.872709, -99.334067)"
Derailments,2012:03:PRSQ:INDUSTRY,0,0,61000,93140,2,0,0,MEDINA,3/22/2012 0:00,15:48,2012,2012,"H303,","UP,",1,"H3,","H,",YARD,Texas,29.342564,-99.329518,"Texas
(29.342564, -99.329518)"
Derailments,2012:07:PRSQ:INDUSTRY,0,0,10000,250,0,0,0,MEDINA,7/10/2012 0:00,24:40:00,2012,2012,"H704,","UP,",8,"H7,","H,",INDUSTRY,Texas,29.342564,-99.329518,"Texas
(29.342564, -99.329518)"
Derailments,2011:10:BNSF:MT1011108,0,0,500,18501,0,0,0,EDMUNDS,10/26/2011 0:00,13:30,2011,2012,"H702,","BNSF,",1,"H7,","H,",INDUSTRY,South Dakota,45.448949,-99.326813,"South Dakota
(45.448949, -99.326813)"
Derailments,2012:06:GCSR:060112,0,0,4000,67000,0,0,0,MCCULLOCH,6/1/2012 0:00,16:30,2012,2012,"M203,","GCSR,",1,"M2,","M,",MAIN,Texas,31.139293,-99.324474,"Texas
(31.139293, -99.324474)"
Obstruction impact,2014:01:UP:0114DV008,0,0,100,147403,0,0,0,ELLIS,1/10/2014 0:00,18:40,2014,2014,"M404,","UP,",1,"M4,","M,",MAIN,Kansas,38.870494,-99.323951,"Kansas
(38.870494, -99.323951)"
Rear end collision,2013:07:UP:0713DV008,0,3,111620,4228312,35,5,0,ELLIS,7/16/2013 0:00,1:17,2013,2013,"H702,H406,","UP,",16,"H7,H4,H7,H4,","H,",MAIN,Kansas,38.865131,-99.316207,"Kansas
(38.865131, -99.316207)"
Highway-rail impact,2012:03:UP:0312SA015,1,0,0,9973,0,0,0,LA SALLE,3/23/2012 0:00,24:03:00,2012,2012,"M302,","UP,",1,"M3,","M,",MAIN,Texas,28.240441,-99.296936,"Texas
(28.240441, -99.296936)"
Derailments,2014:02:BNSF:TC0214103,0,0,41200,49981,0,0,0,STUTSMAN,2/10/2014 0:00,3:40,2014,2014,"T316,","BNSF,",1,"T3,","T,",MAIN,North Dakota,46.897946,-99.290775,"North Dakota
(46.897946, -99.290775)"
Highway-rail impact,2011:08:UP:0811SA010,0,2,26950,100484,0,0,0,LA SALLE,8/12/2011 0:00,9:47,2011,2011,"M304,","UP,",1,"M3,","M,",MAIN,Texas,28.280154,-99.284779,"Texas
(28.280154, -99.284779)"
Fire/violent rupture,2012:11:UP:1112NP014,0,0,0,148035,0,0,0,BUFFALO,11/6/2012 0:00,14:00,2012,2013,"E73L,","UP,",1,"E7,","E,",MAIN,Nebraska,40.704327,-99.27568,"Nebraska
(40.704327, -99.27568)"
Highway-rail impact,2013:12:UP:1213SA010,0,0,0,27597,0,0,0,LA SALLE,12/20/2013 0:00,10:00,2013,2014,"M308,","UP,",1,"M3,","M,",MAIN,Texas,28.351299,-99.27076,"Texas
(28.351299, -99.27076)"
Other events,2012:10:UP:1012NP013,0,0,11710,0,0,0,0,BUFFALO,10/10/2012 0:00,14:00,2012,2013,"M599,","UP,",NA,"M5,","M,",MAIN,Nebraska,40.702744,-99.262716,"Nebraska
(40.702744, -99.262716)"
Derailments,2014:06:FMRC:F06132014,0,0,36303,13697,0,0,0,BECKHAM,6/13/2014 0:00,9:15,2014,2014,"M408,","FMRC,",7,"M4,","M,",INDUSTRY,Oklahoma,35.24081,-99.261352,"Oklahoma
(35.24081, -99.261352)"
Fire/violent rupture,2012:05:UP:0512NP010,0,0,0,17893,0,0,0,BUFFALO,5/19/2012 0:00,2:00,2012,2012,"E71L,","UP,",1,"E7,","E,",MAIN,Nebraska,40.701191,-99.251009,"Nebraska
(40.701191, -99.251009)"
Other impacts,2011:07:XCPI:INDUSTRY,0,0,0,50000,0,0,0,PHELPS,7/7/2011 0:00,11:20,2011,2011,"H303,","BNSF,",79,"H3,","H,",INDUSTRY,Nebraska,40.46028,-99.250345,"Nebraska
(40.46028, -99.250345)"
Highway-rail impact,2013:03:UP:0313SA025,0,0,40975,4280,0,0,0,LA SALLE,3/28/2013 0:00,14:57,2013,2013,"M302,M303,","UP,",1,"M3,","M,",MAIN,Texas,28.437321,-99.233644,"Texas
(28.437321, -99.233644)"
Highway-rail impact,2013:10:UP:1013SA025,0,0,81950,26295,0,0,0,LA SALLE,10/28/2013 0:00,11:45,2013,2014,"M304,","UP,",1,"M3,","M,",MAIN,Texas,28.437069,-99.233603,"Texas
(28.437069, -99.233603)"
Derailments,2012:05:GRD:12005,0,0,11834,14574,0,0,0,LA SALLE,5/8/2012 0:00,23:00,2012,2012,"T314,","GRD,UP,",1,"T3,","T,",YARD,Texas,28.51693,-99.216144,"Texas
(28.51693, -99.216144)"
Highway-rail impact,2014:04:UP:0414SA002,0,1,0,14292,0,0,0,LA SALLE,4/1/2014 0:00,8:00,2014,2014,"M302,M304,","UP,",1,"M3,","M,",MAIN,Texas,28.521466,-99.213904,"Texas
(28.521466, -99.213904)"
Highway-rail impact,2013:07:UP:0713SA012,0,1,227,18370,0,0,0,LA SALLE,7/20/2013 0:00,10:30,2013,2013,"M302,M304,","UP,",1,"M3,","M,",MAIN,Texas,28.556281,-99.203527,"Texas
(28.556281, -99.203527)"
Derailments,2014:04:UP:0414NP005,0,0,199187,10355,10,0,0,BUFFALO,4/7/2014 0:00,13:01,2014,2014,"E53C,","UP,",1,"E5,","E,",MAIN,Nebraska,40.695078,-99.203496,"Nebraska
(40.695078, -99.203496)"
Highway-rail impact,2015:03:UP:0315SA002,0,1,685,67248,3,0,0,LA SALLE,3/7/2015 0:00,21:43,2015,2015,"M302,","UP,",1,"M3,","M,",MAIN,Texas,28.556288,-99.203446,"Texas
(28.556288, -99.203446)"
Derailments,2012:02:BNSF:TC0212111,0,0,8000,4250,0,0,0,RAMSEY,2/7/2012 0:00,7:45,2012,2012,"H307,H702,","BNSF,",1,"H3,H7,","H,",MAIN,North Dakota,48.269792,-99.200492,"North Dakota
(48.269792, -99.200492)"
Highway-rail impact,2014:07:UP:0714SA015,0,1,81250,7729,3,0,0,LA SALLE,7/25/2014 0:00,8:25,2014,2014,"M304,","UP,",1,"M3,","M,",MAIN,Texas,28.577798,-99.196965,"Texas
(28.577798, -99.196965)"
Highway-rail impact,2014:09:UP:0914SA017,0,0,0,12706,0,0,0,LA SALLE,9/22/2014 0:00,15:30,2014,2014,"M304,","UP,",1,"M3,","M,",MAIN,Texas,28.577798,-99.196965,"Texas
(28.577798, -99.196965)"
Derailments,2014:11:BNSF:TC1114118,0,0,200,13405,0,0,0,RAMSEY,11/24/2014 0:00,16:35,2014,2015,"M201,","BNSF,",4,"M2,","M,",MAIN,North Dakota,48.267871,-99.195149,"North Dakota
(48.267871, -99.195149)"
Highway-rail impact,2012:08:UP:0812SA005,0,0,0,18961,0,0,0,LA SALLE,8/7/2012 0:00,24:22:00,2012,2012,"M302,M303,","UP,",1,"M3,","M,",MAIN,Texas,28.602223,-99.189668,"Texas
(28.602223, -99.189668)"
Highway-rail impact,2014:06:UP:0614SA015,0,0,0,22362,0,0,0,LA SALLE,6/14/2014 0:00,10:30,2014,2014,"M308,M304,","UP,",1,"M3,","M,",MAIN,Texas,28.602179,-99.189637,"Texas
(28.602179, -99.189637)"
Highway-rail impact,2014:12:UP:1214SA014,1,0,264,21475,0,0,0,LA SALLE,12/29/2014 0:00,23:20,2014,2015,"M308,","UP,",1,"M3,","M,",MAIN,Texas,28.602179,-99.189637,"Texas
(28.602179, -99.189637)"
Highway-rail impact,2013:01:UP:0113SA016,0,1,0,192372,0,0,0,LA SALLE,1/24/2013 0:00,11:35,2013,2013,"M302,M304,","UP,",1,"M3,","M,",MAIN,Texas,28.602179,-99.189636,"Texas
(28.602179, -99.189636)"
Highway-rail impact,2016:01:UP:0116SA004,0,0,0,12102,1,0,0,LA SALLE,1/9/2016 0:00,10:46,2016,2016,"M303,","UP,",1,"M3,","M,",MAIN,Texas,28.623944,-99.183095,"Texas
(28.623944, -99.183095)"
Other events,2014:06:KO:D551914,0,0,0,181800,0,0,0,RUSH,6/11/2014 0:00,22:30,2014,2014,"M105,","KO,",6,"M1,","M,",MAIN,Kansas,38.315,-99.183,"Kansas
(38.315, -99.183)"
Derailments,2011:06:UP:0611NP004,0,0,42315,17084,0,0,0,BUFFALO,6/5/2011 0:00,15:15,2011,2011,"T109,","UP,",1,"T1,","T,",MAIN,Nebraska,40.691387,-99.176545,"Nebraska
(40.691387, -99.176545)"
Derailments,2013:04:FMRC:04302013,0,0,31978,25595,35,5,0,WASHITA,4/30/2013 0:00,14:00,2013,2013,"T109,","FMRC,",1,"T1,","T,",MAIN,Oklahoma,35.1578,-99.175,"Oklahoma
(35.1578, -99.175)"
Derailments,2013:01:RRVW:01172013D,0,0,18000,4800,0,0,0,STUTSMAN,1/17/2013 0:00,14:10,2013,2013,"T202,","RRVW,",1,"T2,","T,",MAIN,North Dakota,47.16017,-99.17229,"North Dakota
(47.16017, -99.17229)"
Derailments,2014:01:UP:0114SA012,0,0,87016,11656,1,0,0,FRIO,1/19/2014 0:00,18:00,2014,2014,"E53C,","UP,",1,"E5,","E,",MAIN,Texas,28.680084,-99.166231,"Texas
(28.680084, -99.166231)"
Derailments,2012:03:RRVW:20120319,0,0,8715,3900,0,0,0,FOSTER,3/19/2012 0:00,9:30,2012,2012,"T001,T205,","RRVW,",1,"T0,T2,","T,",MAIN,North Dakota,47.460594,-99.164056,"North Dakota
(47.460594, -99.164056)"
Highway-rail impact,2016:07:UP:0716KC006,0,0,1000,25090,0,0,0,KIOWA,7/6/2016 0:00,14:29,2016,2016,"M302,","UP,",4,"M3,","M,",MAIN,Kansas,37.613037,-99.14126,"Kansas
(37.613037, -99.14126)"
Highway-rail impact,2016:08:BNSF:GC0816200,0,0,0,15000,0,0,0,BROWN,8/22/2016 0:00,8:52,2016,2016,"M302,","BNSF,",9,"M3,","M,",MAIN,Texas,31.715593,-99.132731,"Texas
(31.715593, -99.132731)"
Obstruction impact,2015:03:KCS:15031002,0,0,0,12000,0,0,0,WEBB,3/10/2015 0:00,14:00,2015,2015,"H997,","KCS,",NA,"H9,","H,",SIDING,Texas,27.464167,-99.123611,"Texas
(27.464167, -99.123611)"
Derailments,2012:07:GCSR:070712,0,0,50000,0,0,0,0,MCCULLOCH,7/7/2012 0:00,11:40,2012,2012,"T109,","GCSR,",1,"T1,","T,",MAIN,Texas,31.236307,-99.119833,"Texas
(31.236307, -99.119833)"
Highway-rail impact,2015:10:UP:1015SA010,0,1,120000,6605,0,0,0,FRIO,10/15/2015 0:00,9:22,2015,2016,"M302,M303,","UP,",1,"M3,","M,",MAIN,Texas,28.84164,-99.11145,"Texas
(28.84164, -99.11145)"
Derailments,2012:11:RRVW:11062012D,0,0,16000,40037,0,0,0,STUTSMAN,11/6/2012 0:00,15:43,2012,2013,"T001,T110,","RRVW,",1,"T0,T1,","T,",MAIN,North Dakota,47.191958,-99.108728,"North Dakota
(47.191958, -99.108728)"
Derailments,2015:12:FCOZ:INDUSTRY,0,0,32190,56463,0,0,0,KIOWA,12/12/2015 0:00,4:25,2015,2016,"T221,","UP,",1,"T2,","T,",INDUSTRY,Kansas,37.61523,-99.106106,"Kansas
(37.61523, -99.106106)"
Highway-rail impact,2016:02:DMVW:FRED218,0,0,0,26298,0,0,0,LOGAN,2/18/2016 0:00,23:25,2016,2016,"M306,","DMVW,",1,"M3,","M,",MAIN,North Dakota,46.326593,-99.100262,"North Dakota
(46.326593, -99.100262)"
Fire/violent rupture,2013:06:GNBC:G06262013,0,0,34001,0,0,0,0,WASHITA,6/26/2013 0:00,24:01:00,2013,2013,"M406,","GNBC,",1,"M4,","M,",MAIN,Oklahoma,35.109508,-99.067966,"Oklahoma
(35.109508, -99.067966)"
Derailments,2012:04:GCSR:040112,0,0,50000,50000,0,0,0,SAN SABA,4/1/2012 0:00,14:00,2012,2012,"M203,","GCSR,",1,"M2,","M,",MAIN,Texas,31.27967,-99.066666,"Texas
(31.27967, -99.066666)"
Derailments,2014:03:BNSF:TC0314112,0,0,1000,14000,0,0,0,STUTSMAN,3/1/2014 0:00,11:40,2014,2014,"M101,","BNSF,",1,"M1,","M,",SIDING,North Dakota,46.896608,-99.052024,"North Dakota
(46.896608, -99.052024)"
Derailments,2014:01:UP:0114NP034,0,0,614619,19632,0,0,0,BUFFALO,1/31/2014 0:00,12:15,2014,2014,"E53C,","UP,",1,"E5,","E,",MAIN,Nebraska,40.70418,-99.040497,"Nebraska
(40.70418, -99.040497)"
Derailments,2012:06:UP:0612FW020,0,0,1049986,1525413,29,12,1,EASTLAND,6/17/2012 0:00,22:30,2012,2012,"T499,","UP,",1,"T4,","T,",MAIN,Texas,32.389938,-99.024383,"Texas
(32.389938, -99.024383)"
Highway-rail impact,2011:09:UP:0911SA014,0,1,0,18315,0,0,0,FRIO,9/27/2011 0:00,8:12,2011,2011,"M399,","UP,",1,"M3,","M,",MAIN,Texas,29.057924,-99.002032,"Texas
(29.057924, -99.002032)"
Derailments,2014:05:BNSF:TC0514119,0,0,25000,200,0,0,0,WARD,5/24/2014 0:00,13:00,2014,2014,"T001,","BNSF,",NA,"T0,","T,",MAIN,North Dakota,48.174926,-98.998074,"North Dakota
(48.174926, -98.998074)"
Derailments,2013:05:BNSF:SF0513121,0,0,316908,25158,0,0,0,TULSA,5/29/2013 0:00,17:00,2013,2013,"E60C,","BNSF,",1,"E6,","E,",YARD,Oklahoma,36.149738,-98.993322,"Oklahoma
(36.149738, -98.993322)"
Raking collision,2011:10:BNSF:GC1011110,0,0,45000,95860,49,0,0,BROWN,10/16/2011 0:00,15:35,2011,2012,"H222,H605,","BNSF,",1,"H2,H6,","H,",MAIN,Texas,31.713108,-98.990407,"Texas
(31.713108, -98.990407)"
Derailments,2011:06:BNSF:GC0611100,0,0,47519,1700,0,0,0,BROWN,6/1/2011 0:00,17:30,2011,2011,"E46C,","BNSF,",1,"E4,","E,",YARD,Texas,31.713108,-98.9904,"Texas
(31.713108, -98.9904)"
Derailments,2011:06:BNSF:GC0611102,0,0,28000,0,0,0,0,BROWN,6/1/2011 0:00,3:30,2011,2011,"H303,","BNSF,TXR,",1,"H3,","H,",YARD,Texas,31.713108,-98.9904,"Texas
(31.713108, -98.9904)"
Derailments,2014:12:BNSF:GC1214106,0,0,5500,8074,5,3,0,BROWN,12/28/2014 0:00,9:20,2014,2015,"T202,","BNSF,",1,"T2,","T,",YARD,Texas,31.713162,-98.990199,"Texas
(31.713162, -98.990199)"
Derailments,2015:11:BNSF:GC1115110,0,0,170000,65711,0,0,0,BROWN,11/30/2015 0:00,20:00,2015,2016,"T110,","BNSF,",1,"T1,","T,",MAIN,Texas,31.713162,-98.990199,"Texas
(31.713162, -98.990199)"
Derailments,2015:05:TXR:TXR150520,0,0,0,11076,0,0,0,BROWN,5/20/2015 0:00,11:30,2015,2015,"T110,","TXR,",7,"T1,","T,",INDUSTRY,Texas,31.683035,-98.989086,"Texas
(31.683035, -98.989086)"
Derailments,2012:09:UP:0912SA004,0,0,20199,68000,0,0,0,MEDINA,9/7/2012 0:00,17:30,2012,2012,"T201,T108,","BNSF,UP,",1,"T2,T1,","T,",SIDING,Texas,29.341996,-98.987663,"Texas
(29.341996, -98.987663)"
Derailments,2014:11:BNSF:GC1114104,0,0,1000,20278,2,2,0,BROWN,11/14/2014 0:00,10:00,2014,2015,"T207,","BNSF,",1,"T2,","T,",YARD,Texas,31.714015,-98.986881,"Texas
(31.714015, -98.986881)"
Raking collision,2013:10:FMRC:F10112013,0,0,0,35000,0,0,0,CUSTER,10/11/2013 0:00,10:10,2013,2014,"H301,","FMRC,",1,"H3,","H,",MAIN,Oklahoma,35.526123,-98.985818,"Oklahoma
(35.526123, -98.985818)"
Fire/violent rupture,2013:06:GNBC:G06202013,0,0,56006,0,0,0,0,WASHITA,6/20/2013 0:00,14:00,2013,2013,"M406,","GNBC,",1,"M4,","M,",MAIN,Oklahoma,35.332212,-98.984863,"Oklahoma
(35.332212, -98.984863)"
Derailments,2011:08:GNBC:G081211,0,0,11105,2000,0,0,0,WASHITA,8/12/2011 0:00,13:26,2011,2011,"T399,","GNBC,",7,"T3,","T,",INDUSTRY,Oklahoma,35.456,-98.976155,"Oklahoma
(35.456, -98.976155)"
Derailments,2014:12:BNSF:GC1214101,0,0,800,14583,0,0,0,BROWN,12/8/2014 0:00,23:45,2014,2015,"H318,","BNSF,",7,"H3,","H,",YARD,Texas,31.716852,-98.973476,"Texas
(31.716852, -98.973476)"
Derailments,2015:12:BNSF:GC1215102,0,0,5000,0,0,0,0,BROWN,12/2/2015 0:00,22:45,2015,2016,"T110,","BNSF,TXR,",1,"T1,","T,",YARD,Texas,31.71687,-98.972502,"Texas
(31.71687, -98.972502)"
Derailments,2013:12:UP:1213ES001,0,2,0,70000,0,0,0,FRIO,12/8/2013 0:00,19:00,2013,2014,"H993,","UP,",NA,"H9,","H,",MAIN,Texas,29.080577,-98.967611,"Texas
(29.080577, -98.967611)"
Derailments,2015:11:BNSF:GC1115101,0,0,30400,0,0,0,0,BROWN,11/3/2015 0:00,8:30,2015,2016,"T111,","BNSF,TXR,",1,"T1,","T,",YARD,Texas,31.713845,-98.967473,"Texas
(31.713845, -98.967473)"
Derailments,2014:05:BNSF:GC0514103,0,0,249679,9500,19,19,0,BROWN,5/8/2014 0:00,15:35,2014,2014,"H318,H312,","BNSF,",1,"H3,","H,",YARD,Texas,31.713699,-98.966134,"Texas
(31.713699, -98.966134)"
Fire/violent rupture,2014:04:UP:0414NP041,0,0,0,11105,0,0,0,BUFFALO,4/26/2014 0:00,18:45,2014,2014,"E79L,","UP,",1,"E7,","E,",MAIN,Nebraska,40.724657,-98.950125,"Nebraska
(40.724657, -98.950125)"
Highway-rail impact,2014:11:UP:1114NP022,0,0,10542,8000,0,0,0,BUFFALO,11/17/2014 0:00,24:30:00,2014,2015,"M302,","UP,",1,"M3,","M,",MAIN,Nebraska,40.724657,-98.950125,"Nebraska
(40.724657, -98.950125)"
Derailments,2012:09:RRVW:09282012D,0,0,15733,47500,0,0,0,STUTSMAN,9/28/2012 0:00,15:20,2012,2012,"M506,T204,","RRVW,",1,"M5,T2,","M,T,",MAIN,North Dakota,47.173378,-98.946991,"North Dakota
(47.173378, -98.946991)"
Derailments,2012:06:GNBC:06062012,0,0,38783,17500,0,0,0,KIOWA,6/6/2012 0:00,23:59,2012,2012,"H702,H704,","BNSF,GNBC,",1,"H7,","H,",YARD,Oklahoma,34.660022,-98.944877,"Oklahoma
(34.660022, -98.944877)"
Derailments,2011:06:BNSF:KS0611102,0,0,72636,40000,5,0,0,WOODS,6/7/2011 0:00,12:30,2011,2011,"E71L,","BNSF,",1,"E7,","E,",MAIN,Oklahoma,36.541243,-98.9444,"Oklahoma
(36.541243, -98.9444)"
Highway-rail impact,2012:08:UP:0812KC007,0,0,0,26201,1,0,0,PRATT,8/16/2012 0:00,18:40,2012,2012,"M302,","UP,",1,"M3,","M,",MAIN,Kansas,37.630038,-98.930656,"Kansas
(37.630038, -98.930656)"
Derailments,2011:06:BNSF:TC0611102,0,0,25000,13282,0,0,0,CASS,6/7/2011 0:00,18:00,2011,2011,"E64C,T399,","BNSF,",7,"E6,T3,","E,T,",MAIN,North Dakota,46.917226,-98.8955,"North Dakota
(46.917226, -98.8955)"
Derailments,2014:11:BNSF:KS1114105,0,0,20250,53549,0,0,0,WOODS,11/8/2014 0:00,20:00,2014,2015,"H307,H702,","BNSF,",1,"H3,H7,","H,",YARD,Oklahoma,36.592551,-98.879394,"Oklahoma
(36.592551, -98.879394)"
Derailments,2015:11:BNSF:KS1115102,0,0,0,32800,8,0,0,WOODS,11/9/2015 0:00,18:30,2015,2016,"H008,H020,","BNSF,",7,"H0,","H,",YARD,Oklahoma,36.6036,-98.874363,"Oklahoma
(36.6036, -98.874363)"
Derailments,2013:10:LAS:D641813,0,0,35000,343000,0,0,0,BIENVILLE,10/15/2013 0:00,22:36,2013,2014,"T213,","LAS,",1,"T2,","T,",MAIN,Louisiana,32.262951,-98.872807,"Louisiana
(32.262951, -98.872807)"
Derailments,2011:09:UP:0911DV006,0,0,11390,7945,0,0,0,RUSSELL,9/7/2011 0:00,16:37,2011,2011,"T314,","UP,",1,"T3,","T,",SIDING,Kansas,38.893137,-98.867887,"Kansas
(38.893137, -98.867887)"
Other events,2015:02:XCAI:INDUSTRY,0,0,6000,25720,0,0,0,BUFFALO,2/5/2015 0:00,23:45,2015,2015,"M501,","UP,",1,"M5,","M,",INDUSTRY,Nebraska,40.744771,-98.862227,"Nebraska
(40.744771, -98.862227)"
Derailments,2013:08:BNSF:KS0813101,0,0,895538,2137353,1,0,0,WOODS,8/11/2013 0:00,7:15,2013,2013,"T318,","BNSF,",1,"T3,","T,",MAIN,Oklahoma,36.627309,-98.856199,"Oklahoma
(36.627309, -98.856199)"
Derailments,2014:06:BNSF:KC0614101,0,0,1800000,3075804,3,2,0,WOODS,6/1/2014 0:00,23:10,2014,2014,"M105,","BNSF,",1,"M1,","M,",MAIN,Oklahoma,36.641294,-98.844101,"Oklahoma
(36.641294, -98.844101)"
Derailments,2011:08:SOO:227519,0,2,141520,2257213,20,2,0,FOSTER,8/6/2011 0:00,8:30,2011,2011,"T002,","SOO,",1,"T0,","T,",MAIN,North Dakota,47.339817,-98.84238,"North Dakota
(47.339817, -98.84238)"