AccidentType,inckey,Fatalities,Injuries,TrackDamage,EquipmentDamage,HazmatCars,HazmatCarsDerailed,HazmatCarsReleasing,County,DisplayDate,DisplayTime,calendar,Fiscal,AccidentCause,RailroadCodes,RAILEQUIPMENT_TYPE,CauseGroup,CauseDiscipline,TYPE_OF_TRACK,StateName,latitude,longitude,GeoLocation
Fire/violent rupture,2016:06:UP:0616FW014,0,0,0,25714,12,0,0,EASTLAND,6/16/2016 0:00,10:26,2016,2016,"E73L,","UP,",1,"E7,","E,",MAIN,Texas,32.406676,-98.821806,"Texas
(32.406676, -98.821806)"
Derailments,2013:05:UP:0513SA002,0,0,493015,797204,0,0,0,ATASCOSA,5/3/2013 0:00,7:57,2013,2013,"T213,","UP,",1,"T2,","T,",MAIN,Texas,29.232549,-98.799093,"Texas
(29.232549, -98.799093)"
Highway-rail impact,2012:06:UP:0612NP021,0,0,400,78982,0,0,0,BUFFALO,6/19/2012 0:00,17:45,2012,2012,"M304,","UP,",1,"M3,","M,",MAIN,Nebraska,40.7455,-98.798118,"Nebraska
(40.7455, -98.798118)"
Highway-rail impact,2013:01:UP:0113NP002,0,1,0,31474,0,0,0,BUFFALO,1/4/2013 0:00,15:55,2013,2013,"M302,","UP,",1,"M3,","M,",MAIN,Nebraska,40.762599,-98.797942,"Nebraska
(40.762599, -98.797942)"
Derailments,2012:10:UP:1012SA003,0,0,24215,33410,10,0,0,ATASCOSA,10/5/2012 0:00,15:43,2012,2013,"E22C,","UP,",1,"E2,","E,",MAIN,Texas,29.238734,-98.78699,"Texas
(29.238734, -98.78699)"
Derailments,2012:11:UP:1112SA008,0,0,9600,4703,0,0,0,BEXAR,11/6/2012 0:00,5:30,2012,2013,"M599,","UP,",7,"M5,","M,",INDUSTRY,Texas,29.320269,-98.782474,"Texas
(29.320269, -98.782474)"
Obstruction impact,2016:04:BNSF:TC0416113,0,0,0,11264,0,0,0,FOSTER,4/29/2016 0:00,11:41,2016,2016,"H402,","BNSF,",9,"H4,","H,",MAIN,North Dakota,47.529247,-98.754509,"North Dakota
(47.529247, -98.754509)"
Obstruction impact,2015:07:UP:0715SA008,0,0,0,13853,0,0,0,BEXAR,7/13/2015 0:00,13:20,2015,2015,"H021,","UP,",NA,"H0,","H,",MAIN,Texas,29.255946,-98.752754,"Texas
(29.255946, -98.752754)"
Derailments,2011:07:UP:0711NP012,0,0,69720,60657,0,0,0,BUFFALO,7/10/2011 0:00,23:05,2011,2011,"M105,","UP,",1,"M1,","M,",MAIN,Nebraska,40.714662,-98.73758,"Nebraska
(40.714662, -98.73758)"
Derailments,2012:05:UP:0512SA023,0,0,97088,4335,0,0,0,BEXAR,5/26/2012 0:00,10:00,2012,2012,"S099,","UP,",1,"S0,","S,",SIDING,Texas,29.264783,-98.734058,"Texas
(29.264783, -98.734058)"
Other events,2013:05:BNSF:NE0513107,0,0,0,10720,0,0,0,BUFFALO,5/31/2013 0:00,13:30,2013,2013,"H997,","BNSF,",9,"H9,","H,",MAIN,Nebraska,41.025138,-98.726519,"Nebraska
(41.025138, -98.726519)"
Highway-rail impact,2013:09:UP:0913SA005,0,0,0,10006,0,0,0,BEXAR,9/8/2013 0:00,3:15,2013,2013,"M303,M399,","ATK,UP,",2,"M3,","M,",MAIN,Texas,29.327441,-98.719844,"Texas
(29.327441, -98.719844)"
Derailments,2011:09:GCSR:091611,0,0,150000,120000,0,0,0,SAN SABA,9/16/2011 0:00,12:30,2011,2011,"M505,","GCSR,",1,"M5,","M,",MAIN,Texas,31.198706,-98.717651,"Texas
(31.198706, -98.717651)"
Derailments,2015:06:BNSF:NE0615103,0,0,35000,366137,7,0,0,ADAMS,6/10/2015 0:00,19:50,2015,2015,"M105,","BNSF,",1,"M1,","M,",MAIN,Nebraska,40.600194,-98.715093,"Nebraska
(40.600194, -98.715093)"
Derailments,2012:11:NPR:DR111202,0,0,30011,66307,0,0,0,RAMSEY,11/21/2012 0:00,12:40,2012,2013,"T202,","NPR,",1,"T2,","T,",MAIN,North Dakota,48.12741,-98.70633,"North Dakota
(48.12741, -98.70633)"
Derailments,2015:05:BNSF:TC0515104,0,0,5000,15000,0,0,0,STUTSMAN,5/9/2015 0:00,23:46,2015,2015,"T221,","BNSF,",1,"T2,","T,",INDUSTRY,North Dakota,46.9056,-98.7031,"North Dakota
(46.9056, -98.7031)"
Other events,2016:05:BNSF:KS0516112,0,0,0,20000,0,0,0,WOODS,5/18/2016 0:00,24:45:00,2016,2016,"H997,","BNSF,",9,"H9,","H,",MAIN,Oklahoma,36.81236,-98.69679,"Oklahoma
(36.81236, -98.69679)"
Derailments,2012:10:GCSR:100512,0,0,6000,250000,0,0,0,SAN SABA,10/5/2012 0:00,13:30,2012,2013,"T201,","GCSR,",1,"T2,","T,",MAIN,Texas,31.201661,-98.672225,"Texas
(31.201661, -98.672225)"
Obstruction impact,2016:08:BNSF:GC0816111,0,0,0,48499,0,0,0,MILLS,8/19/2016 0:00,13:00,2016,2016,"M410,","BNSF,",9,"M4,","M,",SIDING,Texas,31.556568,-98.667932,"Texas
(31.556568, -98.667932)"
Side collision,2013:06:BNSF:TX0613101,0,0,0,10653,0,0,0,WICHITA,6/11/2013 0:00,24:30:00,2013,2013,"M105,","BNSF,",76,"M1,","M,",MAIN,Texas,33.949291,-98.658679,"Texas
(33.949291, -98.658679)"
Derailments,2013:03:UP:0313SA021,0,0,1485,38630,0,0,0,BEXAR,3/21/2013 0:00,10:00,2013,2013,"H306,H702,","UP,",7,"H3,H7,","H,",INDUSTRY,Texas,29.32039,-98.647192,"Texas
(29.32039, -98.647192)"
Derailments,2011:09:PRSQ:INDUSTRY,0,0,35000,1500,0,0,0,BEXAR,9/22/2011 0:00,9:40,2011,2011,"H607,","UP,",7,"H6,","H,",YARD,Texas,29.313451,-98.643489,"Texas
(29.313451, -98.643489)"
Derailments,2014:05:UP:0514SA026,0,0,220,24000,0,0,0,BEXAR,5/30/2014 0:00,15:30,2014,2014,"H702,","UP,",1,"H7,","H,",YARD,Texas,29.313451,-98.643489,"Texas
(29.313451, -98.643489)"
Highway-rail impact,2013:08:UP:0813SA018,0,0,623,22721,0,0,0,BEXAR,8/22/2013 0:00,6:18,2013,2013,"M302,","UP,",1,"M3,","M,",MAIN,Texas,29.294732,-98.638241,"Texas
(29.294732, -98.638241)"
Derailments,2012:05:PRSQ:INDUSTRY,0,0,60000,200,0,0,0,BEXAR,5/25/2012 0:00,15:25,2012,2012,"H704,","UP,",8,"H7,","H,",INDUSTRY,Texas,29.303463,-98.630359,"Texas
(29.303463, -98.630359)"
Derailments,2016:07:BNSF:GC0716108,0,0,1000,25524,0,0,0,BEXAR,7/13/2016 0:00,16:57,2016,2016,"H303,","BNSF,",7,"H3,","H,",YARD,Texas,29.325202,-98.625846,"Texas
(29.325202, -98.625846)"
Highway-rail impact,2014:12:GNBC:G12062014,1,0,0,92000,0,0,0,BLAINE,12/6/2014 0:00,11:16,2014,2015,"M302,","GNBC,",1,"M3,","M,",MAIN,Oklahoma,35.860779,-98.621713,"Oklahoma
(35.860779, -98.621713)"
Highway-rail impact,2013:11:BNSF:TX1113201,0,0,48500,200,29,0,0,WICHITA,11/26/2013 0:00,18:40,2013,2014,"M302,","BNSF,",1,"M3,","M,",MAIN,Texas,33.940682,-98.603192,"Texas
(33.940682, -98.603192)"
Highway-rail impact,2013:12:BNSF:SF1213201,1,0,1000,40000,0,0,0,WOODS,12/30/2013 0:00,17:05,2013,2014,"M302,","BNSF,",1,"M3,","M,",MAIN,Oklahoma,36.76282,-98.594608,"Oklahoma
(36.76282, -98.594608)"
Derailments,2015:05:AGCR:05162015,0,0,20000,8000,0,0,0,BEXAR,5/16/2015 0:00,17:35,2015,2015,"T109,T001,","AGCR,",1,"T1,T0,","T,",YARD,Texas,29.603736,-98.594534,"Texas
(29.603736, -98.594534)"
Derailments,2011:07:MMZ:INDUSTRY,0,0,15673,35600,0,0,0,BEXAR,7/12/2011 0:00,2:24,2011,2011,"T221,T110,","AGCR,UP,",11,"T2,T1,","T,",INDUSTRY,Texas,29.5945,-98.5884,"Texas
(29.5945, -98.5884)"
Derailments,2011:10:RRVW:111026,0,0,5500,15440,0,0,0,STUTSMAN,10/26/2011 0:00,10:18,2011,2012,"T102,T001,","RRVW,",1,"T1,T0,","T,",MAIN,North Dakota,46.717533,-98.582617,"North Dakota
(46.717533, -98.582617)"
Highway-rail impact,2015:10:BNSF:KS1015203,0,0,0,20000,1,0,0,STAFFORD,10/20/2015 0:00,24:30:00,2015,2016,"M302,M304,","BNSF,",1,"M3,","M,",MAIN,Kansas,37.968688,-98.582073,"Kansas
(37.968688, -98.582073)"
Derailments,2015:11:UP:1115SA005,0,0,6212,7926,0,0,0,BEXAR,11/4/2015 0:00,8:48,2015,2016,"T303,","UP,",1,"T3,","T,",MAIN,Texas,29.348933,-98.581431,"Texas
(29.348933, -98.581431)"
Obstruction impact,2013:06:UP:0613NP015,0,0,33,11495,0,0,0,HALL,6/21/2013 0:00,23:00,2013,2013,"M404,","UP,",1,"M4,","M,",MAIN,Nebraska,40.825725,-98.580241,"Nebraska
(40.825725, -98.580241)"
Fire/violent rupture,2016:04:UP:0416KC008,0,0,0,17712,0,0,0,PRATT,4/17/2016 0:00,16:26,2016,2016,"E74L,","UP,",1,"E7,","E,",MAIN,Kansas,37.752782,-98.574346,"Kansas
(37.752782, -98.574346)"
Other events,2016:02:BNSF:GC0216116,0,0,0,190000,0,0,0,MILLS,2/29/2016 0:00,11:30,2016,2016,"H402,","BNSF,",9,"H4,","H,",MAIN,Texas,31.471447,-98.572867,"Texas
(31.471447, -98.572867)"
Other events,2016:01:UP:0116SA006,0,0,25001,0,0,0,0,BEXAR,1/13/2016 0:00,9:45,2016,2016,"H706,","UP,",7,"H7,","H,",YARD,Texas,29.35911,-98.571413,"Texas
(29.35911, -98.571413)"
Other events,2016:06:UP:0616SA006,0,0,14196,0,0,0,0,BEXAR,6/5/2016 0:00,22:00,2016,2016,"H706,","UP,",7,"H7,","H,",YARD,Texas,29.359279,-98.571291,"Texas
(29.359279, -98.571291)"
Derailments,2014:02:UP:0214SA008,0,0,495,20399,0,0,0,BEXAR,2/16/2014 0:00,12:30,2014,2014,"M507,","UP,",7,"M5,","M,",YARD,Texas,29.360633,-98.570181,"Texas
(29.360633, -98.570181)"
Derailments,2013:03:UP:0313SA007,0,0,2000,36044,0,0,0,BEXAR,3/10/2013 0:00,1:45,2013,2013,"H306,","UP,",7,"H3,","H,",YARD,Texas,29.36132,-98.569665,"Texas
(29.36132, -98.569665)"
Derailments,2015:09:UP:0915SA009,0,0,0,30083,0,0,0,BEXAR,9/13/2015 0:00,12:10,2015,2015,"H308,","UP,",7,"H3,","H,",YARD,Texas,29.361363,-98.569568,"Texas
(29.361363, -98.569568)"
Derailments,2013:12:UP:1213NP024,0,0,470251,19974,0,0,0,ADAMS,12/23/2013 0:00,7:30,2013,2014,"E61C,","UP,",1,"E6,","E,",MAIN,Nebraska,40.659114,-98.569134,"Nebraska
(40.659114, -98.569134)"
Raking collision,2013:02:BNSF:TC0213101,0,0,100000,370102,0,0,0,BROWN,2/1/2013 0:00,7:20,2013,2013,"H022,","BNSF,",61,"H0,","H,",MAIN,South Dakota,45.452146,-98.568516,"South Dakota
(45.452146, -98.568516)"
Derailments,2015:03:UP:0315SA005,0,0,11038,3257,0,0,0,BEXAR,3/9/2015 0:00,17:55,2015,2015,"M409,","UP,",7,"M4,","M,",YARD,Texas,29.367778,-98.564788,"Texas
(29.367778, -98.564788)"
Derailments,2013:11:UP:1113SA021,0,0,1320,13736,0,0,0,BEXAR,11/23/2013 0:00,20:05,2013,2014,"H399,","UP,",8,"H3,","H,",YARD,Texas,29.373212,-98.559785,"Texas
(29.373212, -98.559785)"
Fire/violent rupture,2014:10:UP:1014KC009,0,0,0,31359,5,0,0,PRATT,10/16/2014 0:00,7:50,2014,2015,"E73L,","UP,",1,"E7,","E,",MAIN,Kansas,37.758678,-98.559726,"Kansas
(37.758678, -98.559726)"
Derailments,2014:01:UP:0114SA006,0,0,52587,11249,2,0,0,BEXAR,1/11/2014 0:00,8:30,2014,2014,"H312,","UP,",75,"H3,","H,",YARD,Texas,29.373834,-98.559298,"Texas
(29.373834, -98.559298)"
Derailments,2015:09:UP:0915SA006,0,0,9715,30083,0,0,0,BEXAR,9/10/2015 0:00,21:30,2015,2015,"H318,","UP,",7,"H3,","H,",YARD,Texas,29.37402,-98.559161,"Texas
(29.37402, -98.559161)"
Derailments,2014:03:UP:0314SA004,0,0,33068,27343,0,0,0,BEXAR,3/8/2014 0:00,14:15,2014,2014,"T221,","UP,",7,"T2,","T,",YARD,Texas,29.378658,-98.555944,"Texas
(29.378658, -98.555944)"
Derailments,2013:11:GNBC:F11252013,0,0,18941,41704,0,0,0,BLAINE,11/25/2013 0:00,16:15,2013,2014,"T210,","GNBC,",1,"T2,","T,",MAIN,Oklahoma,35.974694,-98.555828,"Oklahoma
(35.974694, -98.555828)"
Derailments,2014:04:UP:0414SA005,0,0,26847,13684,0,0,0,BEXAR,4/6/2014 0:00,10:00,2014,2014,"H306,","UP,",7,"H3,","H,",YARD,Texas,29.383894,-98.550164,"Texas
(29.383894, -98.550164)"
Other events,2014:04:UP:0414SA015,0,0,18215,0,0,0,0,BEXAR,4/18/2014 0:00,21:15,2014,2014,"H307,","UP,",1,"H3,","H,",MAIN,Texas,29.393264,-98.539231,"Texas
(29.393264, -98.539231)"
Derailments,2014:05:UP:0514SA001,0,1,55709,1000,0,0,0,BEXAR,5/3/2014 0:00,3:00,2014,2014,"M501,M506,","BNSF,UP,",8,"M5,","M,",MAIN,Texas,29.319388,-98.51682,"Texas
(29.319388, -98.51682)"
Derailments,2014:02:UP:0214SA011,0,0,661841,3752433,0,0,0,BEXAR,2/16/2014 0:00,1:12,2014,2014,"T207,","UP,",1,"T2,","T,",MAIN,Texas,29.31036,-98.515228,"Texas
(29.31036, -98.515228)"
Raking collision,2011:10:UP:1011SA020,0,0,7353,160545,0,0,0,BEXAR,10/25/2011 0:00,22:45,2011,2012,"H699,","UP,",17,"H6,","H,",YARD,Texas,29.408486,-98.513517,"Texas
(29.408486, -98.513517)"
Highway-rail impact,2012:01:UP:0112SA011,0,0,0,11229,0,0,0,BEXAR,1/21/2012 0:00,2:35,2012,2012,"M308,","UP,",1,"M3,","M,",MAIN,Texas,29.408111,-98.513514,"Texas
(29.408111, -98.513514)"
Derailments,2012:02:UP:0212SA017,0,0,41896,67239,0,0,0,BEXAR,2/23/2012 0:00,2:45,2012,2012,"H519,","UP,",1,"H5,","H,",MAIN,Texas,29.408111,-98.513514,"Texas
(29.408111, -98.513514)"
Derailments,2015:02:UP:0215SA026,0,0,27800,43767,0,0,0,BEXAR,2/25/2015 0:00,6:00,2015,2015,"H704,","UP,",1,"H7,","H,",MAIN,Texas,29.408019,-98.510775,"Texas
(29.408019, -98.510775)"
Derailments,2013:08:UP:0813SA020,0,0,0,20000,0,0,0,BEXAR,8/23/2013 0:00,20:43,2013,2013,"T102,T108,","ATK,UP,",2,"T1,","T,",INDUSTRY,Texas,29.41287,-98.505798,"Texas
(29.41287, -98.505798)"
Derailments,2012:10:WTJR:OP102012WT,0,0,121925,250,0,0,0,WICHITA,10/20/2012 0:00,23:00,2012,2013,"H702,","UP,WTJR,",8,"H7,","H,",INDUSTRY,Texas,33.925903,-98.50364,"Texas
(33.925903, -98.50364)"
Derailments,2014:04:BNSF:TC0414122,0,0,75000,227019,0,0,0,BEADLE,4/24/2014 0:00,20:17,2014,2014,"T001,","BNSF,",1,"T0,","T,",MAIN,South Dakota,44.56848,-98.502222,"South Dakota
(44.56848, -98.502222)"
Derailments,2014:09:BNSF:TC0914104,0,0,1000,48000,0,0,0,SPINK,9/23/2014 0:00,21:30,2014,2014,"H306,","BNSF,",1,"H3,","H,",INDUSTRY,South Dakota,44.915435,-98.499932,"South Dakota
(44.915435, -98.499932)"
Derailments,2016:06:BNSF:TC0616107,0,0,34000,221330,0,0,0,BROWN,6/9/2016 0:00,13:30,2016,2016,"T314,","BNSF,",1,"T3,","T,",YARD,South Dakota,45.465331,-98.499907,"South Dakota
(45.465331, -98.499907)"
Derailments,2012:03:XCGA:INDUSTRY,0,0,500,18549,0,0,0,STUTSMAN,3/22/2012 0:00,19:30,2012,2012,"T199,","BNSF,",1,"T1,","T,",INDUSTRY,North Dakota,46.935248,-98.497705,"North Dakota
(46.935248, -98.497705)"
Derailments,2016:06:BNSF:TC0616108,0,0,65000,391215,6,6,1,SPINK,6/9/2016 0:00,17:30,2016,2016,"T109,","BNSF,",1,"T1,","T,",MAIN,South Dakota,44.799673,-98.494919,"South Dakota
(44.799673, -98.494919)"
Fire/violent rupture,2016:02:UP:0216FW009,0,0,0,119545,0,0,0,PALO PINTO,2/13/2016 0:00,13:06,2016,2016,"E73L,","UP,",1,"E7,","E,",MAIN,Texas,32.550808,-98.493687,"Texas
(32.550808, -98.493687)"
Derailments,2015:11:FWWR:15111601,0,0,27770,18000,0,0,0,COMANCHE,11/16/2015 0:00,24:20:00,2015,2016,"T215,","FWWR,",1,"T2,","T,",MAIN,Texas,32.089849,-98.49309,"Texas
(32.089849, -98.49309)"
Derailments,2014:10:UP:1014SA016,0,2,92657,1904391,0,0,0,ATASCOSA,10/26/2014 0:00,6:33,2014,2015,"T207,","UP,",1,"T2,","T,",MAIN,Texas,29.119644,-98.492851,"Texas
(29.119644, -98.492851)"
Derailments,2011:06:BNSF:TC0611112,0,0,75000,38200,0,0,0,BROWN,6/17/2011 0:00,10:15,2011,2011,"E64C,","BNSF,",1,"E6,","E,",YARD,South Dakota,45.465667,-98.492027,"South Dakota
(45.465667, -98.492027)"
Derailments,2011:10:BNSF:TC1011112,0,0,5000,35000,0,0,0,BROWN,10/12/2011 0:00,19:30,2011,2012,"T110,","BNSF,",7,"T1,","T,",YARD,South Dakota,45.465667,-98.492027,"South Dakota
(45.465667, -98.492027)"
Derailments,2015:07:BNSF:TC0715116,0,0,800,15852,22,0,0,BROWN,7/24/2015 0:00,10:00,2015,2015,"E64C,","BNSF,",7,"E6,","E,",YARD,South Dakota,45.465753,-98.489157,"South Dakota
(45.465753, -98.489157)"
Derailments,2014:01:BNSF:TX0114106,0,0,3000,22020,0,0,0,CLEVELAND,1/12/2014 0:00,11:30,2014,2014,"H311,","BNSF,",7,"H3,","H,",INDUSTRY,Oklahoma,35.40177,-98.4874,"Oklahoma
(35.40177, -98.4874)"
Highway-rail impact,2014:02:UP:0214SA003,0,0,60500,756,0,0,0,BEXAR,2/9/2014 0:00,2:03,2014,2014,"M302,","UP,",1,"M3,","M,",MAIN,Texas,29.4045,-98.479252,"Texas
(29.4045, -98.479252)"
Derailments,2012:09:UP:0912SA011,0,0,61773,90158,0,0,0,ATASCOSA,9/25/2012 0:00,8:00,2012,2012,"T221,","UP,",1,"T2,","T,",SIDING,Texas,28.996492,-98.47902,"Texas
(28.996492, -98.47902)"
Derailments,2015:05:UP:0515SA008,0,0,38460,1437445,0,0,0,ATASCOSA,5/15/2015 0:00,2:18,2015,2015,"T102,","UP,",1,"T1,","T,",MAIN,Texas,28.999669,-98.478719,"Texas
(28.999669, -98.478719)"
Derailments,2011:08:DME:227500,0,0,7801,10000,0,0,0,BEADLE,8/6/2011 0:00,3:45,2011,2011,"H307,H704,","BNSF,DME,",1,"H3,H7,H3,H7,","H,",YARD,South Dakota,44.413713,-98.477472,"South Dakota
(44.413713, -98.477472)"
Derailments,2015:07:XTBM:INDUSTRY,0,0,3857,7734,0,0,0,BEXAR,7/10/2015 0:00,10:00,2015,2015,"T110,","UP,",1,"T1,","T,",INDUSTRY,Texas,29.376214,-98.47605,"Texas
(29.376214, -98.47605)"
Derailments,2011:08:UP:0811SA021,0,0,2712,10256,0,0,0,BEXAR,8/29/2011 0:00,13:15,2011,2011,"M201,","UP,",7,"M2,","M,",YARD,Texas,29.436461,-98.475022,"Texas
(29.436461, -98.475022)"
Derailments,2012:09:UP:0912SA001,0,0,1000,12687,15,0,0,BEXAR,9/6/2012 0:00,17:30,2012,2012,"H524,H019,","UP,",7,"H5,H0,","H,",YARD,Texas,29.436531,-98.471722,"Texas
(29.436531, -98.471722)"
Derailments,2015:12:UP:1215SA006,0,0,142789,254157,0,0,0,BEXAR,12/4/2015 0:00,12:11,2015,2016,"T207,","UP,",1,"T2,","T,",MAIN,Texas,29.366251,-98.469834,"Texas
(29.366251, -98.469834)"
Raking collision,2015:08:UP:0815SA012,0,0,0,11017,0,0,0,BEXAR,8/14/2015 0:00,5:50,2015,2015,"H509,","UP,",87,"H5,","H,",YARD,Texas,29.436455,-98.468057,"Texas
(29.436455, -98.468057)"
Derailments,2014:06:UP:0614SA020,0,0,990,115764,0,0,0,BEXAR,6/23/2014 0:00,5:30,2014,2014,"E69L,T399,","UP,",7,"E6,T3,","E,T,",YARD,Texas,29.436271,-98.467798,"Texas
(29.436271, -98.467798)"
Derailments,2016:01:UP:0116SA012,0,0,45755,145608,0,0,0,BEXAR,1/21/2016 0:00,19:58,2016,2016,"M405,","UP,",7,"M4,","M,",YARD,Texas,29.436527,-98.466656,"Texas
(29.436527, -98.466656)"
Derailments,2015:04:CLCQ:INDUSTRY,0,0,1400,15809,8,1,0,BEXAR,4/12/2015 0:00,9:15,2015,2015,"H307,","UP,",7,"H3,","H,",INDUSTRY,Texas,29.347301,-98.461477,"Texas
(29.347301, -98.461477)"
Derailments,2013:08:UP:0813SA011,0,0,1980,11513,0,0,0,BEXAR,8/19/2013 0:00,5:30,2013,2013,"H602,","UP,",7,"H6,","H,",YARD,Texas,29.435673,-98.457541,"Texas
(29.435673, -98.457541)"
Derailments,2013:12:UP:1213SA008,0,0,50470,7226,0,0,0,BEXAR,12/17/2013 0:00,8:10,2013,2014,"H599,","UP,",1,"H5,","H,",MAIN,Texas,29.530035,-98.457537,"Texas
(29.530035, -98.457537)"
Derailments,2016:02:UP:0216SA022,0,0,61201,27380,0,0,0,BEXAR,2/24/2016 0:00,14:30,2016,2016,"H525,","UP,",7,"H5,","H,",YARD,Texas,29.435033,-98.457327,"Texas
(29.435033, -98.457327)"
Derailments,2015:02:UP:0215SA013,0,0,3600,15895,0,0,0,BEXAR,2/10/2015 0:00,3:00,2015,2015,"H524,","UP,",7,"H5,","H,",YARD,Texas,29.435864,-98.456548,"Texas
(29.435864, -98.456548)"
Derailments,2011:12:UP:1211SA016,0,0,1337,30825,0,0,0,BEXAR,12/27/2011 0:00,14:00,2011,2012,"H018,","UP,",7,"H0,","H,",YARD,Texas,29.435763,-98.454862,"Texas
(29.435763, -98.454862)"
Raking collision,2012:01:UP:0112SA009,0,0,99,12869,0,0,0,BEXAR,1/19/2012 0:00,18:45,2012,2012,"H306,","UP,",7,"H3,","H,",YARD,Texas,29.435763,-98.454862,"Texas
(29.435763, -98.454862)"
Derailments,2014:07:UP:0714SA016,0,0,47770,6458,0,0,0,BEXAR,7/28/2014 0:00,11:30,2014,2014,"H523,","UP,",7,"H5,","H,",YARD,Texas,29.435763,-98.454862,"Texas
(29.435763, -98.454862)"
Derailments,2015:08:UP:0815SA003,0,0,0,34238,0,0,0,BEXAR,8/5/2015 0:00,2:50,2015,2015,"E22C,","UP,",7,"E2,","E,",YARD,Texas,29.435763,-98.454862,"Texas
(29.435763, -98.454862)"
Highway-rail impact,2013:12:UP:1213SA006,0,1,16000,0,0,0,0,BEXAR,12/16/2013 0:00,8:30,2013,2014,"M304,","UP,",1,"M3,","M,",MAIN,Texas,29.535383,-98.451827,"Texas
(29.535383, -98.451827)"
Highway-rail impact,2012:02:UP:0212SA019,0,1,0,12814,4,0,0,BEXAR,2/25/2012 0:00,13:10,2012,2012,"M308,","UP,",1,"M3,","M,",MAIN,Texas,29.43974,-98.441824,"Texas
(29.43974, -98.441824)"
Derailments,2014:01:XCAP:INDUSTRY,0,0,8718,126714,0,0,0,BEXAR,1/1/2014 0:00,4:00,2014,2014,"T314,T319,","UP,",1,"T3,","T,",INDUSTRY,Texas,29.549917,-98.431109,"Texas
(29.549917, -98.431109)"
Derailments,2012:10:BNSF:TC1012110,0,0,1000,21570,0,0,0,BROWN,10/22/2012 0:00,11:00,2012,2013,"T221,","BNSF,",1,"T2,","T,",YARD,South Dakota,45.46,-98.43,"South Dakota
(45.46, -98.43)"
Derailments,2013:07:FWWR:13070201,0,0,6000,30000,0,0,0,COMANCHE,7/2/2013 0:00,15:00,2013,2013,"T110,","FWWR,",1,"T1,","T,",MAIN,Texas,31.989197,-98.425296,"Texas
(31.989197, -98.425296)"
Highway-rail impact,2014:01:BNSF:TC0114201,0,0,2000,15000,0,0,0,BROWN,1/10/2014 0:00,13:10,2014,2014,"M302,","BNSF,",1,"M3,","M,",MAIN,South Dakota,45.466255,-98.412811,"South Dakota
(45.466255, -98.412811)"
Derailments,2014:01:UP:0114SA017,0,0,269621,181399,22,0,0,BEXAR,1/25/2014 0:00,6:00,2014,2014,"H607,","UP,",1,"H6,","H,",YARD,Texas,29.460142,-98.404056,"Texas
(29.460142, -98.404056)"
Derailments,2012:10:BNSF:NE1012112,0,0,2000,15018,0,0,0,ADAMS,10/26/2012 0:00,5:30,2012,2013,"H318,","BNSF,",7,"H3,","H,",YARD,Nebraska,40.5837,-98.40165,"Nebraska
(40.5837, -98.40165)"
Derailments,2011:08:BNSF:TC0811113,0,0,71100,240000,16,0,0,BROWN,8/18/2011 0:00,18:00,2011,2011,"E52C,","BNSF,",1,"E5,","E,",MAIN,South Dakota,45.466338,-98.400824,"South Dakota
(45.466338, -98.400824)"
Derailments,2011:12:UP:1211SA010,0,0,1482,15468,0,0,0,BEXAR,12/14/2011 0:00,10:55,2011,2012,"T110,","UP,",7,"T1,","T,",INDUSTRY,Texas,29.463742,-98.399141,"Texas
(29.463742, -98.399141)"
Highway-rail impact,2013:08:UP:0813SA022,0,0,60500,50,0,0,0,BEXAR,8/27/2013 0:00,24:45:00,2013,2013,"M302,","UP,",1,"M3,","M,",MAIN,Texas,29.510284,-98.398447,"Texas
(29.510284, -98.398447)"
Other impacts,2011:12:BNSF:NE1211108,0,0,0,13804,0,0,0,ADAMS,12/14/2011 0:00,5:15,2011,2012,"H020,","BNSF,",68,"H0,","H,",YARD,Nebraska,40.583393,-98.397828,"Nebraska
(40.583393, -98.397828)"
Other impacts,2014:07:BNSF:NE0714109,0,0,0,52000,0,0,0,ADAMS,7/8/2014 0:00,3:30,2014,2014,"H307,H302,","BNSF,",7,"H3,","H,",YARD,Nebraska,40.583393,-98.397828,"Nebraska
(40.583393, -98.397828)"
Derailments,2015:05:UP:0515SA004,0,0,8176,3169,0,0,0,BEXAR,5/10/2015 0:00,19:25,2015,2015,"E39C,","UP,",7,"E3,","E,",YARD,Texas,29.464833,-98.397651,"Texas
(29.464833, -98.397651)"
Side collision,2012:11:BNSF:NE1112109,0,0,0,21000,1,1,0,ADAMS,11/15/2012 0:00,23:20,2012,2013,"H020,","BNSF,",67,"H0,","H,",YARD,Nebraska,40.58355,-98.39563,"Nebraska
(40.58355, -98.39563)"
Derailments,2013:06:BNSF:NE0613101,0,0,8000,14345,5,4,0,ADAMS,6/6/2013 0:00,8:55,2013,2013,"T207,","BNSF,",7,"T2,","T,",YARD,Nebraska,40.583552,-98.394005,"Nebraska
(40.583552, -98.394005)"
Fire/violent rupture,2015:10:UP:1015NP041,0,0,0,12868,0,0,0,ADAMS,10/31/2015 0:00,13:49,2015,2016,"E72L,","UP,",1,"E7,","E,",MAIN,Nebraska,40.605948,-98.392959,"Nebraska
(40.605948, -98.392959)"
Derailments,2015:11:UP:1115SA010,0,0,2135,11732,0,0,0,BEXAR,11/16/2015 0:00,18:35,2015,2016,"H306,","UP,",67,"H3,","H,",INDUSTRY,Texas,29.470909,-98.39277,"Texas
(29.470909, -98.39277)"
Raking collision,2013:11:BNSF:NE1113106,0,0,790,38496,0,0,0,ADAMS,11/26/2013 0:00,3:00,2013,2014,"H318,","BNSF,",7,"H3,","H,",YARD,Nebraska,40.58391,-98.38784,"Nebraska
(40.58391, -98.38784)"