AccidentType,inckey,Fatalities,Injuries,TrackDamage,EquipmentDamage,HazmatCars,HazmatCarsDerailed,HazmatCarsReleasing,County,DisplayDate,DisplayTime,calendar,Fiscal,AccidentCause,RailroadCodes,RAILEQUIPMENT_TYPE,CauseGroup,CauseDiscipline,TYPE_OF_TRACK,StateName,latitude,longitude,GeoLocation
Derailments,2012:03:SDWZ:INDUSTRY,0,0,1000,39128,0,0,0,BROWN,3/8/2012 0:00,6:00,2012,2012,"T202,","BNSF,",1,"T2,","T,",INDUSTRY,South Dakota,45.466427,-98.38626,"South Dakota
(45.466427, -98.38626)"
Derailments,2012:10:UP:1012SA002,0,0,29934,32550,3,0,0,BEXAR,10/3/2012 0:00,18:35,2012,2013,"H524,","UP,",7,"H5,","H,",YARD,Texas,29.472836,-98.385208,"Texas
(29.472836, -98.385208)"
Derailments,2012:08:UP:0812SA017,0,0,24181,13102,29,0,0,BEXAR,8/25/2012 0:00,7:20,2012,2012,"H503,T221,","UP,",7,"H5,T2,","H,T,",YARD,Texas,29.477032,-98.378972,"Texas
(29.477032, -98.378972)"
Raking collision,2014:03:UP:0314CB011,0,0,0,27480,0,0,0,HALL,3/17/2014 0:00,16:00,2014,2014,"H997,","UP,",NA,"H9,","H,",MAIN,Nebraska,40.909934,-98.378761,"Nebraska
(40.909934, -98.378761)"
Derailments,2014:05:KCS:14050301,0,0,346372,9840,7,0,0,DUVAL,5/3/2014 0:00,12:07,2014,2014,"E47C,","KCS,",1,"E4,","E,",MAIN,Texas,27.651618,-98.375916,"Texas
(27.651618, -98.375916)"
Highway-rail impact,2012:12:UP:1212CB010,0,0,9644,251,0,0,0,HALL,12/16/2012 0:00,14:00,2012,2013,"M399,","UP,",1,"M3,","M,",MAIN,Nebraska,40.919499,-98.358166,"Nebraska
(40.919499, -98.358166)"
Derailments,2012:07:AGPZ:INDUSTRY,0,0,159460,100000,2,2,0,CLAY,7/19/2012 0:00,18:00,2012,2012,"T319,","BNSF,",7,"T3,","T,",INDUSTRY,Nebraska,40.58928,-98.34071,"Nebraska
(40.58928, -98.34071)"
Derailments,2015:11:UP:1115CB007,0,0,12456,502,0,0,0,HALL,11/16/2015 0:00,18:00,2015,2016,"H702,","UP,",7,"H7,","H,",YARD,Nebraska,40.932322,-98.326851,"Nebraska
(40.932322, -98.326851)"
Side collision,2012:07:UP:0712CB001,0,0,76,12553,0,0,0,HALL,7/1/2012 0:00,23:21,2012,2012,"H302,","UP,",75,"H3,","H,",YARD,Nebraska,40.929551,-98.326118,"Nebraska
(40.929551, -98.326118)"
Derailments,2016:02:UP:0216CB001,0,0,1390,18620,0,0,0,HALL,2/1/2016 0:00,19:35,2016,2016,"M101,","UP,",8,"M1,","M,",YARD,Nebraska,40.933025,-98.325215,"Nebraska
(40.933025, -98.325215)"
Derailments,2012:02:ATLT:20612,0,0,11084,112000,0,0,0,BLAINE,2/6/2012 0:00,10:30,2012,2012,"T220,","ATLT,",1,"T2,","T,",MAIN,Oklahoma,35.65,-98.324,"Oklahoma
(35.65, -98.324)"
Derailments,2016:01:FWWR:16012101,0,0,22971,185214,0,0,0,ERATH,1/21/2016 0:00,16:00,2016,2016,"E64C,","FWWR,",1,"E6,","E,",SIDING,Texas,32.098998,-98.318012,"Texas
(32.098998, -98.318012)"
Derailments,2014:07:UP:0714FW022,0,0,156509,3225,9,0,0,PALO PINTO,7/23/2014 0:00,5:35,2014,2014,"E53C,","UP,",1,"E5,","E,",MAIN,Texas,32.54625,-98.314123,"Texas
(32.54625, -98.314123)"
Derailments,2013:02:GNBC:G02232013,0,0,5041,10385,0,0,0,BLAINE,2/23/2013 0:00,4:15,2013,2013,"E46C,","GNBC,",1,"E4,","E,",YARD,Oklahoma,36.112572,-98.313297,"Oklahoma
(36.112572, -98.313297)"
Derailments,2013:03:BNSF:NE0313102,0,0,308767,692084,0,0,0,ADAMS,3/10/2013 0:00,14:00,2013,2013,"T110,","BNSF,",1,"T1,","T,",SIDING,Nebraska,40.58712,-98.308527,"Nebraska
(40.58712, -98.308527)"
Highway-rail impact,2013:04:UP:0413SA009,0,2,0,16081,0,0,0,ATASCOSA,4/12/2013 0:00,7:54,2013,2013,"M302,","UP,",1,"M3,","M,",MAIN,Texas,28.750399,-98.307564,"Texas
(28.750399, -98.307564)"
Derailments,2014:10:UP:1014CB004,0,0,62480,1912,0,0,0,HALL,10/3/2014 0:00,7:30,2014,2015,"T111,","UP,",4,"T1,","T,",YARD,Nebraska,40.942149,-98.300712,"Nebraska
(40.942149, -98.300712)"
Other events,2014:03:UP:0314CB009,0,0,16500,0,0,0,0,HALL,3/14/2014 0:00,12:30,2014,2014,"E11C,","UP,",1,"E1,","E,",YARD,Nebraska,40.942492,-98.299855,"Nebraska
(40.942492, -98.299855)"
Derailments,2016:04:AWRR:160420003,0,0,3000,0,0,0,0,BURNET,4/20/2016 0:00,14:40,2016,2016,"T110,T205,","AWRR,",1,"T1,T2,","T,",INDUSTRY,Texas,30.57556,-98.290833,"Texas
(30.57556, -98.290833)"
Highway-rail impact,2016:04:BNSF:NE0416200,1,0,548615,41803,0,0,0,CLAY,4/1/2016 0:00,15:33,2016,2016,"M302,","BNSF,",1,"M3,","M,",MAIN,Nebraska,40.58835,-98.2782,"Nebraska
(40.58835, -98.2782)"
Derailments,2014:09:BNSF:KS0914105,0,0,500,13544,0,0,0,HARPER,9/18/2014 0:00,8:40,2014,2014,"E62C,","BNSF,",1,"E6,","E,",MAIN,Kansas,37.205531,-98.271221,"Kansas
(37.205531, -98.271221)"
Derailments,2015:01:XHSA:INDUSTRY,0,0,2150,31899,0,0,0,COMAL,1/2/2015 0:00,21:50,2015,2015,"T211,","UP,",1,"T2,","T,",INDUSTRY,Texas,29.626244,-98.268881,"Texas
(29.626244, -98.268881)"
Highway-rail impact,2011:11:UP:1111SA014,0,1,0,89093,0,0,0,GUADALUPE,11/24/2011 0:00,15:30,2011,2012,"M399,","UP,",1,"M3,","M,",MAIN,Texas,29.55713,-98.259643,"Texas
(29.55713, -98.259643)"
Derailments,2011:09:XHSA:INDUSTRY,0,0,200,10446,0,0,0,COMAL,9/30/2011 0:00,7:30,2011,2011,"M101,","UP,",1,"M1,","M,",INDUSTRY,Texas,29.632979,-98.25447,"Texas
(29.632979, -98.25447)"
Derailments,2015:02:DMVW:DE0215280,0,0,0,65000,0,0,0,DICKEY,2/10/2015 0:00,15:30,2015,2015,"H018,H020,","DMVW,",6,"H0,","H,",INDUSTRY,North Dakota,46.094238,-98.254298,"North Dakota
(46.094238, -98.254298)"
Highway-rail impact,2011:09:UP:0911KC001,1,0,0,33869,0,0,0,RENO,9/3/2011 0:00,14:07,2011,2011,"M303,","UP,",1,"M3,","M,",MAIN,Kansas,37.872197,-98.252189,"Kansas
(37.872197, -98.252189)"
Derailments,2011:11:BNSF:NE1111100,0,0,8200,20180,10,0,0,CLAY,11/1/2011 0:00,20:15,2011,2012,"E33C,","BNSF,",1,"E3,","E,",MAIN,Nebraska,40.589442,-98.251248,"Nebraska
(40.589442, -98.251248)"
Derailments,2013:03:XHSA:INDUSTRY,0,0,3990,15727,0,0,0,COMAL,3/5/2013 0:00,22:45,2013,2013,"H524,H019,","UP,",1,"H5,H0,","H,",INDUSTRY,Texas,29.640282,-98.248901,"Texas
(29.640282, -98.248901)"
Derailments,2013:05:CP:236898,0,0,22500,14094,0,0,0,BEADLE,5/7/2013 0:00,2:30,2013,2013,"T314,","CP,",1,"T3,","T,",YARD,South Dakota,44.37231,-98.24696,"South Dakota
(44.37231, -98.24696)"
Derailments,2013:05:CP:237068,0,0,16600,8796,0,0,0,BEADLE,5/17/2013 0:00,3:15,2013,2013,"T199,","CP,",1,"T1,","T,",YARD,South Dakota,44.37231,-98.24696,"South Dakota
(44.37231, -98.24696)"
Derailments,2011:11:DME:228938,0,0,40613,50168,0,0,0,BEADLE,11/4/2011 0:00,1:52,2011,2012,"T220,","DME,",1,"T2,","T,",YARD,South Dakota,44.37189,-98.2433,"South Dakota
(44.37189, -98.2433)"
Derailments,2011:06:RVSC:RV11023,0,0,100000,0,0,0,0,HIDALGO,6/14/2011 0:00,14:00,2011,2011,"T212,","RVSC,",1,"T2,","T,",MAIN,Texas,26.211936,-98.237,"Texas
(26.211936, -98.237)"
Derailments,2016:06:AWRR:160613002,0,0,2300,0,0,0,0,BURNET,6/13/2016 0:00,14:20,2016,2016,"T211,","AWRR,",1,"T2,","T,",MAIN,Texas,30.713056,-98.236671,"Texas
(30.713056, -98.236671)"
Derailments,2015:03:AWRR:D690615,0,0,56000,13000,0,0,0,BURNET,3/5/2015 0:00,1:45,2015,2015,"M101,","AWRR,",1,"M1,","M,",MAIN,Texas,30.716389,-98.232778,"Texas
(30.716389, -98.232778)"
Derailments,2012:12:KYLE:ID120586,0,0,18000,22650,0,0,0,JEWELL,12/2/2012 0:00,18:20,2012,2013,"T311,","KYLE,",1,"T3,","T,",SIDING,Kansas,39.800145,-98.223888,"Kansas
(39.800145, -98.223888)"
Derailments,2013:09:XBEC:INDUSTRY,0,0,0,46630,0,0,0,LIVE OAK,9/10/2013 0:00,3:31,2013,2013,"M404,","UP,",1,"M4,","M,",INDUSTRY,Texas,28.584432,-98.213294,"Texas
(28.584432, -98.213294)"
Derailments,2012:06:CMTY:D06212012,0,0,10080,6800,0,0,0,BURNET,6/21/2012 0:00,2:45,2012,2012,"T110,T210,","AWRR,CMTY,",1,"T1,T2,","T,",INDUSTRY,Texas,30.747294,-98.20923,"Texas
(30.747294, -98.20923)"
Derailments,2015:08:RAJX:8272015,0,0,9472,3890,0,0,0,BEXAR,8/27/2015 0:00,14:30,2015,2015,"H307,H021,","RAJX,",7,"H3,H0,","H,",YARD,Texas,29.258878,-98.205018,"Texas
(29.258878, -98.205018)"
Other impacts,2011:07:UP:0711ES010,0,0,0,45000,0,0,0,CLAY,7/13/2011 0:00,24:45:00,2011,2011,"H402,","UP,",NA,"H4,","H,",MAIN,Nebraska,40.476274,-98.2036,"Nebraska
(40.476274, -98.2036)"
Other impacts,2014:06:SLWC:D532314,0,0,10000,10000,0,0,0,CADDO,6/12/2014 0:00,9:00,2014,2014,"H022,","SLWC,",6,"H0,","H,",INDUSTRY,Oklahoma,34.893666,-98.199431,"Oklahoma
(34.893666, -98.199431)"
Derailments,2014:03:RVSC:RV14011,0,0,21000,122000,0,0,0,HIDALGO,3/11/2014 0:00,14:45,2014,2014,"T220,","RVSC,",1,"T2,","T,",MAIN,Texas,26.279099,-98.191626,"Texas
(26.279099, -98.191626)"
Derailments,2012:05:UP:0512SA002,0,0,2436,8746,1,1,0,LIVE OAK,5/4/2012 0:00,9:00,2012,2012,"H312,","UP,",1,"H3,","H,",INDUSTRY,Texas,28.458826,-98.186783,"Texas
(28.458826, -98.186783)"
Derailments,2013:03:RVSC:RV13010,0,0,9699,2700,0,0,0,HIDALGO,3/19/2013 0:00,15:00,2013,2013,"T216,","RVSC,",1,"T2,","T,",MAIN,Texas,26.285598,-98.18304,"Texas
(26.285598, -98.18304)"
Derailments,2016:06:MMAZ:INDUSTRY,0,0,7458,3875,0,0,0,COMAL,6/3/2016 0:00,16:40,2016,2016,"T111,","UP,",1,"T1,","T,",INDUSTRY,Texas,29.689284,-98.164722,"Texas
(29.689284, -98.164722)"
Highway-rail impact,2014:11:UP:1114SA014,0,1,0,18000,0,0,0,COMAL,11/12/2014 0:00,8:05,2014,2015,"M308,","ATK,UP,",2,"M3,","M,",MAIN,Texas,29.67963,-98.158584,"Texas
(29.67963, -98.158584)"
Derailments,2011:07:FWWR:11072101,0,0,8300,25535,0,0,0,ERATH,7/21/2011 0:00,21:00,2011,2011,"T199,","FWWR,",1,"T1,","T,",MAIN,Texas,32.309487,-98.149216,"Texas
(32.309487, -98.149216)"
Derailments,2016:08:FWWR:16080401,0,0,150000,660000,0,0,0,ERATH,8/4/2016 0:00,14:06,2016,2016,"T109,","FWWR,",1,"T1,","T,",MAIN,Texas,32.110372,-98.145368,"Texas
(32.110372, -98.145368)"
Highway-rail impact,2012:07:BNSF:TX0712205,0,0,0,26250,0,0,0,CLAY,7/28/2012 0:00,11:00,2012,2012,"M302,","BNSF,",1,"M3,","M,",SIDING,Texas,33.776145,-98.144994,"Texas
(33.776145, -98.144994)"
Derailments,2012:06:CMTY:D06052012,0,0,40000,6000,0,0,0,BURNET,6/5/2012 0:00,17:25,2012,2012,"T109,","AWRR,CMTY,",1,"T1,","T,",MAIN,Texas,30.4504,-98.1415,"Texas
(30.4504, -98.1415)"
Derailments,2011:08:UP:0811SA014,0,0,71901,245830,0,0,0,LIVE OAK,8/14/2011 0:00,15:35,2011,2011,"M405,","UP,",1,"M4,","M,",MAIN,Texas,28.368485,-98.133875,"Texas
(28.368485, -98.133875)"
Obstruction impact,2015:12:UP:1215SA003,0,0,0,20330,0,0,0,COMAL,12/2/2015 0:00,9:00,2015,2016,"H404,","UP,",NA,"H4,","H,",MAIN,Texas,29.702771,-98.129185,"Texas
(29.702771, -98.129185)"
Derailments,2014:02:UP:0214SA002,0,0,62621,12223,0,0,0,COMAL,2/9/2014 0:00,15:00,2014,2014,"T108,","UP,",1,"T1,","T,",INDUSTRY,Texas,29.702308,-98.128983,"Texas
(29.702308, -98.128983)"
Other impacts,2015:07:WRRC:2015002,0,0,36000,381000,0,0,0,COMAL,7/11/2015 0:00,22:30,2015,2015,"E06L,","WRRC,",7,"E0,","E,",YARD,Texas,20.403,-98.1032,"Texas
(20.403, -98.1032)"
Derailments,2011:12:PEAV:INDUSTRY,0,0,50300,217457,0,0,0,BARNES,12/23/2011 0:00,1:50,2011,2012,"T108,","BNSF,",1,"T1,","T,",INDUSTRY,North Dakota,46.93409,-98.095741,"North Dakota
(46.93409, -98.095741)"
Highway-rail impact,2014:07:UP:0714SA008,0,0,47040,909,0,0,0,GUADALUPE,7/15/2014 0:00,13:20,2014,2014,"M302,","UP,",1,"M3,","M,",MAIN,Texas,29.584269,-98.093103,"Texas
(29.584269, -98.093103)"
Fire/violent rupture,2016:02:KO:20160218,0,0,12892,0,0,0,0,KINGMAN,2/18/2016 0:00,15:00,2016,2016,"H599,H509,","KO,",1,"H5,","H,",MAIN,Kansas,37.472335,-98.090885,"Kansas
(37.472335, -98.090885)"
Derailments,2016:05:BNSF:SF0516115,0,0,0,23795,0,0,0,GARFIELD,5/26/2016 0:00,12:23,2016,2016,"M105,","BNSF,",1,"M1,","M,",SIDING,Oklahoma,36.504453,-98.086948,"Oklahoma
(36.504453, -98.086948)"
Derailments,2011:08:BNSF:TC0811117,0,0,98600,7500,0,0,0,STUTSMAN,8/25/2011 0:00,16:50,2011,2011,"E53C,","BNSF,",1,"E5,","E,",MAIN,North Dakota,46.931548,-98.079381,"North Dakota
(46.931548, -98.079381)"
Derailments,2013:01:COGZ:INDUSTRY,0,0,30000,3500,0,0,0,BARNES,1/10/2013 0:00,18:08,2013,2013,"H607,H702,","BNSF,",1,"H6,H7,","H,",INDUSTRY,North Dakota,46.931548,-98.079381,"North Dakota
(46.931548, -98.079381)"
Derailments,2015:06:XCHS:INDUSTRY,0,0,0,16790,0,0,0,CAVALIER,6/27/2015 0:00,17:45,2015,2015,"M102,","BNSF,",6,"M1,","M,",INDUSTRY,North Dakota,48.625056,-98.043132,"North Dakota
(48.625056, -98.043132)"
Derailments,2012:07:DME:232586,0,0,9800,110337,1,0,0,BEADLE,7/16/2012 0:00,13:30,2012,2012,"T109,","DME,",1,"T1,","T,",MAIN,South Dakota,44.3679,-98.037317,"South Dakota
(44.3679, -98.037317)"
Derailments,2013:12:XCTX:INDUSTRY,0,0,5230,5647,2,1,0,GUADALUPE,12/22/2013 0:00,5:30,2013,2014,"H702,","UP,",1,"H7,","H,",INDUSTRY,Texas,29.57914,-98.03122,"Texas
(29.57914, -98.03122)"
Derailments,2012:01:BNSF:TC0112112,0,0,62000,56857,0,0,0,DAVISON,1/14/2012 0:00,22:15,2012,2012,"H704,","BNSF,",1,"H7,","H,",YARD,South Dakota,43.707513,-98.023704,"South Dakota
(43.707513, -98.023704)"
Derailments,2014:09:FWWR:14091601,0,0,514244,252000,0,0,0,ERATH,9/16/2014 0:00,12:30,2014,2014,"T203,","FWWR,",1,"T2,","T,",MAIN,Texas,32.350833,-98.021389,"Texas
(32.350833, -98.021389)"
Obstruction impact,2013:07:BNSF:NE0713110,0,0,0,17610,0,0,0,CLAY,7/27/2013 0:00,1:11,2013,2013,"M404,","BNSF,",1,"M4,","M,",MAIN,Nebraska,46.07371,-98.009535,"Nebraska
(46.07371, -98.009535)"
Derailments,2016:07:BNSF:NE0716115,0,0,4150,40798,0,0,0,HAMILTON,7/25/2016 0:00,9:30,2016,2016,"H318,","BNSF,",1,"H3,","H,",YARD,Nebraska,40.862323,-98.006826,"Nebraska
(40.862323, -98.006826)"
Derailments,2015:01:ZVLQ:INDUSTRY,0,0,20000,25000,14,1,0,BOONE,1/15/2015 0:00,22:10,2015,2015,"T314,","NCRC,",7,"T3,","T,",INDUSTRY,Nebraska,41.679806,-97.982895,"Nebraska
(41.679806, -97.982895)"
Derailments,2014:03:BNSF:TC0314102,0,0,500,84721,0,0,0,HUTCHINSON,3/5/2014 0:00,17:20,2014,2014,"H703,","BNSF,",1,"H7,","H,",INDUSTRY,South Dakota,43.300444,-97.982665,"South Dakota
(43.300444, -97.982665)"
Fire/violent rupture,2014:02:UP:0214WH011,0,0,0,346819,0,0,0,CANADIAN,2/21/2014 0:00,4:35,2014,2014,"E73L,","UP,",1,"E7,","E,",MAIN,Oklahoma,35.554979,-97.973697,"Oklahoma
(35.554979, -97.973697)"
Derailments,2016:07:UP:0716WH005,0,0,188584,35590,0,0,0,CANADIAN,7/9/2016 0:00,6:31,2016,2016,"T110,","UP,",1,"T1,","T,",MAIN,Oklahoma,35.55179,-97.969402,"Oklahoma
(35.55179, -97.969402)"
Derailments,2013:03:UP:0313SA001,0,0,316230,28539,0,0,0,HAYS,3/3/2013 0:00,15:45,2013,2013,"E61C,","UP,",1,"E6,","E,",MAIN,Texas,29.853106,-97.964355,"Texas
(29.853106, -97.964355)"
Derailments,2014:05:BNSF:KS0514103,0,0,23800,3631,3,3,0,RENO,5/7/2014 0:00,16:00,2014,2014,"H702,","BNSF,",7,"H7,","H,",MAIN,Kansas,38.035463,-97.964222,"Kansas
(38.035463, -97.964222)"
Derailments,2016:08:AWRR:160802001,0,0,21000,157000,0,0,0,WILLIAMSON,8/2/2016 0:00,2:00,2016,2016,"T220,","AWRR,",1,"T2,","T,",MAIN,Texas,30.700555,-97.958611,"Texas
(30.700555, -97.958611)"
Fire/violent rupture,2016:02:UP:0216WH009,0,0,0,26246,0,0,0,CANADIAN,2/26/2016 0:00,7:34,2016,2016,"E74L,","UP,",8,"E7,","E,",YARD,Oklahoma,35.525875,-97.955988,"Oklahoma
(35.525875, -97.955988)"
Derailments,2014:09:UP:0914WH008,0,0,30323,27967,17,5,0,STEPHENS,9/11/2014 0:00,22:22,2014,2014,"T207,T204,","UP,",1,"T2,","T,",MAIN,Oklahoma,34.635144,-97.953807,"Oklahoma
(34.635144, -97.953807)"
Highway-rail impact,2011:07:UP:0711WH009,1,0,0,9771,0,0,0,CANADIAN,7/18/2011 0:00,9:45,2011,2011,"M302,","UP,",1,"M3,","M,",MAIN,Oklahoma,35.435885,-97.953106,"Oklahoma
(35.435885, -97.953106)"
Derailments,2012:04:DME:231744,0,0,15000,1200,0,0,0,BEADLE,4/17/2012 0:00,13:00,2012,2012,"M105,","BNSF,DME,",6,"M1,","M,",YARD,South Dakota,44.441372,-97.948848,"South Dakota
(44.441372, -97.948848)"
Highway-rail impact,2012:01:CMTY:C01072012,0,0,0,21215,0,0,0,WILLIAMSON,1/7/2012 0:00,10:51,2012,2012,"M304,M302,","ATCX,CMTY,",2,"M3,","M,",MAIN,Texas,30.674984,-97.930104,"Texas
(30.674984, -97.930104)"
Other impacts,2012:03:KCS:12030501,0,2,1000,123674,4,0,0,NUECES,3/5/2012 0:00,11:12,2012,2012,"H702,","KCS,",51,"H7,","H,",SIDING,Texas,27.779382,-97.916216,"Texas
(27.779382, -97.916216)"
Derailments,2013:01:DLBQ:INDUSTRY,0,0,10,17344,0,0,0,KINGFISHER,1/8/2013 0:00,6:00,2013,2013,"M101,","UP,",1,"M1,","M,",INDUSTRY,Oklahoma,35.958035,-97.914706,"Oklahoma
(35.958035, -97.914706)"
Highway-rail impact,2011:12:UP:1211WH002,0,1,0,50209,7,0,0,KINGFISHER,12/7/2011 0:00,9:34,2011,2012,"M302,","UP,",1,"M3,","M,",MAIN,Oklahoma,35.965227,-97.914307,"Oklahoma
(35.965227, -97.914307)"
Derailments,2013:04:BNSF:SF0413112,0,0,112500,31514,29,3,0,GARFIELD,4/6/2013 0:00,9:30,2013,2013,"T110,","BNSF,GNBC,",1,"T1,","T,",YARD,Oklahoma,36.416473,-97.912985,"Oklahoma
(36.416473, -97.912985)"
Derailments,2013:12:UP:1213WH004,0,0,52464,845803,4,3,0,KINGFISHER,12/5/2013 0:00,23:57,2013,2014,"T204,","UP,",1,"T2,","T,",MAIN,Oklahoma,35.991571,-97.91286,"Oklahoma
(35.991571, -97.91286)"
Derailments,2014:07:UP:0714WH009,0,0,0,15000,0,0,0,MONTAGUE,7/11/2014 0:00,14:30,2014,2014,"E63C,","UP,",NA,"E6,","E,",MAIN,Texas,33.699058,-97.912858,"Texas
(33.699058, -97.912858)"
Derailments,2013:09:UP:0913CB004,0,0,2792482,1642888,2,1,0,MERRICK,9/21/2013 0:00,15:14,2013,2013,"M405,","UP,",1,"M4,","M,",MAIN,Nebraska,41.172547,-97.908754,"Nebraska
(41.172547, -97.908754)"
Derailments,2014:06:BNSF:NE0614102,0,0,0,38065,0,0,0,HAMILTON,6/3/2014 0:00,23:10,2014,2014,"M105,","BNSF,",1,"M1,","M,",SIDING,Nebraska,40.875674,-97.900254,"Nebraska
(40.875674, -97.900254)"
Other events,2011:11:UP:1111ES005,0,0,0,16207,0,0,0,KINGFISHER,11/9/2011 0:00,16:15,2011,2012,"H995,","UP,",NA,"H9,","H,",MAIN,Oklahoma,36.117377,-97.899633,"Oklahoma
(36.117377, -97.899633)"
Fire/violent rupture,2016:06:UP:0616SA011,0,0,0,45413,0,0,0,LIVE OAK,6/12/2016 0:00,11:00,2016,2016,"E74L,","UP,",1,"E7,","E,",MAIN,Texas,28.199093,-97.895098,"Texas
(28.199093, -97.895098)"
Derailments,2011:10:BNSF:KS1011112,0,0,5000,21000,0,0,0,RENO,10/20/2011 0:00,4:00,2011,2012,"H607,H702,","BNSF,",7,"H6,H7,","H,",YARD,Kansas,38.049578,-97.880455,"Kansas
(38.049578, -97.880455)"
Derailments,2014:08:BNSF:KS0814107,0,0,337543,96531,1,1,0,RENO,8/29/2014 0:00,21:30,2014,2014,"H504,","BNSF,",7,"H5,","H,",YARD,Kansas,38.048908,-97.875006,"Kansas
(38.048908, -97.875006)"
Derailments,2014:02:UP:0214WH012,0,0,3240,14241,0,0,0,GARFIELD,2/24/2014 0:00,16:00,2014,2014,"T222,","UP,",76,"T2,","T,",YARD,Oklahoma,36.426508,-97.865078,"Oklahoma
(36.426508, -97.865078)"
Derailments,2011:12:BNSF:SF1211115,0,0,15000,16000,0,0,0,GARFIELD,12/18/2011 0:00,1:00,2011,2012,"H607,H702,","BNSF,",7,"H6,H7,","H,",INDUSTRY,Oklahoma,36.41198,-97.86503,"Oklahoma
(36.41198, -97.86503)"
Derailments,2011:07:BNSF:SF0711116,0,0,89329,19400,0,0,0,GARFIELD,7/28/2011 0:00,20:20,2011,2011,"T403,","BNSF,",7,"T4,","T,",YARD,Oklahoma,36.412291,-97.864955,"Oklahoma
(36.412291, -97.864955)"
Derailments,2012:12:BNSF:SF1212101,0,0,243537,2900,0,0,0,GARFIELD,12/10/2012 0:00,17:55,2012,2013,"T314,","BNSF,",7,"T3,","T,",YARD,Oklahoma,36.41214,-97.86439,"Oklahoma
(36.41214, -97.86439)"
Derailments,2014:07:UP:0714WH014,0,0,800,39103,0,0,0,GARFIELD,7/22/2014 0:00,15:45,2014,2014,"H607,H307,","UP,",7,"H6,H3,","H,",YARD,Oklahoma,36.430034,-97.86406,"Oklahoma
(36.430034, -97.86406)"
Highway-rail impact,2011:07:UP:0711KC008,0,0,0,39360,0,0,0,RENO,7/14/2011 0:00,6:39,2011,2011,"M399,","UP,",1,"M3,","M,",MAIN,Kansas,38.130183,-97.860955,"Kansas
(38.130183, -97.860955)"
Derailments,2014:11:BNSF:KS1114107,0,0,482000,116230,0,0,0,RENO,11/12/2014 0:00,21:00,2014,2015,"E51C,","BNSF,",1,"E5,","E,",MAIN,Kansas,38.04691,-97.858685,"Kansas
(38.04691, -97.858685)"
Derailments,2013:03:XTLC:INDUSTRY,0,0,9500,24026,0,0,0,HAYS,3/12/2013 0:00,5:30,2013,2013,"T211,","UP,",1,"T2,","T,",INDUSTRY,Texas,30.057821,-97.856978,"Texas
(30.057821, -97.856978)"
Derailments,2014:12:BNSF:KS1214107,0,0,5400,60000,5,5,0,RENO,12/14/2014 0:00,18:55,2014,2015,"T210,","BNSF,",7,"T2,","T,",YARD,Kansas,38.046687,-97.856872,"Kansas
(38.046687, -97.856872)"
Derailments,2013:02:ADMS:INDUSTRY,0,0,80000,16500,0,0,0,GARFIELD,2/24/2013 0:00,3:00,2013,2013,"T110,","BNSF,",7,"T1,","T,",INDUSTRY,Oklahoma,36.4123,-97.8523,"Oklahoma
(36.4123, -97.8523)"
Derailments,2013:06:XTBS:INDUSTRY,0,0,250,59410,0,0,0,WISE,6/7/2013 0:00,21:45,2013,2013,"T222,","UP,",1,"T2,","T,",INDUSTRY,Texas,33.168391,-97.850395,"Texas
(33.168391, -97.850395)"
Highway-rail impact,2014:10:KCS:14100702,0,2,199,36051,0,0,0,NUECES,10/7/2014 0:00,16:15,2014,2015,"M303,","KCS,",1,"M3,","M,",MAIN,Texas,27.791746,-97.850236,"Texas
(27.791746, -97.850236)"
Derailments,2011:07:UP:0711WH002,0,0,25236,10155,0,0,0,GARFIELD,7/9/2011 0:00,13:10,2011,2011,"T102,","UP,",1,"T1,","T,",MAIN,Oklahoma,36.503198,-97.845353,"Oklahoma
(36.503198, -97.845353)"
Derailments,2013:11:BNSF:SF1113108,0,0,810500,22000,5,0,0,GARFIELD,11/24/2013 0:00,4:15,2013,2014,"E6AL,","BNSF,",1,"E6,","E,",MAIN,Oklahoma,36.412575,-97.842337,"Oklahoma
(36.412575, -97.842337)"
Derailments,2016:08:BNSF:TC0816101,0,0,800,72706,0,0,0,DAY,8/2/2016 0:00,12:20,2016,2016,"M105,","BNSF,",1,"M1,","M,",MAIN,South Dakota,45.354938,-97.837318,"South Dakota
(45.354938, -97.837318)"
Derailments,2013:06:KYLE:KYL389613D,0,0,10000,25000,0,0,0,CLOUD,6/18/2013 0:00,3:38,2013,2013,"T103,T102,","KYLE,",1,"T1,","T,",MAIN,Kansas,39.352374,-97.835916,"Kansas
(39.352374, -97.835916)"
Highway-rail impact,2014:12:UP:1214HO014,0,0,35231,1400,0,0,0,NUECES,12/3/2014 0:00,10:38,2014,2015,"M304,","KCS,UP,",1,"M3,","M,",MAIN,Texas,27.571722,-97.816543,"Texas
(27.571722, -97.816543)"
Highway-rail impact,2012:12:BNSF:TX1212202,0,0,15000,500,1,0,0,MONTAGUE,12/19/2012 0:00,18:55,2012,2013,"M303,","BNSF,",1,"M3,","M,",MAIN,Texas,33.50578,-97.798038,"Texas
(33.50578, -97.798038)"
Derailments,2011:06:BNSF:NE0611110,0,0,0,528053,4,1,0,YORK,6/20/2011 0:00,17:50,2011,2011,"M102,","BNSF,",1,"M1,","M,",MAIN,Nebraska,40.881284,-97.796554,"Nebraska
(40.881284, -97.796554)"
Derailments,2015:07:UP:0715SA001,0,0,267143,371506,0,0,0,CALDWELL,7/1/2015 0:00,23:15,2015,2015,"T220,","UP,",1,"T2,","T,",MAIN,Texas,29.88117,-97.789063,"Texas
(29.88117, -97.789063)"
Derailments,2016:03:KYLE:KYL900616D,0,0,800,92000,0,0,0,REPUBLIC,3/1/2016 0:00,22:45,2016,2016,"H511,H524,","KYLE,",1,"H5,","H,",MAIN,Kansas,39.787026,-97.786674,"Kansas
(39.787026, -97.786674)"
Derailments,2014:04:UP:0414HO008,0,0,71766,2214,23,1,0,KENEDY,4/9/2014 0:00,1:31,2014,2014,"E53C,","UP,",1,"E5,","E,",MAIN,Texas,26.844484,-97.784465,"Texas
(26.844484, -97.784465)"