AccidentType,inckey,Fatalities,Injuries,TrackDamage,EquipmentDamage,HazmatCars,HazmatCarsDerailed,HazmatCarsReleasing,County,DisplayDate,DisplayTime,calendar,Fiscal,AccidentCause,RailroadCodes,RAILEQUIPMENT_TYPE,CauseGroup,CauseDiscipline,TYPE_OF_TRACK,StateName,latitude,longitude,GeoLocation
Highway-rail impact,2012:04:UP:0412FW001,1,2,0,90305,0,0,0,WISE,4/3/2012 0:00,9:30,2012,2012,"M302,","UP,",1,"M3,","M,",MAIN,Texas,33.247782,-97.784083,"Texas
(33.247782, -97.784083)"
Highway-rail impact,2015:06:UP:0615HO018,0,2,0,17587,0,0,0,CAMERON,6/11/2015 0:00,8:45,2015,2015,"M303,","UP,",1,"M3,","M,",MAIN,Texas,26.295752,-97.765302,"Texas
(26.295752, -97.765302)"
Derailments,2015:12:KYLE:KYL859115D,0,0,1000000,75000,1,0,0,REPUBLIC,12/22/2015 0:00,18:06,2015,2016,"T401,","KYLE,",1,"T4,","T,",MAIN,Kansas,39.625292,-97.764609,"Kansas
(39.625292, -97.764609)"
Highway-rail impact,2016:05:BNSF:SF0516200,1,0,635563,177923,1,1,0,GARFIELD,5/9/2016 0:00,5:00,2016,2016,"M302,","BNSF,",1,"M3,","M,",MAIN,Oklahoma,36.39756,-97.756172,"Oklahoma
(36.39756, -97.756172)"
Other events,2013:08:UP:0813HO011,0,0,0,10000,0,0,0,NUECES,8/12/2013 0:00,14:30,2013,2013,"H997,","UP,",NA,"H9,","H,",MAIN,Texas,27.661385,-97.755924,"Texas
(27.661385, -97.755924)"
Highway-rail impact,2011:08:UP:0811HO032,0,1,37950,9163,47,0,0,NUECES,8/19/2011 0:00,6:00,2011,2011,"M304,","UP,",1,"M3,","M,",MAIN,Texas,27.648229,-97.736008,"Texas
(27.648229, -97.736008)"
Derailments,2015:05:UP:0515NP004,0,0,14300,214494,0,0,0,THAYER,5/6/2015 0:00,17:26,2015,2015,"M105,","UP,",1,"M1,","M,",MAIN,Nebraska,40.298967,-97.733766,"Nebraska
(40.298967, -97.733766)"
Highway-rail impact,2012:11:UP:1112HO014,0,0,1032,23127,0,0,0,CAMERON,11/9/2012 0:00,13:27,2012,2013,"M303,M304,","UP,",1,"M3,","M,",MAIN,Texas,26.248477,-97.732443,"Texas
(26.248477, -97.732443)"
Highway-rail impact,2013:04:UP:0413WH007,0,0,193681,36164,0,0,0,GRANT,4/25/2013 0:00,10:57,2013,2013,"M304,","UP,",4,"M3,","M,",MAIN,Oklahoma,36.810624,-97.729651,"Oklahoma
(36.810624, -97.729651)"
Derailments,2013:12:CMTY:D121413ATX,0,0,11000,21000,0,0,0,TRAVIS,12/14/2013 0:00,10:45,2013,2014,"T215,T111,","AWRR,CMTY,UP,",1,"T2,T1,T2,","T,",SIDING,Texas,30.481944,-97.721098,"Texas
(30.481944, -97.721098)"
Derailments,2015:09:UP:0915WH006,0,2,44084,195547,0,0,0,CANADIAN,9/20/2015 0:00,20:01,2015,2015,"M503,","UP,",1,"M5,","M,",MAIN,Oklahoma,35.481737,-97.715293,"Oklahoma
(35.481737, -97.715293)"
Derailments,2014:05:RVSC:RV14026,0,0,16751,832,0,0,0,CAMERON,5/10/2014 0:00,11:00,2014,2014,"T399,","RVSC,UP,",1,"T3,","T,",YARD,Texas,26.20248,-97.70518,"Texas
(26.20248, -97.70518)"
Highway-rail impact,2011:12:UP:1211FW017,0,1,0,116011,6,0,0,PARKER,12/30/2011 0:00,16:20,2011,2012,"M302,","UP,",1,"M3,","M,",MAIN,Texas,32.726252,-97.704902,"Texas
(32.726252, -97.704902)"
Highway-rail impact,2012:04:CMTY:C043012ATX,1,3,0,70000,0,0,0,TRAVIS,4/30/2012 0:00,7:40,2012,2012,"M302,M303,","CMTY,",NA,"M3,","M,",MAIN,Texas,30.427879,-97.702596,"Texas
(30.427879, -97.702596)"
Side collision,2012:04:GRR:201201,0,0,6000,36038,0,0,0,WILLIAMSON,4/20/2012 0:00,9:55,2012,2012,"H018,","GRR,UP,",11,"H0,","H,",YARD,Texas,30.57987,-97.69714,"Texas
(30.57987, -97.69714)"
Highway-rail impact,2013:06:UP:0613WH004,1,0,26699,13394,0,0,0,CANADIAN,6/7/2013 0:00,24:36:00,2013,2013,"M308,","UP,",1,"M3,","M,",MAIN,Oklahoma,35.471265,-97.688991,"Oklahoma
(35.471265, -97.688991)"
Derailments,2015:08:XMMM:INDUSTRY,0,0,82113,75777,0,0,0,NUECES,8/16/2015 0:00,18:00,2015,2015,"T110,","UP,",1,"T1,","T,",INDUSTRY,Texas,27.760921,-97.683743,"Texas
(27.760921, -97.683743)"
Derailments,2015:09:BNSF:TC0915110,0,0,1107649,699748,96,7,3,YANKTON,9/19/2015 0:00,6:18,2015,2015,"T207,","BNSF,",1,"T2,","T,",MAIN,South Dakota,43.088747,-97.676927,"South Dakota
(43.088747, -97.676927)"
Highway-rail impact,2015:04:UP:0415CB011,0,0,0,19531,0,0,0,MERRICK,4/28/2015 0:00,14:20,2015,2015,"M308,","UP,",1,"M3,","M,",MAIN,Nebraska,41.312671,-97.671697,"Nebraska
(41.312671, -97.671697)"
Raking collision,2011:11:KO:M554611,0,0,0,25435,0,0,0,MCPHERSON,11/1/2011 0:00,17:00,2011,2012,"H302,","KO,",7,"H3,","H,",YARD,Kansas,38.372372,-97.669573,"Kansas
(38.372372, -97.669573)"
Fire/violent rupture,2016:08:UP:0816NP011,0,0,0,16930,0,0,0,THAYER,8/12/2016 0:00,11:45,2016,2016,"E71L,","UP,",1,"E7,","E,",MAIN,Nebraska,40.295393,-97.651296,"Nebraska
(40.295393, -97.651296)"
Derailments,2015:10:UP:1015SA018,0,0,267143,813266,0,0,0,CALDWELL,10/31/2015 0:00,4:20,2015,2016,"M103,","UP,",1,"M1,","M,",MAIN,Texas,29.891615,-97.646648,"Texas
(29.891615, -97.646648)"
Derailments,2014:09:DN:DN09122014,0,0,18100,106000,0,0,0,WALSH,9/12/2014 0:00,17:36,2014,2014,"T221,T210,","DN,",1,"T2,","T,",MAIN,North Dakota,48.537662,-97.640302,"North Dakota
(48.537662, -97.640302)"
Derailments,2016:03:AWRR:IN20160312,0,0,125000,22000,0,0,0,TRAVIS,3/12/2016 0:00,8:50,2016,2016,"T202,","AWRR,",1,"T2,","T,",MAIN,Texas,30.306944,-97.638611,"Texas
(30.306944, -97.638611)"
Highway-rail impact,2011:10:UP:1011SA021,0,0,377,137513,10,0,0,WILLIAMSON,10/29/2011 0:00,6:10,2011,2012,"M302,","UP,",1,"M3,","M,",MAIN,Texas,30.522054,-97.638528,"Texas
(30.522054, -97.638528)"
Side collision,2012:03:KCS:12031202,0,0,66000,14430,11,0,0,NUECES,3/12/2012 0:00,7:31,2012,2012,"H307,H702,","KCS,",17,"H3,H7,H3,H7,","H,",SIDING,Texas,27.783998,-97.637477,"Texas
(27.783998, -97.637477)"
Derailments,2012:07:DN:FRA108462,0,0,120000,213000,0,0,0,WALSH,7/6/2012 0:00,16:49,2012,2012,"T109,M199,","DN,",1,"T1,M1,","T,M,",MAIN,North Dakota,48.521195,-97.630401,"North Dakota
(48.521195, -97.630401)"
Derailments,2011:06:UP:0611HO001,0,0,2332,15000,0,0,0,NUECES,6/1/2011 0:00,18:15,2011,2011,"E4BC,H599,","CCPN,UP,",7,"E4,H5,","E,H,",YARD,Texas,27.881934,-97.622626,"Texas
(27.881934, -97.622626)"
Other impacts,2011:12:FWWR:11120701,0,0,0,155774,0,0,0,HOOD,12/7/2011 0:00,20:00,2011,2012,"H601,","FWWR,",7,"H6,","H,",YARD,Texas,32.535254,-97.622,"Texas
(32.535254, -97.622)"
Derailments,2013:12:KO:D555713,0,0,30000,70000,0,0,0,BARTON,12/24/2013 0:00,2:06,2013,2014,"T221,","KO,",1,"T2,","T,",MAIN,Kansas,38.361471,-97.618088,"Kansas
(38.361471, -97.618088)"
Derailments,2016:04:FWWR:16040601,0,0,0,200000,0,0,0,HOOD,4/6/2016 0:00,20:00,2016,2016,"H525,","FWWR,",1,"H5,","H,",MAIN,Texas,32.532636,-97.617802,"Texas
(32.532636, -97.617802)"
Derailments,2012:07:UP:0712DV018,0,0,666339,1329737,0,0,0,SALINE,7/29/2012 0:00,14:37,2012,2012,"T109,","UP,",1,"T1,","T,",MAIN,Kansas,38.847165,-97.617095,"Kansas
(38.847165, -97.617095)"
Derailments,2015:01:KCS:15012301,0,0,12317,1250,0,0,0,NUECES,1/23/2015 0:00,15:45,2015,2015,"T001,","KCS,",7,"T0,","T,",YARD,Texas,27.862381,-97.616772,"Texas
(27.862381, -97.616772)"
Highway-rail impact,2014:10:BNSF:NE1014200,0,0,0,32226,0,0,0,FILLMORE,10/17/2014 0:00,17:37,2014,2015,"M302,","BNSF,",1,"M3,","M,",MAIN,Nebraska,40.63562,-97.6147,"Nebraska
(40.63562, -97.6147)"
Derailments,2014:01:UP:0114DV022,0,0,200,18597,0,0,0,SALINE,1/29/2014 0:00,10:00,2014,2014,"H303,","UP,",8,"H3,","H,",YARD,Kansas,38.849705,-97.610531,"Kansas
(38.849705, -97.610531)"
Raking collision,2014:07:XFHR:INDUSTRY,0,0,0,30000,85,2,0,FILLMORE,7/25/2014 0:00,11:30,2014,2014,"H607,","BNSF,",1,"H6,","H,",INDUSTRY,Nebraska,40.635943,-97.609316,"Nebraska
(40.635943, -97.609316)"
Derailments,2011:07:KYLE:KYLE110357,0,0,12685,10000,0,0,0,OTTAWA,7/23/2011 0:00,15:45,2011,2011,"T109,","KYLE,",1,"T1,","T,",MAIN,Kansas,38.919,-97.609,"Kansas
(38.919, -97.609)"
Derailments,2015:05:XBCF:INDUSTRY,0,0,55000,1895,22,0,0,PIERCE,5/27/2015 0:00,1:30,2015,2015,"M101,","BNSF,",1,"M1,","M,",INDUSTRY,Nebraska,42.35132,-97.608379,"Nebraska
(42.35132, -97.608379)"
Derailments,2015:07:UP:0715DV003,0,0,100,55791,5,0,0,SALINE,7/4/2015 0:00,2:38,2015,2015,"H702,","UP,",7,"H7,","H,",YARD,Kansas,38.851557,-97.604484,"Kansas
(38.851557, -97.604484)"
Derailments,2016:06:AWRR:160629001,0,0,114500,227000,0,0,0,TRAVIS,6/29/2016 0:00,3:15,2016,2016,"T222,T202,","AWRR,",1,"T2,","T,",MAIN,Texas,30.326667,-97.594722,"Texas
(30.326667, -97.594722)"
Derailments,2014:07:UP:0714DV007,0,0,24552,8536,0,0,0,SALINE,7/3/2014 0:00,15:05,2014,2014,"H705,","UP,",7,"H7,","H,",YARD,Kansas,38.854739,-97.594109,"Kansas
(38.854739, -97.594109)"
Derailments,2012:02:NCRC:OP020512,0,0,1800,26587,0,0,0,PLATTE,2/5/2012 0:00,10:15,2012,2012,"E64C,","NCRC,",1,"E6,","E,",MAIN,Nebraska,41.47444,-97.590351,"Nebraska
(41.47444, -97.590351)"
Highway-rail impact,2013:10:BNSF:SF1013200,0,0,16000,100000,3,0,0,GARFIELD,10/16/2013 0:00,8:00,2013,2014,"M302,","BNSF,",1,"M3,","M,",MAIN,Oklahoma,36.302827,-97.586317,"Oklahoma
(36.302827, -97.586317)"
Derailments,2015:02:UP:0215HO022,0,0,176770,6029,0,0,0,SAN PATRICIO,2/13/2015 0:00,7:20,2015,2015,"T313,","UP,",1,"T3,","T,",YARD,Texas,27.946662,-97.579769,"Texas
(27.946662, -97.579769)"
Highway-rail impact,2015:06:UP:0615CB013,0,0,161270,365737,14,4,1,PLATTE,6/21/2015 0:00,12:35,2015,2015,"M302,","UP,",1,"M3,","M,",MAIN,Nebraska,41.352156,-97.579344,"Nebraska
(41.352156, -97.579344)"
Highway-rail impact,2012:04:UP:0412HO006,0,2,0,16908,0,0,0,CAMERON,4/4/2012 0:00,14:45,2012,2012,"M302,","UP,",1,"M3,","M,",MAIN,Texas,26.059491,-97.565777,"Texas
(26.059491, -97.565777)"
Derailments,2014:01:RRVW:01312014D,0,0,30000,92200,0,0,0,SARGENT,1/31/2014 0:00,12:57,2014,2014,"T299,","RRVW,",1,"T2,","T,",MAIN,North Dakota,46.246081,-97.564973,"North Dakota
(46.246081, -97.564973)"
Highway-rail impact,2014:10:NCRC:MOW100314,0,0,0,58620,0,0,0,PLATTE,10/3/2014 0:00,24:33:00,2014,2015,"M302,","NCRC,",NA,"M3,","M,",MAIN,Nebraska,41.475019,-97.561149,"Nebraska
(41.475019, -97.561149)"
Highway-rail impact,2014:06:BNSF:TX0614200,0,1,0,20493,5,0,0,WISE,6/11/2014 0:00,9:30,2014,2014,"M303,M304,","BNSF,UP,",1,"M3,","M,",MAIN,Texas,33.197511,-97.561064,"Texas
(33.197511, -97.561064)"
Derailments,2012:06:KYLE:ID120295,0,0,5500,30000,0,0,0,OTTAWA,6/27/2012 0:00,10:00,2012,2012,"T101,","KYLE,",1,"T1,","T,",MAIN,Kansas,39.013181,-97.553615,"Kansas
(39.013181, -97.553615)"
Derailments,2012:10:BNSF:NE1012111,0,0,15000,2845,7,0,0,YORK,10/24/2012 0:00,17:30,2012,2013,"T318,","BNSF,",1,"T3,","T,",MAIN,Nebraska,40.894332,-97.548107,"Nebraska
(40.894332, -97.548107)"
Derailments,2013:11:XSCG:INDUSTRY,0,0,100,39775,0,0,0,SALINE,11/7/2013 0:00,14:27,2013,2014,"T113,","UP,",7,"T1,","T,",INDUSTRY,Kansas,38.838934,-97.546731,"Kansas
(38.838934, -97.546731)"
Derailments,2014:02:XSGC:INDUSTRY,0,0,100,20845,0,0,0,SALINE,2/12/2014 0:00,10:12,2014,2014,"T110,T111,","UP,",7,"T1,","T,",INDUSTRY,Kansas,38.838934,-97.546731,"Kansas
(38.838934, -97.546731)"
Derailments,2014:05:UP:0514KC004,0,0,483471,1694004,1,1,0,MCPHERSON,5/7/2014 0:00,18:10,2014,2014,"M105,","UP,",1,"M1,","M,",MAIN,Kansas,38.384428,-97.543205,"Kansas
(38.384428, -97.543205)"
Derailments,2014:11:BNSF:TX1114102,0,0,13500,3500,1,0,0,WISE,11/3/2014 0:00,18:50,2014,2015,"H205,H704,","BNSF,",1,"H2,H7,","H,",MAIN,Texas,33.174533,-97.541363,"Texas
(33.174533, -97.541363)"
Derailments,2013:07:UP:0713FW014,0,1,59749,269577,0,0,0,TARRANT,7/18/2013 0:00,5:20,2013,2013,"H605,","UP,",1,"H6,","H,",SIDING,Texas,32.681121,-97.538166,"Texas
(32.681121, -97.538166)"
Highway-rail impact,2011:12:UP:1211SA009,0,2,0,22044,0,0,0,WILLIAMSON,12/18/2011 0:00,9:58,2011,2012,"M302,M303,","ATK,UP,",2,"M3,","M,",MAIN,Texas,30.546227,-97.524048,"Texas
(30.546227, -97.524048)"
Highway-rail impact,2015:02:BNSF:TX0215200,0,1,20000,0,0,0,0,OKLAHOMA,2/2/2015 0:00,21:22,2015,2015,"M302,M304,","BNSF,UP,",1,"M3,","M,",MAIN,Oklahoma,35.580154,-97.523911,"Oklahoma
(35.580154, -97.523911)"
Derailments,2013:06:CCPN:CCP373313,0,0,20000,14210,0,0,0,NUECES,6/20/2013 0:00,17:15,2013,2013,"H099,","CCPN,UP,",1,"H0,","H,",INDUSTRY,Texas,27.846139,-97.522373,"Texas
(27.846139, -97.522373)"
Derailments,2016:07:UP:0716HO038,0,0,10140,41000,0,0,0,CAMERON,7/22/2016 0:00,7:30,2016,2016,"T202,","UP,",1,"T2,","T,",MAIN,Texas,25.918626,-97.520421,"Texas
(25.918626, -97.520421)"
Derailments,2016:07:UP:0716HO048,0,0,250,48880,0,0,0,NUECES,7/29/2016 0:00,15:10,2016,2016,"T319,","UP,",18,"T3,","T,",YARD,Texas,27.840446,-97.520245,"Texas
(27.840446, -97.520245)"
Derailments,2011:09:BNSF:TX0911115,0,0,400,13000,0,0,0,OKLAHOMA,9/27/2011 0:00,11:00,2011,2011,"H025,E08C,","BNSF,",7,"H0,E0,","H,E,",YARD,Oklahoma,35.510806,-97.514341,"Oklahoma
(35.510806, -97.514341)"
Other impacts,2012:06:BNSF:TX0612110,0,0,65269,34957,0,0,0,OKLAHOMA,6/19/2012 0:00,19:15,2012,2012,"E30C,","BNSF,",67,"E3,","E,",YARD,Oklahoma,35.465871,-97.512406,"Oklahoma
(35.465871, -97.512406)"
Highway-rail impact,2012:09:NPR:GC091201,0,1,64351,41075,0,0,0,WALSH,9/12/2012 0:00,10:50,2012,2012,"M304,","NPR,",1,"M3,","M,",MAIN,North Dakota,48.223,-97.512,"North Dakota
(48.223, -97.512)"
Derailments,2012:10:UP:1012HO030,0,0,19850,16091,26,3,0,NUECES,10/27/2012 0:00,5:05,2012,2013,"T314,","UP,",1,"T3,","T,",YARD,Texas,27.834148,-97.510174,"Texas
(27.834148, -97.510174)"
Derailments,2012:12:BNSF:TX1212101,0,0,125000,700377,0,0,0,BOSQUE,12/4/2012 0:00,20:00,2012,2013,"T207,","BNSF,",1,"T2,","T,",SIDING,Texas,32.070488,-97.509675,"Texas
(32.070488, -97.509675)"
Derailments,2016:04:BNSF:TX0416104,0,0,1000,0,0,0,0,OKLAHOMA,4/28/2016 0:00,1:25,2016,2016,"E4AC,E64C,","BNSF,",NA,"E4,E6,","E,",YARD,Oklahoma,35.455983,-97.508376,"Oklahoma
(35.455983, -97.508376)"
Derailments,2014:02:TXGN:G140226,0,0,1000,198947,2,2,0,GONZALES,2/26/2014 0:00,2:40,2014,2014,"H020,","TXGN,",7,"H0,","H,",YARD,Texas,29.665786,-97.505272,"Texas
(29.665786, -97.505272)"
Highway-rail impact,2015:07:UP:0715SA004,3,1,0,27454,0,0,0,GONZALES,7/4/2015 0:00,22:15,2015,2015,"M308,M301,","ATK,UP,",2,"M3,","M,",MAIN,Texas,29.665719,-97.505224,"Texas
(29.665719, -97.505224)"
Derailments,2014:10:BNSF:NE1014111,0,0,425000,1431211,0,0,0,YORK,10/19/2014 0:00,3:05,2014,2015,"T214,","BNSF,",1,"T2,","T,",MAIN,Nebraska,40.8944,-97.499805,"Nebraska
(40.8944, -97.499805)"
Other events,2012:09:CMTY:E09042012,0,0,0,40000,0,0,0,TRAVIS,9/4/2012 0:00,16:00,2012,2012,"M599,","CMTY,",NA,"M5,","M,",MAIN,Texas,30.331027,-97.499799,"Texas
(30.331027, -97.499799)"
Derailments,2015:01:UP:0115HO029,0,0,883,15297,8,0,0,NUECES,1/21/2015 0:00,11:50,2015,2015,"H607,H303,","UP,",7,"H6,H3,","H,",YARD,Texas,27.82589,-97.497255,"Texas
(27.82589, -97.497255)"
Derailments,2015:03:XNPC:INDUSTRY,0,0,0,12345,0,0,0,OKLAHOMA,3/23/2015 0:00,16:15,2015,2015,"H702,","BNSF,",1,"H7,","H,",INDUSTRY,Oklahoma,35.613805,-97.496696,"Oklahoma
(35.613805, -97.496696)"
Derailments,2012:04:XNPC:INDUSTRY,0,0,3800,9200,0,0,0,OKLAHOMA,4/3/2012 0:00,3:15,2012,2012,"H704,","BNSF,",7,"H7,","H,",INDUSTRY,Oklahoma,35.613821,-97.496683,"Oklahoma
(35.613821, -97.496683)"
Raking collision,2011:06:UP:0611WH007,0,0,0,16197,0,0,0,OKLAHOMA,6/15/2011 0:00,9:47,2011,2011,"H208,","UP,",86,"H2,","H,",YARD,Oklahoma,35.468137,-97.492639,"Oklahoma
(35.468137, -97.492639)"
Derailments,2013:10:BNSF:TX1013105,0,0,2800,21322,0,0,0,OKLAHOMA,10/15/2013 0:00,15:30,2013,2014,"T001,","BNSF,",7,"T0,","T,",YARD,Oklahoma,35.39833,-97.486561,"Oklahoma
(35.39833, -97.486561)"
Derailments,2012:12:BNSF:NE1212100,0,0,4000,67868,0,0,0,YORK,12/3/2012 0:00,3:15,2012,2013,"H303,","BNSF,",1,"H3,","H,",SIDING,Nebraska,40.894416,-97.484523,"Nebraska
(40.894416, -97.484523)"
Derailments,2014:09:BNSF:TX0914108,0,0,153500,76977,0,0,0,CLEVELAND,9/27/2014 0:00,12:30,2014,2014,"H524,","BNSF,",7,"H5,","H,",YARD,Oklahoma,35.369682,-97.484478,"Oklahoma
(35.369682, -97.484478)"
Derailments,2012:05:BNSF:TX0512102,0,0,98000,19600,4,0,0,CLEVELAND,5/6/2012 0:00,1:30,2012,2012,"T110,","BNSF,",7,"T1,","T,",YARD,Oklahoma,35.365344,-97.484476,"Oklahoma
(35.365344, -97.484476)"
Derailments,2013:07:BNSF:TX0713112,0,0,1500,15065,1,0,0,OKLAHOMA,7/30/2013 0:00,19:05,2013,2013,"T110,","BNSF,",7,"T1,","T,",YARD,Oklahoma,35.384141,-97.484453,"Oklahoma
(35.384141, -97.484453)"
Side collision,2013:10:BNSF:TX1013101,0,0,16000,89888,0,0,0,OKLAHOMA,10/6/2013 0:00,19:50,2013,2014,"H525,E30C,","BNSF,",7,"H5,E3,","H,E,",YARD,Oklahoma,35.384141,-97.484453,"Oklahoma
(35.384141, -97.484453)"
Derailments,2014:01:BNSF:TX0114111,0,0,1500,29114,0,0,0,OKLAHOMA,1/22/2014 0:00,20:00,2014,2014,"H702,","BNSF,",7,"H7,","H,",YARD,Oklahoma,35.384141,-97.484453,"Oklahoma
(35.384141, -97.484453)"
Derailments,2012:08:BNSF:TX0812116,0,0,4000,13358,0,0,0,OKLAHOMA,8/27/2012 0:00,11:00,2012,2012,"T113,","BNSF,",7,"T1,","T,",YARD,Oklahoma,35.388479,-97.484453,"Oklahoma
(35.388479, -97.484453)"
Side collision,2013:04:BNSF:TX0413105,0,0,107200,31200,10,0,0,OKLAHOMA,4/18/2013 0:00,23:20,2013,2013,"H211,","BNSF,",17,"H2,","H,",YARD,Oklahoma,35.36306,-97.48438,"Oklahoma
(35.36306, -97.48438)"
Other impacts,2013:04:BNSF:TX0413103,0,0,0,31856,13,0,0,OKLAHOMA,4/16/2013 0:00,10:00,2013,2013,"H306,","BNSF,",67,"H3,","H,",YARD,Oklahoma,35.382933,-97.483312,"Oklahoma
(35.382933, -97.483312)"
Derailments,2016:03:BNSF:TX0316102,0,0,3500,33900,0,0,0,CLEVELAND,3/12/2016 0:00,20:25,2016,2016,"T205,","BNSF,",7,"T2,","T,",YARD,Oklahoma,35.373873,-97.483214,"Oklahoma
(35.373873, -97.483214)"
Derailments,2011:07:BNSF:TX0711107,0,0,5934,7700,0,0,0,OKLAHOMA,7/24/2011 0:00,1:40,2011,2011,"H312,","BNSF,",6,"H3,","H,",YARD,Oklahoma,35.370953,-97.483023,"Oklahoma
(35.370953, -97.483023)"
Side collision,2014:09:UP:0914KC012,0,0,1211915,1906044,4,1,0,MCPHERSON,9/25/2014 0:00,5:44,2014,2014,"S008,","UP,",1,"S0,","S,",MAIN,Kansas,38.384459,-97.481307,"Kansas
(38.384459, -97.481307)"
Other events,2014:11:BNSF:TX1114111,0,0,1000,15000,0,0,0,CLEVELAND,11/24/2014 0:00,13:00,2014,2015,"H997,","BNSF,",9,"H9,","H,",YARD,Oklahoma,35.376252,-97.480851,"Oklahoma
(35.376252, -97.480851)"
Derailments,2011:12:BNSF:TX1211111,0,0,1000,17400,0,0,0,OKLAHOMA,12/30/2011 0:00,10:15,2011,2012,"H507,","BNSF,",7,"H5,","H,",YARD,Oklahoma,35.381716,-97.47702,"Oklahoma
(35.381716, -97.47702)"
Derailments,2015:03:BNSF:TX0315107,0,0,3561534,745992,33,5,1,BOSQUE,3/21/2015 0:00,17:04,2015,2015,"M201,","BNSF,",1,"M2,","M,",MAIN,Texas,31.654779,-97.474668,"Texas
(31.654779, -97.474668)"
Other impacts,2014:05:KCS:14052301,0,0,0,28402,11,1,0,NUECES,5/23/2014 0:00,5:20,2014,2014,"H306,","KCS,",57,"H3,","H,",YARD,Texas,27.785819,-97.473964,"Texas
(27.785819, -97.473964)"
Derailments,2011:11:NCRC:OP110811,0,0,18205,367099,4,4,0,MADISON,11/8/2011 0:00,18:35,2011,2012,"T222,T102,","NCRC,",1,"T2,T1,","T,",MAIN,Nebraska,41.820199,-97.467098,"Nebraska
(41.820199, -97.467098)"
Rear end collision,2013:07:UP:0713WH006,0,0,0,43392,0,0,0,OKLAHOMA,7/12/2013 0:00,2:20,2013,2013,"H603,","UP,",76,"H6,","H,",MAIN,Oklahoma,35.469661,-97.465223,"Oklahoma
(35.469661, -97.465223)"
Highway-rail impact,2011:08:TXGN:G10824V,0,0,0,22895,0,0,0,GONZALES,8/24/2011 0:00,21:00,2011,2011,"M402,","TXGN,",7,"M4,","M,",YARD,Texas,29.606,-97.464,"Texas
(29.606, -97.464)"
Derailments,2016:01:FWWR:16011401,0,0,483125,1894218,0,0,0,TARRANT,1/14/2016 0:00,8:00,2016,2016,"T202,","FWWR,",1,"T2,","T,",MAIN,Texas,32.673055,-97.460277,"Texas
(32.673055, -97.460277)"
Rear end collision,2015:04:UP:0415FW018,0,2,152,34830,0,0,0,TARRANT,4/20/2015 0:00,14:15,2015,2015,"H997,","UP,",NA,"H9,","H,",YARD,Texas,32.689762,-97.456301,"Texas
(32.689762, -97.456301)"
Derailments,2015:01:KCS:15011502,0,0,27853,1581,0,0,0,NUECES,1/15/2015 0:00,15:45,2015,2015,"T110,","KCS,",1,"T1,","T,",YARD,Texas,27.81004,-97.4563,"Texas
(27.81004, -97.4563)"
Derailments,2013:09:CCPN:CCP409313,0,0,15374,2000,0,0,0,NUECES,9/1/2013 0:00,10:15,2013,2013,"T299,","CCPN,",7,"T2,","T,",YARD,Texas,27.819872,-97.456,"Texas
(27.819872, -97.456)"
Highway-rail impact,2016:06:UP:0616SA013,0,0,18000,121,5,0,0,WILLIAMSON,6/14/2016 0:00,23:56,2016,2016,"M303,","UP,",1,"M3,","M,",MAIN,Texas,30.55765,-97.452299,"Texas
(30.55765, -97.452299)"
Highway-rail impact,2011:06:BNSF:TX0611200,0,2,41800,1800,0,0,0,MCLENNAN,6/3/2011 0:00,15:10,2011,2011,"M303,","BNSF,",1,"M3,","M,",MAIN,Texas,31.532372,-97.4418,"Texas
(31.532372, -97.4418)"
Highway-rail impact,2014:11:UP:1114FW034,1,1,800,200000,0,0,0,WILLIAMSON,11/25/2014 0:00,24:48:00,2014,2015,"M302,","ATK,UP,",2,"M3,","M,",MAIN,Texas,30.771091,-97.435783,"Texas
(30.771091, -97.435783)"
Obstruction impact,2011:08:BNSF:NE0811100,0,2,0,11500,0,0,0,FILLMORE,8/1/2011 0:00,6:13,2011,2011,"M402,","ATK,BNSF,",2,"M4,","M,",MAIN,Nebraska,40.646404,-97.435124,"Nebraska
(40.646404, -97.435124)"
Derailments,2016:04:CMTY:CMTH031,0,0,1609606,28000,0,0,0,TRAVIS,4/30/2016 0:00,9:00,2016,2016,"T110,T222,","BNSF,CMTY,UP,",1,"T1,T2,","T,",MAIN,Texas,30.453581,-97.431373,"Texas
(30.453581, -97.431373)"
Derailments,2013:04:CMTY:D04032013,0,0,130000,13000,0,0,0,TRAVIS,4/3/2013 0:00,4:07,2013,2013,"T221,","AWRR,CMTY,",1,"T2,","T,",MAIN,Texas,30.152912,-97.425512,"Texas
(30.152912, -97.425512)"
Derailments,2012:04:UP:0412SA005,0,0,156965,25028,1,0,0,WILLIAMSON,4/18/2012 0:00,11:15,2012,2012,"T319,","UP,",1,"T3,","T,",YARD,Texas,30.566514,-97.422658,"Texas
(30.566514, -97.422658)"
Derailments,2012:03:BNSF:KS0312120,0,0,160042,152443,0,0,0,CLOUD,3/30/2012 0:00,21:00,2012,2012,"T108,","BNSF,",1,"T1,","T,",MAIN,Kansas,39.328312,-97.420055,"Kansas
(39.328312, -97.420055)"
Derailments,2014:02:KO:D550414,0,0,5000,41000,0,0,0,SEDGWICK,2/4/2014 0:00,23:00,2014,2014,"H704,","KO,",1,"H7,","H,",INDUSTRY,Kansas,37.58482,-97.417048,"Kansas
(37.58482, -97.417048)"
Derailments,2012:01:UP:0112SA006,0,0,1244,9863,0,0,0,WILLIAMSON,1/14/2012 0:00,13:45,2012,2012,"T110,","UP,",1,"T1,","T,",YARD,Texas,30.566909,-97.416039,"Texas
(30.566909, -97.416039)"
Derailments,2013:05:XPCP:INDUSTRY,0,0,0,120000,0,0,0,NUECES,5/10/2013 0:00,9:55,2013,2013,"M599,","CCPN,",7,"M5,","M,",YARD,Texas,27.816229,-97.415621,"Texas
(27.816229, -97.415621)"