AccidentType,inckey,Fatalities,Injuries,TrackDamage,EquipmentDamage,HazmatCars,HazmatCarsDerailed,HazmatCarsReleasing,County,DisplayDate,DisplayTime,calendar,Fiscal,AccidentCause,RailroadCodes,RAILEQUIPMENT_TYPE,CauseGroup,CauseDiscipline,TYPE_OF_TRACK,StateName,latitude,longitude,GeoLocation
Derailments,2012:01:CCPN:CCP201512,0,0,67400,75000,0,0,0,NUECES,1/26/2012 0:00,8:54,2012,2012,"T221,","CCPN,",7,"T2,","T,",YARD,Texas,27.815666,-97.413953,"Texas
(27.815666, -97.413953)"
Derailments,2014:01:UP:0114FW013,0,0,5190,5917,0,0,0,TARRANT,1/22/2014 0:00,11:15,2014,2014,"T403,","UP,",7,"T4,","T,",YARD,Texas,32.709713,-97.412358,"Texas
(32.709713, -97.412358)"
Derailments,2012:06:UP:0612SA005,0,0,200,67988,0,0,0,WILLIAMSON,6/9/2012 0:00,13:45,2012,2012,"E64C,T319,","UP,",1,"E6,T3,","E,T,",YARD,Texas,30.567191,-97.411793,"Texas
(30.567191, -97.411793)"
Derailments,2011:11:UP:1111SA008,0,0,21378,3654,0,0,0,WILLIAMSON,11/12/2011 0:00,4:40,2011,2012,"E60C,","BNSF,UP,",1,"E6,","E,",MAIN,Texas,30.57,-97.41,"Texas
(30.57, -97.41)"
Other impacts,2013:09:UP:0913FW004,0,0,35008,4125,0,0,0,TARRANT,9/6/2013 0:00,24:40:00,2013,2013,"M411,","UP,",75,"M4,","M,",YARD,Texas,32.711429,-97.4082,"Texas
(32.711429, -97.4082)"
Side collision,2011:10:UP:1011FW015,0,0,0,22917,0,0,0,TARRANT,10/24/2011 0:00,1:45,2011,2012,"H302,","UP,",87,"H3,","H,",YARD,Texas,32.711427,-97.408185,"Texas
(32.711427, -97.408185)"
Derailments,2012:01:UP:0112FW012,0,0,4583,46218,1,0,0,TARRANT,1/12/2012 0:00,16:20,2012,2012,"H703,S011,","UP,",1,"H7,S0,","H,S,",YARD,Texas,32.711427,-97.408184,"Texas
(32.711427, -97.408184)"
Derailments,2015:07:UP:0715SA019,0,0,23308,13629,0,0,0,WILLIAMSON,7/26/2015 0:00,9:30,2015,2015,"T101,","UP,",1,"T1,","T,",MAIN,Texas,30.567556,-97.407072,"Texas
(30.567556, -97.407072)"
Derailments,2011:07:UP:0711WH012,0,0,4350,16669,0,0,0,SUMNER,7/23/2011 0:00,9:00,2011,2011,"T101,","UP,",1,"T1,","T,",MAIN,Kansas,37.2651,-97.405199,"Kansas
(37.2651, -97.405199)"
Derailments,2011:08:FWWR:11081801,0,0,5900,5529,0,0,0,TARRANT,8/18/2011 0:00,6:30,2011,2011,"H306,","FWWR,",7,"H3,","H,",YARD,Texas,32.764723,-97.405031,"Texas
(32.764723, -97.405031)"
Derailments,2016:06:UP:0616SA012,0,0,321796,20058,0,0,0,WILLIAMSON,6/14/2016 0:00,4:00,2016,2016,"M405,","UP,",1,"M4,","M,",MAIN,Texas,30.567672,-97.404366,"Texas
(30.567672, -97.404366)"
Derailments,2015:04:BNSF:KS0415100,0,0,0,124992,0,0,0,HARVEY,4/3/2015 0:00,3:00,2015,2015,"M105,","BNSF,",1,"M1,","M,",MAIN,Kansas,37.880295,-97.404213,"Kansas
(37.880295, -97.404213)"
Derailments,2015:03:UP:0315SA011,0,0,26038,10169,0,0,0,WILLIAMSON,3/20/2015 0:00,5:10,2015,2015,"T314,","UP,",1,"T3,","T,",YARD,Texas,30.567698,-97.404039,"Texas
(30.567698, -97.404039)"
Derailments,2013:09:BNSF:TX0913108,0,0,112500,9182,0,0,0,TARRANT,9/15/2013 0:00,15:30,2013,2013,"T110,","BNSF,",7,"T1,","T,",INDUSTRY,Texas,32.915018,-97.403295,"Texas
(32.915018, -97.403295)"
Derailments,2014:02:UP:0214FW015,0,0,210690,124775,20,0,0,TARRANT,2/12/2014 0:00,5:30,2014,2014,"T110,","UP,",7,"T1,","T,",YARD,Texas,32.713025,-97.403077,"Texas
(32.713025, -97.403077)"
Derailments,2014:02:UP:0214FW016,0,0,29830,1040,0,0,0,TARRANT,2/12/2014 0:00,17:30,2014,2014,"T110,","UP,",7,"T1,","T,",YARD,Texas,32.712763,-97.402519,"Texas
(32.712763, -97.402519)"
Derailments,2012:11:CROP:INDUSTRY,0,0,10000,725,4,3,0,SAN PATRICIO,11/6/2012 0:00,1:00,2012,2013,"T110,","UP,",7,"T1,","T,",INDUSTRY,Texas,27.980012,-97.401692,"Texas
(27.980012, -97.401692)"
Derailments,2015:12:UP:1215CB002,0,0,175870,41202,0,0,0,PLATTE,12/2/2015 0:00,10:00,2015,2016,"T203,","UP,",1,"T2,","T,",YARD,Nebraska,41.424793,-97.401554,"Nebraska
(41.424793, -97.401554)"
Derailments,2012:01:XPCP:INDUSTRY,0,0,15000,5000,0,0,0,NUECES,1/2/2012 0:00,14:20,2012,2012,"E4BC,","CCPN,",7,"E4,","E,",YARD,Texas,27.807363,-97.398018,"Texas
(27.807363, -97.398018)"
Derailments,2011:09:XPCP:INDUSTRY,0,0,6500,5000,0,0,0,NUECES,9/27/2011 0:00,13:15,2011,2011,"E4BC,","CCPN,",7,"E4,","E,",YARD,Texas,27.809093,-97.397017,"Texas
(27.809093, -97.397017)"
Side collision,2012:11:UP:1112FW008,0,0,22878,20555,9,0,0,TARRANT,11/11/2012 0:00,9:00,2012,2013,"H702,","UP,",7,"H7,","H,",YARD,Texas,32.714531,-97.396392,"Texas
(32.714531, -97.396392)"
Derailments,2011:10:BNSF:NE1011114,0,0,21000,5600,0,0,0,SEWARD,10/28/2011 0:00,11:00,2011,2012,"M101,","BNSF,",1,"M1,","M,",MAIN,Nebraska,40.894436,-97.394735,"Nebraska
(40.894436, -97.394735)"
Fire/violent rupture,2016:02:KO:160217002,0,0,20000,0,0,0,0,SEDGWICK,2/17/2016 0:00,13:00,2016,2016,"H599,H509,","KO,",1,"H5,","H,",MAIN,Kansas,37.707754,-97.392802,"Kansas
(37.707754, -97.392802)"
Derailments,2012:07:CMTY:D07292012,0,0,30000,396598,0,0,0,TRAVIS,7/29/2012 0:00,18:10,2012,2012,"T222,","AWRR,CMTY,",1,"T2,","T,",MAIN,Texas,30.1651,-97.392,"Texas
(30.1651, -97.392)"
Derailments,2015:05:UP:0515WH004,0,0,162800,2161732,0,0,0,SUMNER,5/6/2015 0:00,1:45,2015,2015,"T299,","UP,",1,"T2,","T,",MAIN,Kansas,37.428277,-97.390269,"Kansas
(37.428277, -97.390269)"
Rear end collision,2015:07:BNSF:KS0715101,0,0,0,68674,0,0,0,SUMNER,7/4/2015 0:00,22:15,2015,2015,"H307,H702,","BNSF,",61,"H3,H7,H3,H7,","H,",YARD,Kansas,37.261181,-97.389681,"Kansas
(37.261181, -97.389681)"
Derailments,2015:09:UP:0915NP013,0,0,14676,11311,0,0,0,THAYER,9/20/2015 0:00,22:40,2015,2015,"E67C,E66C,","UP,",1,"E6,","E,",MAIN,Nebraska,40.246306,-97.389612,"Nebraska
(40.246306, -97.389612)"
Derailments,2014:08:UP:0814WH009,0,0,615426,1881175,113,0,0,SUMNER,8/14/2014 0:00,4:30,2014,2014,"T202,","UP,",1,"T2,","T,",MAIN,Kansas,37.431188,-97.389594,"Kansas
(37.431188, -97.389594)"
Side collision,2014:03:UP:0314FW003,0,0,250,10765,0,0,0,TARRANT,3/4/2014 0:00,1:45,2014,2014,"M407,","UP,",75,"M4,","M,",YARD,Texas,32.718231,-97.389156,"Texas
(32.718231, -97.389156)"
Side collision,2011:09:UP:0911FW023,0,0,38,53575,1,1,0,TARRANT,9/24/2011 0:00,21:20,2011,2011,"H602,","UP,",76,"H6,","H,",YARD,Texas,32.718123,-97.389063,"Texas
(32.718123, -97.389063)"
Side collision,2012:03:UP:0312FW004,0,0,285,18166,0,0,0,TARRANT,3/5/2012 0:00,18:53,2012,2012,"M599,","UP,",7,"M5,","M,",YARD,Texas,32.717104,-97.388821,"Texas
(32.717104, -97.388821)"
Other events,2016:05:UP:0516FW016,0,0,0,14111,0,0,0,TARRANT,5/16/2016 0:00,9:00,2016,2016,"M411,","UP,",57,"M4,","M,",YARD,Texas,32.717104,-97.388545,"Texas
(32.717104, -97.388545)"
Highway-rail impact,2011:10:BNSF:TX1011201,0,0,155000,500,8,0,0,JOHNSON,10/5/2011 0:00,8:45,2011,2012,"M302,","BNSF,",1,"M3,","M,",MAIN,Texas,32.424902,-97.388246,"Texas
(32.424902, -97.388246)"
Derailments,2012:01:NCRC:OP010612,0,0,4440,14993,4,0,0,MADISON,1/6/2012 0:00,20:15,2012,2012,"E46C,E4BC,","NCRC,",1,"E4,","E,",MAIN,Nebraska,42.0683,-97.387675,"Nebraska
(42.0683, -97.387675)"
Derailments,2014:03:UP:0314CB015,0,0,107643,101846,0,0,0,PLATTE,3/28/2014 0:00,2:45,2014,2014,"T220,","UP,",1,"T2,","T,",YARD,Nebraska,41.425739,-97.387386,"Nebraska
(41.425739, -97.387386)"
Derailments,2016:02:KO:20160211,0,0,10000,71350,0,0,0,SEDGWICK,2/11/2016 0:00,3:00,2016,2016,"T399,","KO,",7,"T3,","T,",YARD,Kansas,37.651858,-97.385973,"Kansas
(37.651858, -97.385973)"
Derailments,2016:08:UP:0816FW018,0,0,39678,15581,0,0,0,TARRANT,8/20/2016 0:00,9:00,2016,2016,"T103,","UP,",7,"T1,","T,",YARD,Texas,32.71804,-97.385657,"Texas
(32.71804, -97.385657)"
Derailments,2012:07:UP:0712FW003,0,0,250,14427,0,0,0,TARRANT,7/3/2012 0:00,16:00,2012,2012,"H799,","UP,",7,"H7,","H,",YARD,Texas,32.721461,-97.383664,"Texas
(32.721461, -97.383664)"
Derailments,2014:04:UP:0414CB012,0,0,96638,45988,0,0,0,PLATTE,4/16/2014 0:00,22:14,2014,2014,"H306,","UP,",1,"H3,","H,",YARD,Nebraska,41.426099,-97.383494,"Nebraska
(41.426099, -97.383494)"
Derailments,2015:07:BNSF:TX0715109,0,0,461274,85000,0,0,0,JOHNSON,7/28/2015 0:00,19:55,2015,2015,"H503,","BNSF,",1,"H5,","H,",YARD,Texas,32.354011,-97.38265,"Texas
(32.354011, -97.38265)"
Derailments,2013:11:BNSF:KS1113109,0,0,3500,31116,12,3,0,SUMNER,11/8/2013 0:00,11:30,2013,2014,"T202,","BNSF,",67,"T2,","T,",YARD,Kansas,37.261283,-97.382087,"Kansas
(37.261283, -97.382087)"
Side collision,2012:12:UP:1212FW018,0,0,5640,306903,2,0,0,TARRANT,12/27/2012 0:00,20:00,2012,2013,"H703,","UP,",7,"H7,","H,",YARD,Texas,32.723632,-97.379291,"Texas
(32.723632, -97.379291)"
Derailments,2014:06:UP:0614FW017,0,0,62359,2494,0,0,0,TARRANT,6/20/2014 0:00,17:45,2014,2014,"M405,T101,","UP,",7,"M4,T1,","M,T,",YARD,Texas,32.721224,-97.379203,"Texas
(32.721224, -97.379203)"
Derailments,2016:06:BNSF:KS0616107,0,0,5000,53738,3,3,0,HARVEY,6/22/2016 0:00,11:25,2016,2016,"H704,","BNSF,",1,"H7,","H,",YARD,Kansas,38.023974,-97.378218,"Kansas
(38.023974, -97.378218)"
Other events,2015:09:UP:0915FW001,0,0,0,34094,0,0,0,TARRANT,9/2/2015 0:00,8:00,2015,2015,"E29C,","UP,",5,"E2,","E,",YARD,Texas,32.724333,-97.377708,"Texas
(32.724333, -97.377708)"
Derailments,2014:04:UP:0414FW014,0,0,46820,555,0,0,0,TARRANT,4/11/2014 0:00,11:45,2014,2014,"T313,T299,","UP,",7,"T3,T2,","T,",YARD,Texas,32.723816,-97.377019,"Texas
(32.723816, -97.377019)"
Side collision,2016:08:UP:0816FW028,0,0,2035,38084,0,0,0,TARRANT,8/29/2016 0:00,4:30,2016,2016,"M407,","UP,",75,"M4,","M,",YARD,Texas,32.723973,-97.37663,"Texas
(32.723973, -97.37663)"
Derailments,2015:07:UP:0715FW016,0,0,25991,111218,0,0,0,TARRANT,7/16/2015 0:00,2:50,2015,2015,"M411,","UP,",87,"M4,","M,",YARD,Texas,32.722494,-97.375433,"Texas
(32.722494, -97.375433)"
Side collision,2012:12:BNSF:KS1212102,0,0,0,25124,19,3,0,HARVEY,12/6/2012 0:00,18:20,2012,2013,"H307,","BNSF,",17,"H3,","H,",YARD,Kansas,38.025669,-97.374492,"Kansas
(38.025669, -97.374492)"
Derailments,2013:12:UP:1213FW023,0,0,1910,13793,0,0,0,TARRANT,12/13/2013 0:00,3:00,2013,2014,"T202,","UP,",7,"T2,","T,",YARD,Texas,32.726867,-97.373463,"Texas
(32.726867, -97.373463)"
Derailments,2013:03:UP:0313FW013,0,0,53722,4835,0,0,0,TARRANT,3/15/2013 0:00,11:00,2013,2013,"M411,","UP,",75,"M4,","M,",YARD,Texas,32.724308,-97.371845,"Texas
(32.724308, -97.371845)"
Derailments,2013:09:UP:0913FW017,0,0,5884,8831,0,0,0,TARRANT,9/21/2013 0:00,12:20,2013,2013,"T110,","UP,",7,"T1,","T,",YARD,Texas,32.724435,-97.3718,"Texas
(32.724435, -97.3718)"
Derailments,2014:07:UP:0714FW026,0,0,9127,5075,0,0,0,TARRANT,7/25/2014 0:00,11:20,2014,2014,"E79L,","UP,",7,"E7,","E,",YARD,Texas,32.727964,-97.371255,"Texas
(32.727964, -97.371255)"
Derailments,2011:06:KYLE:KYLE110311,0,0,4000,13800,0,0,0,SALINE,6/28/2011 0:00,14:58,2011,2011,"T109,","KYLE,",1,"T1,","T,",MAIN,Kansas,38.919442,-97.371137,"Kansas
(38.919442, -97.371137)"
Derailments,2016:02:UP:0216FW013,0,0,4873,8434,0,0,0,TARRANT,2/20/2016 0:00,3:00,2016,2016,"T403,","UP,",7,"T4,","T,",YARD,Texas,32.725585,-97.369627,"Texas
(32.725585, -97.369627)"
Derailments,2015:08:UP:0815FW015,0,0,8350,9622,0,0,0,TARRANT,8/12/2015 0:00,10:30,2015,2015,"T403,","UP,",8,"T4,","T,",YARD,Texas,32.726102,-97.369321,"Texas
(32.726102, -97.369321)"
Derailments,2013:02:UP:0213FW011,0,0,44047,31106,0,0,0,TARRANT,2/8/2013 0:00,16:30,2013,2013,"M405,","UP,",7,"M4,","M,",YARD,Texas,32.725952,-97.369082,"Texas
(32.725952, -97.369082)"
Derailments,2013:10:UP:1013FW014,0,0,250,34388,0,0,0,TARRANT,10/4/2013 0:00,20:30,2013,2014,"H307,","UP,",8,"H3,","H,",YARD,Texas,32.727346,-97.368951,"Texas
(32.727346, -97.368951)"
Derailments,2014:10:UP:1014FW029,0,0,116,31904,0,0,0,TARRANT,10/18/2014 0:00,16:00,2014,2015,"H702,","UP,",8,"H7,","H,",YARD,Texas,32.727346,-97.368951,"Texas
(32.727346, -97.368951)"
Derailments,2013:07:UP:0713FW023,0,0,6360,9252,0,0,0,TARRANT,7/28/2013 0:00,22:15,2013,2013,"M411,","UP,",75,"M4,","M,",YARD,Texas,32.72602,-97.368947,"Texas
(32.72602, -97.368947)"
Derailments,2015:02:BNSF:TX0215107,0,0,156398,21135,0,0,0,TARRANT,2/17/2015 0:00,2:15,2015,2015,"T110,","BNSF,",7,"T1,","T,",INDUSTRY,Texas,32.866305,-97.368205,"Texas
(32.866305, -97.368205)"
Derailments,2015:07:UP:0715FW010,0,0,41443,4751,0,0,0,TARRANT,7/10/2015 0:00,6:00,2015,2015,"T207,","UP,",7,"T2,","T,",YARD,Texas,32.727291,-97.366957,"Texas
(32.727291, -97.366957)"
Raking collision,2012:12:BNSF:GC1212122,0,0,0,12450,1,1,0,BELL,12/29/2012 0:00,13:20,2012,2013,"H018,","BNSF,",6,"H0,","H,",YARD,Texas,31.070243,-97.366856,"Texas
(31.070243, -97.366856)"
Derailments,2015:04:UP:0415FW021,0,0,152,20576,0,0,0,TARRANT,4/29/2015 0:00,3:45,2015,2015,"H303,","UP,",8,"H3,","H,",YARD,Texas,32.727491,-97.365984,"Texas
(32.727491, -97.365984)"
Derailments,2015:11:XVEF:INDUSTRY,0,0,2500,13599,0,0,0,TARRANT,11/14/2015 0:00,7:20,2015,2016,"H307,","BNSF,",7,"H3,","H,",INDUSTRY,Texas,32.873027,-97.36562,"Texas
(32.873027, -97.36562)"
Highway-rail impact,2015:11:BNSF:TX1115201,0,0,50000,200,32,0,0,TARRANT,11/12/2015 0:00,17:15,2015,2016,"M302,","BNSF,",1,"M3,","M,",MAIN,Texas,32.552953,-97.364686,"Texas
(32.552953, -97.364686)"
Derailments,2013:07:BNSF:KS0713113,0,0,5600,13232,0,0,0,HARVEY,7/31/2013 0:00,6:40,2013,2013,"H307,H601,","BNSF,",1,"H3,H6,","H,",YARD,Kansas,38.035169,-97.364315,"Kansas
(38.035169, -97.364315)"
Derailments,2012:09:BNSF:TX0912101,0,0,7000,10500,0,0,0,TARRANT,9/12/2012 0:00,19:15,2012,2012,"H607,H702,","BNSF,",8,"H6,H7,","H,",INDUSTRY,Texas,32.860469,-97.3631,"Texas
(32.860469, -97.3631)"
Derailments,2015:05:BNSF:TX0515101,0,0,190448,1017493,0,0,0,TARRANT,5/10/2015 0:00,6:50,2015,2015,"M105,","BNSF,",1,"M1,","M,",MAIN,Texas,32.921943,-97.361386,"Texas
(32.921943, -97.361386)"
Derailments,2012:07:BNSF:TX0712108,0,0,78000,400,2,0,0,TARRANT,7/19/2012 0:00,8:45,2012,2012,"H504,","BNSF,",7,"H5,","H,",YARD,Texas,32.858218,-97.361101,"Texas
(32.858218, -97.361101)"
Derailments,2013:04:UP:0413FW014,0,0,974532,673029,0,0,0,TARRANT,4/22/2013 0:00,2:20,2013,2013,"T102,","UP,",1,"T1,","T,",MAIN,Texas,32.856769,-97.360692,"Texas
(32.856769, -97.360692)"
Derailments,2013:10:UP:1013FW015,0,0,63367,61766,0,0,0,TARRANT,10/16/2013 0:00,18:15,2013,2014,"E70L,","UP,",1,"E7,","E,",MAIN,Texas,32.732309,-97.359709,"Texas
(32.732309, -97.359709)"
Derailments,2011:08:UP:0811FW005,0,0,154909,131332,2,2,0,TARRANT,8/5/2011 0:00,4:45,2011,2011,"M405,","UP,",7,"M4,","M,",YARD,Texas,32.732365,-97.359603,"Texas
(32.732365, -97.359603)"
Derailments,2012:10:UP:1012FW009,0,0,429,12616,21,0,0,TARRANT,10/14/2012 0:00,15:55,2012,2013,"S011,","UP,",1,"S0,","S,",YARD,Texas,32.733047,-97.358548,"Texas
(32.733047, -97.358548)"
Derailments,2015:07:UP:0715FW017,0,0,194407,15806,0,0,0,TARRANT,7/17/2015 0:00,12:45,2015,2015,"E53C,","UP,",1,"E5,","E,",MAIN,Texas,32.840176,-97.358426,"Texas
(32.840176, -97.358426)"
Derailments,2014:05:BNSF:KS0514106,0,0,280422,318483,0,0,0,HARVEY,5/17/2014 0:00,12:35,2014,2014,"T207,","BNSF,",1,"T2,","T,",YARD,Kansas,38.039528,-97.357001,"Kansas
(38.039528, -97.357001)"
Derailments,2013:11:BNSF:KS1113110,0,0,43932,184120,81,4,0,HARVEY,11/24/2013 0:00,6:00,2013,2014,"H703,","BNSF,",1,"H7,","H,",YARD,Kansas,38.069528,-97.357001,"Kansas
(38.069528, -97.357001)"
Derailments,2013:01:BNSF:TX0113113,0,0,13000,11100,14,0,0,TARRANT,1/24/2013 0:00,1:31,2013,2013,"E48C,","BNSF,",1,"E4,","E,",YARD,Texas,32.827658,-97.356457,"Texas
(32.827658, -97.356457)"
Derailments,2013:08:BNSF:KS0813103,0,0,56000,144675,2,0,0,HARVEY,8/9/2013 0:00,22:00,2013,2013,"T210,","BNSF,",61,"T2,","T,",YARD,Kansas,38.038194,-97.354909,"Kansas
(38.038194, -97.354909)"
Derailments,2014:04:BNSF:TX0414108,0,0,750,18686,0,0,0,TARRANT,4/28/2014 0:00,4:50,2014,2014,"H312,","BNSF,",6,"H3,","H,",YARD,Texas,33.001969,-97.354832,"Texas
(33.001969, -97.354832)"
Derailments,2016:03:BNSF:TX0316105,0,0,87332,25500,0,0,0,DENTON,3/27/2016 0:00,13:05,2016,2016,"T001,","BNSF,",7,"T0,","T,",YARD,Texas,33.000494,-97.354394,"Texas
(33.000494, -97.354394)"
Derailments,2015:09:BNSF:TX0915101,0,0,500,24000,0,0,0,TARRANT,9/11/2015 0:00,20:45,2015,2015,"H307,H303,","BNSF,",8,"H3,","H,",YARD,Texas,32.989779,-97.354327,"Texas
(32.989779, -97.354327)"
Side collision,2015:09:BNSF:TX0915104,0,0,6000,90000,0,0,0,DENTON,9/21/2015 0:00,5:30,2015,2015,"H607,","ATR,BNSF,",18,"H6,","H,",YARD,Texas,33.009828,-97.353229,"Texas
(33.009828, -97.353229)"
Derailments,2014:11:XUFP:INDUSTRY,0,0,8500,2776,0,0,0,TARRANT,11/18/2014 0:00,15:45,2014,2015,"T110,","BNSF,",7,"T1,","T,",INDUSTRY,Texas,32.848788,-97.352907,"Texas
(32.848788, -97.352907)"
Derailments,2012:09:BNSF:TX0912111,0,0,8500,46000,0,0,0,TARRANT,9/30/2012 0:00,9:30,2012,2012,"H307,H303,","BNSF,",7,"H3,","H,",INDUSTRY,Texas,32.84762,-97.351887,"Texas
(32.84762, -97.351887)"
Derailments,2012:07:BNSF:TX0712100,0,0,651000,2778964,0,0,0,BELL,7/4/2012 0:00,17:30,2012,2012,"T109,","BNSF,",1,"T1,","T,",MAIN,Texas,31.195337,-97.351451,"Texas
(31.195337, -97.351451)"
Other impacts,2011:10:BNSF:GC1011100,0,0,6410,59895,0,0,0,BELL,10/1/2011 0:00,18:30,2011,2012,"H306,","BNSF,",7,"H3,","H,",YARD,Texas,31.1,-97.35,"Texas
(31.1, -97.35)"
Derailments,2016:08:BNSF:GC0816101,0,0,28800,11519,0,0,0,BELL,8/3/2016 0:00,16:30,2016,2016,"H607,H702,","BNSF,",7,"H6,H7,","H,",YARD,Texas,31.118041,-97.349802,"Texas
(31.118041, -97.349802)"
Derailments,2016:07:BNSF:GC0716106,0,0,25450,27903,1,1,0,BELL,7/12/2016 0:00,18:50,2016,2016,"T403,","BNSF,",1,"T4,","T,",YARD,Texas,31.120397,-97.349754,"Texas
(31.120397, -97.349754)"
Derailments,2012:01:UP:0112FW027,0,0,371445,123789,0,0,0,TARRANT,1/23/2012 0:00,4:25,2012,2012,"T110,","UP,",7,"T1,","T,",YARD,Texas,32.737469,-97.349621,"Texas
(32.737469, -97.349621)"
Highway-rail impact,2012:09:BNSF:TX0912204,1,0,1200,18150,0,0,0,TARRANT,9/17/2012 0:00,7:24,2012,2012,"M308,","BNSF,",1,"M3,","M,",MAIN,Texas,32.815068,-97.349257,"Texas
(32.815068, -97.349257)"
Derailments,2015:03:BNSF:GC0315110,0,0,0,30000,0,0,0,BELL,3/31/2015 0:00,18:05,2015,2015,"H306,H303,","BNSF,",8,"H3,","H,",YARD,Texas,31.102633,-97.34918,"Texas
(31.102633, -97.34918)"
Side collision,2015:03:BNSF:GC0315103,0,0,1200,27500,0,0,0,BELL,3/12/2015 0:00,4:05,2015,2015,"H607,","BNSF,",71,"H6,","H,",YARD,Texas,31.107842,-97.348787,"Texas
(31.107842, -97.348787)"
Derailments,2011:09:UP:0911CB005,0,0,13915,100,1,0,0,PLATTE,9/25/2011 0:00,24:26:00,2011,2011,"T314,","UP,",1,"T3,","T,",YARD,Nebraska,41.428618,-97.348714,"Nebraska
(41.428618, -97.348714)"
Derailments,2016:01:BNSF:GC0116106,0,0,16000,33473,0,0,0,BELL,1/11/2016 0:00,19:00,2016,2016,"H318,","BNSF,",7,"H3,","H,",YARD,Texas,31.107762,-97.34866,"Texas
(31.107762, -97.34866)"
Derailments,2016:04:BNSF:GC0416105,0,0,275000,3999,0,0,0,BELL,4/10/2016 0:00,8:15,2016,2016,"H601,","BNSF,",7,"H6,","H,",YARD,Texas,31.108612,-97.348619,"Texas
(31.108612, -97.348619)"
Derailments,2012:07:BNSF:GC0712103,0,0,27000,23199,0,0,0,BELL,7/14/2012 0:00,3:15,2012,2012,"T001,","BNSF,",7,"T0,","T,",YARD,Texas,31.119951,-97.348393,"Texas
(31.119951, -97.348393)"
Derailments,2014:11:BNSF:GC1114102,0,0,16000,4178,0,0,0,BELL,11/10/2014 0:00,17:45,2014,2015,"E09C,","BNSF,",7,"E0,","E,",YARD,Texas,31.119,-97.3483,"Texas
(31.119, -97.3483)"
Derailments,2014:12:BNSF:KS1214101,0,0,500,11509,0,0,0,HARVEY,12/3/2014 0:00,8:09,2014,2015,"H303,","BNSF,",7,"H3,","H,",YARD,Kansas,38.04472,-97.348179,"Kansas
(38.04472, -97.348179)"
Other events,2015:06:BNSF:TX0615103,0,0,6800,466408,0,0,0,TARRANT,6/9/2015 0:00,17:00,2015,2015,"E33C,","BNSF,",7,"E3,","E,",YARD,Texas,32.973846,-97.348162,"Texas
(32.973846, -97.348162)"
Derailments,2016:03:BNSF:GC0316110,0,0,8580,26050,3,3,0,BELL,3/11/2016 0:00,3:05,2016,2016,"T403,","BNSF,",1,"T4,","T,",YARD,Texas,31.095553,-97.348153,"Texas
(31.095553, -97.348153)"
Derailments,2011:11:BNSF:KS1111110,0,0,5500,84595,3,3,0,HARVEY,11/17/2011 0:00,24:01:00,2011,2012,"T210,","BNSF,",7,"T2,","T,",YARD,Kansas,38.04482,-97.348075,"Kansas
(38.04482, -97.348075)"
Derailments,2011:11:BNSF:GC1111117,0,0,0,13275,0,0,0,BELL,11/12/2011 0:00,13:05,2011,2012,"H505,","BNSF,",7,"H5,","H,",YARD,Texas,31.12,-97.348,"Texas
(31.12, -97.348)"
Other events,2012:07:BNSF:GC0712110,0,0,24850,0,0,0,0,BELL,7/18/2012 0:00,2:25,2012,2012,"H221,H307,","BNSF,",7,"H2,H3,","H,",MAIN,Texas,31.09531,-97.345347,"Texas
(31.09531, -97.345347)"
Derailments,2012:09:BNSF:GC0912104,0,0,26000,18319,3,1,0,BELL,9/6/2012 0:00,19:15,2012,2012,"H018,","BNSF,",685,"H0,","H,",YARD,Texas,31.09531,-97.345347,"Texas
(31.09531, -97.345347)"
Other events,2013:12:BNSF:GC1213125,0,0,1000,15000,0,0,0,BELL,12/2/2013 0:00,13:00,2013,2014,"H997,","BNSF,",9,"H9,","H,",MAIN,Texas,31.09531,-97.345347,"Texas
(31.09531, -97.345347)"
Raking collision,2014:03:BNSF:GC0314104,0,0,52000,17393,0,0,0,BELL,3/2/2014 0:00,17:01,2014,2014,"S011,","BNSF,",1,"S0,","S,",YARD,Texas,31.09531,-97.345347,"Texas
(31.09531, -97.345347)"
Raking collision,2014:12:BNSF:GC1214105,0,0,0,25879,3,0,0,BELL,12/22/2014 0:00,2:32,2014,2015,"H307,H401,","BNSF,",71,"H3,H4,H3,H4,","H,",YARD,Texas,31.09531,-97.345347,"Texas
(31.09531, -97.345347)"
Derailments,2012:10:BNSF:GC1012105,0,0,900,14356,1,0,0,BELL,10/9/2012 0:00,10:30,2012,2013,"T113,T205,","BNSF,",1,"T1,T2,","T,",YARD,Texas,31.094622,-97.343823,"Texas
(31.094622, -97.343823)"
Derailments,2013:10:BNSF:GC1013119,0,0,190000,108750,0,0,0,BELL,10/11/2013 0:00,9:00,2013,2014,"H399,","BNSF,",7,"H3,","H,",YARD,Texas,31.094622,-97.343823,"Texas
(31.094622, -97.343823)"
Derailments,2013:04:BNSF:KS0413107,0,0,0,10501,0,0,0,HARVEY,4/6/2013 0:00,3:00,2013,2013,"H312,","BNSF,",7,"H3,","H,",YARD,Kansas,38.047317,-97.343768,"Kansas
(38.047317, -97.343768)"
Raking collision,2014:09:ATR:140878,0,0,0,43435,0,0,0,TARRANT,9/22/2014 0:00,9:15,2014,2014,"H021,H022,","ATR,BNSF,",15,"H0,","H,",YARD,Texas,32.977951,-97.343303,"Texas
(32.977951, -97.343303)"
Derailments,2012:12:BNSF:GC1212103,0,0,6000,6050,0,0,0,BELL,12/8/2012 0:00,19:30,2012,2013,"E86C,","BNSF,",7,"E8,","E,",YARD,Texas,31.098234,-97.342782,"Texas
(31.098234, -97.342782)"
Derailments,2014:02:BNSF:TX0214104,0,0,15300,200,0,0,0,TARRANT,2/10/2014 0:00,22:27,2014,2014,"H306,","BNSF,",7,"H3,","H,",INDUSTRY,Texas,32.837131,-97.342678,"Texas
(32.837131, -97.342678)"