AccidentType,inckey,Fatalities,Injuries,TrackDamage,EquipmentDamage,HazmatCars,HazmatCarsDerailed,HazmatCarsReleasing,County,DisplayDate,DisplayTime,calendar,Fiscal,AccidentCause,RailroadCodes,RAILEQUIPMENT_TYPE,CauseGroup,CauseDiscipline,TYPE_OF_TRACK,StateName,latitude,longitude,GeoLocation
Other events,2014:05:BNSF:GC0514107,0,0,10600,0,0,0,0,BELL,5/19/2014 0:00,11:30,2014,2014,"M409,","BNSF,",7,"M4,","M,",YARD,Texas,31.09367,-97.34253,"Texas
(31.09367, -97.34253)"
Other impacts,2011:09:BNSF:GC0911104,0,0,12517,14184,0,0,0,BELL,9/6/2011 0:00,20:00,2011,2011,"H020,","BNSF,",67,"H0,","H,",YARD,Texas,31.093688,-97.342501,"Texas
(31.093688, -97.342501)"
Derailments,2013:06:BNSF:GC0613111,0,0,0,17078,5,0,0,BELL,6/22/2013 0:00,12:15,2013,2013,"H306,","BNSF,",17,"H3,","H,",YARD,Texas,31.093569,-97.342443,"Texas
(31.093569, -97.342443)"
Derailments,2014:03:BNSF:GC0314112,0,0,3000,8790,1,1,0,BELL,3/31/2014 0:00,12:30,2014,2014,"H306,H303,","BNSF,",7,"H3,","H,",YARD,Texas,31.093569,-97.342443,"Texas
(31.093569, -97.342443)"
Derailments,2014:06:BNSF:GC0614104,0,0,55500,13441,0,0,0,BELL,6/20/2014 0:00,1:57,2014,2014,"E47C,","BNSF,",1,"E4,","E,",MAIN,Texas,31.093569,-97.342443,"Texas
(31.093569, -97.342443)"
Other impacts,2011:08:BNSF:TX0811105,0,0,0,12126,0,0,0,TARRANT,8/10/2011 0:00,23:55,2011,2011,"H307,","BNSF,",7,"H3,","H,",INDUSTRY,Texas,32.836394,-97.3421,"Texas
(32.836394, -97.3421)"
Highway-rail impact,2013:08:BNSF:TX0813203,0,4,18300,1000,0,0,0,TARRANT,8/29/2013 0:00,7:25,2013,2013,"M302,","BNSF,",1,"M3,","M,",MAIN,Texas,32.701314,-97.341463,"Texas
(32.701314, -97.341463)"
Other impacts,2013:01:BNSF:TX0113118,0,0,0,27333,0,0,0,TARRANT,1/31/2013 0:00,21:45,2013,2013,"M105,","BNSF,",76,"M1,","M,",YARD,Texas,32.979948,-97.340806,"Texas
(32.979948, -97.340806)"
Other impacts,2011:09:BNSF:TX0911110,0,0,5000,128201,0,0,0,TARRANT,9/20/2011 0:00,10:15,2011,2011,"H525,H510,H513,","BNSF,",77,"H5,","H,",YARD,Texas,32.979949,-97.340806,"Texas
(32.979949, -97.340806)"
Derailments,2012:11:NPR:DR111201,0,0,9601,2367,0,0,0,WALSH,11/1/2012 0:00,17:25,2012,2013,"T110,","NPR,",1,"T1,","T,",INDUSTRY,North Dakota,48.20737,-97.33768,"North Dakota
(48.20737, -97.33768)"
Derailments,2013:08:FWWR:13081801,0,0,8000,54306,0,0,0,TARRANT,8/18/2013 0:00,3:45,2013,2013,"T212,","FWWR,",7,"T2,","T,",MAIN,Texas,32.797438,-97.337657,"Texas
(32.797438, -97.337657)"
Side collision,2014:06:BNSF:TX0614111,0,0,0,33625,0,0,0,TARRANT,6/17/2014 0:00,2:58,2014,2014,"H307,","BNSF,",67,"H3,","H,",YARD,Texas,32.831288,-97.337587,"Texas
(32.831288, -97.337587)"
Derailments,2014:10:BNSF:GC1014108,0,0,71100,29410,1,1,0,BELL,10/18/2014 0:00,5:00,2014,2015,"H021,","BNSF,",7,"H0,","H,",MAIN,Texas,31.086385,-97.337523,"Texas
(31.086385, -97.337523)"
Other impacts,2013:09:BNSF:TX0913101,0,0,500,10650,0,0,0,TARRANT,9/3/2013 0:00,12:05,2013,2013,"S006,","BNSF,",7,"S0,","S,",YARD,Texas,32.983944,-97.335812,"Texas
(32.983944, -97.335812)"
Highway-rail impact,2014:05:BNSF:KS0514200,0,0,32006,1680,0,0,0,SEDGWICK,5/6/2014 0:00,17:15,2014,2014,"M302,","BNSF,",1,"M3,","M,",MAIN,Kansas,37.744954,-97.335735,"Kansas
(37.744954, -97.335735)"
Derailments,2012:10:BNSF:TX1012102,0,0,1500,18500,22,0,0,TARRANT,10/14/2012 0:00,7:00,2012,2013,"T201,","BNSF,",76,"T2,","T,",YARD,Texas,32.82737,-97.33451,"Texas
(32.82737, -97.33451)"
Raking collision,2015:12:FWWR:15121501,0,0,0,545,0,0,0,TARRANT,12/15/2015 0:00,13:00,2015,2016,"H301,","FWWR,",7,"H3,","H,",YARD,Texas,32.73881,-97.33379,"Texas
(32.73881, -97.33379)"
Raking collision,2015:12:FWWR:15121502,0,0,0,95640,0,0,0,TARRANT,12/15/2015 0:00,24:00:00,2015,2016,"H301,","FWWR,",1,"H3,","H,",YARD,Texas,32.738881,-97.33379,"Texas
(32.738881, -97.33379)"
Derailments,2011:08:BNSF:TX0811107,0,0,9000,2000,0,0,0,TARRANT,8/17/2011 0:00,12:55,2011,2011,"T111,","BNSF,",7,"T1,","T,",YARD,Texas,32.825814,-97.332388,"Texas
(32.825814, -97.332388)"
Other events,2012:11:WTA:11252012,0,0,2518,8636,0,0,0,SEDGWICK,11/25/2012 0:00,3:30,2012,2013,"M405,","WTA,",7,"M4,","M,",INDUSTRY,Kansas,37.737059,-97.331809,"Kansas
(37.737059, -97.331809)"
Other events,2014:04:UP:0414HO044,0,0,42635,0,0,0,0,REFUGIO,4/30/2014 0:00,20:48,2014,2014,"H706,","UP,",1,"H7,","H,",SIDING,Texas,28.239867,-97.331316,"Texas
(28.239867, -97.331316)"
Derailments,2014:09:WTA:20140922,0,0,3890,14014,0,0,0,SEDGWICK,9/22/2014 0:00,3:07,2014,2014,"T314,","WTA,",7,"T3,","T,",YARD,Kansas,37.731174,-97.330949,"Kansas
(37.731174, -97.330949)"
Derailments,2015:04:BNSF:KS0415101,0,0,25741,269764,0,0,0,SEDGWICK,4/2/2015 0:00,4:55,2015,2015,"H607,H702,","BNSF,WTA,",7,"H6,H7,H6,H7,","H,",MAIN,Kansas,37.711488,-97.330357,"Kansas
(37.711488, -97.330357)"
Raking collision,2012:11:UP:1112WH002,0,0,0,20274,3,0,0,SEDGWICK,11/8/2012 0:00,24:28:00,2012,2013,"H601,","UP,",76,"H6,","H,",YARD,Kansas,37.720133,-97.330128,"Kansas
(37.720133, -97.330128)"
Derailments,2015:02:WTA:20150204,0,0,11167,1246,0,0,0,SEDGWICK,2/4/2015 0:00,6:03,2015,2015,"T110,","WTA,",7,"T1,","T,",INDUSTRY,Kansas,37.713313,-97.330017,"Kansas
(37.713313, -97.330017)"
Derailments,2013:02:KO:D551313,0,0,1000,69930,0,0,0,SEDGWICK,2/14/2013 0:00,18:55,2013,2013,"M503,","KO,SKOL,",1,"M5,","M,",YARD,Kansas,37.681952,-97.329935,"Kansas
(37.681952, -97.329935)"
Derailments,2011:12:BNSF:TX1211110,0,0,15400,600,0,0,0,TARRANT,12/30/2011 0:00,12:30,2011,2012,"H305,","BNSF,",7,"H3,","H,",YARD,Texas,32.988978,-97.329617,"Texas
(32.988978, -97.329617)"
Derailments,2012:07:BNSF:KS0712102,0,0,211000,64173,8,8,1,SEDGWICK,7/3/2012 0:00,4:15,2012,2012,"T111,","BNSF,KO,",1,"T1,","T,",MAIN,Kansas,37.673204,-97.328982,"Kansas
(37.673204, -97.328982)"
Derailments,2015:02:UP:0215WH006,0,0,103443,9099,0,0,0,SEDGWICK,2/21/2015 0:00,1:15,2015,2015,"E54C,","UP,",1,"E5,","E,",SIDING,Kansas,37.721971,-97.328976,"Kansas
(37.721971, -97.328976)"
Highway-rail impact,2015:10:UP:1015FW013,0,0,18990,1680,0,0,0,TARRANT,10/19/2015 0:00,10:30,2015,2016,"M303,","UP,",1,"M3,","M,",MAIN,Texas,32.718132,-97.328835,"Texas
(32.718132, -97.328835)"
Highway-rail impact,2015:02:BNSF:KS0215203,0,0,0,15000,27,0,0,SEDGWICK,2/25/2015 0:00,8:39,2015,2015,"M302,M304,","BNSF,",1,"M3,","M,",MAIN,Kansas,37.671673,-97.328207,"Kansas
(37.671673, -97.328207)"
Other impacts,2013:05:BNSF:TX0513100,0,0,0,63279,0,0,0,TARRANT,5/1/2013 0:00,2:30,2013,2013,"H318,","BNSF,",7,"H3,","H,",YARD,Texas,32.820988,-97.328104,"Texas
(32.820988, -97.328104)"
Derailments,2013:08:BNSF:TX0813105,0,0,258015,1130,0,0,0,TARRANT,8/25/2013 0:00,20:30,2013,2013,"M101,","BNSF,",7,"M1,","M,",YARD,Texas,32.820988,-97.328104,"Texas
(32.820988, -97.328104)"
Other impacts,2016:08:BNSF:TX0816101,0,0,2500,85950,0,0,0,TARRANT,8/1/2016 0:00,3:20,2016,2016,"H318,H020,","BNSF,",7,"H3,H0,","H,",YARD,Texas,32.818937,-97.327103,"Texas
(32.818937, -97.327103)"
Derailments,2015:05:BNSF:TX0515108,0,0,3000,219034,0,0,0,TARRANT,5/25/2015 0:00,3:45,2015,2015,"T202,","BNSF,",7,"T2,","T,",YARD,Texas,32.819819,-97.327087,"Texas
(32.819819, -97.327087)"
Derailments,2016:05:BNSF:TX0516103,0,0,266000,40133,1,1,0,TARRANT,5/14/2016 0:00,3:00,2016,2016,"H607,H702,","BNSF,",7,"H6,H7,","H,",YARD,Texas,32.819819,-97.327087,"Texas
(32.819819, -97.327087)"
Rear end collision,2013:10:UP:1013FW009,0,0,0,26000,0,0,0,TARRANT,10/7/2013 0:00,19:00,2013,2014,"H997,","UP,",NA,"H9,","H,",MAIN,Texas,32.580064,-97.325645,"Texas
(32.580064, -97.325645)"
Derailments,2014:09:UP:0914WH002,0,0,8000,3000,1,0,0,SEDGWICK,9/2/2014 0:00,9:27,2014,2014,"S011,T099,","UP,",7,"S0,T0,","S,T,",YARD,Kansas,37.726186,-97.325496,"Kansas
(37.726186, -97.325496)"
Other events,2014:10:BNSF:TX1014105,0,0,0,32882,0,0,0,TARRANT,10/9/2014 0:00,19:00,2014,2015,"H601,","BNSF,",6,"H6,","H,",INDUSTRY,Texas,32.806479,-97.325281,"Texas
(32.806479, -97.325281)"
Derailments,2011:09:UP:0911FW032,0,0,10604,3535,0,0,0,TARRANT,9/29/2011 0:00,21:15,2011,2011,"H306,","UP,",7,"H3,","H,",YARD,Texas,32.717515,-97.324699,"Texas
(32.717515, -97.324699)"
Derailments,2015:02:UP:0215FW019,0,0,10028,6638,0,0,0,TARRANT,2/24/2015 0:00,2:30,2015,2015,"H701,","UP,",7,"H7,","H,",YARD,Texas,32.717515,-97.324699,"Texas
(32.717515, -97.324699)"
Other impacts,2014:02:BNSF:TX0214106,0,0,6600,40818,2,2,0,TARRANT,2/23/2014 0:00,12:50,2014,2014,"H018,","BNSF,",67,"H0,","H,",YARD,Texas,32.997848,-97.323866,"Texas
(32.997848, -97.323866)"
Derailments,2012:06:UP:0612FW028,0,0,8665,60451,0,0,0,TARRANT,6/28/2012 0:00,23:45,2012,2012,"H993,","UP,",4,"H9,","H,",MAIN,Texas,32.763486,-97.323805,"Texas
(32.763486, -97.323805)"
Derailments,2012:04:BNSF:TX0412109,0,0,27000,1000,0,0,0,TARRANT,4/17/2012 0:00,20:50,2012,2012,"T205,","BNSF,",8,"T2,","T,",YARD,Texas,32.814947,-97.323326,"Texas
(32.814947, -97.323326)"
Fire/violent rupture,2015:05:UP:0515FW009,0,0,0,24590,0,0,0,TARRANT,5/16/2015 0:00,10:20,2015,2015,"E99C,","UP,",5,"E9,","E,",YARD,Texas,32.767257,-97.323313,"Texas
(32.767257, -97.323313)"
Derailments,2011:11:UP:1111WH005,0,0,1400,13949,0,0,0,SEDGWICK,11/10/2011 0:00,3:30,2011,2012,"M204,","UP,",7,"M2,","M,",YARD,Kansas,37.729823,-97.323303,"Kansas
(37.729823, -97.323303)"
Derailments,2013:07:BNSF:TC0713108,0,0,13500,1865,0,0,0,CASS,7/11/2013 0:00,13:10,2013,2013,"E52C,","BNSF,RRVW,",1,"E5,","E,",MAIN,North Dakota,46.906501,-97.322979,"North Dakota
(46.906501, -97.322979)"
Other impacts,2014:10:BNSF:TX1014101,0,0,1800,26020,1,1,0,TARRANT,10/3/2014 0:00,10:35,2014,2015,"H306,","BNSF,",7,"H3,","H,",YARD,Texas,33.000491,-97.322444,"Texas
(33.000491, -97.322444)"
Derailments,2014:05:UP:0514FW011,0,0,8510,6058,3,0,0,TARRANT,5/10/2014 0:00,7:25,2014,2014,"T221,","UP,",1,"T2,","T,",YARD,Texas,32.756713,-97.322403,"Texas
(32.756713, -97.322403)"
Derailments,2014:08:BNSF:TX0814107,0,0,18000,600,0,0,0,TARRANT,8/21/2014 0:00,7:15,2014,2014,"H019,H503,","BNSF,FWWR,",7,"H0,H5,H0,H5,","H,",YARD,Texas,32.813758,-97.322292,"Texas
(32.813758, -97.322292)"
Derailments,2015:11:BNSF:TX1115108,0,0,3000,18000,1,1,0,TARRANT,11/19/2015 0:00,24:10:00,2015,2016,"H607,H702,","BNSF,",7,"H6,H7,","H,",YARD,Texas,32.812467,-97.321205,"Texas
(32.812467, -97.321205)"
Derailments,2012:08:UP:0812WH008,0,0,5544,5903,0,0,0,SEDGWICK,8/19/2012 0:00,4:56,2012,2012,"T313,","UP,",7,"T3,","T,",YARD,Kansas,37.730977,-97.321103,"Kansas
(37.730977, -97.321103)"
Other events,2014:01:BNSF:TX0114113,0,0,22000,500,0,0,0,TARRANT,1/23/2014 0:00,9:45,2014,2014,"H522,","BNSF,",8,"H5,","H,",MAIN,Texas,32.80858,-97.320688,"Texas
(32.80858, -97.320688)"
Derailments,2014:03:UP:0314WH009,0,0,35184,80832,10,0,0,SEDGWICK,3/26/2014 0:00,9:50,2014,2014,"T210,","UP,",1,"T2,","T,",YARD,Kansas,37.736858,-97.319316,"Kansas
(37.736858, -97.319316)"
Derailments,2014:10:UP:1014WH003,0,0,9000,2500,0,0,0,SEDGWICK,10/6/2014 0:00,4:38,2014,2015,"T314,","UP,",8,"T3,","T,",YARD,Kansas,37.73859,-97.318259,"Kansas
(37.73859, -97.318259)"
Derailments,2011:11:FWWR:11110101,0,0,4840,4800,0,0,0,TARRANT,11/1/2011 0:00,23:15,2011,2012,"T110,","FWWR,",7,"T1,","T,",INDUSTRY,Texas,32.641792,-97.317062,"Texas
(32.641792, -97.317062)"
Raking collision,2012:08:UP:0812WH004,0,0,0,14658,1,1,0,SEDGWICK,8/14/2012 0:00,15:33,2012,2012,"H302,","UP,",68,"H3,","H,",MAIN,Kansas,37.744534,-97.31385,"Kansas
(37.744534, -97.31385)"
Derailments,2014:06:UP:0614FW022,0,0,95258,16551,0,0,0,TARRANT,6/26/2014 0:00,8:30,2014,2014,"T110,","UP,",1,"T1,","T,",YARD,Texas,32.743182,-97.312547,"Texas
(32.743182, -97.312547)"
Derailments,2015:08:UP:0815WH005,0,0,13949,247266,0,0,0,SEDGWICK,8/12/2015 0:00,23:05,2015,2015,"T211,","UP,",1,"T2,","T,",YARD,Kansas,37.736953,-97.311911,"Kansas
(37.736953, -97.311911)"
Raking collision,2012:07:FWWR:12071601,0,0,0,33461,0,0,0,TARRANT,7/16/2012 0:00,13:00,2012,2012,"H307,","FWWR,",75,"H3,","H,",YARD,Texas,32.650396,-97.311144,"Texas
(32.650396, -97.311144)"
Derailments,2012:10:BNSF:GC1012112,0,0,0,20641,0,0,0,BELL,10/24/2012 0:00,18:20,2012,2013,"M201,","BNSF,",1,"M2,","M,",MAIN,Texas,31.02994,-97.310077,"Texas
(31.02994, -97.310077)"
Derailments,2014:10:UP:1014WH002,0,0,5000,80401,0,0,0,SEDGWICK,10/4/2014 0:00,20:00,2014,2015,"T314,","UP,",1,"T3,","T,",YARD,Kansas,37.738847,-97.30904,"Kansas
(37.738847, -97.30904)"
Side collision,2012:04:UP:0412WH006,0,0,6860,159038,8,0,0,SEDGWICK,4/20/2012 0:00,17:15,2012,2012,"H306,","UP,",1,"H3,","H,",YARD,Kansas,37.739468,-97.306932,"Kansas
(37.739468, -97.306932)"
Raking collision,2012:11:FWWR:12111601,0,0,0,58899,0,0,0,TARRANT,11/16/2012 0:00,13:05,2012,2013,"H318,","FWWR,",67,"H3,","H,",INDUSTRY,Texas,32.650496,-97.306005,"Texas
(32.650496, -97.306005)"
Derailments,2013:11:BNSF:NE1113108,0,0,70250,150699,0,0,0,SALINE,11/25/2013 0:00,2:55,2013,2014,"T220,","BNSF,",1,"T2,","T,",SIDING,Nebraska,40.654126,-97.303969,"Nebraska
(40.654126, -97.303969)"
Other events,2016:01:TRE:TRE16002,1,0,0,20000,0,0,0,TARRANT,1/29/2016 0:00,18:30,2016,2016,"M501,","TRE,",NA,"M5,","M,",MAIN,Texas,32.765026,-97.297417,"Texas
(32.765026, -97.297417)"
Derailments,2012:11:STRZ:INDUSTRY,0,0,1000,8970,0,0,0,CASS,11/2/2012 0:00,4:30,2012,2013,"T110,","BNSF,",1,"T1,","T,",INDUSTRY,North Dakota,46.911535,-97.297369,"North Dakota
(46.911535, -97.297369)"
Derailments,2016:04:AWRR:160427002,0,0,1200,2300,0,0,0,BASTROP,4/27/2016 0:00,15:15,2016,2016,"T205,","AWRR,",1,"T2,","T,",INDUSTRY,Texas,30.317689,-97.294444,"Texas
(30.317689, -97.294444)"
Derailments,2015:12:MMAZ:INDUSTRY,0,0,8234,3740,0,0,0,SAN PATRICIO,12/6/2015 0:00,3:00,2015,2016,"T314,","UP,",1,"T3,","T,",INDUSTRY,Texas,27.909207,-97.294141,"Texas
(27.909207, -97.294141)"
Highway-rail impact,2013:01:BNSF:KS0113202,0,0,0,69425,21,21,0,SEDGWICK,1/25/2013 0:00,9:50,2013,2013,"M303,","BNSF,",1,"M3,","M,",MAIN,Kansas,37.605908,-97.291456,"Kansas
(37.605908, -97.291456)"
Highway-rail impact,2016:02:BNSF:TX0216200,1,1,0,11000,0,0,0,DENTON,2/5/2016 0:00,24:35:00,2016,2016,"M302,","BNSF,",1,"M3,","M,",MAIN,Texas,33.112652,-97.291431,"Texas
(33.112652, -97.291431)"
Derailments,2014:10:XMMM:INDUSTRY,0,0,27420,47534,0,0,0,SAN PATRICIO,10/22/2014 0:00,10:00,2014,2015,"T106,","UP,",1,"T1,","T,",INDUSTRY,Texas,27.922226,-97.290603,"Texas
(27.922226, -97.290603)"
Derailments,2014:12:XMMM:INDUSTRY,0,0,21999,32961,0,0,0,SAN PATRICIO,12/21/2014 0:00,9:30,2014,2015,"T110,","UP,",1,"T1,","T,",INDUSTRY,Texas,27.92076,-97.287804,"Texas
(27.92076, -97.287804)"
Derailments,2015:06:BNSF:TX0615110,0,0,783604,54000,107,0,0,DENTON,6/17/2015 0:00,14:55,2015,2015,"T001,","BNSF,",1,"T0,","T,",MAIN,Texas,33.192816,-97.283833,"Texas
(33.192816, -97.283833)"
Highway-rail impact,2014:03:TRE:2014003,0,1,0,16684,0,0,0,TARRANT,3/20/2014 0:00,16:13,2014,2014,"M308,","TRE,",3,"M3,","M,",MAIN,Texas,32.778278,-97.273286,"Texas
(32.778278, -97.273286)"
Derailments,2011:06:XPCP:INDUSTRY,0,0,0,25000,0,0,0,NUECES,6/15/2011 0:00,24:30:00,2011,2011,"T319,","CCPN,",1,"T3,","T,",INDUSTRY,Texas,27.822982,-97.272395,"Texas
(27.822982, -97.272395)"
Derailments,2014:11:BNSF:TC1114110,0,0,300000,1419594,106,12,0,CASS,11/13/2014 0:00,17:35,2014,2015,"T207,","BNSF,",1,"T2,","T,",MAIN,North Dakota,46.902892,-97.259819,"North Dakota
(46.902892, -97.259819)"
Derailments,2012:07:BNSF:TX0712110,0,0,346796,331575,0,0,0,DENTON,7/22/2012 0:00,11:15,2012,2012,"T102,","BNSF,",1,"T1,","T,",MAIN,Texas,33.234236,-97.249357,"Texas
(33.234236, -97.249357)"
Derailments,2013:12:BNSF:TC1213121,0,2,1039168,6631028,104,20,18,CASS,12/30/2013 0:00,14:11,2013,2014,"E51C,","BNSF,",1,"E5,","E,",MAIN,North Dakota,46.901679,-97.238773,"North Dakota
(46.901679, -97.238773)"
Highway-rail impact,2011:11:UP:1111FW005,0,0,16192,20673,2,0,0,DENTON,11/7/2011 0:00,20:15,2011,2012,"M303,","UP,",1,"M3,","M,",MAIN,Texas,32.992983,-97.234336,"Texas
(32.992983, -97.234336)"
Derailments,2016:05:BNSF:KS0516111,0,0,189215,409287,0,0,0,DICKINSON,5/27/2016 0:00,9:18,2016,2016,"T206,T001,","BNSF,UP,",1,"T2,T0,","T,",YARD,Kansas,38.913189,-97.229762,"Kansas
(38.913189, -97.229762)"
Derailments,2015:04:XTLC:INDUSTRY,0,0,2470,40271,0,0,0,DENTON,4/30/2015 0:00,24:15:00,2015,2015,"T206,","UP,",1,"T2,","T,",INDUSTRY,Texas,33.002017,-97.229067,"Texas
(33.002017, -97.229067)"
Other events,2014:03:UP:0314FW016,0,0,30976,0,0,0,0,JOHNSON,3/18/2014 0:00,11:20,2014,2014,"H402,H404,","BNSF,UP,",NA,"H4,","H,",MAIN,Texas,32.404771,-97.227703,"Texas
(32.404771, -97.227703)"
Derailments,2013:08:DBGZ:INDUSTRY,0,0,100,55966,0,0,0,DICKINSON,8/3/2013 0:00,8:39,2013,2013,"T403,","UP,",1,"T4,","T,",INDUSTRY,Kansas,38.915424,-97.221334,"Kansas
(38.915424, -97.221334)"
Other events,2015:02:UP:0215SA025,0,0,14058,9554,0,0,0,GONZALES,2/24/2015 0:00,5:49,2015,2015,"E34C,","UP,",1,"E3,","E,",MAIN,Texas,29.679239,-97.221274,"Texas
(29.679239, -97.221274)"
Derailments,2013:01:XGGL:INDUSTRY,0,0,4500,31619,0,0,0,DICKINSON,1/28/2013 0:00,21:30,2013,2013,"H307,H702,","BNSF,",1,"H3,H7,","H,",INDUSTRY,Kansas,38.913222,-97.221046,"Kansas
(38.913222, -97.221046)"
Derailments,2013:12:XGGL:INDUSTRY,0,0,0,25897,0,0,0,DICKINSON,12/5/2013 0:00,19:00,2013,2014,"H306,","BNSF,",61,"H3,","H,",INDUSTRY,Kansas,38.913222,-97.221046,"Kansas
(38.913222, -97.221046)"
Derailments,2013:12:RRVW:12052013D,0,0,38500,57200,0,0,0,CASS,12/5/2013 0:00,23:15,2013,2014,"M101,","RRVW,",1,"M1,","M,",INDUSTRY,North Dakota,46.877711,-97.219482,"North Dakota
(46.877711, -97.219482)"
Derailments,2014:01:BNSF:TC0114134,0,0,0,12000,0,0,0,CASS,1/3/2014 0:00,21:00,2014,2014,"M101,","BNSF,",9,"M1,","M,",MAIN,North Dakota,46.900464,-97.217727,"North Dakota
(46.900464, -97.217727)"
Raking collision,2011:08:UP:0811FW015,0,0,3075,12894,0,0,0,JOHNSON,8/12/2011 0:00,22:30,2011,2011,"E04C,","UP,",75,"E0,","E,",MAIN,Texas,32.395357,-97.215407,"Texas
(32.395357, -97.215407)"
Derailments,2012:09:BNSF:TX0912112,0,0,410000,1098100,27,5,4,NOBLE,9/27/2012 0:00,9:27,2012,2012,"T202,","BNSF,UP,",1,"T2,","T,",MAIN,Oklahoma,36.340377,-97.214189,"Oklahoma
(36.340377, -97.214189)"
Derailments,2012:01:BNSF:KS0112112,0,0,43000,162885,0,0,0,DICKINSON,1/22/2012 0:00,24:40:00,2012,2012,"T206,","BNSF,",1,"T2,","T,",YARD,Kansas,38.91321,-97.211812,"Kansas
(38.91321, -97.211812)"
Derailments,2016:08:UP:0816FW020,0,0,4600000,1612749,0,0,0,DENTON,8/21/2016 0:00,18:00,2016,2016,"T108,","UP,",1,"T1,","T,",MAIN,Texas,33.042568,-97.208309,"Texas
(33.042568, -97.208309)"
Derailments,2012:12:BNSF:TX1212107,0,0,218000,60000,2,0,0,DENTON,12/13/2012 0:00,13:00,2012,2013,"H307,H702,","BNSF,",1,"H3,H7,","H,",MAIN,Texas,33.299147,-97.204197,"Texas
(33.299147, -97.204197)"
Derailments,2015:03:FWWR:15031701,0,0,50000,85574,0,0,0,TARRANT,3/17/2015 0:00,2:10,2015,2015,"T210,","FWWR,",1,"T2,","T,",MAIN,Texas,32.461422,-97.203778,"Texas
(32.461422, -97.203778)"
Derailments,2012:07:BNSF:TC0712103,0,0,31515,5000,6,0,0,KITTSON,7/7/2012 0:00,22:30,2012,2012,"H703,","BNSF,CN,",1,"H7,","H,",YARD,Minnesota,48.999353,-97.203251,"Minnesota
(48.999353, -97.203251)"
Derailments,2016:01:XMER:INDUSTRY,0,0,13787,5978,0,0,0,MCLENNAN,1/19/2016 0:00,11:28,2016,2016,"T110,","UP,",1,"T1,","T,",INDUSTRY,Texas,31.50287,-97.196685,"Texas
(31.50287, -97.196685)"
Derailments,2013:08:WTA:20130808,0,0,9759,1162,0,0,0,SEDGWICK,8/8/2013 0:00,11:20,2013,2013,"T111,","WTA,",7,"T1,","T,",INDUSTRY,Kansas,37.4357,-97.195089,"Kansas
(37.4357, -97.195089)"
Derailments,2013:06:WTA:20130625,0,0,2589,12000,0,0,0,SEDGWICK,6/25/2013 0:00,4:35,2013,2013,"T103,","WTA,",7,"T1,","T,",YARD,Kansas,37.431091,-97.19502,"Kansas
(37.431091, -97.19502)"
Derailments,2014:04:WTA:20140421,0,0,18315,3004,2,0,0,SEDGWICK,4/21/2014 0:00,9:15,2014,2014,"T111,","WTA,",7,"T1,","T,",YARD,Kansas,37.425147,-97.194942,"Kansas
(37.425147, -97.194942)"
Derailments,2013:12:WTA:20131216,0,0,0,12447,0,0,0,SEDGWICK,12/16/2013 0:00,5:00,2013,2014,"H601,","WTA,",7,"H6,","H,",INDUSTRY,Kansas,37.42296,-97.194804,"Kansas
(37.42296, -97.194804)"
Raking collision,2013:11:WTA:20131109,0,0,1759,85526,0,0,0,SEDGWICK,11/9/2013 0:00,3:50,2013,2014,"H020,","WTA,",76,"H0,","H,",YARD,Kansas,37.434743,-97.194664,"Kansas
(37.434743, -97.194664)"
Derailments,2014:01:WTA:20140106,0,0,29194,2364,1,0,0,SEDGWICK,1/6/2014 0:00,15:24,2014,2014,"T210,","WTA,",7,"T2,","T,",YARD,Kansas,37.431786,-97.194501,"Kansas
(37.431786, -97.194501)"
Side collision,2012:03:FWWR:12032701,0,0,0,40181,0,0,0,TARRANT,3/27/2012 0:00,8:10,2012,2012,"H601,","FWWR,",78,"H6,","H,",YARD,Texas,32.483168,-97.192329,"Texas
(32.483168, -97.192329)"
Highway-rail impact,2013:10:UP:1013FW005,0,0,18662,15878,0,0,0,DENTON,10/9/2013 0:00,18:05,2013,2014,"M303,","UP,",1,"M3,","M,",MAIN,Texas,33.126297,-97.183257,"Texas
(33.126297, -97.183257)"
Highway-rail impact,2016:01:UP:0116FW023,0,0,576,15188,97,0,0,DENTON,1/23/2016 0:00,24:40:00,2016,2016,"M304,","UP,",1,"M3,","M,",MAIN,Texas,33.138878,-97.175228,"Texas
(33.138878, -97.175228)"
Highway-rail impact,2015:03:BNSF:KS0315200,0,0,32600,1500,0,0,0,SEDGWICK,3/22/2015 0:00,22:20,2015,2015,"M301,","BNSF,",1,"M3,","M,",MAIN,Kansas,37.533708,-97.173495,"Kansas
(37.533708, -97.173495)"
Rear end collision,2011:10:UP:1011FW001,0,1,150406,432840,0,0,0,TARRANT,10/1/2011 0:00,21:35,2011,2012,"H221,","UP,",1,"H2,","H,",MAIN,Texas,32.731453,-97.173418,"Texas
(32.731453, -97.173418)"
Highway-rail impact,2012:06:UP:0612FW031,1,7,3000,150000,0,0,0,TARRANT,6/29/2012 0:00,17:01,2012,2012,"M302,M399,","ATK,UP,",2,"M3,","M,",MAIN,Texas,32.731492,-97.173004,"Texas
(32.731492, -97.173004)"
Derailments,2012:09:SLWC:D532112,0,0,3000,165000,7,7,0,OKLAHOMA,9/19/2012 0:00,18:05,2012,2012,"T110,","SLWC,",1,"T1,","T,",MAIN,Oklahoma,35.335299,-97.17112,"Oklahoma
(35.335299, -97.17112)"
Highway-rail impact,2015:08:BNSF:TX0815200,0,0,104634,20000,6,0,0,DENTON,8/7/2015 0:00,16:40,2015,2015,"M302,","BNSF,",1,"M3,","M,",MAIN,Texas,33.362136,-97.169237,"Texas
(33.362136, -97.169237)"