AccidentType,inckey,Fatalities,Injuries,TrackDamage,EquipmentDamage,HazmatCars,HazmatCarsDerailed,HazmatCarsReleasing,County,DisplayDate,DisplayTime,calendar,Fiscal,AccidentCause,RailroadCodes,RAILEQUIPMENT_TYPE,CauseGroup,CauseDiscipline,TYPE_OF_TRACK,StateName,latitude,longitude,GeoLocation
Derailments,2013:02:UP:0213NP003,0,0,278337,2339245,0,0,0,JEFFERSON,2/3/2013 0:00,12:41,2013,2013,"T001,","UP,",1,"T0,","T,",MAIN,Nebraska,40.115175,-97.157354,"Nebraska
(40.115175, -97.157354)"
Derailments,2015:05:BNSF:TX0515100,0,4,2176946,5592849,5,0,0,COOKE,5/8/2015 0:00,1:15,2015,2015,"M103,","BNSF,",1,"M1,","M,",MAIN,Texas,33.456774,-97.154731,"Texas
(33.456774, -97.154731)"
Highway-rail impact,2014:04:UP:0414SA014,0,0,6239,11326,0,0,0,LAVACA,4/18/2014 0:00,9:19,2014,2014,"M303,","UP,",1,"M3,","M,",MAIN,Texas,29.542312,-97.151569,"Texas
(29.542312, -97.151569)"
Derailments,2015:01:UP:0115SA001,0,0,66787,1348,0,0,0,BASTROP,1/1/2015 0:00,23:30,2015,2015,"T215,","UP,",4,"T2,","T,",YARD,Texas,30.0018,-97.150144,"Texas
(30.0018, -97.150144)"
Derailments,2015:01:UP:0115SA006,0,0,73711,3760,0,0,0,BASTROP,1/11/2015 0:00,17:55,2015,2015,"T110,","UP,",1,"T1,","T,",YARD,Texas,30.000898,-97.148032,"Texas
(30.000898, -97.148032)"
Highway-rail impact,2014:12:BNSF:NE1214200,0,1,0,15000,0,0,0,BUTLER,12/8/2014 0:00,23:11,2014,2015,"M302,","BNSF,",1,"M3,","M,",MAIN,Nebraska,41.205275,-97.14762,"Nebraska
(41.205275, -97.14762)"
Derailments,2013:01:BNSF:TX0113109,0,0,24600,6800,14,2,0,COOKE,1/16/2013 0:00,15:10,2013,2013,"H307,H303,","BNSF,",15,"H3,","H,",YARD,Texas,33.635723,-97.143073,"Texas
(33.635723, -97.143073)"
Derailments,2011:06:SKOL:D522411,0,0,14050,9400,0,0,0,COWLEY,6/14/2011 0:00,22:30,2011,2011,"T205,","SKOL,",1,"T2,","T,",MAIN,Kansas,37.24591,-97.14,"Kansas
(37.24591, -97.14)"
Derailments,2014:05:BNSF:TX0514105,0,0,2250000,242748,0,0,0,COOKE,5/20/2014 0:00,20:30,2014,2014,"T099,","BNSF,",1,"T0,","T,",MAIN,Texas,33.599738,-97.139992,"Texas
(33.599738, -97.139992)"
Highway-rail impact,2015:09:BNSF:TX0915203,0,0,0,58500,0,0,0,CARTER,9/9/2015 0:00,13:00,2015,2015,"M302,","BNSF,",9,"M3,","M,",MAIN,Oklahoma,34.064654,-97.138,"Oklahoma
(34.064654, -97.138)"
Derailments,2012:05:BNSF:NE0512113,0,0,7213,4616,0,0,0,BUTLER,5/29/2012 0:00,12:45,2012,2012,"E4BC,","BNSF,NCRC,",1,"E4,","E,",YARD,Nebraska,41.255759,-97.133582,"Nebraska
(41.255759, -97.133582)"
Derailments,2013:05:BNSF:NE0513103,0,0,8900,6000,0,0,0,BUTLER,5/17/2013 0:00,23:50,2013,2013,"T103,T001,T102,","BNSF,NCRC,",1,"T1,T0,T1,T0,","T,",YARD,Nebraska,41.252981,-97.133142,"Nebraska
(41.252981, -97.133142)"
Raking collision,2015:06:XTEX:INDUSTRY,0,0,0,100520,0,0,0,JOHNSON,6/13/2015 0:00,10:52,2015,2015,"H306,H302,","BNSF,",1,"H3,","H,",INDUSTRY,Texas,32.427087,-97.130376,"Texas
(32.427087, -97.130376)"
Derailments,2015:06:BNSF:TX0615100,0,0,7500,3057,7,0,0,CARTER,6/3/2015 0:00,14:05,2015,2015,"E46C,","BNSF,",1,"E4,","E,",MAIN,Oklahoma,34.166861,-97.128789,"Oklahoma
(34.166861, -97.128789)"
Other events,2011:06:BNSF:TX0611108,0,0,11000,0,31,0,0,CARTER,6/30/2011 0:00,20:15,2011,2011,"H607,H702,","BNSF,",7,"H6,H7,","H,",YARD,Oklahoma,34.171751,-97.125105,"Oklahoma
(34.171751, -97.125105)"
Derailments,2013:08:UP:0813FW005,0,0,26257,1001,0,0,0,HILL,8/12/2013 0:00,16:43,2013,2013,"T099,","UP,",4,"T0,","T,",YARD,Texas,31.996732,-97.125101,"Texas
(31.996732, -97.125101)"
Highway-rail impact,2012:06:BNSF:TC0612200,0,0,2000,10200,0,0,0,ROBERTS,6/19/2012 0:00,11:09,2012,2012,"M302,M304,","BNSF,",1,"M3,","M,",MAIN,South Dakota,45.325541,-97.12362,"South Dakota
(45.325541, -97.12362)"
Highway-rail impact,2011:07:RRVW:0712201101,0,2,8423,100000,0,0,0,CASS,7/12/2011 0:00,11:20,2011,2011,"M304,","RRVW,",1,"M3,","M,",MAIN,North Dakota,46.7746,-97.12268,"North Dakota
(46.7746, -97.12268)"
Highway-rail impact,2014:10:BNSF:TX1014201,1,0,2600,10497,0,0,0,MURRAY,10/24/2014 0:00,12:05,2014,2015,"M302,M308,","BNSF,UP,",1,"M3,","M,",MAIN,Oklahoma,34.504686,-97.122664,"Oklahoma
(34.504686, -97.122664)"
Derailments,2011:10:UP:1011SA014,0,0,800,23564,25,0,0,FAYETTE,10/18/2011 0:00,13:55,2011,2012,"E00C,","UP,",1,"E0,","E,",SIDING,Texas,29.68707,-97.120025,"Texas
(29.68707, -97.120025)"
Derailments,2011:06:UP:0611FW036,0,0,228,10449,0,0,0,TARRANT,6/28/2011 0:00,6:56,2011,2011,"H511,","UP,",7,"H5,","H,",YARD,Texas,32.737552,-97.112709,"Texas
(32.737552, -97.112709)"
Derailments,2014:07:UP:0714FW021,0,0,0,58534,0,0,0,MCLENNAN,7/22/2014 0:00,1:30,2014,2014,"M405,","UP,",76,"M4,","M,",YARD,Texas,31.573179,-97.107476,"Texas
(31.573179, -97.107476)"
Derailments,2012:11:BNSF:NE1112108,0,0,71295,6000,0,0,0,SEWARD,11/23/2012 0:00,18:15,2012,2013,"E47C,T102,","BNSF,",1,"E4,T1,","E,T,",MAIN,Nebraska,40.90505,-97.10711,"Nebraska
(40.90505, -97.10711)"
Derailments,2011:09:UP:0911FW020,0,0,218529,7763,43,0,0,JOHNSON,9/20/2011 0:00,16:30,2011,2011,"M405,","UP,",1,"M4,","M,",MAIN,Texas,32.163898,-97.105438,"Texas
(32.163898, -97.105438)"
Derailments,2014:02:BNSF:SF0214110,0,0,350000,1746056,0,0,0,NOBLE,2/22/2014 0:00,15:35,2014,2014,"M506,","BNSF,",1,"M5,","M,",MAIN,Oklahoma,36.315354,-97.103809,"Oklahoma
(36.315354, -97.103809)"
Derailments,2013:04:UP:0413NP007,0,0,91628,197088,0,0,0,JEFFERSON,4/11/2013 0:00,23:27,2013,2013,"T001,","UP,",1,"T0,","T,",MAIN,Nebraska,40.174712,-97.101723,"Nebraska
(40.174712, -97.101723)"
Derailments,2012:02:UP:0212FW014,0,0,260056,123695,12,0,0,TARRANT,2/17/2012 0:00,24:50:00,2012,2012,"E00C,","UP,",1,"E0,","E,",MAIN,Texas,32.736992,-97.100023,"Texas
(32.736992, -97.100023)"
Derailments,2016:01:UP:0116FW005,0,0,1297,81259,0,0,0,MCLENNAN,1/11/2016 0:00,13:00,2016,2016,"H303,","UP,",7,"H3,","H,",YARD,Texas,31.585316,-97.097401,"Texas
(31.585316, -97.097401)"
Derailments,2011:12:FCIO:INDUSTRY,0,0,6500,6400,9,0,0,SALINE,12/20/2011 0:00,21:40,2011,2012,"H307,H303,","BNSF,",1,"H3,","H,",INDUSTRY,Nebraska,40.641558,-97.096207,"Nebraska
(40.641558, -97.096207)"
Derailments,2013:02:UP:0213FW003,0,0,37884,870,0,0,0,MCLENNAN,2/5/2013 0:00,19:45,2013,2013,"T211,","UP,",1,"T2,","T,",YARD,Texas,31.587968,-97.095555,"Texas
(31.587968, -97.095555)"
Derailments,2012:08:UP:0812FW029,0,0,18993,5864,0,0,0,MCLENNAN,8/24/2012 0:00,1:50,2012,2012,"T304,","UP,",7,"T3,","T,",YARD,Texas,31.593823,-97.092873,"Texas
(31.593823, -97.092873)"
Derailments,2013:12:BNSF:TC1213133,0,0,426225,65000,0,0,0,CEDAR,12/7/2013 0:00,8:00,2013,2014,"T221,","BNSF,",1,"T2,","T,",MAIN,Nebraska,42.252331,-97.091026,"Nebraska
(42.252331, -97.091026)"
Raking collision,2015:09:BNSF:TC0915105,0,0,0,19069,4,4,0,GRAND FORKS,9/12/2015 0:00,4:45,2015,2015,"H302,H307,","BNSF,",7,"H3,","H,",MAIN,North Dakota,47.977176,-97.088446,"North Dakota
(47.977176, -97.088446)"
Derailments,2013:04:BNSF:TX0413101,0,0,27000,11193,1,1,0,KAY,4/10/2013 0:00,18:20,2013,2013,"T221,","BNSF,",1,"T2,","T,",YARD,Oklahoma,36.699489,-97.085476,"Oklahoma
(36.699489, -97.085476)"
Derailments,2012:11:BNSF:TX1112104,0,0,500,19081,1,0,0,JOHNSON,11/4/2012 0:00,13:45,2012,2013,"T108,","BNSF,",1,"T1,","T,",MAIN,Texas,32.441512,-97.085278,"Texas
(32.441512, -97.085278)"
Derailments,2014:07:BNSF:TC0714115,0,0,293619,50215,0,0,0,GRAND FORKS,7/29/2014 0:00,2:45,2014,2014,"T220,","BNSF,",1,"T2,","T,",YARD,North Dakota,47.918566,-97.084718,"North Dakota
(47.918566, -97.084718)"
Raking collision,2013:03:BNSF:TC0313129,0,0,0,52536,17,0,0,GRAND FORKS,3/18/2013 0:00,20:55,2013,2013,"H401,H602,","BNSF,",17,"H4,H6,H4,H6,","H,",YARD,North Dakota,47.91856,-97.082385,"North Dakota
(47.91856, -97.082385)"
Derailments,2013:07:BNSF:TX0713102,0,0,577882,84258,0,0,0,CARTER,7/10/2013 0:00,15:30,2013,2013,"T109,","BNSF,",1,"T1,","T,",MAIN,Oklahoma,34.227599,-97.081471,"Oklahoma
(34.227599, -97.081471)"
Highway-rail impact,2014:11:UP:1114SA003,0,0,448,12299,0,0,0,MILAM,11/3/2014 0:00,16:00,2014,2015,"M302,","UP,",1,"M3,","M,",MAIN,Texas,30.635276,-97.080884,"Texas
(30.635276, -97.080884)"
Highway-rail impact,2015:04:UP:0415SA007,1,0,0,14452,0,0,0,MILAM,4/8/2015 0:00,21:50,2015,2015,"M302,","UP,",1,"M3,","M,",MAIN,Texas,30.635276,-97.080884,"Texas
(30.635276, -97.080884)"
Derailments,2011:08:UP:0811FW026,0,0,9002,712,0,0,0,TARRANT,8/24/2011 0:00,3:40,2011,2011,"T223,","UP,",7,"T2,","T,",YARD,Texas,32.746713,-97.07924,"Texas
(32.746713, -97.07924)"
Derailments,2011:11:BNSF:NE1111107,0,0,341000,191219,7,1,0,SEWARD,11/20/2011 0:00,8:00,2011,2012,"T207,","BNSF,",1,"T2,","T,",MAIN,Nebraska,40.837443,-97.078305,"Nebraska
(40.837443, -97.078305)"
Derailments,2012:02:UP:0212FW018,0,0,81100,4606,0,0,0,TARRANT,2/23/2012 0:00,1:15,2012,2012,"H702,H704,","UP,",7,"H7,","H,",YARD,Texas,32.742917,-97.067503,"Texas
(32.742917, -97.067503)"
Derailments,2011:07:BNSF:NE0711100,0,0,1900000,0,0,0,0,SEWARD,7/2/2011 0:00,21:35,2011,2011,"T102,","BNSF,",1,"T1,","T,",MAIN,Nebraska,40.803663,-97.067203,"Nebraska
(40.803663, -97.067203)"
Derailments,2015:07:UP:0715FW027,0,0,327770,1265886,0,0,0,TARRANT,7/26/2015 0:00,15:17,2015,2015,"T109,H599,","BNSF,UP,",1,"T1,H5,","T,H,",MAIN,Texas,32.549464,-97.066846,"Texas
(32.549464, -97.066846)"
Derailments,2011:11:BNSF:TC1111102,0,0,40000,41613,0,0,0,GRAND FORKS,11/7/2011 0:00,18:30,2011,2012,"E69C,","BNSF,",7,"E6,","E,",YARD,North Dakota,47.9169,-97.0639,"North Dakota
(47.9169, -97.0639)"
Derailments,2013:06:GMC:INDUSTRY,0,0,6270,21169,0,0,0,TARRANT,6/12/2013 0:00,5:10,2013,2013,"E35C,","UP,",7,"E3,","E,",INDUSTRY,Texas,32.742299,-97.061694,"Texas
(32.742299, -97.061694)"
Fire/violent rupture,2016:02:UP:0216FW008,0,0,0,122532,0,0,0,TARRANT,2/11/2016 0:00,23:20,2016,2016,"E74L,","UP,",8,"E7,","E,",YARD,Texas,32.742339,-97.061687,"Texas
(32.742339, -97.061687)"
Derailments,2011:08:UP:0811FW012,0,0,21665,6345,0,0,0,TARRANT,8/12/2011 0:00,11:30,2011,2011,"T309,","UP,",7,"T3,","T,",YARD,Texas,32.741082,-97.058819,"Texas
(32.741082, -97.058819)"
Derailments,2014:02:BNSF:TC0214121,0,0,1800,9627,0,0,0,GRAND FORKS,2/28/2014 0:00,4:00,2014,2014,"H307,H702,","BNSF,",7,"H3,H7,","H,",YARD,North Dakota,47.91801,-97.055873,"North Dakota
(47.91801, -97.055873)"
Derailments,2011:09:BNSF:TC0911101,0,0,3335,15011,0,0,0,GRAND FORKS,9/2/2011 0:00,20:50,2011,2011,"T110,","BNSF,",7,"T1,","T,",YARD,North Dakota,47.918501,-97.053139,"North Dakota
(47.918501, -97.053139)"
Derailments,2011:06:BNSF:TC0611106,0,0,6000,6000,0,0,0,GRAND FORKS,6/17/2011 0:00,18:50,2011,2011,"T207,","BNSF,",8,"T2,","T,",YARD,North Dakota,47.918341,-97.0518,"North Dakota
(47.918341, -97.0518)"
Highway-rail impact,2013:01:BNSF:TX0113200,0,0,0,40041,38,0,0,KAY,1/28/2013 0:00,10:20,2013,2013,"M302,M304,M303,","BNSF,UP,",1,"M3,","M,",MAIN,Oklahoma,36.839705,-97.046252,"Oklahoma
(36.839705, -97.046252)"
Derailments,2014:07:UP:0714FW011,0,0,19320,56248,0,0,0,TARRANT,7/9/2014 0:00,21:10,2014,2014,"T313,","UP,",1,"T3,","T,",YARD,Texas,32.739304,-97.046222,"Texas
(32.739304, -97.046222)"
Derailments,2015:04:UP:0415FW015,0,0,12170,2010,0,0,0,TARRANT,4/15/2015 0:00,16:15,2015,2015,"E41C,","UP,",1,"E4,","E,",YARD,Texas,32.739304,-97.046222,"Texas
(32.739304, -97.046222)"
Derailments,2016:06:UP:0616SA018,0,0,66926,6034,0,0,0,FAYETTE,6/21/2016 0:00,7:05,2016,2016,"T106,","UP,",1,"T1,","T,",MAIN,Texas,29.955161,-97.046192,"Texas
(29.955161, -97.046192)"
Highway-rail impact,2014:02:UP:0214FW010,0,0,200,20078,0,0,0,TARRANT,2/17/2014 0:00,15:07,2014,2014,"M302,","UP,",1,"M3,","M,",MAIN,Texas,32.739216,-97.045958,"Texas
(32.739216, -97.045958)"
Derailments,2011:08:UP:0811SA018,0,0,177208,705782,0,0,0,FAYETTE,8/21/2011 0:00,18:00,2011,2011,"T109,","UP,",1,"T1,","T,",MAIN,Texas,29.955091,-97.041348,"Texas
(29.955091, -97.041348)"
Derailments,2014:12:BNSF:TX1214101,0,0,217401,21853,9,3,0,COWLEY,12/5/2014 0:00,24:24:00,2014,2015,"H703,","BNSF,",7,"H7,","H,",YARD,Kansas,37.06162,-97.03293,"Kansas
(37.06162, -97.03293)"
Derailments,2015:06:BNSF:TX0615101,0,0,239454,278,0,0,0,COWLEY,6/5/2015 0:00,11:20,2015,2015,"H307,H702,","BNSF,UP,",1,"H3,H7,","H,",YARD,Kansas,37.052879,-97.032871,"Kansas
(37.052879, -97.032871)"
Highway-rail impact,2011:11:DCTA:DCTA11005,0,0,0,20258,0,0,0,DENTON,11/14/2011 0:00,17:53,2011,2012,"M303,","DCTA,",NA,"M3,","M,",MAIN,Texas,33.1226,-97.032505,"Texas
(33.1226, -97.032505)"
Highway-rail impact,2015:08:DCTA:DCTA15001,1,0,176514,316000,0,0,0,DENTON,8/6/2015 0:00,8:40,2015,2015,"M302,","DCTA,",NA,"M3,","M,",MAIN,Texas,33.122588,-97.032478,"Texas
(33.122588, -97.032478)"
Other events,2015:06:BNSF:TX0615112,0,0,0,20922,0,0,0,COWLEY,6/18/2015 0:00,11:00,2015,2015,"H318,","BNSF,",7,"H3,","H,",YARD,Kansas,37.059571,-97.032148,"Kansas
(37.059571, -97.032148)"
Derailments,2014:04:BNSF:TX0414104,0,0,4950,7300,0,0,0,ELLIS,4/9/2014 0:00,10:55,2014,2014,"T111,","BNSF,",1,"T1,","T,",YARD,Texas,32.465331,-97.029324,"Texas
(32.465331, -97.029324)"
Highway-rail impact,2013:02:DCTA:13001,0,0,0,9932,0,0,0,DENTON,2/11/2013 0:00,8:06,2013,2013,"M304,","DCTA,",NA,"M3,","M,",MAIN,Texas,33.118889,-97.029184,"Texas
(33.118889, -97.029184)"
Derailments,2015:05:UP:0515FW024,0,0,504331,93817,0,0,0,ELLIS,5/31/2015 0:00,9:50,2015,2015,"T002,","UP,",1,"T0,","T,",MAIN,Texas,32.522115,-97.014629,"Texas
(32.522115, -97.014629)"
Derailments,2014:07:UP:0714FW012,0,0,224072,116608,0,0,0,ELLIS,7/9/2014 0:00,18:38,2014,2014,"T109,","UP,",1,"T1,","T,",MAIN,Texas,32.511719,-97.008886,"Texas
(32.511719, -97.008886)"
Derailments,2014:07:BNSF:NE0714103,0,0,300000,201988,0,0,0,SALINE,7/10/2014 0:00,19:30,2014,2014,"T001,","BNSF,",1,"T0,","T,",MAIN,Nebraska,40.622996,-97.008341,"Nebraska
(40.622996, -97.008341)"
Fire/violent rupture,2011:10:TRE:2011006,0,0,0,25000,0,0,0,TARRANT,10/27/2011 0:00,17:19,2011,2012,"E71L,","TRE,",NA,"E7,","E,",MAIN,Texas,32.816132,-97.008075,"Texas
(32.816132, -97.008075)"
Derailments,2016:08:UP:0816SA023,0,0,0,19123,0,0,0,VICTORIA,8/31/2016 0:00,21:41,2016,2016,"H305,","UP,",NA,"H3,","H,",INDUSTRY,Texas,28.825374,-97.0052,"Texas
(28.825374, -97.0052)"
Derailments,2016:04:BNSF:TC0416112,0,0,221846,15379,1,0,0,CASS,4/24/2016 0:00,10:35,2016,2016,"E53C,","BNSF,",1,"E5,","E,",MAIN,North Dakota,47.236829,-97.001666,"North Dakota
(47.236829, -97.001666)"
Highway-rail impact,2013:03:DCTA:DCTA13002,0,2,0,60000,0,0,0,DENTON,3/14/2013 0:00,11:50,2013,2013,"M302,M304,","DCTA,",NA,"M3,","M,",MAIN,Texas,33.053781,-96.99224,"Texas
(33.053781, -96.99224)"
Derailments,2015:05:FWWR:15052901,0,0,141845,60630,0,0,0,DALLAS,5/29/2015 0:00,13:00,2015,2015,"M103,","FWWR,",1,"M1,","M,",MAIN,Texas,32.97654,-96.99181,"Texas
(32.97654, -96.99181)"
Highway-rail impact,2012:05:DCTA:DCTA12002,0,0,0,12000,0,0,0,DENTON,5/15/2012 0:00,15:35,2012,2012,"M304,","DCTA,",NA,"M3,","M,",MAIN,Texas,33.046263,-96.985781,"Texas
(33.046263, -96.985781)"
Derailments,2015:01:UP:0115NP010,0,0,10490,7816,0,0,0,JEFFERSON,1/8/2015 0:00,3:30,2015,2015,"H022,","UP,",7,"H0,","H,",INDUSTRY,Nebraska,40.303831,-96.984613,"Nebraska
(40.303831, -96.984613)"
Derailments,2015:03:XTCB:INDUSTRY,0,0,23206,250,0,0,0,ELLIS,3/10/2015 0:00,20:30,2015,2015,"T113,","UP,",1,"T1,","T,",INDUSTRY,Texas,32.484172,-96.98414,"Texas
(32.484172, -96.98414)"
Highway-rail impact,2011:10:DCTA:DCTA11003,0,2,0,17590,0,0,0,DENTON,10/14/2011 0:00,16:19,2011,2012,"M302,","DCTA,",NA,"M3,","M,",MAIN,Texas,33.041656,-96.983763,"Texas
(33.041656, -96.983763)"
Obstruction impact,2014:07:UP:0714FW010,0,0,30250,0,0,0,0,DALLAS,7/4/2014 0:00,1:50,2014,2014,"M404,","UP,",1,"M4,","M,",MAIN,Texas,32.745667,-96.983672,"Texas
(32.745667, -96.983672)"
Highway-rail impact,2015:03:TRE:TRE15001,0,0,0,20000,0,0,0,DALLAS,3/2/2015 0:00,22:15,2015,2015,"M302,","TRE,",NA,"M3,","M,",MAIN,Texas,32.815205,-96.968149,"Texas
(32.815205, -96.968149)"
Highway-rail impact,2013:05:TRE:TRE13001,1,0,0,25000,0,0,0,DALLAS,5/30/2013 0:00,24:50:00,2013,2013,"M308,","TRE,",NA,"M3,","M,",MAIN,Texas,32.815307,-96.967845,"Texas
(32.815307, -96.967845)"
Derailments,2014:10:BNSF:KS1014104,0,0,5600,165048,0,0,0,BUTLER,10/9/2014 0:00,1:00,2014,2015,"H307,H601,","BNSF,",1,"H3,H6,","H,",SIDING,Kansas,37.682848,-96.966985,"Kansas
(37.682848, -96.966985)"
Derailments,2011:11:UP:1111NP021,0,0,10,11454,0,0,0,JEFFERSON,11/14/2011 0:00,10:00,2011,2012,"M599,","UP,",9,"M5,","M,",MAIN,Nebraska,40.324257,-96.965423,"Nebraska
(40.324257, -96.965423)"
Highway-rail impact,2013:11:DCTA:DCTA13003,0,1,0,21402,0,0,0,DENTON,11/7/2013 0:00,15:45,2013,2014,"M302,","DCTA,",NA,"M3,","M,",MAIN,Texas,33.012828,-96.960408,"Texas
(33.012828, -96.960408)"
Derailments,2012:03:UP:0312FW018,0,0,169088,4879,0,0,0,DENTON,3/24/2012 0:00,11:30,2012,2012,"T102,T001,","UP,",1,"T1,T0,","T,",MAIN,Texas,33.39635,-96.958719,"Texas
(33.39635, -96.958719)"
Highway-rail impact,2012:12:UP:1212FW001,1,0,12196,0,102,0,0,DENTON,12/1/2012 0:00,9:30,2012,2013,"M308,","UP,",1,"M3,","M,",MAIN,Texas,33.39635,-96.958719,"Texas
(33.39635, -96.958719)"
Derailments,2012:10:UP:1012FW015,0,0,60406,1327,7,0,0,DENTON,10/20/2012 0:00,13:45,2012,2013,"T102,","UP,",1,"T1,","T,",MAIN,Texas,33.423017,-96.955053,"Texas
(33.423017, -96.955053)"
Derailments,2014:11:BNSF:KS1114109,0,0,15450,900,0,0,0,BUTLER,11/17/2014 0:00,20:30,2014,2015,"H702,","BNSF,",1,"H7,","H,",MAIN,Kansas,37.692926,-96.953879,"Kansas
(37.692926, -96.953879)"
Highway-rail impact,2012:06:BNSF:SF0612201,0,0,210000,30340,1,0,0,NOBLE,6/16/2012 0:00,10:15,2012,2012,"M303,","BNSF,",1,"M3,","M,",MAIN,Oklahoma,36.306683,-96.951652,"Oklahoma
(36.306683, -96.951652)"
Derailments,2014:08:GPEZ:INDUSTRY,0,0,25000,75906,0,0,0,TURNER,8/25/2014 0:00,23:25,2014,2014,"T112,","BNSF,",1,"T1,","T,",INDUSTRY,South Dakota,43.366713,-96.951548,"South Dakota
(43.366713, -96.951548)"
Other impacts,2013:07:UP:0713KC007,0,0,1320,25131,0,0,0,DICKINSON,7/9/2013 0:00,17:17,2013,2013,"H021,","UP,",76,"H0,","H,",YARD,Kansas,38.692268,-96.950414,"Kansas
(38.692268, -96.950414)"
Derailments,2015:01:UP:0115KC005,0,0,3220,28340,30,0,0,DICKINSON,1/20/2015 0:00,14:31,2015,2015,"E23C,","UP,",7,"E2,","E,",YARD,Kansas,38.692268,-96.950414,"Kansas
(38.692268, -96.950414)"
Other events,2013:03:UP:0313KC011,0,0,0,15055,0,0,0,DICKINSON,3/16/2013 0:00,24:00:00,2013,2013,"H312,","UP,",5,"H3,","H,",YARD,Kansas,38.683804,-96.9497,"Kansas
(38.683804, -96.9497)"
Derailments,2012:08:UP:0812KC008,0,0,1688,10579,0,0,0,DICKINSON,8/20/2012 0:00,13:30,2012,2012,"T314,","UP,",1,"T3,","T,",YARD,Kansas,38.673895,-96.949536,"Kansas
(38.673895, -96.949536)"
Other impacts,2012:01:UP:0112KC009,0,0,0,15261,3,1,1,DICKINSON,1/8/2012 0:00,15:25,2012,2012,"H318,","UP,",57,"H3,","H,",YARD,Kansas,38.684753,-96.949453,"Kansas
(38.684753, -96.949453)"
Derailments,2012:10:UP:1012KC015,0,0,0,10579,5,0,0,DICKINSON,10/28/2012 0:00,23:55,2012,2013,"H308,","UP,",7,"H3,","H,",YARD,Kansas,38.684753,-96.949453,"Kansas
(38.684753, -96.949453)"
Derailments,2015:04:UP:0415FW002,0,0,81457,216681,4,1,0,MCLENNAN,4/4/2015 0:00,16:26,2015,2015,"M204,","UP,",1,"M2,","M,",MAIN,Texas,31.497061,-96.939183,"Texas
(31.497061, -96.939183)"
Derailments,2014:07:UP:0714FW004,0,0,200386,971381,0,0,0,ELLIS,7/6/2014 0:00,17:58,2014,2014,"T111,","UP,",1,"T1,","T,",MAIN,Texas,32.45445,-96.938934,"Texas
(32.45445, -96.938934)"
Derailments,2015:12:KCS:15123001,0,0,50000,18200,0,0,0,VICTORIA,12/30/2015 0:00,4:00,2015,2016,"H703,","KCS,",1,"H7,","H,",SIDING,Texas,28.826481,-96.937453,"Texas
(28.826481, -96.937453)"
Obstruction impact,2014:06:UP:0614NP023,0,0,89250,8958,0,0,0,WASHINGTON,6/20/2014 0:00,19:28,2014,2014,"M404,","UP,",1,"M4,","M,",MAIN,Kansas,39.932243,-96.935262,"Kansas
(39.932243, -96.935262)"
Highway-rail impact,2013:11:BNSF:KS1113202,0,1,0,20000,3,0,0,BUTLER,11/25/2013 0:00,22:55,2013,2014,"M303,","BNSF,",1,"M3,","M,",MAIN,Kansas,37.708501,-96.934902,"Kansas
(37.708501, -96.934902)"
Highway-rail impact,2015:06:TRE:TRE15003,0,0,0,15000,0,0,0,DALLAS,6/6/2015 0:00,23:20,2015,2015,"M302,","TRE,",3,"M3,","M,",MAIN,Texas,32.814706,-96.934342,"Texas
(32.814706, -96.934342)"
Derailments,2011:07:UP:0711FW005,0,0,55095,20950,46,1,0,ELLIS,7/5/2011 0:00,16:12,2011,2011,"T109,","UP,",1,"T1,","T,",MAIN,Texas,32.443926,-96.928363,"Texas
(32.443926, -96.928363)"
Highway-rail impact,2013:05:BNSF:SF0513201,1,0,0,20192,0,0,0,PAWNEE,5/8/2013 0:00,24:48:00,2013,2013,"M302,","BNSF,",1,"M3,","M,",MAIN,Oklahoma,36.31891,-96.926092,"Oklahoma
(36.31891, -96.926092)"
Derailments,2013:05:UP:0513NP016,0,0,10646,739045,0,0,0,WASHINGTON,5/18/2013 0:00,23:04,2013,2013,"M102,","UP,",1,"M1,","M,",MAIN,Kansas,39.927725,-96.922223,"Kansas
(39.927725, -96.922223)"
Derailments,2016:05:UP:0516FW012,0,0,328063,24404,1,0,0,GRAYSON,5/13/2016 0:00,8:00,2016,2016,"M204,","UP,",1,"M2,","M,",MAIN,Texas,33.45656,-96.921878,"Texas
(33.45656, -96.921878)"
Derailments,2014:07:UP:0714NP009,0,0,108747,4414,0,0,0,SALINE,7/6/2014 0:00,15:45,2014,2014,"T111,","UP,",1,"T1,","T,",MAIN,Nebraska,40.377695,-96.917133,"Nebraska
(40.377695, -96.917133)"
Highway-rail impact,2013:12:BNSF:GC1213202,0,0,2700,18705,0,0,0,MILAM,12/18/2013 0:00,13:35,2013,2014,"M302,","BNSF,",1,"M3,","M,",MAIN,Texas,30.752706,-96.906803,"Texas
(30.752706, -96.906803)"
Derailments,2016:01:BNSF:TX0116102,0,0,3500,42000,0,0,0,DALLAS,1/5/2016 0:00,11:00,2016,2016,"H020,","BNSF,",6,"H0,","H,",YARD,Texas,32.689452,-96.904955,"Texas
(32.689452, -96.904955)"
Derailments,2012:06:UP:0612FW010,0,0,11590,1756,0,0,0,DALLAS,6/11/2012 0:00,11:50,2012,2012,"T110,","UP,",7,"T1,","T,",YARD,Texas,32.771374,-96.903251,"Texas
(32.771374, -96.903251)"
Derailments,2014:02:UP:0214HO009,0,0,5671,67910,32,1,0,VICTORIA,2/8/2014 0:00,15:45,2014,2014,"H306,","UP,",7,"H3,","H,",YARD,Texas,28.643646,-96.897205,"Texas
(28.643646, -96.897205)"
Derailments,2013:04:UP:0413FW018,0,0,44538,22095,0,0,0,FALLS,4/24/2013 0:00,5:30,2013,2013,"M507,","UP,",1,"M5,","M,",MAIN,Texas,31.300231,-96.890873,"Texas
(31.300231, -96.890873)"
Derailments,2013:05:UP:0513HO013,0,0,11082,10435,17,2,0,VICTORIA,5/10/2013 0:00,2:42,2013,2013,"H607,","UP,",7,"H6,","H,",YARD,Texas,28.656236,-96.879319,"Texas
(28.656236, -96.879319)"