AccidentType,inckey,Fatalities,Injuries,TrackDamage,EquipmentDamage,HazmatCars,HazmatCarsDerailed,HazmatCarsReleasing,County,DisplayDate,DisplayTime,calendar,Fiscal,AccidentCause,RailroadCodes,RAILEQUIPMENT_TYPE,CauseGroup,CauseDiscipline,TYPE_OF_TRACK,StateName,latitude,longitude,GeoLocation
Derailments,2015:05:UP:0515NP019,0,0,60494,9268,0,0,0,GAGE,5/25/2015 0:00,14:00,2015,2015,"T001,","UP,",1,"T0,","T,",MAIN,Nebraska,40.436368,-96.87573,"Nebraska
(40.436368, -96.87573)"
Highway-rail impact,2014:04:UP:0414FW036,0,0,41074,0,0,0,0,DALLAS,4/30/2014 0:00,7:56,2014,2014,"M399,","UP,",1,"M3,","M,",MAIN,Texas,32.777175,-96.873841,"Texas
(32.777175, -96.873841)"
Derailments,2014:10:BNSF:TC1014112,0,0,10000,4981,5,0,0,MARSHALL,10/16/2014 0:00,12:20,2014,2015,"H307,H702,","BNSF,",1,"H3,H7,","H,",SIDING,Minnesota,48.450537,-96.873551,"Minnesota
(48.450537, -96.873551)"
Derailments,2011:10:ZHFR:INDUSTRY,0,0,6000,6200,11,0,0,BUTLER,10/4/2011 0:00,23:50,2011,2012,"H704,","BNSF,",1,"H7,","H,",INDUSTRY,Kansas,37.78797,-96.871711,"Kansas
(37.78797, -96.871711)"
Derailments,2016:07:ZHFR:INDUSTRY,0,0,1500,12685,2,2,0,BUTLER,7/25/2016 0:00,20:06,2016,2016,"T316,","BNSF,",1,"T3,","T,",INDUSTRY,Kansas,37.792708,-96.868742,"Kansas
(37.792708, -96.868742)"
Highway-rail impact,2014:08:UP:0814FW032,0,1,30450,3294,0,0,0,DALLAS,8/29/2014 0:00,4:00,2014,2014,"M301,M304,","UP,",1,"M3,","M,",MAIN,Texas,32.776471,-96.866706,"Texas
(32.776471, -96.866706)"
Derailments,2013:04:UP:0413CB005,0,0,49233,680087,0,0,0,DODGE,4/9/2013 0:00,4:45,2013,2013,"M105,","UP,",1,"M1,","M,",MAIN,Nebraska,41.462735,-96.865164,"Nebraska
(41.462735, -96.865164)"
Derailments,2014:12:UP:1214CB015,0,0,819229,1017504,0,0,0,DODGE,12/26/2014 0:00,4:40,2014,2015,"E53C,","UP,",1,"E5,","E,",MAIN,Nebraska,41.462677,-96.862406,"Nebraska
(41.462677, -96.862406)"
Derailments,2013:03:BNSF:TC0313144,0,0,7000,22425,0,0,0,CASS,3/27/2013 0:00,22:25,2013,2013,"T111,","BNSF,",1,"T1,","T,",MAIN,North Dakota,46.904328,-96.859971,"North Dakota
(46.904328, -96.859971)"
Rear end collision,2012:07:BNSF:TX0712114,0,0,0,23500,0,0,0,DENTON,7/26/2012 0:00,17:00,2012,2012,"H997,","BNSF,",9,"H9,","H,",MAIN,Texas,33.045098,-96.859712,"Texas
(33.045098, -96.859712)"
Rear end collision,2014:10:BNSF:TC1014124,0,0,0,10500,0,0,0,CASS,10/31/2014 0:00,9:30,2014,2015,"H997,","BNSF,",65,"H9,","H,",SIDING,North Dakota,46.942181,-96.85319,"North Dakota
(46.942181, -96.85319)"
Derailments,2011:09:BNSF:TX0911113,0,0,70000,3300,0,0,0,PONTOTOC,9/21/2011 0:00,22:30,2011,2011,"E64C,T314,","BNSF,",1,"E6,T3,","E,T,",SIDING,Oklahoma,34.627086,-96.847438,"Oklahoma
(34.627086, -96.847438)"
Derailments,2012:06:UP:0612DV013,0,0,133116,1241146,0,0,0,GEARY,6/27/2012 0:00,16:40,2012,2012,"T109,","UP,",1,"T1,","T,",MAIN,Kansas,39.002205,-96.844339,"Kansas
(39.002205, -96.844339)"
Derailments,2014:11:BNSF:TX1114103,0,0,208000,159914,0,0,0,MURRAY,11/9/2014 0:00,10:32,2014,2015,"T001,","BNSF,",1,"T0,","T,",YARD,Oklahoma,34.466152,-96.841686,"Oklahoma
(34.466152, -96.841686)"
Derailments,2016:08:UP:0816SA011,0,0,100534,1947697,0,0,0,LEE,8/19/2016 0:00,6:50,2016,2016,"T001,T204,","BNSF,UP,",1,"T0,T2,T0,T2,","T,",MAIN,Texas,30.33895,-96.837445,"Texas
(30.33895, -96.837445)"
Other events,2015:06:BNSF:TX0615118,0,0,0,41347,0,0,0,COLLIN,6/15/2015 0:00,8:00,2015,2015,"H997,","BNSF,",NA,"H9,","H,",MAIN,Texas,33.1373,-96.836195,"Texas
(33.1373, -96.836195)"
Derailments,2015:05:VMQ:INDUSTRY,0,0,4000,20250,0,0,0,COLLIN,5/17/2015 0:00,18:29,2015,2015,"T110,","BNSF,",1,"T1,","T,",INDUSTRY,Texas,33.139953,-96.834725,"Texas
(33.139953, -96.834725)"
Derailments,2012:03:XTXI:INDUSTRY,0,0,250,130600,0,0,0,JOHNSTON,3/13/2012 0:00,16:50,2012,2012,"T311,","BNSF,",1,"T3,","T,",INDUSTRY,Oklahoma,34.389177,-96.821545,"Oklahoma
(34.389177, -96.821545)"
Derailments,2014:07:BNSF:TC0714105,0,0,85000,33407,0,0,0,CASS,7/15/2014 0:00,16:15,2014,2014,"T109,","BNSF,",4,"T1,","T,",YARD,North Dakota,46.898383,-96.82138,"North Dakota
(46.898383, -96.82138)"
Derailments,2015:12:UP:1215SA021,0,0,118443,1016345,0,0,0,FAYETTE,12/19/2015 0:00,23:40,2015,2016,"T207,","UP,",1,"T2,","T,",MAIN,Texas,29.904443,-96.816942,"Texas
(29.904443, -96.816942)"
Derailments,2012:03:BNSF:TX0312104,0,0,0,93529,0,0,0,PONTOTOC,3/14/2012 0:00,8:17,2012,2012,"E33C,","BNSF,",1,"E3,","E,",MAIN,Oklahoma,34.640509,-96.813786,"Oklahoma
(34.640509, -96.813786)"
Derailments,2015:05:UP:0515FW002,0,0,3690,26860,0,0,0,DALLAS,5/4/2015 0:00,4:18,2015,2015,"T199,","UP,",1,"T1,","T,",MAIN,Texas,32.781033,-96.809927,"Texas
(32.781033, -96.809927)"
Derailments,2012:12:XMMM:INDUSTRY,0,0,1000,50000,0,0,0,JOHNSTON,12/18/2012 0:00,19:50,2012,2013,"T201,","BNSF,",1,"T2,","T,",INDUSTRY,Oklahoma,34.372767,-96.807715,"Oklahoma
(34.372767, -96.807715)"
Derailments,2015:05:BNSF:NE0515101,0,0,831702,265750,8,1,0,LANCASTER,5/7/2015 0:00,11:00,2015,2015,"M103,","BNSF,",1,"M1,","M,",MAIN,Nebraska,40.767674,-96.804766,"Nebraska
(40.767674, -96.804766)"
Derailments,2013:06:UP:0613FW019,0,0,8813,5407,0,0,0,DALLAS,6/14/2013 0:00,23:30,2013,2013,"E23C,","UP,",1,"E2,","E,",MAIN,Texas,32.771768,-96.80405,"Texas
(32.771768, -96.80405)"
Derailments,2015:02:BNSF:GC0215113,0,0,0,24500,0,0,0,BURLESON,2/20/2015 0:00,11:50,2015,2015,"H997,","BNSF,",NA,"H9,","H,",MAIN,Texas,30.627629,-96.789934,"Texas
(30.627629, -96.789934)"
Derailments,2012:05:UP:0512SA007,0,0,0,96386,0,0,0,COLORADO,5/10/2012 0:00,17:40,2012,2012,"M102,","UP,",1,"M1,","M,",MAIN,Texas,29.701462,-96.788009,"Texas
(29.701462, -96.788009)"
Derailments,2013:02:BNSF:NE0213105,0,0,12000,1000,0,0,0,LANCASTER,2/21/2013 0:00,21:43,2013,2013,"E39C,","BNSF,",7,"E3,","E,",YARD,Nebraska,40.807773,-96.781172,"Nebraska
(40.807773, -96.781172)"
Derailments,2014:10:BNSF:NE1014115,0,0,12000,25000,0,0,0,LANCASTER,10/26/2014 0:00,10:30,2014,2015,"H307,H702,","BNSF,",1,"H3,H7,","H,",YARD,Nebraska,40.807773,-96.781172,"Nebraska
(40.807773, -96.781172)"
Derailments,2012:05:BNSF:NE0512111,0,0,9500,6220,0,0,0,LANCASTER,5/20/2012 0:00,11:55,2012,2012,"H507,","BNSF,",7,"H5,","H,",YARD,Nebraska,40.807732,-96.781162,"Nebraska
(40.807732, -96.781162)"
Derailments,2011:08:UP:0811FW007,0,0,6846,13000,7,0,0,DALLAS,8/5/2011 0:00,24:15:00,2011,2011,"T109,","BNSF,UP,",1,"T1,","T,",YARD,Texas,32.780392,-96.779381,"Texas
(32.780392, -96.779381)"
Derailments,2012:03:BNSF:NE0312100,0,0,3500,7900,0,0,0,LANCASTER,3/3/2012 0:00,1:30,2012,2012,"M404,","BNSF,",1,"M4,","M,",MAIN,Nebraska,40.807808,-96.779273,"Nebraska
(40.807808, -96.779273)"
Derailments,2016:07:BNSF:TX0716101,0,0,133000,319014,0,0,0,DALLAS,7/2/2016 0:00,11:15,2016,2016,"E61C,","BNSF,",1,"E6,","E,",MAIN,Texas,32.750539,-96.777303,"Texas
(32.750539, -96.777303)"
Highway-rail impact,2014:11:UP:1114SA017,0,1,25000,73,0,0,0,COLORADO,11/12/2014 0:00,18:40,2014,2015,"M308,","UP,",1,"M3,","M,",MAIN,Texas,29.701789,-96.776255,"Texas
(29.701789, -96.776255)"
Derailments,2013:10:EE:2,0,0,80000,80000,0,0,0,MINNEHAHA,10/18/2013 0:00,16:00,2013,2014,"T110,","EE,",7,"T1,","T,",INDUSTRY,South Dakota,43.548361,-96.774101,"South Dakota
(43.548361, -96.774101)"
Derailments,2012:08:BNSF:TX0812111,0,0,99176,1035,41,0,0,MARSHALL,8/19/2012 0:00,13:30,2012,2012,"T102,","BNSF,",1,"T1,","T,",MAIN,Oklahoma,34.098256,-96.768671,"Oklahoma
(34.098256, -96.768671)"
Derailments,2012:03:BNSF:TC0312127,0,0,662000,144200,0,0,0,CLAY,3/17/2012 0:00,19:15,2012,2012,"E61C,","BNSF,",1,"E6,","E,",MAIN,Minnesota,46.875567,-96.763036,"Minnesota
(46.875567, -96.763036)"
Derailments,2013:04:UP:0413FW011,0,0,118135,3945,13,0,0,DALLAS,4/14/2013 0:00,20:15,2013,2013,"T102,","UP,",1,"T1,","T,",MAIN,Texas,32.738622,-96.759834,"Texas
(32.738622, -96.759834)"
Derailments,2015:05:UP:0515FW005,0,0,2463,10790,0,0,0,GRAYSON,5/11/2015 0:00,13:00,2015,2015,"T403,T002,","UP,",1,"T4,T0,","T,",MAIN,Texas,33.70846,-96.758855,"Texas
(33.70846, -96.758855)"
Derailments,2011:07:BNSF:TX0711105,0,0,135000,27800,11,5,0,MARSHALL,7/9/2011 0:00,15:35,2011,2011,"T109,","BNSF,",1,"T1,","T,",MAIN,Oklahoma,34.165884,-96.757385,"Oklahoma
(34.165884, -96.757385)"
Derailments,2016:03:BNSF:NE0316107,0,0,9600,31684,0,0,0,LANCASTER,3/24/2016 0:00,14:00,2016,2016,"T110,","BNSF,",8,"T1,","T,",YARD,Nebraska,40.807707,-96.755931,"Nebraska
(40.807707, -96.755931)"
Raking collision,2013:12:BNSF:NE1213111,0,0,0,25247,2,1,0,LANCASTER,12/16/2013 0:00,19:35,2013,2014,"H099,S014,","BNSF,",7,"H0,S0,","H,S,",YARD,Nebraska,40.808145,-96.754695,"Nebraska
(40.808145, -96.754695)"
Derailments,2013:06:BNSF:NE0613103,0,0,0,15727,0,0,0,LANCASTER,6/6/2013 0:00,7:41,2013,2013,"T314,E66L,","BNSF,",8,"T3,E6,","T,E,",YARD,Nebraska,40.807865,-96.754425,"Nebraska
(40.807865, -96.754425)"
Side collision,2012:08:UP:0812FW016,0,0,0,31886,0,0,0,DALLAS,8/17/2012 0:00,1:50,2012,2012,"H999,","UP,",7,"H9,","H,",YARD,Texas,32.723232,-96.754085,"Texas
(32.723232, -96.754085)"
Derailments,2011:10:BNSF:NE1011113,0,0,0,70675,0,0,0,LANCASTER,10/26/2011 0:00,18:00,2011,2012,"H307,H702,","BNSF,",1,"H3,H7,","H,",YARD,Nebraska,40.808031,-96.753969,"Nebraska
(40.808031, -96.753969)"
Derailments,2012:07:BNSF:NE0712108,0,0,54000,69990,10,10,0,LANCASTER,7/26/2012 0:00,14:47,2012,2012,"T319,","BNSF,",1,"T3,","T,",YARD,Nebraska,40.80711,-96.75392,"Nebraska
(40.80711, -96.75392)"
Derailments,2014:12:UP:1214FW028,0,0,19997,478,0,0,0,DALLAS,12/27/2014 0:00,8:00,2014,2015,"T110,","UP,",7,"T1,","T,",YARD,Texas,32.721828,-96.753887,"Texas
(32.721828, -96.753887)"
Derailments,2014:12:XALD:INDUSTRY,0,0,19997,14400,0,0,0,DALLAS,12/18/2014 0:00,5:00,2014,2015,"T110,","UP,",8,"T1,","T,",INDUSTRY,Texas,32.721828,-96.753887,"Texas
(32.721828, -96.753887)"
Raking collision,2013:12:BNSF:NE1213108,0,0,0,11654,0,0,0,LANCASTER,12/25/2013 0:00,22:30,2013,2014,"S016,","BNSF,",7,"S0,","S,",YARD,Nebraska,40.808325,-96.753415,"Nebraska
(40.808325, -96.753415)"
Side collision,2015:02:UP:0215FW023,0,0,1617,94703,2,1,0,DALLAS,2/25/2015 0:00,7:40,2015,2015,"H306,","UP,",71,"H3,","H,",YARD,Texas,32.717814,-96.751964,"Texas
(32.717814, -96.751964)"
Derailments,2011:01:BNSF:NE0111117,0,0,0,20920,0,0,0,LANCASTER,1/19/2011 0:00,19:20,2011,2011,"M411,","BNSF,",7,"M4,","M,",YARD,Nebraska,40.80856,-96.75149,"Nebraska
(40.80856, -96.75149)"
Side collision,2012:07:UP:0712FW016,0,0,600,9824,0,0,0,DALLAS,7/19/2012 0:00,1:20,2012,2012,"H301,","UP,",78,"H3,","H,",YARD,Texas,32.715778,-96.750995,"Texas
(32.715778, -96.750995)"
Derailments,2012:11:BNSF:NE1112107,0,0,0,63243,0,0,0,LANCASTER,11/22/2012 0:00,6:15,2012,2013,"H303,","BNSF,",7,"H3,","H,",YARD,Nebraska,40.80753,-96.75074,"Nebraska
(40.80753, -96.75074)"
Derailments,2015:06:UP:0615FW029,0,0,270,12302,6,0,0,DALLAS,6/19/2015 0:00,7:45,2015,2015,"T205,","UP,",7,"T2,","T,",YARD,Texas,32.715206,-96.750459,"Texas
(32.715206, -96.750459)"
Other impacts,2012:01:BNSF:NE0112103,0,0,0,30530,0,0,0,LANCASTER,1/14/2012 0:00,24:00:00,2012,2012,"S016,","BNSF,",76,"S0,","S,",YARD,Nebraska,40.808551,-96.750369,"Nebraska
(40.808551, -96.750369)"
Other events,2013:08:BNSF:TC0813126,0,0,0,10000,0,0,0,CLAY,8/27/2013 0:00,10:00,2013,2013,"H997,","BNSF,",9,"H9,","H,",YARD,Minnesota,46.984608,-96.750031,"Minnesota
(46.984608, -96.750031)"
Derailments,2016:08:BNSF:NE0816106,0,0,29500,66708,15,0,0,LANCASTER,8/31/2016 0:00,6:23,2016,2016,"H703,","BNSF,",1,"H7,","H,",YARD,Nebraska,40.8,-96.75,"Nebraska
(40.8, -96.75)"
Derailments,2011:08:BNSF:TC0811104,0,0,187900,424415,4,0,0,CLAY,8/6/2011 0:00,13:40,2011,2011,"E07C,","BNSF,",1,"E0,","E,",MAIN,Minnesota,46.754329,-96.747542,"Minnesota
(46.754329, -96.747542)"
Other events,2013:08:UP:0813FW006,0,0,25798,0,13,0,0,DALLAS,8/13/2013 0:00,23:57,2013,2013,"H403,H799,","UP,",1,"H4,H7,","H,",MAIN,Texas,32.750772,-96.747443,"Texas
(32.750772, -96.747443)"
Derailments,2011:07:ZGFL:INDUSTRY,0,0,500,14789,3,3,0,CLAY,7/10/2011 0:00,21:00,2011,2011,"T113,","BNSF,",7,"T1,","T,",INDUSTRY,Minnesota,46.862607,-96.747343,"Minnesota
(46.862607, -96.747343)"
Derailments,2014:07:UP:0714FW034,0,0,14000,6377,0,0,0,DALLAS,7/30/2014 0:00,6:20,2014,2014,"M507,","UP,",1,"M5,","M,",YARD,Texas,32.708686,-96.746695,"Texas
(32.708686, -96.746695)"
Derailments,2015:01:UP:0115FW023,0,0,2184,19680,0,0,0,DALLAS,1/15/2015 0:00,22:15,2015,2015,"T204,","UP,",7,"T2,","T,",YARD,Texas,32.708686,-96.746695,"Texas
(32.708686, -96.746695)"
Derailments,2015:03:TXI:INDUSTRY,0,0,10550,55895,0,0,0,DALLAS,3/22/2015 0:00,18:25,2015,2015,"T108,","UP,",1,"T1,","T,",INDUSTRY,Texas,32.708686,-96.746695,"Texas
(32.708686, -96.746695)"
Derailments,2013:12:UP:1213FW029,0,0,4000,6247,0,0,0,DALLAS,12/28/2013 0:00,20:00,2013,2014,"T311,","UP,",8,"T3,","T,",YARD,Texas,32.708686,-96.746693,"Texas
(32.708686, -96.746693)"
Side collision,2011:08:UP:0811FW030,0,0,1776,30622,0,0,0,DALLAS,8/25/2011 0:00,10:30,2011,2011,"H607,","UP,",71,"H6,","H,",SIDING,Texas,32.707379,-96.745937,"Texas
(32.707379, -96.745937)"
Derailments,2013:07:BNSF:TC0713105,0,0,5000,53117,23,4,0,CLAY,7/7/2013 0:00,23:30,2013,2013,"H704,","BNSF,",1,"H7,","H,",YARD,Minnesota,46.874342,-96.744265,"Minnesota
(46.874342, -96.744265)"
Derailments,2012:10:UP:1012FW002,0,0,9880,23958,0,0,0,DALLAS,10/3/2012 0:00,18:09,2012,2013,"T222,","UP,",7,"T2,","T,",YARD,Texas,32.702216,-96.742866,"Texas
(32.702216, -96.742866)"
Derailments,2012:11:UP:1112FW001,0,0,6442,43884,0,0,0,DALLAS,11/1/2012 0:00,10:00,2012,2013,"T202,","UP,",7,"T2,","T,",YARD,Texas,32.702207,-96.742861,"Texas
(32.702207, -96.742861)"
Derailments,2015:04:UP:0415FW011,0,0,186739,100973,0,0,0,DALLAS,4/15/2015 0:00,9:55,2015,2015,"T113,","UP,",7,"T1,","T,",YARD,Texas,32.701306,-96.742338,"Texas
(32.701306, -96.742338)"
Derailments,2012:06:DAIR:022012,0,0,114950,140967,0,0,0,MINNEHAHA,6/5/2012 0:00,14:45,2012,2012,"T001,M405,","DAIR,",1,"T0,M4,","T,M,",MAIN,South Dakota,43.761171,-96.74159,"South Dakota
(43.761171, -96.74159)"
Derailments,2015:11:BNSF:NE1115111,0,0,200000,3989,0,0,0,LANCASTER,11/26/2015 0:00,17:55,2015,2016,"M202,","BNSF,",7,"M2,","M,",YARD,Nebraska,40.808022,-96.740978,"Nebraska
(40.808022, -96.740978)"
Derailments,2015:04:BNSF:NE0415101,0,0,2500,24800,0,0,0,LANCASTER,4/10/2015 0:00,8:15,2015,2015,"E64L,","BNSF,",8,"E6,","E,",YARD,Nebraska,40.808179,-96.740898,"Nebraska
(40.808179, -96.740898)"
Side collision,2014:12:UP:1214FW033,0,0,0,17671,2,0,0,DALLAS,12/29/2014 0:00,20:37,2014,2015,"H991,","UP,",1,"H9,","H,",YARD,Texas,32.695677,-96.739146,"Texas
(32.695677, -96.739146)"
Derailments,2013:07:UP:0713FW016,0,0,2541,9209,0,0,0,DALLAS,7/20/2013 0:00,11:45,2013,2013,"H310,","UP,",75,"H3,","H,",YARD,Texas,32.695714,-96.739096,"Texas
(32.695714, -96.739096)"
Derailments,2015:06:BNSF:TC0615117,0,0,111854,282748,0,0,0,DIXON,6/21/2015 0:00,17:46,2015,2015,"T207,","BNSF,",1,"T2,","T,",MAIN,Nebraska,42.456307,-96.737453,"Nebraska
(42.456307, -96.737453)"
Derailments,2014:05:BNSF:TC0514103,0,0,44187,43130,0,0,0,CLAY,5/7/2014 0:00,4:05,2014,2014,"T113,","BNSF,",1,"T1,","T,",YARD,Minnesota,46.874307,-96.73371,"Minnesota
(46.874307, -96.73371)"
Other events,2012:01:UP:0112FW017,0,0,13441,0,0,0,0,DALLAS,1/12/2012 0:00,23:15,2012,2012,"H607,","UP,",4,"H6,","H,",SIDING,Texas,32.776391,-96.733497,"Texas
(32.776391, -96.733497)"
Derailments,2013:12:KCS:13121101,0,0,29792,0,0,0,0,DALLAS,12/11/2013 0:00,18:15,2013,2014,"T110,","KCS,",8,"T1,","T,",YARD,Texas,32.856188,-96.732837,"Texas
(32.856188, -96.732837)"
Other impacts,2011:10:BNSF:NE1011102,0,0,72812,23555,12,0,0,LANCASTER,10/4/2011 0:00,23:20,2011,2012,"T102,","BNSF,",1,"T1,","T,",YARD,Nebraska,40.813712,-96.732739,"Nebraska
(40.813712, -96.732739)"
Derailments,2015:02:BNSF:NE0215110,0,0,0,13575,0,0,0,LANCASTER,2/27/2015 0:00,23:00,2015,2015,"E4BC,","BNSF,",1,"E4,","E,",YARD,Nebraska,40.807486,-96.73208,"Nebraska
(40.807486, -96.73208)"
Derailments,2013:01:UP:0113FW016,0,0,28380,16059,0,0,0,DALLAS,1/18/2013 0:00,9:30,2013,2013,"T215,","UP,",7,"T2,","T,",YARD,Texas,32.6827,-96.731548,"Texas
(32.6827, -96.731548)"
Highway-rail impact,2012:10:UP:1012CB006,0,0,0,119067,0,0,0,DODGE,10/11/2012 0:00,14:20,2012,2013,"M304,M302,","UP,",1,"M3,","M,",MAIN,Nebraska,41.458207,-96.731451,"Nebraska
(41.458207, -96.731451)"
Derailments,2011:12:BNSF:GC1211115,0,0,61573,5000,0,0,0,BURLESON,12/23/2011 0:00,11:20,2011,2012,"T102,","BNSF,",1,"T1,","T,",MAIN,Texas,30.533034,-96.718198,"Texas
(30.533034, -96.718198)"
Derailments,2015:07:BNSF:NE0715114,0,0,74000,5624,0,0,0,LANCASTER,7/27/2015 0:00,12:59,2015,2015,"E46C,","BNSF,",7,"E4,","E,",MAIN,Nebraska,40.810504,-96.714961,"Nebraska
(40.810504, -96.714961)"
Derailments,2013:04:BNSF:TC0413120,0,0,5000,5799,1,0,0,CLAY,4/27/2013 0:00,23:44,2013,2013,"T001,","BNSF,",1,"T0,","T,",YARD,Minnesota,46.87424,-96.71471,"Minnesota
(46.87424, -96.71471)"
Derailments,2014:03:BNSF:NE0314100,0,0,35000,14295,0,0,0,LANCASTER,3/6/2014 0:00,7:15,2014,2014,"E46C,","BNSF,",7,"E4,","E,",YARD,Nebraska,40.81153,-96.71469,"Nebraska
(40.81153, -96.71469)"
Derailments,2016:06:BNSF:NE0616103,0,0,824000,817752,0,0,0,LANCASTER,6/14/2016 0:00,4:53,2016,2016,"T102,","BNSF,",1,"T1,","T,",MAIN,Nebraska,40.811885,-96.71447,"Nebraska
(40.811885, -96.71447)"
Derailments,2013:08:KCS:13080703,0,0,20250,2388,0,0,0,DALLAS,8/7/2013 0:00,24:45:00,2013,2013,"T402,","KCS,",7,"T4,","T,",INDUSTRY,Texas,32.933594,-96.713526,"Texas
(32.933594, -96.713526)"
Highway-rail impact,2013:11:UP:1113FW009,0,2,0,50000,0,0,0,ROBERTSON,11/6/2013 0:00,13:30,2013,2014,"M399,","UP,",NA,"M3,","M,",MAIN,Texas,31.09313,-96.712398,"Texas
(31.09313, -96.712398)"
Derailments,2015:12:BNSF:TC1215117,0,0,181618,36968,27,0,0,CLAY,12/16/2015 0:00,6:45,2015,2016,"H703,","BNSF,",1,"H7,","H,",YARD,Minnesota,46.874122,-96.70449,"Minnesota
(46.874122, -96.70449)"
Derailments,2014:01:XSTD:INDUSTRY,0,0,27572,22892,0,0,0,BURLESON,1/25/2014 0:00,3:30,2014,2014,"T202,","UP,",1,"T2,","T,",INDUSTRY,Texas,30.506256,-96.702552,"Texas
(30.506256, -96.702552)"
Head on collision,2011:11:VECZ:INDUSTRY,0,0,0,12050,0,0,0,BROOKINGS,11/19/2011 0:00,15:37,2011,2012,"H607,","DME,",87,"H6,","H,",INDUSTRY,South Dakota,44.2942,-96.70249,"South Dakota
(44.2942, -96.70249)"
Derailments,2015:08:UP:0815FW019,0,0,197244,286654,5,0,0,ROBERTSON,8/15/2015 0:00,18:45,2015,2015,"E21C,","UP,",1,"E2,","E,",MAIN,Texas,31.074688,-96.701861,"Texas
(31.074688, -96.701861)"
Derailments,2011:07:VECZ:INDUSTRY,0,0,16550,73292,80,5,1,BROOKINGS,7/19/2011 0:00,3:15,2011,2011,"T309,","DME,",1,"T3,","T,",YARD,South Dakota,44.28574,-96.70074,"South Dakota
(44.28574, -96.70074)"
Derailments,2015:01:UP:0115FW014,0,0,10990,4060,0,0,0,DALLAS,1/11/2015 0:00,18:25,2015,2015,"T199,","UP,",7,"T1,","T,",INDUSTRY,Texas,32.776206,-96.698754,"Texas
(32.776206, -96.698754)"
Derailments,2014:04:BNSF:GC0414103,0,0,1300,25000,0,0,0,ELLIS,4/10/2014 0:00,17:00,2014,2014,"H601,","BNSF,",4,"H6,","H,",SIDING,Texas,32.267693,-96.696741,"Texas
(32.267693, -96.696741)"
Derailments,2014:11:KCS:14110802,0,0,139436,5576,8,1,0,JACKSON,11/8/2014 0:00,13:50,2014,2015,"T102,","KCS,",1,"T1,","T,",MAIN,Texas,28.952967,-96.696725,"Texas
(28.952967, -96.696725)"
Derailments,2012:07:BNSF:TC0712109,0,0,4000,25262,10,0,0,CLAY,7/18/2012 0:00,8:20,2012,2012,"T103,","BNSF,",7,"T1,","T,",YARD,Minnesota,46.874168,-96.695709,"Minnesota
(46.874168, -96.695709)"
Highway-rail impact,2016:03:UP:0316FW007,0,0,14669,0,0,0,0,DALLAS,3/10/2016 0:00,6:30,2016,2016,"M303,","UP,",1,"M3,","M,",MAIN,Texas,32.59903,-96.691715,"Texas
(32.59903, -96.691715)"
Derailments,2013:09:BNSF:TC0913104,0,0,50600,29895,0,0,0,CLAY,9/8/2013 0:00,10:20,2013,2013,"T110,","BNSF,",7,"T1,","T,",YARD,Minnesota,46.874136,-96.687265,"Minnesota
(46.874136, -96.687265)"
Derailments,2011:10:BNSF:GC1011105,0,0,103000,95000,38,1,0,BURLESON,10/9/2011 0:00,20:30,2011,2012,"E67C,","BNSF,",1,"E6,","E,",MAIN,Texas,30.520182,-96.684848,"Texas
(30.520182, -96.684848)"
Derailments,2012:02:KCS:12022102,0,0,0,59876,2,1,0,DALLAS,2/21/2012 0:00,19:40,2012,2012,"H021,","KCS,",75,"H0,","H,",INDUSTRY,Texas,32.847816,-96.681931,"Texas
(32.847816, -96.681931)"
Derailments,2015:06:UP:0615FW038,0,0,83621,817083,0,0,0,ROBERTSON,6/30/2015 0:00,4:54,2015,2015,"T207,","UP,",1,"T2,","T,",MAIN,Texas,31.157642,-96.680867,"Texas
(31.157642, -96.680867)"
Raking collision,2011:07:BNSF:TC0711119,0,0,1000,16565,1,0,0,CLAY,7/30/2011 0:00,6:47,2011,2011,"H307,","BNSF,",17,"H3,","H,",YARD,Minnesota,46.874068,-96.678008,"Minnesota
(46.874068, -96.678008)"
Derailments,2013:08:BNSF:TC0813122,0,0,19200,74710,1,1,0,CLAY,8/31/2013 0:00,1:45,2013,2013,"T102,","BNSF,",7,"T1,","T,",YARD,Minnesota,46.874094,-96.676709,"Minnesota
(46.874094, -96.676709)"
Derailments,2011:12:KCS:11121501,0,0,133,40000,0,0,0,DALLAS,12/15/2011 0:00,23:35,2011,2012,"H303,","KCS,",8,"H3,","H,",YARD,Texas,32.856636,-96.675665,"Texas
(32.856636, -96.675665)"
Derailments,2012:03:BNSF:TC0312105,0,0,95500,53933,8,0,0,CLAY,3/3/2012 0:00,13:15,2012,2012,"E66C,","BNSF,",1,"E6,","E,",MAIN,Minnesota,46.87405,-96.674603,"Minnesota
(46.87405, -96.674603)"
Derailments,2011:07:XKNR:INDUSTRY,0,0,780,31152,0,0,0,ROBERTSON,7/21/2011 0:00,18:32,2011,2011,"T402,","UP,",7,"T4,","T,",INDUSTRY,Texas,30.889578,-96.673754,"Texas
(30.889578, -96.673754)"
Derailments,2011:12:KCS:11121902,0,0,56021,10500,1,1,0,DALLAS,12/19/2011 0:00,22:50,2011,2012,"T310,","KCS,",1,"T3,","T,",YARD,Texas,32.858448,-96.673521,"Texas
(32.858448, -96.673521)"
Derailments,2015:09:UP:0915FW023,0,0,10483,1125,0,0,0,DALLAS,9/28/2015 0:00,15:45,2015,2015,"T403,","UP,",7,"T4,","T,",YARD,Texas,32.776421,-96.673381,"Texas
(32.776421, -96.673381)"
Derailments,2016:01:UP:0116FW002,0,0,0,37194,0,0,0,DALLAS,1/5/2016 0:00,11:15,2016,2016,"T499,","UP,",4,"T4,","T,",YARD,Texas,32.776493,-96.665141,"Texas
(32.776493, -96.665141)"