AccidentType,inckey,Fatalities,Injuries,TrackDamage,EquipmentDamage,HazmatCars,HazmatCarsDerailed,HazmatCarsReleasing,County,DisplayDate,DisplayTime,calendar,Fiscal,AccidentCause,RailroadCodes,RAILEQUIPMENT_TYPE,CauseGroup,CauseDiscipline,TYPE_OF_TRACK,StateName,latitude,longitude,GeoLocation
Derailments,2014:07:UP:0714FW035,0,0,84823,5640,0,0,0,DALLAS,7/30/2014 0:00,20:45,2014,2014,"T110,","UP,",1,"T1,","T,",YARD,Texas,32.776494,-96.664986,"Texas
(32.776494, -96.664986)"
Derailments,2014:08:UP:0814FW015,0,0,216,18478,0,0,0,DALLAS,8/14/2014 0:00,23:00,2014,2014,"H307,","UP,",8,"H3,","H,",YARD,Texas,32.776494,-96.664986,"Texas
(32.776494, -96.664986)"
Derailments,2014:11:UP:1114FW007,0,0,15830,2508,0,0,0,DALLAS,11/5/2014 0:00,13:30,2014,2015,"T110,","UP,",1,"T1,","T,",YARD,Texas,32.776494,-96.664986,"Texas
(32.776494, -96.664986)"
Derailments,2014:12:UP:1214FW023,0,0,4155,8406,0,0,0,DALLAS,12/21/2014 0:00,16:50,2014,2015,"T110,","UP,",1,"T1,","T,",YARD,Texas,32.776494,-96.664986,"Texas
(32.776494, -96.664986)"
Highway-rail impact,2012:08:UP:0812FW006,0,0,16297,2474,0,0,0,ROBERTSON,8/8/2012 0:00,10:30,2012,2012,"M303,","UP,",1,"M3,","M,",MAIN,Texas,30.96801,-96.663971,"Texas
(30.96801, -96.663971)"
Rear end collision,2014:10:BNSF:GC1014115,0,0,0,50250,0,0,0,BURLESON,10/30/2014 0:00,10:45,2014,2015,"H997,","BNSF,",19,"H9,","H,",MAIN,Texas,30.502013,-96.663848,"Texas
(30.502013, -96.663848)"
Other events,2012:03:BNSF:TC0312109,0,0,0,15000,0,0,0,CLAY,3/5/2012 0:00,16:45,2012,2012,"H302,H318,","BNSF,",7,"H3,","H,",YARD,Minnesota,46.873998,-96.661935,"Minnesota
(46.873998, -96.661935)"
Derailments,2013:04:BNSF:TC0413103,0,0,4500,43217,0,0,0,CLAY,4/9/2013 0:00,4:15,2013,2013,"T316,","BNSF,",7,"T3,","T,",YARD,Minnesota,46.874035,-96.661931,"Minnesota
(46.874035, -96.661931)"
Derailments,2014:07:UP:0714NP024,0,0,244831,271947,5,1,0,MARSHALL,7/15/2014 0:00,12:36,2014,2014,"T220,","UP,",1,"T2,","T,",YARD,Kansas,39.842902,-96.657583,"Kansas
(39.842902, -96.657583)"
Other events,2013:09:UP:0913NP025,0,0,16500,0,0,0,0,MARSHALL,9/23/2013 0:00,12:20,2013,2013,"H705,","UP,",1,"H7,","H,",MAIN,Kansas,39.850137,-96.656257,"Kansas
(39.850137, -96.656257)"
Derailments,2015:01:UP:0115FW007,0,0,10722,747,0,0,0,DALLAS,1/6/2015 0:00,13:35,2015,2015,"T110,","UP,",7,"T1,","T,",YARD,Texas,32.777032,-96.656107,"Texas
(32.777032, -96.656107)"
Derailments,2012:08:BNSF:TX0812107,0,0,25000,3542,0,0,0,PONTOTOC,8/13/2012 0:00,11:30,2012,2012,"T110,","BNSF,",7,"T1,","T,",INDUSTRY,Oklahoma,34.79125,-96.643436,"Oklahoma
(34.79125, -96.643436)"
Derailments,2011:03:BNSF:TC0311135,0,0,1000,10000,0,0,0,GRANT,3/7/2011 0:00,8:00,2011,2011,"M101,","BNSF,",9,"M1,","M,",YARD,South Dakota,45.221631,-96.640018,"South Dakota
(45.221631, -96.640018)"
Rear end collision,2014:04:UP:0414FW006,0,2,6243,2295261,0,0,0,LIMESTONE,4/6/2014 0:00,21:30,2014,2014,"H605,","UP,",1,"H6,","H,",MAIN,Texas,31.280408,-96.636898,"Texas
(31.280408, -96.636898)"
Fire/violent rupture,2016:02:UP:0216FW002,0,0,0,52391,0,0,0,LIMESTONE,2/6/2016 0:00,7:39,2016,2016,"E74L,","UP,",1,"E7,","E,",MAIN,Texas,31.280705,-96.636887,"Texas
(31.280705, -96.636887)"
Derailments,2016:01:BNSF:NE0116112,0,0,2600,12720,0,0,0,LANCASTER,1/22/2016 0:00,1:29,2016,2016,"T111,","BNSF,",7,"T1,","T,",YARD,Nebraska,40.860146,-96.635895,"Nebraska
(40.860146, -96.635895)"
Raking collision,2013:10:UP:1013SA007,0,0,0,35190,0,0,0,ROBERTSON,10/6/2013 0:00,16:35,2013,2014,"H402,","UP,",NA,"H4,","H,",MAIN,Texas,30.837398,-96.635221,"Texas
(30.837398, -96.635221)"
Derailments,2014:10:XCER:INDUSTRY,0,0,20189,682,0,0,0,ELLIS,10/13/2014 0:00,2:20,2014,2015,"T113,","UP,",7,"T1,","T,",INDUSTRY,Texas,32.335949,-96.632236,"Texas
(32.335949, -96.632236)"
Other events,2014:07:MNN:07212014,0,0,0,22876,0,0,0,POLK,7/21/2014 0:00,22:00,2014,2014,"M102,","MNN,",6,"M1,","M,",YARD,Minnesota,47.757426,-96.630838,"Minnesota
(47.757426, -96.630838)"
Derailments,2015:06:UP:0615FW016,0,0,139535,445606,0,0,0,LIMESTONE,6/12/2015 0:00,18:15,2015,2015,"T108,","UP,",1,"T1,","T,",SIDING,Texas,31.303864,-96.630266,"Texas
(31.303864, -96.630266)"
Derailments,2013:04:RRVW:04252013D,0,0,31575,129457,0,0,0,RICHLAND,4/25/2013 0:00,11:20,2013,2013,"T001,","RRVW,",1,"T0,","T,",MAIN,North Dakota,46.267407,-96.629815,"North Dakota
(46.267407, -96.629815)"
Derailments,2014:11:UP:1114FW006,0,1,102613,278772,7,3,0,LIMESTONE,11/1/2014 0:00,10:40,2014,2015,"M204,","UP,",1,"M2,","M,",SIDING,Texas,31.306726,-96.628942,"Texas
(31.306726, -96.628942)"
Derailments,2013:12:BNSF:NE1213100,0,0,208346,28391,0,0,0,LANCASTER,12/1/2013 0:00,24:05:00,2013,2014,"T402,T216,","BNSF,",1,"T4,T2,","T,",MAIN,Nebraska,40.614062,-96.627068,"Nebraska
(40.614062, -96.627068)"
Highway-rail impact,2015:09:BNSF:TC0915202,0,1,0,59000,0,0,0,UNION,9/30/2015 0:00,9:50,2015,2015,"M302,M304,","BNSF,DAIR,",1,"M3,","M,",MAIN,South Dakota,42.649463,-96.625499,"South Dakota
(42.649463, -96.625499)"
Derailments,2016:06:UP:0616FW010,0,0,12516,1584,1,0,0,DALLAS,6/12/2016 0:00,2:25,2016,2016,"M103,","UP,",1,"M1,","M,",SIDING,Texas,32.771638,-96.622748,"Texas
(32.771638, -96.622748)"
Derailments,2014:09:BNSF:TX0914103,0,0,126500,123949,0,0,0,PONTOTOC,9/19/2014 0:00,15:30,2014,2014,"E53C,","BNSF,",1,"E5,","E,",MAIN,Oklahoma,34.833435,-96.622317,"Oklahoma
(34.833435, -96.622317)"
Highway-rail impact,2012:01:UP:0112FW003,0,2,16580,78797,0,0,0,ELLIS,1/3/2012 0:00,9:36,2012,2012,"M303,","UP,",1,"M3,","M,",MAIN,Texas,32.319278,-96.619715,"Texas
(32.319278, -96.619715)"
Derailments,2014:06:DGNO:DGN585414D,0,0,24428,37540,0,0,0,GRAYSON,6/19/2014 0:00,3:50,2014,2014,"T109,","DGNO,",1,"T1,","T,",YARD,Texas,33.507612,-96.619095,"Texas
(33.507612, -96.619095)"
Highway-rail impact,2016:06:UP:0616SA016,0,0,238810,545934,0,0,0,BURLESON,6/18/2016 0:00,20:45,2016,2016,"M302,","UP,",1,"M3,","M,",MAIN,Texas,30.577731,-96.61377,"Texas
(30.577731, -96.61377)"
Derailments,2011:09:BNSF:KS0911101,0,0,191000,731948,3,0,0,BUTLER,9/5/2011 0:00,3:30,2011,2011,"T207,","BNSF,",1,"T2,","T,",MAIN,Kansas,38.071425,-96.613401,"Kansas
(38.071425, -96.613401)"
Derailments,2012:06:UP:0612FW004,0,0,911125,610494,0,0,0,GRAYSON,6/5/2012 0:00,6:01,2012,2012,"T220,","UP,",1,"T2,","T,",MAIN,Texas,33.77036,-96.601308,"Texas
(33.77036, -96.601308)"
Derailments,2013:08:UP:0813SA001,0,0,299452,829543,0,0,0,BURLESON,8/2/2013 0:00,15:14,2013,2013,"E00C,","UP,",1,"E0,","E,",MAIN,Texas,30.58637,-96.598705,"Texas
(30.58637, -96.598705)"
Derailments,2015:11:UP:1115FW013,0,0,87,20953,0,0,0,GRAYSON,11/13/2015 0:00,20:00,2015,2016,"M507,","UP,",7,"M5,","M,",YARD,Texas,33.771191,-96.596763,"Texas
(33.771191, -96.596763)"
Derailments,2011:12:BNSF:TX1211101,0,0,17500,11400,5,0,0,GRAYSON,12/6/2011 0:00,5:40,2011,2012,"E67C,","BNSF,",1,"E6,","E,",SIDING,Texas,33.656582,-96.59664,"Texas
(33.656582, -96.59664)"
Other events,2012:06:BNSF:TX0612100,0,0,30500,0,0,0,0,PONTOTOC,6/1/2012 0:00,5:10,2012,2012,"H702,","BNSF,",1,"H7,","H,",MAIN,Oklahoma,34.875138,-96.591577,"Oklahoma
(34.875138, -96.591577)"
Derailments,2011:06:SKOL:D522711,0,0,14404,26921,0,0,0,COWLEY,6/30/2011 0:00,14:38,2011,2011,"H503,","SKOL,",1,"H5,","H,",INDUSTRY,Kansas,37.153,-96.591,"Kansas
(37.153, -96.591)"
Derailments,2015:01:UP:0115FW018,0,0,6485,9554,0,0,0,GRAYSON,1/16/2015 0:00,24:00:00,2015,2015,"T108,","UP,",4,"T1,","T,",YARD,Texas,33.772216,-96.586244,"Texas
(33.772216, -96.586244)"
Derailments,2012:03:UP:0312FW003,0,0,90907,54552,0,0,0,GRAYSON,3/6/2012 0:00,1:20,2012,2012,"T207,","UP,",4,"T2,","T,",YARD,Texas,33.772199,-96.585375,"Texas
(33.772199, -96.585375)"
Derailments,2015:09:DGNO:DGN803215D,0,0,61500,45000,0,0,0,GRAYSON,9/11/2015 0:00,3:15,2015,2015,"T221,","DGNO,",1,"T2,","T,",YARD,Texas,33.441814,-96.583678,"Texas
(33.441814, -96.583678)"
Other impacts,2013:10:RRVW:10302013D,0,0,3550,60228,0,0,0,WILKIN,10/30/2013 0:00,2:15,2013,2014,"H306,","RRVW,",1,"H3,","H,",YARD,Minnesota,46.262804,-96.583213,"Minnesota
(46.262804, -96.583213)"
Derailments,2014:12:DAIR:032014,0,0,69824,7800,0,0,0,LINCOLN,12/4/2014 0:00,16:43,2014,2015,"E4BC,","DAIR,",1,"E4,","E,",YARD,South Dakota,43.299883,-96.580421,"South Dakota
(43.299883, -96.580421)"
Side collision,2013:02:XMRR:INDUSTRY,0,0,0,79341,12,0,0,MINNEHAHA,2/25/2013 0:00,20:20,2013,2013,"H607,H302,","BNSF,",51,"H6,H3,H6,H3,","H,",INDUSTRY,South Dakota,43.611881,-96.578302,"South Dakota
(43.611881, -96.578302)"
Highway-rail impact,2012:07:UP:0712SA005,0,0,25363,1525,0,0,0,COLORADO,7/6/2012 0:00,5:58,2012,2012,"M399,","UP,",1,"M3,","M,",MAIN,Texas,29.705132,-96.568777,"Texas
(29.705132, -96.568777)"
Derailments,2012:06:UP:0612FW022,0,0,78289,5019,0,0,0,DALLAS,6/20/2012 0:00,11:30,2012,2012,"T108,","UP,",1,"T1,","T,",SIDING,Texas,32.763912,-96.56171,"Texas
(32.763912, -96.56171)"
Other impacts,2013:07:UP:0713KC020,0,3,0,200000,0,0,0,MARSHALL,7/22/2013 0:00,16:15,2013,2013,"H607,","UP,",NA,"H6,","H,",MAIN,Kansas,39.823521,-96.555078,"Kansas
(39.823521, -96.555078)"
Derailments,2013:06:DGNO:DGN393013D,0,0,8820,22000,0,0,0,GRAYSON,6/24/2013 0:00,16:15,2013,2013,"T214,","DGNO,",1,"T2,","T,",INDUSTRY,Texas,33.73482,-96.550146,"Texas
(33.73482, -96.550146)"
Obstruction impact,2016:04:UP:0416SA024,0,0,0,11655,0,0,0,BRAZOS,4/25/2016 0:00,12:30,2016,2016,"M403,","UP,",1,"M4,","M,",MAIN,Texas,30.662311,-96.547074,"Texas
(30.662311, -96.547074)"
Derailments,2015:10:BNSF:TC1015100,0,0,45021,8738,0,0,0,UNION,10/1/2015 0:00,24:50:00,2015,2016,"E53C,","BNSF,DAIR,",1,"E5,","E,",MAIN,South Dakota,42.603058,-96.540165,"South Dakota
(42.603058, -96.540165)"
Derailments,2011:10:BNSF:TX1011106,0,0,3500,42403,36,0,0,GRAYSON,10/20/2011 0:00,11:40,2011,2012,"T102,","BNSF,",1,"T1,","T,",MAIN,Texas,33.753451,-96.533651,"Texas
(33.753451, -96.533651)"
Derailments,2015:06:BNSF:GC0615105,0,0,5500,5800,0,0,0,BURLESON,6/10/2015 0:00,21:55,2015,2015,"H310,","BNSF,",7,"H3,","H,",YARD,Texas,30.348026,-96.528834,"Texas
(30.348026, -96.528834)"
Derailments,2012:02:BNSF:GC0212115,0,0,26050,3655,9,0,0,BURLESON,2/14/2012 0:00,22:50,2012,2012,"H019,","BNSF,",7,"H0,","H,",YARD,Texas,30.347163,-96.528373,"Texas
(30.347163, -96.528373)"
Derailments,2011:09:UP:0911FW003,0,0,179699,10152,6,0,0,ELLIS,9/2/2011 0:00,22:00,2011,2011,"H607,","UP,",7,"H6,","H,",YARD,Texas,32.273794,-96.521386,"Texas
(32.273794, -96.521386)"
Derailments,2015:08:XHAR:INDUSTRY,0,0,56000,307028,0,0,0,GRANT,8/17/2015 0:00,7:30,2015,2015,"T111,","BNSF,",1,"T1,","T,",INDUSTRY,South Dakota,45.30365,-96.519194,"South Dakota
(45.30365, -96.519194)"
Derailments,2011:06:BNSF:TC0611111,0,0,1500,9222,0,0,0,MINNEHAHA,6/15/2011 0:00,23:30,2011,2011,"H607,H702,","BNSF,",1,"H6,H7,","H,",YARD,South Dakota,43.712277,-96.507722,"South Dakota
(43.712277, -96.507722)"
Derailments,2016:03:KCS:16032601,0,0,12600,109581,22,0,0,COLLIN,3/26/2016 0:00,21:55,2016,2016,"H503,","KCS,",7,"H5,","H,",YARD,Texas,33.028852,-96.504754,"Texas
(33.028852, -96.504754)"
Raking collision,2016:08:BNSF:NE0816101,0,0,0,19374,0,0,0,DODGE,8/9/2016 0:00,7:36,2016,2016,"H318,","BNSF,",67,"H3,","H,",YARD,Nebraska,41.429913,-96.501767,"Nebraska
(41.429913, -96.501767)"
Obstruction impact,2015:06:KCS:15061904,0,0,0,15000,0,0,0,COLLIN,6/19/2015 0:00,17:00,2015,2015,"H999,","KCS,",NA,"H9,","H,",YARD,Texas,33.031589,-96.500792,"Texas
(33.031589, -96.500792)"
Derailments,2014:12:BNSF:NE1214112,0,0,163666,92476,0,0,0,DODGE,12/24/2014 0:00,24:39:00,2014,2015,"T221,","BNSF,",1,"T2,","T,",YARD,Nebraska,41.427699,-96.495415,"Nebraska
(41.427699, -96.495415)"
Derailments,2016:02:UP:0216CB017,0,0,41752,34495,0,0,0,DODGE,2/24/2016 0:00,12:30,2016,2016,"M506,","UP,",7,"M5,","M,",YARD,Nebraska,41.428466,-96.494457,"Nebraska
(41.428466, -96.494457)"
Derailments,2015:08:UP:0815CB009,0,0,193081,346160,0,0,0,DODGE,8/14/2015 0:00,13:25,2015,2015,"T001,","UP,",1,"T0,","T,",MAIN,Nebraska,41.427645,-96.491868,"Nebraska
(41.427645, -96.491868)"
Derailments,2011:06:BNSF:KS0611108,0,0,61504,214205,8,0,0,CHASE,6/17/2011 0:00,22:53,2011,2011,"M105,","BNSF,",1,"M1,","M,",MAIN,Kansas,38.353246,-96.4901,"Kansas
(38.353246, -96.4901)"
Derailments,2015:06:DAIR:012015,0,0,102460,51980,0,0,0,UNION,6/9/2015 0:00,17:24,2015,2015,"T109,T104,","DAIR,",1,"T1,","T,",MAIN,South Dakota,43.064861,-96.489547,"South Dakota
(43.064861, -96.489547)"
Highway-rail impact,2014:06:BNSF:NE0614202,1,0,700,12000,0,0,0,THURSTON,6/24/2014 0:00,19:44,2014,2014,"M302,","BNSF,",1,"M3,","M,",MAIN,Nebraska,42.263476,-96.482192,"Nebraska
(42.263476, -96.482192)"
Derailments,2013:04:XOTP:INDUSTRY,0,0,77500,434946,0,0,0,GRANT,4/18/2013 0:00,9:15,2013,2013,"T221,E4TC,","BNSF,",1,"T2,E4,","T,E,",INDUSTRY,South Dakota,45.286715,-96.478906,"South Dakota
(45.286715, -96.478906)"
Derailments,2015:10:UP:1015FW016,0,0,486124,3625400,0,0,0,NAVARRO,10/24/2015 0:00,3:05,2015,2016,"M103,","UP,",1,"M1,","M,",MAIN,Texas,32.150404,-96.477455,"Texas
(32.150404, -96.477455)"
Highway-rail impact,2014:07:BNSF:NE0714201,0,2,2500,38000,0,0,0,DAKOTA,7/21/2014 0:00,16:25,2014,2014,"M302,","BNSF,",1,"M3,","M,",MAIN,Nebraska,42.342956,-96.471683,"Nebraska
(42.342956, -96.471683)"
Derailments,2015:07:BNSF:NE0715100,0,0,3700,37500,0,0,0,DODGE,7/3/2015 0:00,15:30,2015,2015,"E24C,","BNSF,",1,"E2,","E,",MAIN,Nebraska,41.493888,-96.465968,"Nebraska
(41.493888, -96.465968)"
Derailments,2015:02:UP:0215FW001,0,0,59321,11435,1,0,0,NAVARRO,2/1/2015 0:00,1:59,2015,2015,"T220,","UP,",1,"T2,","T,",SIDING,Texas,32.073221,-96.463132,"Texas
(32.073221, -96.463132)"
Obstruction impact,2013:08:BNSF:GC0813118,0,1,0,40000,0,0,0,NAVARRO,8/26/2013 0:00,11:40,2013,2013,"H997,","BNSF,",NA,"H9,","H,",MAIN,Texas,32.09762,-96.4608,"Texas
(32.09762, -96.4608)"
Derailments,2011:06:BNSF:TC0611100,0,0,52000,75788,0,0,0,GRANT,6/1/2011 0:00,13:50,2011,2011,"T210,","BNSF,",1,"T2,","T,",MAIN,Minnesota,45.066273,-96.4549,"Minnesota
(45.066273, -96.4549)"
Highway-rail impact,2011:09:UP:0911FW015,0,0,40670,0,20,0,0,KAUFMAN,9/17/2011 0:00,18:07,2011,2011,"M304,M308,","UP,",1,"M3,","M,",MAIN,Texas,32.740977,-96.447384,"Texas
(32.740977, -96.447384)"
Derailments,2013:11:UP:1113HO010,0,0,6250,17546,0,0,0,COLORADO,11/11/2013 0:00,22:26,2013,2014,"T099,","UP,",1,"T0,","T,",YARD,Texas,29.502224,-96.444438,"Texas
(29.502224, -96.444438)"
Derailments,2011:08:BNSF:TC0811109,0,0,30000,14000,5,5,0,WOODBURY,8/10/2011 0:00,8:45,2011,2011,"H307,H702,","BNSF,",7,"H3,H7,","H,",YARD,Iowa,43.788498,-96.440249,"Iowa
(43.788498, -96.440249)"
Derailments,2011:07:UP:0711KC005,0,0,19546,311379,0,0,0,WABAUNSEE,7/10/2011 0:00,14:57,2011,2011,"T109,","UP,",1,"T1,","T,",MAIN,Kansas,38.914691,-96.439343,"Kansas
(38.914691, -96.439343)"
Broken train collision,2011:06:BNSF:TX0611105,0,0,4000,8164,46,0,0,PONTOTOC,6/26/2011 0:00,11:55,2011,2011,"E27C,","BNSF,",1,"E2,","E,",MAIN,Oklahoma,35.015829,-96.4393,"Oklahoma
(35.015829, -96.4393)"
Derailments,2014:05:BNSF:NE0514108,0,0,2500,12000,0,0,0,LANCASTER,5/18/2014 0:00,17:22,2014,2014,"H307,H303,","BNSF,",1,"H3,","H,",YARD,Nebraska,40.4825,-96.4344,"Nebraska
(40.4825, -96.4344)"
Derailments,2011:11:BNSF:TX1111105,0,0,6000,14000,40,1,0,HUGHES,11/13/2011 0:00,3:10,2011,2012,"T106,","BNSF,",1,"T1,","T,",MAIN,Oklahoma,35.029699,-96.43409,"Oklahoma
(35.029699, -96.43409)"
Derailments,2015:12:MMAZ:INDUSTRY1,0,0,8570,11403,0,0,0,COLORADO,12/29/2015 0:00,21:00,2015,2016,"T110,","UP,",1,"T1,","T,",INDUSTRY,Texas,29.534618,-96.426704,"Texas
(29.534618, -96.426704)"
Derailments,2015:09:UP:0915FW013,0,0,796094,2329,0,0,0,NAVARRO,9/8/2015 0:00,23:40,2015,2015,"E69C,","UP,",1,"E6,","E,",MAIN,Texas,31.986199,-96.425488,"Texas
(31.986199, -96.425488)"
Derailments,2014:06:UP:0614KC003,0,0,1856080,658140,0,0,0,MARSHALL,6/2/2014 0:00,8:58,2014,2014,"E61C,","UP,",1,"E6,","E,",MAIN,Kansas,39.700847,-96.423173,"Kansas
(39.700847, -96.423173)"
Derailments,2014:12:BNSF:NE1214100,0,0,110000,248926,0,0,0,DIXON,12/2/2014 0:00,19:15,2014,2015,"T221,","BNSF,",1,"T2,","T,",MAIN,Nebraska,42.262999,-96.421113,"Nebraska
(42.262999, -96.421113)"
Derailments,2014:07:XAVG:INDUSTRY,0,0,0,12300,0,0,0,CLAY,7/25/2014 0:00,5:30,2014,2014,"H306,","OTVR,",7,"H3,","H,",INDUSTRY,Minnesota,46.67428,-96.420779,"Minnesota
(46.67428, -96.420779)"
Fire/violent rupture,2015:04:UP:0415HO038,0,0,0,331568,0,0,0,JACKSON,4/14/2015 0:00,10:46,2015,2015,"E73L,","UP,",1,"E7,","E,",MAIN,Texas,28.844882,-96.418261,"Texas
(28.844882, -96.418261)"
Highway-rail impact,2011:10:UP:1011HO003,0,0,400,10335,0,0,0,ROBERTSON,10/3/2011 0:00,15:15,2011,2012,"M304,","UP,",1,"M3,","M,",MAIN,Texas,31.067437,-96.414747,"Texas
(31.067437, -96.414747)"
Derailments,2015:08:XCPP:INDUSTRY,0,0,61447,500,0,0,0,NAVARRO,8/18/2015 0:00,14:14,2015,2015,"T101,","UP,",1,"T1,","T,",INDUSTRY,Texas,32.099873,-96.404282,"Texas
(32.099873, -96.404282)"
Obstruction impact,2015:06:BNSF:SF0615102,0,0,5000,11189,0,0,0,CREEK,6/3/2015 0:00,8:15,2015,2015,"M402,","BNSF,",1,"M4,","M,",MAIN,Oklahoma,36.138879,-96.397979,"Oklahoma
(36.138879, -96.397979)"
Derailments,2015:06:UP:0615CB012,0,0,1717,18630,0,0,0,WOODBURY,6/21/2015 0:00,13:00,2015,2015,"T220,","UP,",1,"T2,","T,",MAIN,Iowa,42.490179,-96.39267,"Iowa
(42.490179, -96.39267)"
Derailments,2016:08:UP:0816CB007,0,0,89469,49178,0,0,0,WOODBURY,8/12/2016 0:00,15:47,2016,2016,"H702,","UP,",7,"H7,","H,",YARD,Iowa,42.487873,-96.392474,"Iowa
(42.487873, -96.392474)"
Derailments,2015:10:UP:1015CB006,0,0,3750,7000,0,0,0,WOODBURY,10/9/2015 0:00,20:15,2015,2016,"T314,T308,","DAIR,UP,",1,"T3,","T,",YARD,Iowa,42.492693,-96.392374,"Iowa
(42.492693, -96.392374)"
Derailments,2013:04:UP:0413CB008,0,0,2968,25285,26,0,0,WOODBURY,4/16/2013 0:00,7:20,2013,2013,"T110,","UP,",1,"T1,","T,",YARD,Iowa,42.500774,-96.392071,"Iowa
(42.500774, -96.392071)"
Derailments,2015:11:CC:871372,0,0,10806,69127,0,0,0,WOODBURY,11/15/2015 0:00,1:12,2015,2016,"T210,","CC,",7,"T2,","T,",YARD,Iowa,42.499548,-96.3916,"Iowa
(42.499548, -96.3916)"
Other impacts,2012:12:CC:766056,0,0,20,15028,0,0,0,WOODBURY,12/16/2012 0:00,24:15:00,2012,2013,"H605,H302,","CC,",76,"H6,H3,H6,H3,","H,",YARD,Iowa,42.494837,-96.391146,"Iowa
(42.494837, -96.391146)"
Derailments,2012:04:UP:0412CB007,0,0,26133,93211,7,0,0,WOODBURY,4/16/2012 0:00,5:00,2012,2012,"T201,","UP,",1,"T2,","T,",YARD,Iowa,42.51007,-96.389923,"Iowa
(42.51007, -96.389923)"
Derailments,2016:06:UP:0616CB005,0,0,5446,9618,7,3,0,WOODBURY,6/17/2016 0:00,5:35,2016,2016,"T311,","UP,",7,"T3,","T,",YARD,Iowa,42.514835,-96.384738,"Iowa
(42.514835, -96.384738)"
Derailments,2014:07:UP:0714CB004,0,0,6460,21478,0,0,0,WOODBURY,7/11/2014 0:00,14:15,2014,2014,"T202,","UP,",1,"T2,","T,",YARD,Iowa,42.517829,-96.381549,"Iowa
(42.517829, -96.381549)"
Derailments,2014:08:UP:0814CB012,0,0,17387,1825,0,0,0,WOODBURY,8/16/2014 0:00,19:00,2014,2014,"T314,E64C,","UP,",1,"T3,E6,","T,E,",YARD,Iowa,42.517829,-96.381549,"Iowa
(42.517829, -96.381549)"
Derailments,2015:10:UP:1015CB009,0,0,2456,25929,3,0,0,WOODBURY,10/19/2015 0:00,4:00,2015,2016,"H607,H702,","UP,",78,"H6,H7,H6,H7,","H,",YARD,Iowa,42.518348,-96.38118,"Iowa
(42.518348, -96.38118)"
Derailments,2011:07:UP:0711CB003,0,0,81668,33335,14,4,0,WOODBURY,7/9/2011 0:00,11:38,2011,2011,"H307,","UP,",1,"H3,","H,",YARD,Iowa,42.51853,-96.380818,"Iowa
(42.51853, -96.380818)"
Derailments,2015:06:UP:0615CB004,0,0,109962,74947,0,0,0,WOODBURY,6/8/2015 0:00,21:30,2015,2015,"T220,","UP,",7,"T2,","T,",YARD,Iowa,42.51917,-96.380221,"Iowa
(42.51917, -96.380221)"
Derailments,2014:08:BNSF:TC0814106,0,0,24250,12226,0,0,0,WOODBURY,8/11/2014 0:00,13:00,2014,2014,"E64C,","BNSF,",1,"E6,","E,",YARD,Iowa,42.50758,-96.375766,"Iowa
(42.50758, -96.375766)"
Derailments,2015:07:BNSF:NE0715116,0,0,64000,30000,5,0,0,WOODBURY,7/29/2015 0:00,1:30,2015,2015,"S011,","BNSF,",1,"S0,","S,",MAIN,Iowa,42.50758,-96.375766,"Iowa
(42.50758, -96.375766)"
Derailments,2012:05:KRR:ID120247,0,0,157880,1156447,0,0,0,BRYAN,5/26/2012 0:00,5:00,2012,2012,"T210,","KRR,UP,",1,"T2,","T,",MAIN,Oklahoma,33.989033,-96.375316,"Oklahoma
(33.989033, -96.375316)"
Derailments,2013:12:BNSF:TC1213100,0,0,75000,52207,6,3,0,WOODBURY,12/3/2013 0:00,9:20,2013,2014,"T207,","BNSF,",67,"T2,","T,",YARD,Iowa,42.513441,-96.37187,"Iowa
(42.513441, -96.37187)"
Derailments,2016:01:BNSF:TC0116113,0,0,26000,7366,1,1,0,WOODBURY,1/27/2016 0:00,24:10:00,2016,2016,"H607,H702,","BNSF,",7,"H6,H7,","H,",YARD,Iowa,42.52225,-96.367302,"Iowa
(42.52225, -96.367302)"
Derailments,2015:09:BNSF:TC0915109,0,0,12000,50000,0,0,0,WOODBURY,9/19/2015 0:00,6:00,2015,2015,"T221,","BNSF,",1,"T2,","T,",YARD,Iowa,42.528319,-96.364887,"Iowa
(42.528319, -96.364887)"
Derailments,2012:03:XMAR:INDUSTRY,0,0,29,86875,0,0,0,WOODBURY,3/31/2012 0:00,1:00,2012,2012,"T207,","UP,",1,"T2,","T,",INDUSTRY,Iowa,42.317432,-96.358469,"Iowa
(42.317432, -96.358469)"
Highway-rail impact,2016:06:BNSF:NE0616200,0,2,0,11000,0,0,0,SAUNDERS,6/13/2016 0:00,17:00,2016,2016,"M302,","BNSF,",9,"M3,","M,",MAIN,Nebraska,41.09962,-96.3556,"Nebraska
(41.09962, -96.3556)"
Other events,2012:03:UP:0312HO029,0,0,0,20929,0,0,0,COLORADO,3/25/2012 0:00,11:05,2012,2012,"E73L,","UP,",1,"E7,","E,",YARD,Texas,29.59645,-96.355221,"Texas
(29.59645, -96.355221)"
Derailments,2013:03:XBSO:INDUSTRY,0,0,66,35209,0,0,0,WOODBURY,3/14/2013 0:00,15:33,2013,2013,"T205,","UP,",1,"T2,","T,",INDUSTRY,Iowa,42.333954,-96.351875,"Iowa
(42.333954, -96.351875)"
Highway-rail impact,2016:08:UP:0816HO032,0,1,870,10609,0,0,0,COLORADO,8/17/2016 0:00,3:35,2016,2016,"M308,","UP,",1,"M3,","M,",INDUSTRY,Texas,29.59991,-96.344887,"Texas
(29.59991, -96.344887)"
Raking collision,2012:02:UP:0212HO019,0,0,0,20899,7,3,0,COLORADO,2/15/2012 0:00,18:30,2012,2012,"H018,","UP,",57,"H0,","H,",YARD,Texas,29.597312,-96.342059,"Texas
(29.597312, -96.342059)"
Derailments,2014:12:UP:1214CB004,0,0,229000,5492,80,2,0,WASHINGTON,12/2/2014 0:00,9:50,2014,2015,"E54C,","UP,",1,"E5,","E,",MAIN,Nebraska,41.449652,-96.341858,"Nebraska
(41.449652, -96.341858)"