AccidentType,inckey,Fatalities,Injuries,TrackDamage,EquipmentDamage,HazmatCars,HazmatCarsDerailed,HazmatCarsReleasing,County,DisplayDate,DisplayTime,calendar,Fiscal,AccidentCause,RailroadCodes,RAILEQUIPMENT_TYPE,CauseGroup,CauseDiscipline,TYPE_OF_TRACK,StateName,latitude,longitude,GeoLocation
Derailments,2015:07:BNSF:GC0715111,0,0,1607401,2600,0,0,0,AUSTIN,7/29/2015 0:00,12:45,2015,2015,"E61C,","BNSF,",1,"E6,","E,",MAIN,Texas,30.054628,-96.334316,"Texas
(30.054628, -96.334316)"
Highway-rail impact,2012:01:UP:0112HO032,0,0,15000,0,0,0,0,BRAZOS,1/29/2012 0:00,24:30:00,2012,2012,"M302,","UP,",1,"M3,","M,",MAIN,Texas,30.595141,-96.333646,"Texas
(30.595141, -96.333646)"
Derailments,2012:02:UP:0212CB014,0,0,5284,7119,0,0,0,DOUGLAS,2/25/2012 0:00,20:30,2012,2012,"H306,","UP,",7,"H3,","H,",YARD,Nebraska,41.309083,-96.333058,"Nebraska
(41.309083, -96.333058)"
Derailments,2012:07:BNSF:TX0712115,0,0,353318,2790,22,0,0,HUGHES,7/30/2012 0:00,7:00,2012,2012,"M201,","BNSF,",1,"M2,","M,",MAIN,Oklahoma,35.170387,-96.330341,"Oklahoma
(35.170387, -96.330341)"
Derailments,2012:11:BNSF:TC1112104,0,0,142358,1420021,55,11,1,LYON,11/4/2012 0:00,4:13,2012,2013,"T207,","BNSF,",1,"T2,","T,",MAIN,Iowa,43.424938,-96.330042,"Iowa
(43.424938, -96.330042)"
Highway-rail impact,2015:12:UP:1215HO049,0,1,25250,7239,0,0,0,COLORADO,12/30/2015 0:00,14:28,2015,2016,"M304,","UP,",1,"M3,","M,",MAIN,Texas,29.580085,-96.321059,"Texas
(29.580085, -96.321059)"
Highway-rail impact,2011:09:UP:0911HO006,0,1,195000,86155,0,0,0,BRAZOS,9/10/2011 0:00,9:00,2011,2011,"M303,","UP,",1,"M3,","M,",MAIN,Texas,30.512252,-96.298037,"Texas
(30.512252, -96.298037)"
Derailments,2012:03:BNSF:GC0312114,0,0,12500,44600,1,1,0,FREESTONE,3/31/2012 0:00,17:50,2012,2012,"M409,","BNSF,",1,"M4,","M,",YARD,Texas,31.645405,-96.294587,"Texas
(31.645405, -96.294587)"
Derailments,2013:09:BNSF:GC0913113,0,0,1000,10240,0,0,0,FREESTONE,9/1/2013 0:00,10:00,2013,2013,"H307,H702,","BNSF,",1,"H3,H7,","H,",YARD,Texas,31.645405,-96.294587,"Texas
(31.645405, -96.294587)"
Highway-rail impact,2012:09:UP:0912CB010,0,2,10150,1622,7,0,0,PLYMOUTH,9/17/2012 0:00,19:50,2012,2012,"M308,M304,","CC,UP,",1,"M3,","M,",MAIN,Iowa,42.626947,-96.291542,"Iowa
(42.626947, -96.291542)"
Derailments,2012:07:BNSF:GC0712114,0,0,11500,4894,8,1,0,FREESTONE,7/29/2012 0:00,9:00,2012,2012,"E68C,","BNSF,",7,"E6,","E,",YARD,Texas,31.637087,-96.289066,"Texas
(31.637087, -96.289066)"
Derailments,2012:10:BNSF:GC1012108,0,0,0,40248,1,1,0,FREESTONE,10/16/2012 0:00,5:00,2012,2013,"H318,H601,","BNSF,",7,"H3,H6,","H,",MAIN,Texas,31.637087,-96.289066,"Texas
(31.637087, -96.289066)"
Derailments,2014:06:BNSF:GC0614102,0,0,41944,58822,4,4,0,FREESTONE,6/8/2014 0:00,20:42,2014,2014,"T319,","BNSF,",1,"T3,","T,",YARD,Texas,31.637087,-96.289066,"Texas
(31.637087, -96.289066)"
Derailments,2014:07:BNSF:GC0714108,0,0,26400,203968,1,1,0,FREESTONE,7/5/2014 0:00,9:05,2014,2014,"H318,H302,","BNSF,",7,"H3,","H,",YARD,Texas,31.637087,-96.289066,"Texas
(31.637087, -96.289066)"
Derailments,2013:09:BNSF:GC0913108,0,0,4500,11347,0,0,0,FREESTONE,9/15/2013 0:00,15:28,2013,2013,"H309,","BNSF,",7,"H3,","H,",YARD,Texas,31.6294,-96.286581,"Texas
(31.6294, -96.286581)"
Derailments,2015:01:BNSF:GC0115111,0,0,7200,8601,4,4,0,FREESTONE,1/28/2015 0:00,21:55,2015,2015,"H307,H702,","BNSF,",1,"H3,H7,","H,",YARD,Texas,31.6294,-96.286581,"Texas
(31.6294, -96.286581)"
Other events,2015:06:BNSF:TC0615119,0,0,0,15000,0,0,0,LAC QUI PARLE,6/12/2015 0:00,15:00,2015,2015,"H997,","BNSF,",NA,"H9,","H,",MAIN,Minnesota,45.133782,-96.285877,"Minnesota
(45.133782, -96.285877)"
Derailments,2013:09:BNSF:GC0913103,0,0,2500,16790,1,1,0,FREESTONE,9/8/2013 0:00,5:00,2013,2013,"T399,","BNSF,",7,"T3,","T,",YARD,Texas,31.626314,-96.285631,"Texas
(31.626314, -96.285631)"
Derailments,2013:08:BNSF:GC0813105,0,0,215400,48567,10,3,0,FREESTONE,8/10/2013 0:00,7:36,2013,2013,"T111,","BNSF,",7,"T1,","T,",YARD,Texas,31.621957,-96.284293,"Texas
(31.621957, -96.284293)"
Highway-rail impact,2011:09:UP:0911KC008,0,0,10996,4905,0,0,0,WABAUNSEE,9/13/2011 0:00,10:31,2011,2011,"M302,","UP,",1,"M3,","M,",MAIN,Kansas,39.015666,-96.283177,"Kansas
(39.015666, -96.283177)"
Other events,2013:08:BNSF:GC0813120,0,0,12500,0,0,0,0,FREESTONE,8/8/2013 0:00,17:30,2013,2013,"H522,","BNSF,",7,"H5,","H,",YARD,Texas,31.614969,-96.282148,"Texas
(31.614969, -96.282148)"
Highway-rail impact,2014:01:UP:0114FW018,0,0,25050,8125,0,0,0,KAUFMAN,1/25/2014 0:00,8:40,2014,2014,"M302,","UP,",1,"M3,","M,",MAIN,Texas,32.735765,-96.278539,"Texas
(32.735765, -96.278539)"
Derailments,2015:04:BNSF:TC0415102,0,0,41000,85350,0,0,0,BIG STONE,4/2/2015 0:00,20:57,2015,2015,"T001,","BNSF,",1,"T0,","T,",MAIN,Minnesota,45.574695,-96.27271,"Minnesota
(45.574695, -96.27271)"
Highway-rail impact,2013:06:BNSF:TX0613200,0,1,0,90000,0,0,0,HUGHES,6/7/2013 0:00,15:30,2013,2013,"M302,","BNSF,",1,"M3,","M,",MAIN,Oklahoma,35.23197,-96.256612,"Oklahoma
(35.23197, -96.256612)"
Highway-rail impact,2011:06:BNSF:GC0611200,0,0,72900,18000,0,0,0,AUSTIN,6/19/2011 0:00,1:20,2011,2011,"M303,","BNSF,",1,"M3,","M,",MAIN,Texas,29.948481,-96.2524,"Texas
(29.948481, -96.2524)"
Derailments,2012:02:BNSF:GC0212128,0,0,418983,11500,12,0,0,FREESTONE,2/29/2012 0:00,22:00,2012,2012,"E34C,","BNSF,",1,"E3,","E,",MAIN,Texas,31.528237,-96.24117,"Texas
(31.528237, -96.24117)"
Other events,2016:02:BNSF:NE0216104,0,0,38000,0,0,0,0,CASS,2/3/2016 0:00,2:00,2016,2016,"H605,H705,","BNSF,",1,"H6,H7,","H,",MAIN,Nebraska,40.998512,-96.238049,"Nebraska
(40.998512, -96.238049)"
Derailments,2014:01:UP:0114KC010,0,0,7287,98516,9,0,0,POTTAWATOMIE,1/11/2014 0:00,19:08,2014,2014,"M201,","UP,",1,"M2,","M,",MAIN,Kansas,39.53033,-96.234455,"Kansas
(39.53033, -96.234455)"
Fire/violent rupture,2014:03:UP:0314FW030,0,0,0,50000,0,0,0,NAVARRO,3/26/2014 0:00,22:24,2014,2014,"E72L,","UP,",1,"E7,","E,",MAIN,Texas,32.132381,-96.224059,"Texas
(32.132381, -96.224059)"
Derailments,2011:07:SKOL:D523211,0,0,35183,35872,0,0,0,WILSON,7/15/2011 0:00,14:32,2011,2011,"M204,","SKOL,",1,"M2,","M,",MAIN,Kansas,37.781448,-96.223202,"Kansas
(37.781448, -96.223202)"
Derailments,2015:06:UP:0615CB009,0,0,362713,236113,0,0,0,WASHINGTON,6/15/2015 0:00,2:20,2015,2015,"E54C,","UP,",1,"E5,","E,",MAIN,Nebraska,41.455377,-96.220567,"Nebraska
(41.455377, -96.220567)"
Derailments,2015:02:BNSF:NE0215108,0,0,1807398,2137340,0,0,0,CASS,2/17/2015 0:00,22:56,2015,2015,"E61C,","BNSF,",1,"E6,","E,",MAIN,Nebraska,40.992559,-96.215812,"Nebraska
(40.992559, -96.215812)"
Rear end collision,2013:09:UP:0913ES010,0,0,0,16000,0,0,0,HENDERSON,9/14/2013 0:00,4:15,2013,2013,"H699,","UP,",NA,"H6,","H,",MAIN,Texas,32.133833,-96.214138,"Texas
(32.133833, -96.214138)"
Derailments,2015:10:BNSF:KS1015101,0,0,7560,19341,0,0,0,LYON,10/3/2015 0:00,10:00,2015,2016,"H306,H303,","BNSF,",7,"H3,","H,",YARD,Kansas,38.400845,-96.211246,"Kansas
(38.400845, -96.211246)"
Highway-rail impact,2013:04:UP:0413HO001,0,7,0,250000,0,0,0,WHARTON,4/2/2013 0:00,10:03,2013,2013,"M308,","ATK,UP,",2,"M3,","M,",MAIN,Texas,29.553286,-96.208524,"Texas
(29.553286, -96.208524)"
Derailments,2012:05:ZNRP:INDUSTRY1,0,0,0,10500,0,0,0,FREESTONE,5/16/2012 0:00,15:40,2012,2012,"M404,","BNSF,",1,"M4,","M,",INDUSTRY,Texas,31.446576,-96.207606,"Texas
(31.446576, -96.207606)"
Derailments,2012:10:MNN:MNN1042012,0,0,3000,15200,0,0,0,PENNINGTON,10/4/2012 0:00,16:45,2012,2013,"T221,","MNN,",1,"T2,","T,",MAIN,Minnesota,48.213403,-96.204517,"Minnesota
(48.213403, -96.204517)"
Derailments,2012:03:UP:0312FW013,0,0,14751,3881,1,0,0,KAUFMAN,3/20/2012 0:00,1:20,2012,2012,"E53C,","UP,",1,"E5,","E,",MAIN,Texas,32.726637,-96.203965,"Texas
(32.726637, -96.203965)"
Highway-rail impact,2014:04:UP:0414KC005,0,1,0,14498,0,0,0,NEMAHA,4/11/2014 0:00,8:15,2014,2014,"M302,","UP,",1,"M3,","M,",MAIN,Kansas,39.842273,-96.201773,"Kansas
(39.842273, -96.201773)"
Derailments,2013:07:MNN:MN07292013,0,0,1600,23800,0,0,0,MARSHALL,7/29/2013 0:00,13:00,2013,2013,"T199,T102,","MNN,",1,"T1,","T,",MAIN,Minnesota,48.315852,-96.193885,"Minnesota
(48.315852, -96.193885)"
Derailments,2014:06:KRR:KRR587414D,0,0,33400,35615,5,0,0,BRYAN,6/23/2014 0:00,22:16,2014,2014,"T207,","KRR,",1,"T2,","T,",MAIN,Oklahoma,34.003469,-96.184487,"Oklahoma
(34.003469, -96.184487)"
Derailments,2011:08:BNSF:KS0811110,0,0,2400,32473,1,1,0,LYON,8/13/2011 0:00,11:10,2011,2011,"H318,","BNSF,",7,"H3,","H,",YARD,Kansas,38.401291,-96.18357,"Kansas
(38.401291, -96.18357)"
Derailments,2012:03:BNSF:KS0312112,0,0,289066,220865,2,0,0,LYON,3/22/2012 0:00,8:00,2012,2012,"T110,","BNSF,",615,"T1,","T,",YARD,Kansas,38.401255,-96.181735,"Kansas
(38.401255, -96.181735)"
Highway-rail impact,2012:12:UP:1212FW007,0,0,4321,32405,0,0,0,BRYAN,12/13/2012 0:00,15:00,2012,2013,"M303,","UP,",1,"M3,","M,",MAIN,Oklahoma,34.05264,-96.17989,"Oklahoma
(34.05264, -96.17989)"
Derailments,2013:12:BNSF:GC1213119,0,0,140000,4200,1,1,0,FREESTONE,12/26/2013 0:00,2:50,2013,2014,"H607,H702,","BNSF,",7,"H6,H7,","H,",YARD,Texas,31.375,-96.1652,"Texas
(31.375, -96.1652)"
Derailments,2013:04:BNSF:GC0413103,0,0,7000,51480,44,4,0,AUSTIN,4/15/2013 0:00,15:15,2013,2013,"E4TC,T102,","BNSF,",1,"E4,T1,","E,T,",MAIN,Texas,29.803669,-96.16039,"Texas
(29.803669, -96.16039)"
Highway-rail impact,2016:05:UP:0516CB008,0,0,25275,455,12,0,0,WASHINGTON,5/22/2016 0:00,12:19,2016,2016,"M301,M302,","UP,",1,"M3,","M,",MAIN,Nebraska,41.542695,-96.155949,"Nebraska
(41.542695, -96.155949)"
Derailments,2016:01:BNSF:GC0116103,0,0,70349,3600,0,0,0,AUSTIN,1/4/2016 0:00,13:00,2016,2016,"E64C,T113,","BNSF,UP,",1,"E6,T1,","E,T,",MAIN,Texas,29.78093,-96.154636,"Texas
(29.78093, -96.154636)"
Derailments,2012:10:UP:1012TC005,0,0,116906,401792,0,0,0,PLYMOUTH,10/8/2012 0:00,9:00,2012,2013,"T207,","UP,",1,"T2,","T,",MAIN,Iowa,42.843925,-96.142851,"Iowa
(42.843925, -96.142851)"
Derailments,2015:06:UP:0615SA016,0,0,44825,384834,0,0,0,AUSTIN,6/17/2015 0:00,7:31,2015,2015,"T002,","UP,",1,"T0,","T,",INDUSTRY,Texas,29.780532,-96.127607,"Texas
(29.780532, -96.127607)"
Highway-rail impact,2013:03:BNSF:GC0313201,0,1,397650,256311,30,3,0,MADISON,3/18/2013 0:00,18:30,2013,2013,"M302,","BNSF,",1,"M3,","M,",MAIN,Texas,30.931958,-96.109873,"Texas
(30.931958, -96.109873)"
Derailments,2014:03:XCHS:INDUSTRY,0,0,33500,685,0,0,0,PIPESTONE,3/9/2014 0:00,22:15,2014,2014,"H022,","BNSF,",6,"H0,","H,",INDUSTRY,Minnesota,44.18147,-96.102215,"Minnesota
(44.18147, -96.102215)"
Derailments,2013:11:KRR:KRR464813D,0,0,25460,37142,5,0,0,BRYAN,11/1/2013 0:00,7:10,2013,2014,"H503,T102,","KRR,",1,"H5,T1,","H,T,",MAIN,Oklahoma,34.005,-96.086,"Oklahoma
(34.005, -96.086)"
Derailments,2012:09:XGFQ:INDUSTRY,0,0,7079,4779,0,0,0,GRIMES,9/6/2012 0:00,12:20,2012,2012,"T110,","UP,",1,"T1,","T,",INDUSTRY,Texas,30.379147,-96.085815,"Texas
(30.379147, -96.085815)"
Fire/violent rupture,2016:03:UP:0316FW012,0,0,0,62610,0,0,0,VAN ZANDT,3/16/2016 0:00,9:27,2016,2016,"E73L,","UP,",1,"E7,","E,",MAIN,Texas,32.712808,-96.076499,"Texas
(32.712808, -96.076499)"
Other events,2013:10:UP:1013HO017,0,0,0,18933,12,0,0,WALLER,10/22/2013 0:00,6:20,2013,2014,"E32C,","UP,",1,"E3,","E,",MAIN,Texas,30.20827,-96.074085,"Texas
(30.20827, -96.074085)"
Derailments,2011:12:XTMP:INDUSTRY,0,0,0,23093,0,0,0,GRIMES,12/8/2011 0:00,13:50,2011,2012,"M501,","BNSF,",1,"M5,","M,",INDUSTRY,Texas,30.774323,-96.073732,"Texas
(30.774323, -96.073732)"
Derailments,2011:07:UP:0711CB008,0,0,123215,576190,0,0,0,HARRISON,7/19/2011 0:00,16:11,2011,2011,"T109,","UP,",1,"T1,","T,",MAIN,Iowa,41.847929,-96.072275,"Iowa
(41.847929, -96.072275)"
Highway-rail impact,2012:04:UP:0412HO008,0,1,16000,0,0,0,0,GRIMES,4/4/2012 0:00,18:13,2012,2012,"M308,","UP,",4,"M3,","M,",MAIN,Texas,30.297882,-96.068049,"Texas
(30.297882, -96.068049)"
Other impacts,2012:04:UP:0412CB009,0,0,0,28675,0,0,0,DOUGLAS,4/18/2012 0:00,14:50,2012,2012,"H318,","UP,",76,"H3,","H,",YARD,Nebraska,41.221475,-96.067131,"Nebraska
(41.221475, -96.067131)"
Derailments,2014:06:UP:0614HO030,0,0,245831,247917,34,1,1,GRIMES,6/23/2014 0:00,6:10,2014,2014,"T210,","UP,",1,"T2,","T,",SIDING,Texas,30.361677,-96.063341,"Texas
(30.361677, -96.063341)"
Side collision,2012:03:BNSF:SF0312116,0,0,0,11782,0,0,0,TULSA,3/15/2012 0:00,1:15,2012,2012,"M408,","BNSF,",57,"M4,","M,",YARD,Oklahoma,36.142825,-96.061218,"Oklahoma
(36.142825, -96.061218)"
Derailments,2014:12:OTVR:OTV672414D,0,0,67050,130000,0,0,0,OTTER TAIL,12/26/2014 0:00,21:10,2014,2015,"H702,","OTVR,",1,"H7,","H,",MAIN,Minnesota,46.581078,-96.059883,"Minnesota
(46.581078, -96.059883)"
Derailments,2013:11:XLMC:INDUSTRY,0,1,300,152559,0,0,0,ATOKA,11/5/2013 0:00,17:33,2013,2014,"T110,","UP,",1,"T1,","T,",INDUSTRY,Oklahoma,34.472722,-96.050672,"Oklahoma
(34.472722, -96.050672)"
Derailments,2015:11:XLMC:INDUSTRY,0,0,5440,18138,0,0,0,ATOKA,11/7/2015 0:00,10:30,2015,2016,"T202,","UP,",16,"T2,","T,",INDUSTRY,Oklahoma,34.476458,-96.05022,"Oklahoma
(34.476458, -96.05022)"
Highway-rail impact,2011:08:UP:0811KC013,0,3,8000,59021,0,0,0,NEMAHA,8/13/2011 0:00,4:15,2011,2011,"M302,M304,","UP,",1,"M3,","M,",MAIN,Kansas,39.841342,-96.044919,"Kansas
(39.841342, -96.044919)"
Derailments,2015:05:BNSF:KS0515110,0,0,0,1609251,5,5,0,LYON,5/16/2015 0:00,17:36,2015,2015,"M105,","BNSF,",1,"M1,","M,",MAIN,Kansas,38.380477,-96.044178,"Kansas
(38.380477, -96.044178)"
Derailments,2014:03:BNSF:SF0314103,0,0,8500,10000,0,0,0,TULSA,3/7/2014 0:00,23:10,2014,2014,"S011,","BNSF,",7,"S0,","S,",YARD,Oklahoma,36.655,-96.044,"Oklahoma
(36.655, -96.044)"
Derailments,2011:09:UP:0911KC002,0,0,869373,2448802,0,0,0,POTTAWATOMIE,9/5/2011 0:00,3:23,2011,2011,"T202,","UP,",1,"T2,","T,",MAIN,Kansas,39.298656,-96.043076,"Kansas
(39.298656, -96.043076)"
Derailments,2013:03:BNSF:SF0313121,0,0,500,13401,0,0,0,TULSA,3/30/2013 0:00,15:05,2013,2013,"T306,","BNSF,",7,"T3,","T,",YARD,Oklahoma,36.1479,-96.043,"Oklahoma
(36.1479, -96.043)"
Derailments,2012:02:BNSF:SF0212104,0,0,145292,31200,0,0,0,TULSA,2/10/2012 0:00,21:13,2012,2012,"E99C,","BNSF,",1,"E9,","E,",YARD,Oklahoma,36.092661,-96.037108,"Oklahoma
(36.092661, -96.037108)"
Derailments,2012:06:BNSF:SF0612118,0,0,247000,46924,35,0,0,TULSA,6/23/2012 0:00,6:40,2012,2012,"T317,E46C,","BNSF,",1,"T3,E4,","T,E,",MAIN,Oklahoma,36.092661,-96.037108,"Oklahoma
(36.092661, -96.037108)"
Derailments,2013:04:BNSF:SF0413104,0,0,5000,4924,0,0,0,TULSA,4/11/2013 0:00,13:40,2013,2013,"H507,","BNSF,",7,"H5,","H,",YARD,Oklahoma,36.1567,-96.037,"Oklahoma
(36.1567, -96.037)"
Highway-rail impact,2012:03:SOO:230995,1,0,4250,11891,75,2,1,RED LAKE,3/31/2012 0:00,3:10,2012,2012,"M302,","SOO,",1,"M3,","M,",MAIN,Minnesota,47.899168,-96.030807,"Minnesota
(47.899168, -96.030807)"
Derailments,2012:05:TSU:042012,0,0,10218,1775,0,0,0,TULSA,5/3/2012 0:00,11:00,2012,2012,"T110,","TSU,",1,"T1,","T,",YARD,Oklahoma,36.102963,-96.021906,"Oklahoma
(36.102963, -96.021906)"
Derailments,2016:07:BNSF:SF0716103,0,0,5000,34729,5,0,0,TULSA,7/5/2016 0:00,23:07,2016,2016,"E40C,","BNSF,",1,"E4,","E,",YARD,Oklahoma,36.110729,-96.015661,"Oklahoma
(36.110729, -96.015661)"
Side collision,2011:06:BNSF:SF0611104,0,0,0,20200,0,0,0,TULSA,6/8/2011 0:00,9:50,2011,2011,"M408,","BNSF,",7,"M4,","M,",YARD,Oklahoma,36.11253,-96.0134,"Oklahoma
(36.11253, -96.0134)"
Derailments,2012:04:BNSF:SF0412112,0,0,21000,500,3,0,0,TULSA,4/29/2012 0:00,21:20,2012,2012,"M407,","BNSF,",7,"M4,","M,",YARD,Oklahoma,36.11253,-96.013356,"Oklahoma
(36.11253, -96.013356)"
Derailments,2013:07:BNSF:SF0713106,0,0,0,25099,0,0,0,TULSA,7/13/2013 0:00,8:30,2013,2013,"H313,","BNSF,",7,"H3,","H,",YARD,Oklahoma,36.11253,-96.013356,"Oklahoma
(36.11253, -96.013356)"
Derailments,2014:05:BNSF:SF0514112,0,0,87150,231837,2,2,1,TULSA,5/31/2014 0:00,20:19,2014,2014,"H507,","BNSF,",7,"H5,","H,",YARD,Oklahoma,36.1192,-96.01333,"Oklahoma
(36.1192, -96.01333)"
Derailments,2013:10:BNSF:SF1013118,0,0,17500,7700,0,0,0,TULSA,10/26/2013 0:00,5:20,2013,2014,"H507,","BNSF,",7,"H5,","H,",YARD,Oklahoma,36.11893,-96.01302,"Oklahoma
(36.11893, -96.01302)"
Side collision,2015:11:BNSF:SF1115107,0,0,0,31000,0,0,0,TULSA,11/12/2015 0:00,16:00,2015,2016,"H305,","BNSF,",7,"H3,","H,",YARD,Oklahoma,36.12667,-96.01269,"Oklahoma
(36.12667, -96.01269)"
Derailments,2015:10:BNSF:SF1015112,0,0,0,14467,0,0,0,TULSA,10/31/2015 0:00,3:45,2015,2016,"H316,","BNSF,",7,"H3,","H,",YARD,Oklahoma,36.118559,-96.012616,"Oklahoma
(36.118559, -96.012616)"
Derailments,2013:04:BNSF:SF0413114,0,0,35000,55105,0,0,0,TULSA,4/15/2013 0:00,16:35,2013,2013,"T103,","BNSF,",7,"T1,","T,",YARD,Oklahoma,36.11654,-96.01261,"Oklahoma
(36.11654, -96.01261)"
Derailments,2016:01:BNSF:SF0116117,0,0,26053,7744,0,0,0,TULSA,1/29/2016 0:00,10:43,2016,2016,"S007,","BNSF,",7,"S0,","S,",YARD,Oklahoma,36.116018,-96.012576,"Oklahoma
(36.116018, -96.012576)"
Derailments,2016:06:BNSF:SF0616117,0,0,2800,7919,0,0,0,TULSA,6/17/2016 0:00,13:00,2016,2016,"H507,","BNSF,",7,"H5,","H,",YARD,Oklahoma,36.12266,-96.012542,"Oklahoma
(36.12266, -96.012542)"
Other impacts,2016:04:BNSF:SF0416108,0,0,0,12918,1,1,0,TULSA,4/20/2016 0:00,18:47,2016,2016,"H316,","BNSF,",7,"H3,","H,",YARD,Oklahoma,36.117958,-96.012434,"Oklahoma
(36.117958, -96.012434)"
Raking collision,2013:03:BNSF:SF0313123,0,0,2000,17323,1,1,0,TULSA,3/30/2013 0:00,5:00,2013,2013,"T306,","BNSF,",76,"T3,","T,",YARD,Oklahoma,36.11798,-96.01241,"Oklahoma
(36.11798, -96.01241)"
Derailments,2011:12:BNSF:SF1211114,0,0,11000,13370,0,0,0,TULSA,12/17/2011 0:00,5:30,2011,2012,"H308,","BNSF,",7,"H3,","H,",YARD,Oklahoma,36.113809,-96.012238,"Oklahoma
(36.113809, -96.012238)"
Derailments,2012:05:BNSF:SF0512117,0,0,50500,22698,0,0,0,TULSA,5/26/2012 0:00,18:19,2012,2012,"H507,","BNSF,",7,"H5,","H,",YARD,Oklahoma,36.113809,-96.012238,"Oklahoma
(36.113809, -96.012238)"
Other events,2012:05:BNSF:SF0512118,0,0,0,59134,0,0,0,TULSA,5/28/2012 0:00,23:26,2012,2012,"M407,","BNSF,",7,"M4,","M,",YARD,Oklahoma,36.113809,-96.012238,"Oklahoma
(36.113809, -96.012238)"
Derailments,2015:01:BNSF:SF0115107,0,0,2000,27528,1,1,0,TULSA,1/21/2015 0:00,13:30,2015,2015,"M409,","BNSF,",7,"M4,","M,",YARD,Oklahoma,36.134347,-96.012137,"Oklahoma
(36.134347, -96.012137)"
Derailments,2016:07:BNSF:SF0716106,0,0,85000,34341,0,0,0,TULSA,7/10/2016 0:00,6:16,2016,2016,"E40C,","BNSF,SLWC,",1,"E4,","E,",YARD,Oklahoma,36.125703,-96.012043,"Oklahoma
(36.125703, -96.012043)"
Derailments,2015:10:BNSF:SF1015115,0,0,24500,36550,0,0,0,TULSA,10/31/2015 0:00,11:00,2015,2016,"T403,","BNSF,",8,"T4,","T,",YARD,Oklahoma,36.128744,-96.011788,"Oklahoma
(36.128744, -96.011788)"
Other events,2012:04:BNSF:SF0412109,0,0,0,13715,0,0,0,TULSA,4/21/2012 0:00,11:20,2012,2012,"M411,","BNSF,",7,"M4,","M,",YARD,Oklahoma,36.12549,-96.01166,"Oklahoma
(36.12549, -96.01166)"
Side collision,2013:04:BNSF:SF0413102,0,0,200,10615,3,3,0,TULSA,4/8/2013 0:00,17:15,2013,2013,"T306,","BNSF,",7,"T3,","T,",YARD,Oklahoma,36.11771,-96.01152,"Oklahoma
(36.11771, -96.01152)"
Other impacts,2015:04:BNSF:SF0415120,0,0,0,19361,0,0,0,TULSA,4/28/2015 0:00,13:00,2015,2015,"S016,","BNSF,",7,"S0,","S,",YARD,Oklahoma,36.124946,-96.01141,"Oklahoma
(36.124946, -96.01141)"
Derailments,2014:01:BNSF:SF0114118,0,0,8200,15605,0,0,0,TULSA,1/18/2014 0:00,12:01,2014,2014,"H308,","BNSF,",7,"H3,","H,",YARD,Oklahoma,36.12538,-96.01137,"Oklahoma
(36.12538, -96.01137)"
Derailments,2016:05:BNSF:SF0516112,0,0,2000,21741,0,0,0,TULSA,5/24/2016 0:00,1:10,2016,2016,"H305,","BNSF,",7,"H3,","H,",YARD,Oklahoma,36.126009,-96.011195,"Oklahoma
(36.126009, -96.011195)"
Derailments,2013:06:BNSF:SF0613100,0,0,11979,7000,0,0,0,TULSA,6/1/2013 0:00,22:45,2013,2013,"H507,","BNSF,",7,"H5,","H,",YARD,Oklahoma,36.134144,-96.0111,"Oklahoma
(36.134144, -96.0111)"
Side collision,2016:01:BNSF:SF0116110,0,0,0,50000,0,0,0,TULSA,1/21/2016 0:00,10:40,2016,2016,"H309,","BNSF,",7,"H3,","H,",YARD,Oklahoma,36.124741,-96.011041,"Oklahoma
(36.124741, -96.011041)"
Derailments,2014:08:BNSF:SF0814111,0,0,500,34562,0,0,0,TULSA,8/20/2014 0:00,12:05,2014,2014,"M407,","BNSF,",7,"M4,","M,",YARD,Oklahoma,36.12715,-96.01099,"Oklahoma
(36.12715, -96.01099)"
Other impacts,2013:11:BNSF:SF1113106,0,0,0,19000,0,0,0,TULSA,11/6/2013 0:00,23:45,2013,2014,"H318,","BNSF,",7,"H3,","H,",YARD,Oklahoma,36.1177,-96.01098,"Oklahoma
(36.1177, -96.01098)"
Other events,2013:06:BNSF:SF0613105,0,0,0,15895,0,0,0,TULSA,6/4/2013 0:00,18:00,2013,2013,"M411,","BNSF,",7,"M4,","M,",YARD,Oklahoma,36.1256,-96.010956,"Oklahoma
(36.1256, -96.010956)"
Derailments,2015:08:BNSF:SF0815106,0,0,0,31377,1,1,0,TULSA,8/10/2015 0:00,19:30,2015,2015,"M408,","BNSF,",67,"M4,","M,",YARD,Oklahoma,36.122738,-96.01094,"Oklahoma
(36.122738, -96.01094)"
Other impacts,2016:05:BNSF:SF0516114,0,0,0,18750,1,1,0,TULSA,5/25/2016 0:00,17:00,2016,2016,"M408,","BNSF,",7,"M4,","M,",YARD,Oklahoma,36.121266,-96.010816,"Oklahoma
(36.121266, -96.010816)"
Derailments,2012:08:UP:0812FW025,0,0,7792,39837,0,0,0,HENDERSON,8/25/2012 0:00,15:00,2012,2012,"H521,","UP,",1,"H5,","H,",MAIN,Texas,32.16907,-96.010652,"Texas
(32.16907, -96.010652)"
Derailments,2012:10:BNSF:SF1012110,0,0,22000,10774,0,0,0,TULSA,10/16/2012 0:00,2:45,2012,2013,"M411,","BNSF,",7,"M4,","M,",YARD,Oklahoma,36.116365,-96.010568,"Oklahoma
(36.116365, -96.010568)"
Raking collision,2014:12:BNSF:SF1214105,0,0,0,11946,0,0,0,TULSA,12/5/2014 0:00,1:17,2014,2015,"H607,","BNSF,",18,"H6,","H,",YARD,Oklahoma,36.116365,-96.010568,"Oklahoma
(36.116365, -96.010568)"
Derailments,2015:01:BNSF:SF0115101,0,0,250,16380,0,0,0,TULSA,1/1/2015 0:00,13:57,2015,2015,"M411,","BNSF,",7,"M4,","M,",YARD,Oklahoma,36.116365,-96.010568,"Oklahoma
(36.116365, -96.010568)"
Fire/violent rupture,2014:04:UP:0414HO036,0,0,0,27091,0,0,0,GRIMES,4/11/2014 0:00,2:43,2014,2014,"E99L,","UP,",4,"E9,","E,",MAIN,Texas,30.352141,-96.010505,"Texas
(30.352141, -96.010505)"