AccidentType,inckey,Fatalities,Injuries,TrackDamage,EquipmentDamage,HazmatCars,HazmatCarsDerailed,HazmatCarsReleasing,County,DisplayDate,DisplayTime,calendar,Fiscal,AccidentCause,RailroadCodes,RAILEQUIPMENT_TYPE,CauseGroup,CauseDiscipline,TYPE_OF_TRACK,StateName,latitude,longitude,GeoLocation
Derailments,2012:08:BNSF:SF0812105,0,0,2000,139442,10,0,0,TULSA,8/6/2012 0:00,10:45,2012,2012,"H508,","BNSF,",7,"H5,","H,",YARD,Oklahoma,36.10099,-96.0103,"Oklahoma
(36.10099, -96.0103)"
Derailments,2014:11:BNSF:SF1114117,0,0,39000,313297,3,0,0,TULSA,11/26/2014 0:00,14:00,2014,2015,"H312,","BNSF,",7,"H3,","H,",YARD,Oklahoma,36.13052,-96.01028,"Oklahoma
(36.13052, -96.01028)"
Derailments,2016:08:BNSF:SF0816115,0,0,28000,636958,14,10,0,TULSA,8/30/2016 0:00,11:31,2016,2016,"H018,","BNSF,",7,"H0,","H,",YARD,Oklahoma,36.13045,-96.010103,"Oklahoma
(36.13045, -96.010103)"
Derailments,2015:06:BNSF:SF0615105,0,0,526717,181048,0,0,0,TULSA,6/9/2015 0:00,23:50,2015,2015,"H507,","BNSF,",7,"H5,","H,",YARD,Oklahoma,36.132199,-96.009904,"Oklahoma
(36.132199, -96.009904)"
Derailments,2012:05:BNSF:SF0512113,0,0,25000,10620,1,0,0,TULSA,5/24/2012 0:00,4:30,2012,2012,"H507,","BNSF,",7,"H5,","H,",YARD,Oklahoma,36.125971,-96.009464,"Oklahoma
(36.125971, -96.009464)"
Derailments,2014:05:BNSF:SF0514102,0,0,20000,57576,2,2,0,TULSA,5/12/2014 0:00,22:52,2014,2014,"H507,","BNSF,",7,"H5,","H,",YARD,Oklahoma,36.136868,-96.00878,"Oklahoma
(36.136868, -96.00878)"
Derailments,2013:09:BNSF:SF0913121,0,0,150700,900,15,0,0,TULSA,9/27/2013 0:00,12:55,2013,2013,"H607,","BNSF,",1,"H6,","H,",YARD,Oklahoma,36.137617,-96.008561,"Oklahoma
(36.137617, -96.008561)"
Derailments,2012:03:BNSF:SF0312114,0,0,30100,4020,0,0,0,TULSA,3/20/2012 0:00,23:00,2012,2012,"T302,","BNSF,",7,"T3,","T,",YARD,Oklahoma,36.121,-96.005,"Oklahoma
(36.121, -96.005)"
Highway-rail impact,2012:08:UP:0812FW023,0,1,271694,219728,0,0,0,VAN ZANDT,8/23/2012 0:00,1:20,2012,2012,"M303,","UP,",1,"M3,","M,",MAIN,Texas,32.707304,-96.000061,"Texas
(32.707304, -96.000061)"
Derailments,2011:07:BNSF:SF0711101,0,0,16000,332000,25,10,0,TULSA,7/2/2011 0:00,13:15,2011,2011,"T314,","BNSF,",1,"T3,","T,",MAIN,Oklahoma,36.153074,-95.999126,"Oklahoma
(36.153074, -95.999126)"
Derailments,2016:06:SKOL:160602005,0,0,40000,12592,0,0,0,TULSA,6/2/2016 0:00,7:30,2016,2016,"T110,T001,","SKOL,SLWC,",1,"T1,T0,","T,",MAIN,Oklahoma,36.160462,-95.984322,"Oklahoma
(36.160462, -95.984322)"
Derailments,2013:01:BNSF:TX0113116,0,0,30000,90000,0,0,0,OKMULGEE,1/25/2013 0:00,13:15,2013,2013,"M409,","BNSF,",1,"M4,","M,",YARD,Oklahoma,35.442453,-95.980578,"Oklahoma
(35.442453, -95.980578)"
Derailments,2012:03:UP:0312CB010,0,0,19628,37267,0,0,0,DOUGLAS,3/29/2012 0:00,23:15,2012,2012,"H704,","UP,",7,"H7,","H,",YARD,Nebraska,41.223237,-95.959669,"Nebraska
(41.223237, -95.959669)"
Derailments,2015:07:UP:0715CB003,0,0,279392,9710,0,0,0,DOUGLAS,7/10/2015 0:00,15:33,2015,2015,"E54C,","UP,",1,"E5,","E,",MAIN,Nebraska,41.229095,-95.952994,"Nebraska
(41.229095, -95.952994)"
Other events,2013:01:UP:0113ES008,0,0,0,11039,0,0,0,SHAWNEE,1/13/2013 0:00,9:45,2013,2013,"H402,","UP,",NA,"H4,","H,",SIDING,Kansas,39.134047,-95.94757,"Kansas
(39.134047, -95.94757)"
Derailments,2012:08:UP:0812CB012,0,0,10826,6677,5,0,0,DOUGLAS,8/26/2012 0:00,2:45,2012,2012,"M405,T199,","UP,",1,"M4,T1,","M,T,",MAIN,Nebraska,41.242955,-95.944262,"Nebraska
(41.242955, -95.944262)"
Derailments,2011:11:UP:1111CB018,0,0,75449,48971,24,0,0,DOUGLAS,11/27/2011 0:00,1:15,2011,2012,"M405,","UP,",1,"M4,","M,",MAIN,Nebraska,41.244507,-95.942564,"Nebraska
(41.244507, -95.942564)"
Rear end collision,2014:01:UP:0114FW015,0,0,33,16000,0,0,0,HENDERSON,1/21/2014 0:00,13:30,2014,2014,"H997,","UP,",NA,"H9,","H,",MAIN,Texas,32.266002,-95.937566,"Texas
(32.266002, -95.937566)"
Derailments,2016:07:UP:0716CB007,0,0,149736,713139,0,0,0,SARPY,7/7/2016 0:00,17:45,2016,2016,"T001,","UP,",1,"T0,","T,",MAIN,Nebraska,41.146862,-95.93519,"Nebraska
(41.146862, -95.93519)"
Derailments,2011:07:OPPX:INDUSTRY,0,0,2440,70121,0,0,0,DOUGLAS,7/26/2011 0:00,10:50,2011,2011,"T102,","UP,",1,"T1,","T,",INDUSTRY,Nebraska,41.296576,-95.932505,"Nebraska
(41.296576, -95.932505)"
Other events,2012:02:BNSF:GC0212125,0,0,107889,0,0,0,0,GRIMES,2/13/2012 0:00,7:35,2012,2012,"E09C,M406,","BNSF,",1,"E0,M4,","E,M,",MAIN,Texas,30.630913,-95.93216,"Texas
(30.630913, -95.93216)"
Derailments,2012:11:TIBR:D542112,0,0,8000,20000,0,0,0,JASPER,11/5/2012 0:00,13:00,2012,2013,"H022,","TIBR,",6,"H0,","H,",SIDING,Texas,30.891794,-95.930564,"Texas
(30.891794, -95.930564)"
Fire/violent rupture,2013:07:UP:0713KC005,0,0,0,35969,0,0,0,CASS,7/9/2013 0:00,7:24,2013,2013,"E74L,","UP,",1,"E7,","E,",MAIN,Nebraska,40.813356,-95.924614,"Nebraska
(40.813356, -95.924614)"
Derailments,2015:12:BNSF:NE1215108,0,0,800,10000,0,0,0,DOUGLAS,12/15/2015 0:00,19:45,2015,2016,"T311,","BNSF,",7,"T3,","T,",YARD,Nebraska,41.221433,-95.923762,"Nebraska
(41.221433, -95.923762)"
Derailments,2011:09:BNSF:NE0911111,0,0,1200,9500,2,0,0,DOUGLAS,9/21/2011 0:00,14:00,2011,2011,"T102,","BNSF,",1,"T1,","T,",YARD,Nebraska,41.223547,-95.922897,"Nebraska
(41.223547, -95.922897)"
Other impacts,2014:09:BNSF:NE0914100,0,0,0,13000,0,0,0,DOUGLAS,9/9/2014 0:00,5:53,2014,2014,"H318,","BNSF,",7,"H3,","H,",YARD,Nebraska,41.224503,-95.921441,"Nebraska
(41.224503, -95.921441)"
Derailments,2016:05:UP:0516CB006,0,0,101400,150468,2,0,0,DOUGLAS,5/17/2016 0:00,18:40,2016,2016,"M405,","UP,",1,"M4,","M,",MAIN,Nebraska,41.24976,-95.92117,"Nebraska
(41.24976, -95.92117)"
Derailments,2012:09:BNSF:NE0912100,0,0,0,32669,22,0,0,DOUGLAS,9/6/2012 0:00,14:00,2012,2012,"H503,","BNSF,",1,"H5,","H,",YARD,Nebraska,41.243052,-95.91908,"Nebraska
(41.243052, -95.91908)"
Derailments,2014:08:BNSF:NE0814103,0,0,303500,26300,1,1,0,DOUGLAS,8/13/2014 0:00,2:13,2014,2014,"H307,H702,","BNSF,",1,"H3,H7,","H,",YARD,Nebraska,41.243052,-95.91908,"Nebraska
(41.243052, -95.91908)"
Derailments,2012:08:BNSF:NE0812104,0,0,5500,24100,0,0,0,DOUGLAS,8/10/2012 0:00,17:43,2012,2012,"H607,H702,","BNSF,",8,"H6,H7,","H,",YARD,Nebraska,41.227813,-95.916052,"Nebraska
(41.227813, -95.916052)"
Derailments,2011:11:BNSF:NE1111101,0,0,35771,34439,0,0,0,DOUGLAS,11/3/2011 0:00,19:15,2011,2012,"T110,","BNSF,UP,",7,"T1,","T,",YARD,Nebraska,41.229759,-95.914854,"Nebraska
(41.229759, -95.914854)"
Highway-rail impact,2013:12:BNSF:TC1213205,1,0,15000,500,106,0,0,STEVENS,12/11/2013 0:00,14:05,2013,2014,"M302,","BNSF,",1,"M3,","M,",MAIN,Minnesota,45.585618,-95.914683,"Minnesota
(45.585618, -95.914683)"
Broken train collision,2013:12:BNSF:SF1213104,0,0,708000,2918762,26,0,0,TULSA,12/13/2013 0:00,12:30,2013,2014,"M502,","BNSF,",61,"M5,","M,",MAIN,Oklahoma,36.180595,-95.91319,"Oklahoma
(36.180595, -95.91319)"
Highway-rail impact,2016:03:CP:1000368739,0,1,230860,228855,0,0,0,BECKER,3/24/2016 0:00,24:23:00,2016,2016,"M302,M304,","CP,",1,"M3,","M,",MAIN,Minnesota,46.977341,-95.911177,"Minnesota
(46.977341, -95.911177)"
Derailments,2013:06:XWEC:INDUSTRY,0,0,75000,48343,0,0,0,SWIFT,6/21/2013 0:00,21:15,2013,2013,"H704,","BNSF,",1,"H7,","H,",INDUSTRY,Minnesota,45.248154,-95.908073,"Minnesota
(45.248154, -95.908073)"
Obstruction impact,2015:11:BNSF:NE1115114,0,0,0,11614,0,0,0,SARPY,11/18/2015 0:00,22:55,2015,2016,"M404,","ATK,BNSF,",2,"M4,","M,",MAIN,Nebraska,41.182215,-95.903453,"Nebraska
(41.182215, -95.903453)"
Side collision,2012:01:UP:0112CB005,0,0,1510,34835,0,0,0,POTTAWATTAMIE,1/25/2012 0:00,5:00,2012,2012,"H307,","UP,",87,"H3,","H,",YARD,Iowa,41.249731,-95.901941,"Iowa
(41.249731, -95.901941)"
Derailments,2012:01:UP:0112CB008,0,0,908,52433,1,0,0,POTTAWATTAMIE,1/27/2012 0:00,5:15,2012,2012,"E64L,","UP,",1,"E6,","E,",YARD,Iowa,41.249731,-95.901941,"Iowa
(41.249731, -95.901941)"
Derailments,2012:05:UP:0512CB014,0,0,5028,5529,28,0,0,POTTAWATTAMIE,5/26/2012 0:00,2:45,2012,2012,"H519,","UP,",1,"H5,","H,",YARD,Iowa,41.24976,-95.899005,"Iowa
(41.24976, -95.899005)"
Derailments,2016:05:UP:0516CB007,0,0,0,14289,0,0,0,POTTAWATTAMIE,5/19/2016 0:00,2:30,2016,2016,"H504,","UP,",1,"H5,","H,",YARD,Iowa,41.249886,-95.894069,"Iowa
(41.249886, -95.894069)"
Derailments,2014:08:UP:0814CB010,0,0,38935,5157,0,0,0,POTTAWATTAMIE,8/15/2014 0:00,7:30,2014,2014,"H702,","UP,",7,"H7,","H,",YARD,Iowa,41.249894,-95.893106,"Iowa
(41.249894, -95.893106)"
Derailments,2013:11:UP:1113CB005,0,0,45331,32136,5,0,0,POTTAWATTAMIE,11/15/2013 0:00,8:55,2013,2014,"T314,","UP,",7,"T3,","T,",YARD,Iowa,41.249822,-95.892914,"Iowa
(41.249822, -95.892914)"
Derailments,2011:10:UP:1011CB009,0,0,40253,180328,1,1,0,POTTAWATTAMIE,10/22/2011 0:00,18:30,2011,2012,"M599,","UP,",7,"M5,","M,",YARD,Iowa,41.250065,-95.892912,"Iowa
(41.250065, -95.892912)"
Derailments,2012:01:UP:0112CB002,0,0,4040,5877,0,0,0,POTTAWATTAMIE,1/4/2012 0:00,24:53:00,2012,2012,"H312,","UP,",7,"H3,","H,",YARD,Iowa,41.250065,-95.892912,"Iowa
(41.250065, -95.892912)"
Derailments,2016:05:UP:0516CB011,0,0,8420,3424,0,0,0,POTTAWATTAMIE,5/28/2016 0:00,18:00,2016,2016,"M507,","UP,",7,"M5,","M,",YARD,Iowa,41.250065,-95.892912,"Iowa
(41.250065, -95.892912)"
Fire/violent rupture,2012:05:UP:0512CB015,0,0,0,21984,0,0,0,POTTAWATTAMIE,5/25/2012 0:00,20:40,2012,2012,"E73L,","UP,",1,"E7,","E,",MAIN,Iowa,41.49525,-95.891789,"Iowa
(41.49525, -95.891789)"
Derailments,2014:02:BNSF:TC0214122,0,0,70000,1500,12,0,0,POLK,2/20/2014 0:00,15:00,2014,2014,"E66C,","BNSF,",1,"E6,","E,",MAIN,Minnesota,47.635017,-95.89148,"Minnesota
(47.635017, -95.89148)"
Other events,2015:04:BNSF:NE0415112,0,0,0,36000,0,0,0,SARPY,4/17/2015 0:00,24:00:00,2015,2015,"H997,","BNSF,",NA,"H9,","H,",MAIN,Nebraska,41.125155,-95.889301,"Nebraska
(41.125155, -95.889301)"
Derailments,2012:02:UP:0212CB009,0,0,89987,61585,0,0,0,POTTAWATTAMIE,2/13/2012 0:00,16:55,2012,2012,"H307,","UP,",8,"H3,","H,",YARD,Iowa,41.248661,-95.885841,"Iowa
(41.248661, -95.885841)"
Highway-rail impact,2013:12:UP:1213TC005,0,1,100,18116,0,0,0,SIOUX,12/10/2013 0:00,14:40,2013,2014,"M304,M302,","UP,",1,"M3,","M,",MAIN,Iowa,43.127315,-95.885437,"Iowa
(43.127315, -95.885437)"
Derailments,2014:05:UP:0514CB004,0,0,12550,13912,0,0,0,POTTAWATTAMIE,5/3/2014 0:00,12:10,2014,2014,"T303,","UP,",7,"T3,","T,",YARD,Iowa,41.249896,-95.885434,"Iowa
(41.249896, -95.885434)"
Side collision,2012:11:UP:1112CB008,0,0,87098,131575,18,0,0,POTTAWATTAMIE,11/17/2012 0:00,14:56,2012,2013,"H221,","UP,",1,"H2,","H,",MAIN,Iowa,41.250355,-95.885235,"Iowa
(41.250355, -95.885235)"
Derailments,2013:08:UP:0813CB011,0,0,792,23096,0,0,0,POTTAWATTAMIE,8/21/2013 0:00,3:30,2013,2013,"T314,","UP,",8,"T3,","T,",YARD,Iowa,41.249631,-95.885194,"Iowa
(41.249631, -95.885194)"
Highway-rail impact,2014:03:UP:0314FW022,0,0,333,12442,0,0,0,HENDERSON,3/21/2014 0:00,16:10,2014,2014,"M304,","UP,",8,"M3,","M,",MAIN,Texas,32.217061,-95.883574,"Texas
(32.217061, -95.883574)"
Derailments,2012:02:XMAR:INDUSTRY,0,0,3000,57328,0,0,0,POTTAWATTAMIE,2/24/2012 0:00,21:00,2012,2012,"T112,","UP,",1,"T1,","T,",INDUSTRY,Iowa,41.24646,-95.883166,"Iowa
(41.24646, -95.883166)"
Derailments,2014:01:UP:0114CB007,0,0,15500,250,0,0,0,POTTAWATTAMIE,1/17/2014 0:00,13:25,2014,2014,"H704,","UP,",1,"H7,","H,",YARD,Iowa,41.249607,-95.883133,"Iowa
(41.249607, -95.883133)"
Derailments,2015:11:UP:1115CB010,0,0,2532,14166,0,0,0,POTTAWATTAMIE,11/28/2015 0:00,11:15,2015,2016,"T202,","UP,",7,"T2,","T,",YARD,Iowa,41.249925,-95.878112,"Iowa
(41.249925, -95.878112)"
Derailments,2012:05:UP:0512CB008,0,0,14226,44145,0,0,0,POTTAWATTAMIE,5/19/2012 0:00,24:15:00,2012,2012,"H099,","UP,",7,"H0,","H,",YARD,Iowa,41.251891,-95.877924,"Iowa
(41.251891, -95.877924)"
Derailments,2014:12:SKOL:D523114,0,0,5000,23963,0,0,0,TULSA,12/5/2014 0:00,16:35,2014,2015,"T205,","SKOL,",7,"T2,","T,",YARD,Oklahoma,36.161624,-95.877317,"Oklahoma
(36.161624, -95.877317)"
Derailments,2015:12:UP:1215CB001,0,0,251865,26405,28,0,0,POTTAWATTAMIE,12/1/2015 0:00,18:30,2015,2016,"H503,","UP,",1,"H5,","H,",YARD,Iowa,41.240575,-95.876156,"Iowa
(41.240575, -95.876156)"
Derailments,2013:03:UP:0313CB010,0,0,22424,30877,0,0,0,POTTAWATTAMIE,3/13/2013 0:00,14:45,2013,2013,"T110,","UP,",7,"T1,","T,",YARD,Iowa,41.24665,-95.875317,"Iowa
(41.24665, -95.875317)"
Derailments,2014:05:UP:0514CB014,0,0,2856,19281,0,0,0,POTTAWATTAMIE,5/14/2014 0:00,17:00,2014,2014,"H702,","UP,",1,"H7,","H,",YARD,Iowa,41.24665,-95.875317,"Iowa
(41.24665, -95.875317)"
Derailments,2012:02:UP:0212CB012,0,0,2286,7909,0,0,0,POTTAWATTAMIE,2/22/2012 0:00,19:00,2012,2012,"H307,","UP,",7,"H3,","H,",INDUSTRY,Iowa,41.25196,-95.874078,"Iowa
(41.25196, -95.874078)"
Derailments,2012:09:UP:0912CB013,0,0,173720,281248,3,1,0,DOUGLAS,9/30/2012 0:00,2:00,2012,2012,"M405,T199,","UP,",1,"M4,T1,","M,T,",MAIN,Nebraska,41.25196,-95.874078,"Nebraska
(41.25196, -95.874078)"
Derailments,2014:04:UP:0414CB006,0,0,5232,9498,0,0,0,POTTAWATTAMIE,4/9/2014 0:00,1:30,2014,2014,"H522,","UP,",7,"H5,","H,",YARD,Iowa,41.252875,-95.871711,"Iowa
(41.252875, -95.871711)"
Derailments,2013:10:UP:1013CB003,0,0,15080,12961,0,0,0,POTTAWATTAMIE,10/7/2013 0:00,15:05,2013,2014,"M405,","UP,",1,"M4,","M,",YARD,Iowa,41.24015,-95.870653,"Iowa
(41.24015, -95.870653)"
Other impacts,2016:05:CC:888489,0,0,240,30000,1,1,0,POTTAWATTAMIE,5/15/2016 0:00,11:28,2016,2016,"H312,","CC,",7,"H3,","H,",YARD,Iowa,41.27155,-95.863152,"Iowa
(41.27155, -95.863152)"
Derailments,2012:05:UP:0512CB011,0,0,4772,5050,0,0,0,POTTAWATTAMIE,5/23/2012 0:00,10:30,2012,2012,"E07C,","UP,",1,"E0,","E,",MAIN,Iowa,41.283331,-95.860377,"Iowa
(41.283331, -95.860377)"
Derailments,2013:07:UP:0713CB008,0,0,25133,115324,18,1,0,POTTAWATTAMIE,7/16/2013 0:00,19:40,2013,2013,"T319,","UP,",1,"T3,","T,",YARD,Iowa,41.27287,-95.860173,"Iowa
(41.27287, -95.860173)"
Derailments,2013:01:UP:0113CB006,0,0,4856,172699,18,5,0,POTTAWATTAMIE,1/22/2013 0:00,17:10,2013,2013,"T220,","UP,",1,"T2,","T,",YARD,Iowa,41.272873,-95.860126,"Iowa
(41.272873, -95.860126)"
Obstruction impact,2015:05:UP:0515CB003,0,0,750,10212,0,0,0,POTTAWATTAMIE,5/8/2015 0:00,1:00,2015,2015,"M101,","UP,",1,"M1,","M,",MAIN,Iowa,41.294165,-95.859581,"Iowa
(41.294165, -95.859581)"
Derailments,2015:02:OPPX:INDUSTRY,0,0,13998,193532,0,0,0,OTOE,2/5/2015 0:00,6:32,2015,2015,"M404,","UP,",1,"M4,","M,",INDUSTRY,Nebraska,40.668582,-95.855391,"Nebraska
(40.668582, -95.855391)"
Derailments,2016:04:SKOL:160429001,0,0,6800,15927,0,0,0,TULSA,4/29/2016 0:00,10:25,2016,2016,"M503,","SKOL,",1,"M5,","M,",YARD,Oklahoma,36.25686,-95.855196,"Oklahoma
(36.25686, -95.855196)"
Derailments,2012:01:UP:0112WH010,0,0,946,11971,3,0,0,TULSA,1/29/2012 0:00,7:00,2012,2012,"H607,","UP,",1,"H6,","H,",YARD,Oklahoma,36.085079,-95.850891,"Oklahoma
(36.085079, -95.850891)"
Obstruction impact,2014:10:MAQZ:INDUSTRY,0,0,0,47967,0,0,0,POTTAWATTAMIE,10/14/2014 0:00,13:15,2014,2015,"H307,","BNSF,",1,"H3,","H,",INDUSTRY,Iowa,41.182022,-95.837321,"Iowa
(41.182022, -95.837321)"
Derailments,2011:12:IAIS:2011176,0,0,29298,7559,0,0,0,POTTAWATTAMIE,12/20/2011 0:00,13:45,2011,2012,"T314,","IAIS,UP,",1,"T3,","T,",YARD,Iowa,41.23096,-95.834426,"Iowa
(41.23096, -95.834426)"
Derailments,2015:10:SKOL:D523415,0,0,24000,2800,0,0,0,TULSA,10/29/2015 0:00,14:30,2015,2016,"T222,","SKOL,",1,"T2,","T,",MAIN,Oklahoma,36.250688,-95.833857,"Oklahoma
(36.250688, -95.833857)"
Derailments,2011:09:IAIS:2011067,0,0,0,42390,0,0,0,POTTAWATTAMIE,9/21/2011 0:00,3:00,2011,2011,"T110,","IAIS,",1,"T1,","T,",INDUSTRY,Iowa,41.22799,-95.833225,"Iowa
(41.22799, -95.833225)"
Derailments,2014:04:XMMM:INDUSTRY,0,0,250,28760,0,0,0,FORT BEND,4/30/2014 0:00,23:00,2014,2014,"T402,","UP,",1,"T4,","T,",INDUSTRY,Texas,29.558854,-95.828309,"Texas
(29.558854, -95.828309)"
Derailments,2013:01:UP:0113TC011,0,0,68233,370155,5,0,0,O BRIEN,1/31/2013 0:00,18:06,2013,2013,"T207,","UP,",1,"T2,","T,",MAIN,Iowa,42.236478,-95.826836,"Iowa
(42.236478, -95.826836)"
Derailments,2013:02:UP:0213TC022,0,0,361234,1115112,16,0,0,O BRIEN,2/28/2013 0:00,2:17,2013,2013,"T204,","UP,",1,"T2,","T,",MAIN,Iowa,43.23796,-95.82602,"Iowa
(43.23796, -95.82602)"
Derailments,2013:04:XTXC:INDUSTRY,0,0,18440,7475,0,0,0,HARRIS,4/9/2013 0:00,22:05,2013,2013,"T211,","UP,",1,"T2,","T,",INDUSTRY,Texas,29.786061,-95.824417,"Texas
(29.786061, -95.824417)"
Derailments,2016:04:UP:0416FW003,0,0,5620,7693,3,0,0,PITTSBURG,4/3/2016 0:00,24:27:00,2016,2016,"T101,","UP,",1,"T1,","T,",SIDING,Oklahoma,34.858857,-95.821158,"Oklahoma
(34.858857, -95.821158)"
Derailments,2014:02:TXIQ:INDUSTRY,0,0,13780,6840,0,0,0,HARRIS,2/25/2014 0:00,18:00,2014,2014,"H306,","UP,",1,"H3,","H,",INDUSTRY,Texas,29.786019,-95.817695,"Texas
(29.786019, -95.817695)"
Obstruction impact,2014:12:BNSF:SF1214107,0,0,13052,1000,0,0,0,TULSA,12/4/2014 0:00,13:30,2014,2015,"H022,H303,","BNSF,",9,"H0,H3,","H,",MAIN,Oklahoma,36.188122,-95.813931,"Oklahoma
(36.188122, -95.813931)"
Derailments,2012:07:BNSF:NE0712101,0,0,20000,2510,0,0,0,POTTAWATTAMIE,7/10/2012 0:00,2:30,2012,2012,"T314,","BNSF,",1,"T3,","T,",MAIN,Iowa,41.180137,-95.813811,"Iowa
(41.180137, -95.813811)"
Derailments,2011:09:BNSF:GC0911111,0,0,28000,17000,30,0,0,FORT BEND,9/24/2011 0:00,19:38,2011,2011,"T102,","BNSF,",1,"T1,","T,",MAIN,Texas,29.560642,-95.813129,"Texas
(29.560642, -95.813129)"
Derailments,2016:04:XMMM:INDUSTRY,0,0,10636,4428,0,0,0,HARRIS,4/24/2016 0:00,14:40,2016,2016,"T111,","UP,",1,"T1,","T,",INDUSTRY,Texas,29.785984,-95.809712,"Texas
(29.785984, -95.809712)"
Derailments,2015:11:XMMM:INDUSTRY,0,0,264,292300,0,0,0,HARRIS,11/3/2015 0:00,17:00,2015,2016,"T205,","UP,",1,"T2,","T,",INDUSTRY,Texas,29.787896,-95.807093,"Texas
(29.787896, -95.807093)"
Derailments,2012:07:XGHM:INDUSTRY,0,0,0,41744,0,0,0,TULSA,7/31/2012 0:00,13:45,2012,2012,"T110,","SKOL,",1,"T1,","T,",INDUSTRY,Oklahoma,36.2262,-95.8062,"Oklahoma
(36.2262, -95.8062)"
Derailments,2016:03:XPEP:INDUSTRY,0,0,50932,4531,18,5,0,OSCEOLA,3/16/2016 0:00,18:10,2016,2016,"T207,","UP,",1,"T2,","T,",INDUSTRY,Iowa,43.276723,-95.80425,"Iowa
(43.276723, -95.80425)"
Derailments,2013:12:UP:1213TC014,0,0,113142,308153,1,0,0,OSCEOLA,12/31/2013 0:00,12:15,2013,2014,"T221,","UP,",1,"T2,","T,",MAIN,Iowa,43.287107,-95.798876,"Iowa
(43.287107, -95.798876)"
Derailments,2016:01:BNSF:NE0116113,0,0,6000,7626,0,0,0,MILLS,1/25/2016 0:00,23:50,2016,2016,"E4TC,","BNSF,",1,"E4,","E,",MAIN,Iowa,41.016171,-95.797118,"Iowa
(41.016171, -95.797118)"
Derailments,2015:10:UP:1015CB002,0,0,142620,7002,0,0,0,HARRISON,10/4/2015 0:00,24:22:00,2015,2016,"T001,","UP,",1,"T0,","T,",MAIN,Iowa,41.649228,-95.782588,"Iowa
(41.649228, -95.782588)"
Highway-rail impact,2012:07:KCS:12071802,1,0,11200,500,1,0,0,HOPKINS,7/18/2012 0:00,19:32,2012,2012,"M302,","KCS,",1,"M3,","M,",MAIN,Texas,33.13108,-95.77939,"Texas
(33.13108, -95.77939)"
Derailments,2016:06:UP:0616FW011,0,0,8397,17449,0,0,0,PITTSBURG,6/14/2016 0:00,6:37,2016,2016,"T314,","UP,",1,"T3,","T,",MAIN,Oklahoma,34.930383,-95.770665,"Oklahoma
(34.930383, -95.770665)"
Derailments,2011:07:AOK:7142011,0,0,14952,3445,4,0,0,PITTSBURG,7/14/2011 0:00,2:47,2011,2011,"M405,","AOK,UP,",1,"M4,","M,",YARD,Oklahoma,34.930054,-95.77017,"Oklahoma
(34.930054, -95.77017)"
Highway-rail impact,2012:09:UP:0912DV004,0,1,100,11878,0,0,0,SHAWNEE,9/9/2012 0:00,18:58,2012,2012,"M308,M303,","UP,",1,"M3,","M,",MAIN,Kansas,39.097401,-95.768793,"Kansas
(39.097401, -95.768793)"
Highway-rail impact,2012:03:UP:0312FW026,0,2,8555,38970,0,0,0,PITTSBURG,3/29/2012 0:00,9:15,2012,2012,"M304,M308,","UP,",1,"M3,","M,",MAIN,Oklahoma,34.946918,-95.765887,"Oklahoma
(34.946918, -95.765887)"
Derailments,2013:01:AOK:TBD,0,0,8890,5377,1,1,0,PITTSBURG,1/5/2013 0:00,20:42,2013,2013,"T113,","AOK,UP,",1,"T1,","T,",YARD,Oklahoma,34.946889,-95.762725,"Oklahoma
(34.946889, -95.762725)"
Fire/violent rupture,2015:06:UP:0615KC016,0,0,0,47895,0,0,0,SHAWNEE,6/15/2015 0:00,17:24,2015,2015,"E79L,","UP,",1,"E7,","E,",MAIN,Kansas,39.09111,-95.756397,"Kansas
(39.09111, -95.756397)"
Derailments,2013:10:KRR:KRR442313D,0,0,220000,95000,0,0,0,CHOCTAW,10/1/2013 0:00,13:20,2013,2014,"T210,","KRR,",1,"T2,","T,",MAIN,Oklahoma,34.02281,-95.75574,"Oklahoma
(34.02281, -95.75574)"
Highway-rail impact,2013:03:UP:0313HO003,0,0,1183,68710,0,0,0,MONTGOMERY,3/4/2013 0:00,14:48,2013,2013,"M303,","UP,",1,"M3,","M,",MAIN,Texas,30.211218,-95.753416,"Texas
(30.211218, -95.753416)"
Highway-rail impact,2015:01:UP:0115WH008,0,3,97686,3771894,0,0,0,WILSON,1/15/2015 0:00,10:30,2015,2015,"M308,","UP,",1,"M3,","M,",MAIN,Kansas,37.631779,-95.746783,"Kansas
(37.631779, -95.746783)"
Derailments,2015:11:POCA:110215,0,0,13900,13500,0,0,0,ROGERS,11/2/2015 0:00,15:45,2015,2016,"T108,T001,","POCA,",7,"T1,T0,","T,",YARD,Oklahoma,36.244163,-95.738765,"Oklahoma
(36.244163, -95.738765)"
Derailments,2015:08:XCCO:INDUSTRY,0,0,17305,46046,0,0,0,SHAWNEE,8/31/2015 0:00,16:00,2015,2015,"T314,","UP,",7,"T3,","T,",INDUSTRY,Kansas,39.085835,-95.733646,"Kansas
(39.085835, -95.733646)"
Derailments,2013:02:CP:235706,0,0,145000,1028061,65,9,0,OTTER TAIL,2/15/2013 0:00,6:10,2013,2013,"T204,","CP,",1,"T2,","T,",MAIN,Minnesota,46.59336,-95.73024,"Minnesota
(46.59336, -95.73024)"
Derailments,2015:12:XCAI:INDUSTRY,0,0,2815,61604,0,0,0,SHAWNEE,12/2/2015 0:00,6:10,2015,2016,"T314,","UP,",7,"T3,","T,",INDUSTRY,Kansas,39.083978,-95.725604,"Kansas
(39.083978, -95.725604)"
Obstruction impact,2013:08:PSOZ:INDUSTRY,0,0,0,13160,0,0,0,ROGERS,8/24/2013 0:00,19:30,2013,2013,"M404,","UP,",1,"M4,","M,",INDUSTRY,Oklahoma,36.437583,-95.708737,"Oklahoma
(36.437583, -95.708737)"
Highway-rail impact,2016:07:UP:0716KC015,0,0,0,25000,30,0,0,SHAWNEE,7/18/2016 0:00,19:26,2016,2016,"M302,","UP,",1,"M3,","M,",MAIN,Kansas,39.070894,-95.70382,"Kansas
(39.070894, -95.70382)"
Highway-rail impact,2016:06:UP:0616KC009,0,0,0,30000,1,0,0,SHAWNEE,6/16/2016 0:00,24:15:00,2016,2016,"M302,","UP,",1,"M3,","M,",MAIN,Kansas,39.070119,-95.701657,"Kansas
(39.070119, -95.701657)"
Highway-rail impact,2012:10:BNSF:SF1012202,0,0,60000,3500,0,0,0,ROGERS,10/16/2012 0:00,7:50,2012,2013,"M303,","BNSF,",1,"M3,","M,",MAIN,Oklahoma,36.228451,-95.700541,"Oklahoma
(36.228451, -95.700541)"