AccidentType,inckey,Fatalities,Injuries,TrackDamage,EquipmentDamage,HazmatCars,HazmatCarsDerailed,HazmatCarsReleasing,County,DisplayDate,DisplayTime,calendar,Fiscal,AccidentCause,RailroadCodes,RAILEQUIPMENT_TYPE,CauseGroup,CauseDiscipline,TYPE_OF_TRACK,StateName,latitude,longitude,GeoLocation
Highway-rail impact,2014:09:CC:827197,0,1,4677,6083,0,0,0,HARRISON,9/22/2014 0:00,13:00,2014,2014,"M308,","CC,",1,"M3,","M,",MAIN,Iowa,41.744187,-95.697086,"Iowa
(41.744187, -95.697086)"
Derailments,2011:10:UP:1011WH005,0,0,24511,816228,0,0,0,WOODSON,10/18/2011 0:00,12:20,2011,2012,"M599,","UP,",1,"M5,","M,",MAIN,Kansas,37.890492,-95.694286,"Kansas
(37.890492, -95.694286)"
Derailments,2011:10:UP:1011WH004,0,0,23717,98754,0,0,0,WOODSON,10/10/2011 0:00,2:00,2011,2012,"M599,","UP,",1,"M5,","M,",MAIN,Kansas,37.879996,-95.693295,"Kansas
(37.879996, -95.693295)"
Derailments,2016:04:UP:0416HO048,0,0,691200,34771,0,0,0,ANDERSON,4/30/2016 0:00,2:50,2016,2016,"M103,","UP,",1,"M1,","M,",MAIN,Texas,31.707207,-95.69291,"Texas
(31.707207, -95.69291)"
Highway-rail impact,2014:11:UP:1114WH010,0,0,0,74117,0,0,0,WOODSON,11/25/2014 0:00,19:08,2014,2015,"M303,","UP,",1,"M3,","M,",MAIN,Kansas,37.806516,-95.688897,"Kansas
(37.806516, -95.688897)"
Derailments,2014:01:UP:0114KC017,0,0,330,10956,0,0,0,SHAWNEE,1/20/2014 0:00,14:10,2014,2014,"H607,","UP,",7,"H6,","H,",YARD,Kansas,39.073066,-95.686306,"Kansas
(39.073066, -95.686306)"
Derailments,2014:03:UP:0314KC008,0,0,2292,12306,0,0,0,SHAWNEE,3/20/2014 0:00,10:21,2014,2014,"H607,","UP,",7,"H6,","H,",YARD,Kansas,39.073066,-95.686306,"Kansas
(39.073066, -95.686306)"
Derailments,2011:10:UP:1011KC002,0,1,8400,4600,0,0,0,SHAWNEE,10/4/2011 0:00,1:10,2011,2012,"M409,","UP,",7,"M4,","M,",YARD,Kansas,39.07306,-95.68629,"Kansas
(39.07306, -95.68629)"
Derailments,2011:07:KRR:110319,0,0,895000,160000,0,0,0,CHOCTAW,7/3/2011 0:00,13:20,2011,2011,"T109,","KRR,",1,"T1,","T,",MAIN,Oklahoma,34.027,-95.666,"Oklahoma
(34.027, -95.666)"
Derailments,2016:07:BNSF:KS0716104,0,0,8900,8481,0,0,0,SHAWNEE,7/19/2016 0:00,19:50,2016,2016,"H504,H503,","BNSF,",1,"H5,","H,",YARD,Kansas,39.047171,-95.665821,"Kansas
(39.047171, -95.665821)"
Derailments,2016:06:BNSF:KS0616112,0,0,250,15129,0,0,0,SHAWNEE,6/29/2016 0:00,17:39,2016,2016,"T314,","BNSF,",8,"T3,","T,",YARD,Kansas,39.049476,-95.664527,"Kansas
(39.049476, -95.664527)"
Derailments,2016:06:BNSF:TC0616103,0,0,940500,1309159,0,0,0,LYON,6/10/2016 0:00,18:30,2016,2016,"T109,","BNSF,",1,"T1,","T,",MAIN,Minnesota,44.621915,-95.66442,"Minnesota
(44.621915, -95.66442)"
Obstruction impact,2013:08:UP:0813WH008,0,0,0,51440,0,0,0,WOODSON,8/20/2013 0:00,3:00,2013,2013,"M404,","UP,",1,"M4,","M,",MAIN,Kansas,37.978848,-95.660438,"Kansas
(37.978848, -95.660438)"
Derailments,2013:09:UP:0913WH001,0,0,52000,9581,1,1,0,ROGERS,9/3/2013 0:00,7:00,2013,2013,"E61C,","UP,",1,"E6,","E,",MAIN,Oklahoma,36.371453,-95.653049,"Oklahoma
(36.371453, -95.653049)"
Highway-rail impact,2013:01:UP:0113HO034,0,1,3000,22188,10,0,0,HARRIS,1/25/2013 0:00,11:31,2013,2013,"M303,","UP,",1,"M3,","M,",MAIN,Texas,29.935961,-95.650216,"Texas
(29.935961, -95.650216)"
Derailments,2015:03:BNSF:KS0315110,0,0,50000,79122,0,0,0,SHAWNEE,3/20/2015 0:00,10:30,2015,2015,"H995,","BNSF,",8,"H9,","H,",YARD,Kansas,39.054435,-95.643293,"Kansas
(39.054435, -95.643293)"
Derailments,2011:11:UP:1111KC013,0,0,187012,1738665,14,0,0,SHAWNEE,11/14/2011 0:00,23:05,2011,2012,"T207,","UP,",1,"T2,","T,",MAIN,Kansas,39.087439,-95.643141,"Kansas
(39.087439, -95.643141)"
Raking collision,2016:08:ZNRP:INDUSTRY,0,0,0,2814000,0,0,0,FORT BEND,8/27/2016 0:00,5:00,2016,2016,"M501,","BNSF,",1,"M5,","M,",INDUSTRY,Texas,29.476026,-95.639563,"Texas
(29.476026, -95.639563)"
Highway-rail impact,2015:12:UP:1215WH002,1,0,600,13396,11,0,0,NOWATA,12/2/2015 0:00,9:40,2015,2016,"M308,","UP,",1,"M3,","M,",MAIN,Oklahoma,36.901847,-95.637095,"Oklahoma
(36.901847, -95.637095)"
Other events,2016:07:UP:0716FW033,0,0,0,91984,0,0,0,HENDERSON,7/27/2016 0:00,14:00,2016,2016,"E34C,","UP,",1,"E3,","E,",MAIN,Texas,32.305096,-95.636716,"Texas
(32.305096, -95.636716)"
Derailments,2014:03:BNSF:TC0314111,0,0,59000,15325,0,0,0,YELLOW MEDICINE,3/18/2014 0:00,10:30,2014,2014,"E52C,","BNSF,",1,"E5,","E,",MAIN,Minnesota,44.680572,-95.62774,"Minnesota
(44.680572, -95.62774)"
Derailments,2012:12:SKOL:D524812,0,0,7500,25216,0,0,0,MONTGOMERY,12/12/2012 0:00,19:00,2012,2013,"H699,T220,T205,","SKOL,UP,",76,"H6,T2,","H,T,",YARD,Kansas,37.030452,-95.627371,"Kansas
(37.030452, -95.627371)"
Derailments,2015:06:UP:0615WH008,0,0,7230,9198,0,0,0,MONTGOMERY,6/13/2015 0:00,4:30,2015,2015,"H307,","UP,",1,"H3,","H,",YARD,Kansas,37.017893,-95.625234,"Kansas
(37.017893, -95.625234)"
Derailments,2012:09:SKOL:D523712,0,0,8469,21643,0,0,0,MONTGOMERY,9/19/2012 0:00,11:35,2012,2012,"T220,","SKOL,UP,",7,"T2,","T,",YARD,Kansas,37.03037,-95.620424,"Kansas
(37.03037, -95.620424)"
Derailments,2016:01:SKOL:160106002,0,0,2700,156019,0,0,0,MONTGOMERY,1/6/2016 0:00,4:00,2016,2016,"T212,","SKOL,",7,"T2,","T,",YARD,Kansas,37.025948,-95.616739,"Kansas
(37.025948, -95.616739)"
Derailments,2015:01:SKOL:D520215,0,0,1040,26470,6,0,0,MONTGOMERY,1/12/2015 0:00,9:00,2015,2015,"T101,","SKOL,UP,",7,"T1,","T,",YARD,Kansas,37.031068,-95.615765,"Kansas
(37.031068, -95.615765)"
Derailments,2016:03:BNSF:ZZZZZZZZZZ,0,0,6600,11760,0,0,0,ROGERS,3/21/2016 0:00,6:00,2016,2016,"T108,","UP,",1,"T1,","T,",MAIN,Oklahoma,36.320637,-95.613253,"Oklahoma
(36.320637, -95.613253)"
Derailments,2012:02:BLR:120228A,0,0,10000,25000,0,0,0,HOPKINS,2/28/2012 0:00,9:15,2012,2012,"T201,","BLR,",7,"T2,","T,",YARD,Texas,33.145156,-95.612392,"Texas
(33.145156, -95.612392)"
Highway-rail impact,2015:11:UP:1115TC001,2,1,30350,339,15,0,0,NOBLES,11/1/2015 0:00,15:25,2015,2016,"M302,","UP,",1,"M3,","M,",MAIN,Minnesota,43.607964,-95.6106,"Minnesota
(43.607964, -95.6106)"
Other impacts,2012:01:SKOL:M520112,0,0,0,21000,0,0,0,MONTGOMERY,1/17/2012 0:00,16:58,2012,2012,"H017,","SKOL,",8,"H0,","H,",YARD,Kansas,37.047026,-95.610536,"Kansas
(37.047026, -95.610536)"
Derailments,2012:05:ZNRP:INDUSTRY,0,0,500,10440,0,0,0,FORT BEND,5/11/2012 0:00,2:25,2012,2012,"T111,","BNSF,",1,"T1,","T,",INDUSTRY,Texas,29.500571,-95.597089,"Texas
(29.500571, -95.597089)"
Derailments,2013:02:BNSF:TC0213117,0,0,0,16873,0,0,0,SWIFT,2/19/2013 0:00,10:30,2013,2013,"M101,","BNSF,",1,"M1,","M,",SIDING,Minnesota,45.312404,-95.593579,"Minnesota
(45.312404, -95.593579)"
Derailments,2011:07:BNSF:SF0711124,0,0,276250,96076,1,1,0,TULSA,7/24/2011 0:00,1:50,2011,2011,"H503,","BNSF,",76,"H5,","H,",YARD,Oklahoma,36.914,-95.5933,"Oklahoma
(36.914, -95.5933)"
Highway-rail impact,2011:06:UP:0611HO017,0,0,21000,37642,22,0,0,HARRIS,6/21/2011 0:00,16:20,2011,2011,"M304,","UP,",1,"M3,","M,",MAIN,Texas,30.119666,-95.591582,"Texas
(30.119666, -95.591582)"
Derailments,2014:10:VMQ:INDUSTRY,0,0,500,39800,0,0,0,HARRIS,10/17/2014 0:00,9:05,2014,2015,"T110,","BNSF,",1,"T1,","T,",INDUSTRY,Texas,30.057174,-95.590221,"Texas
(30.057174, -95.590221)"
Derailments,2011:10:BNSF:GC1011102,0,0,63700,18000,0,0,0,FORT BEND,10/6/2011 0:00,18:35,2011,2012,"E4TC,","BNSF,",1,"E4,","E,",MAIN,Texas,29.497462,-95.58984,"Texas
(29.497462, -95.58984)"
Derailments,2014:01:SKOL:D520114,0,0,10000,30000,0,0,0,TULSA,1/22/2014 0:00,23:45,2014,2014,"T314,","SKOL,SLWC,",1,"T3,","T,",MAIN,Oklahoma,36.101542,-95.584817,"Oklahoma
(36.101542, -95.584817)"
Derailments,2012:03:UP:0312KC014,0,0,3434,13353,1,1,0,RICHARDSON,3/28/2012 0:00,17:10,2012,2012,"T319,","UP,",1,"T3,","T,",YARD,Nebraska,40.039448,-95.584744,"Nebraska
(40.039448, -95.584744)"
Derailments,2014:10:UP:1014TC018,0,0,26383,142705,0,0,0,NOBLES,10/24/2014 0:00,21:30,2014,2015,"T110,T101,","UP,",7,"T1,","T,",YARD,Minnesota,43.624973,-95.584055,"Minnesota
(43.624973, -95.584055)"
Highway-rail impact,2013:12:BNSF:TC1213206,0,0,11000,5000,0,0,0,OTTER TAIL,12/14/2013 0:00,22:00,2013,2014,"M302,","BNSF,",1,"M3,","M,",MAIN,Minnesota,46.598015,-95.578062,"Minnesota
(46.598015, -95.578062)"
Other events,2012:11:UP:1112KC016,0,0,0,12634,0,0,0,JEFFERSON,11/24/2012 0:00,2:37,2012,2013,"H503,","UP,",1,"H5,","H,",MAIN,Kansas,39.087111,-95.575523,"Kansas
(39.087111, -95.575523)"
Derailments,2011:09:KRR:ID110439,0,0,2500,14000,0,0,0,LAMAR,9/9/2011 0:00,10:00,2011,2011,"T499,","KRR,",1,"T4,","T,",MAIN,Texas,33.642,-95.572,"Texas
(33.642, -95.572)"
Derailments,2011:07:BNSF:KS0711111,0,0,6000,20000,0,0,0,SHAWNEE,7/11/2011 0:00,22:30,2011,2011,"H607,H702,","BNSF,",8,"H6,H7,","H,",INDUSTRY,Kansas,39.05447,-95.569737,"Kansas
(39.05447, -95.569737)"
Derailments,2013:04:XMMM:INDUSTRY,0,0,10000,6641,0,0,0,YELLOW MEDICINE,4/27/2013 0:00,11:15,2013,2013,"T311,","BNSF,",1,"T3,","T,",INDUSTRY,Minnesota,44.85403,-95.558324,"Minnesota
(44.85403, -95.558324)"
Derailments,2011:12:CC:729068,0,0,100,29755,0,0,0,DOUGLAS,12/2/2011 0:00,8:15,2011,2012,"H503,T304,","CC,UP,",7,"H5,T3,","H,T,",YARD,Nebraska,41.27442,-95.55801,"Nebraska
(41.27442, -95.55801)"
Derailments,2012:11:UP:1112KC008,0,0,840177,2026046,0,0,0,JEFFERSON,11/12/2012 0:00,21:35,2012,2013,"E53C,","UP,",1,"E5,","E,",MAIN,Kansas,39.083775,-95.556976,"Kansas
(39.083775, -95.556976)"
Derailments,2011:04:BNSF:KS0411116,0,0,450,19169,0,0,0,SHAWNEE,4/30/2011 0:00,15:55,2011,2011,"H307,","BNSF,",1,"H3,","H,",INDUSTRY,Kansas,39.059199,-95.556223,"Kansas
(39.059199, -95.556223)"
Derailments,2014:02:BNSF:NE0214104,0,0,2500,104116,0,0,0,DOUGLAS,2/7/2014 0:00,15:30,2014,2014,"T311,","BNSF,UP,",1,"T3,","T,",YARD,Nebraska,41.25088,-95.551929,"Nebraska
(41.25088, -95.551929)"
Derailments,2013:08:SKOL:D522613,0,0,6800,14585,0,0,0,MONTGOMERY,8/8/2013 0:00,22:20,2013,2013,"T221,","SKOL,",1,"T2,","T,",MAIN,Kansas,37.271907,-95.551707,"Kansas
(37.271907, -95.551707)"
Derailments,2011:11:SKOL:D524911,0,0,17160,26477,8,4,0,MONTGOMERY,11/4/2011 0:00,2:17,2011,2012,"H704,","SKOL,",1,"H7,","H,",INDUSTRY,Kansas,37.2645,-95.548868,"Kansas
(37.2645, -95.548868)"
Highway-rail impact,2013:04:UP:0413HO004,0,3,0,23090,9,0,0,FORT BEND,4/3/2013 0:00,11:42,2013,2013,"M303,","UP,",1,"M3,","M,",MAIN,Texas,29.620543,-95.548692,"Texas
(29.620543, -95.548692)"
Derailments,2016:07:UP:0716KC011,0,0,11509,1000,0,0,0,BROWN,7/14/2016 0:00,7:30,2016,2016,"M504,","UP,",5,"M5,","M,",INDUSTRY,Kansas,39.854856,-95.542451,"Kansas
(39.854856, -95.542451)"
Derailments,2012:11:UP:1112KC007,0,0,95940,165446,0,0,0,BROWN,11/12/2012 0:00,10:04,2012,2013,"E67C,","UP,",1,"E6,","E,",MAIN,Kansas,39.837691,-95.539731,"Kansas
(39.837691, -95.539731)"
Derailments,2013:11:BNSF:TC1113104,0,0,148674,2490,0,0,0,YELLOW MEDICINE,11/6/2013 0:00,2:05,2013,2014,"E68C,","BNSF,",1,"E6,","E,",MAIN,Minnesota,44.877049,-95.535772,"Minnesota
(44.877049, -95.535772)"
Other impacts,2016:01:SKOL:160114001,0,0,0,18600,0,0,0,MONTGOMERY,1/14/2016 0:00,1:00,2016,2016,"H301,H306,","SKOL,",7,"H3,","H,",YARD,Kansas,37.327926,-95.531587,"Kansas
(37.327926, -95.531587)"
Derailments,2015:02:KRR:KRR699915D,0,0,500,9224,9,1,0,CHOCTAW,2/27/2015 0:00,14:50,2015,2015,"M503,","KRR,",1,"M5,","M,",YARD,Oklahoma,34.01239,-95.52724,"Oklahoma
(34.01239, -95.52724)"
Highway-rail impact,2015:10:UP:1015HO014,1,1,11000,489,15,0,0,FORT BEND,10/14/2015 0:00,24:40:00,2015,2016,"M308,","UP,",1,"M3,","M,",MAIN,Texas,29.623813,-95.526284,"Texas
(29.623813, -95.526284)"
Derailments,2012:01:UP:0112WH006,0,0,98655,717702,0,0,0,ROGERS,1/24/2012 0:00,12:07,2012,2012,"E53C,","UP,",1,"E5,","E,",MAIN,Oklahoma,36.179716,-95.526112,"Oklahoma
(36.179716, -95.526112)"
Other events,2015:04:UP:0415WH003,0,0,0,26639,0,0,0,MCINTOSH,4/7/2015 0:00,15:45,2015,2015,"H402,","UP,",NA,"H4,","H,",MAIN,Oklahoma,35.47049,-95.520684,"Oklahoma
(35.47049, -95.520684)"
Other impacts,2012:12:KRR:IC120594,0,0,0,12000,0,0,0,CHOCTAW,12/5/2012 0:00,10:15,2012,2013,"H018,","KRR,",1,"H0,","H,",YARD,Oklahoma,34.009358,-95.519986,"Oklahoma
(34.009358, -95.519986)"
Derailments,2013:11:KRR:KRR475913D,0,0,33400,21337,2,2,0,CHOCTAW,11/28/2013 0:00,3:39,2013,2014,"E46C,","KRR,",1,"E4,","E,",YARD,Oklahoma,34.00934,-95.51961,"Oklahoma
(34.00934, -95.51961)"
Derailments,2013:08:KRR:KRR421713D,0,0,5000,14237,0,0,0,CHOCTAW,8/19/2013 0:00,1:10,2013,2013,"T299,","KRR,",1,"T2,","T,",MAIN,Oklahoma,34.010255,-95.515427,"Oklahoma
(34.010255, -95.515427)"
Side collision,2012:07:BNSF:GC0712111,0,1,6500,140904,34,2,0,HARRIS,7/26/2012 0:00,10:10,2012,2012,"H104,","BNSF,",71,"H1,","H,",MAIN,Texas,29.92466,-95.514953,"Texas
(29.92466, -95.514953)"
Derailments,2015:11:BLR:11092015,0,0,5000,0,0,0,0,HOPKINS,11/9/2015 0:00,21:30,2015,2016,"E08C,","BLR,",NA,"E0,","E,",YARD,Texas,33.145904,-95.514688,"Texas
(33.145904, -95.514688)"
Derailments,2013:08:SKOL:D522413,0,0,6500,20000,0,0,0,ROGERS,8/5/2013 0:00,18:00,2013,2013,"T314,","SKOL,",1,"T3,","T,",YARD,Oklahoma,36.155552,-95.512844,"Oklahoma
(36.155552, -95.512844)"
Derailments,2012:11:UP:1112KC013,0,0,2404,10000,0,0,0,BROWN,11/21/2012 0:00,18:54,2012,2013,"H019,","UP,",1,"H0,","H,",MAIN,Kansas,39.723318,-95.512707,"Kansas
(39.723318, -95.512707)"
Other impacts,2015:09:SKOL:M522715,0,0,0,28350,0,0,0,ROGERS,9/1/2015 0:00,8:50,2015,2015,"H018,","SKOL,",8,"H0,","H,",YARD,Oklahoma,36.152488,-95.512134,"Oklahoma
(36.152488, -95.512134)"
Derailments,2011:09:BNSF:GC0911105,0,0,39730,14550,0,0,0,HARRIS,9/14/2011 0:00,16:15,2011,2011,"T110,","BNSF,",7,"T1,","T,",YARD,Texas,29.918333,-95.511447,"Texas
(29.918333, -95.511447)"
Derailments,2013:04:BNSF:GC0413109,0,0,0,12607,6,0,0,HARRIS,4/5/2013 0:00,13:00,2013,2013,"H307,H303,","BNSF,",7,"H3,","H,",YARD,Texas,29.915812,-95.510021,"Texas
(29.915812, -95.510021)"
Derailments,2015:11:BNSF:GC1115100,0,0,0,22250,0,0,0,HARRIS,11/1/2015 0:00,12:30,2015,2016,"H307,H702,","BNSF,",7,"H3,H7,","H,",YARD,Texas,29.914659,-95.509165,"Texas
(29.914659, -95.509165)"
Derailments,2013:12:BNSF:GC1213110,0,0,8500,6200,0,0,0,HARRIS,12/9/2013 0:00,3:45,2013,2014,"E64C,","BNSF,",7,"E6,","E,",YARD,Texas,29.913293,-95.508591,"Texas
(29.913293, -95.508591)"
Derailments,2012:04:UP:0412HO034,0,0,8906,8331,0,0,0,HARRIS,4/23/2012 0:00,11:15,2012,2012,"T499,","UP,",7,"T4,","T,",INDUSTRY,Texas,29.833213,-95.504595,"Texas
(29.833213, -95.504595)"
Derailments,2015:01:SKOL:D520315,0,0,16000,1952,0,0,0,NEOSHO,1/18/2015 0:00,13:30,2015,2015,"T299,","SKOL,",1,"T2,","T,",MAIN,Kansas,37.404566,-95.500868,"Kansas
(37.404566, -95.500868)"
Derailments,2014:05:CMEX:INDUSTRY,0,0,10371,17071,0,0,0,HARRIS,5/14/2014 0:00,21:30,2014,2014,"T110,","UP,",1,"T1,","T,",INDUSTRY,Texas,30.09494,-95.496683,"Texas
(30.09494, -95.496683)"
Derailments,2015:01:UP:0115HO015,0,0,10328,3094,0,0,0,WALKER,1/10/2015 0:00,24:21:00,2015,2015,"M501,","UP,",7,"M5,","M,",INDUSTRY,Texas,30.705411,-95.494823,"Texas
(30.705411, -95.494823)"
Derailments,2014:11:TCWR:TCW110214A,0,0,700,18000,0,0,0,CHIPPEWA,11/2/2014 0:00,14:50,2014,2015,"E08C,","TCWR,",6,"E0,","E,",INDUSTRY,Minnesota,44.802906,-95.493363,"Minnesota
(44.802906, -95.493363)"
Derailments,2012:04:KRR:ID120151,0,0,10000,30000,0,0,0,CHOCTAW,4/5/2012 0:00,4:00,2012,2012,"T110,","KRR,",1,"T1,","T,",MAIN,Oklahoma,33.997,-95.487,"Oklahoma
(33.997, -95.487)"
Derailments,2012:06:UP:0612FW001,0,0,20888,0,0,0,0,WOOD,6/2/2012 0:00,19:15,2012,2012,"T101,E4TL,","UP,",1,"T1,E4,","T,E,",MAIN,Texas,32.66171,-95.486904,"Texas
(32.66171, -95.486904)"
Derailments,2012:03:SKOL:D520512,0,0,15000,54635,0,0,0,WILSON,3/3/2012 0:00,8:08,2012,2012,"T220,","SKOL,",1,"T2,","T,",MAIN,Kansas,37.29198,-95.48555,"Kansas
(37.29198, -95.48555)"
Highway-rail impact,2016:03:UP:0316HO018,0,0,26950,1015,1,0,0,HARRIS,3/22/2016 0:00,7:55,2016,2016,"M302,","UP,",1,"M3,","M,",MAIN,Texas,29.81813,-95.483472,"Texas
(29.81813, -95.483472)"
Derailments,2015:01:UP:0115WH015,0,0,5213,32673,57,1,0,MUSKOGEE,1/28/2015 0:00,17:00,2015,2015,"E34C,","UP,",1,"E3,","E,",MAIN,Oklahoma,35.573102,-95.482174,"Oklahoma
(35.573102, -95.482174)"
Fire/violent rupture,2016:02:UP:0216HO043,0,0,0,21723,0,0,0,WALKER,2/29/2016 0:00,15:45,2016,2016,"E74L,","UP,",1,"E7,","E,",MAIN,Texas,30.537726,-95.482144,"Texas
(30.537726, -95.482144)"
Other events,2011:12:BNSF:GC1211122,0,0,0,10000,0,0,0,HARRIS,12/12/2011 0:00,13:00,2011,2012,"H997,","BNSF,",9,"H9,","H,",MAIN,Texas,29.86577,-95.481613,"Texas
(29.86577, -95.481613)"
Derailments,2014:04:BNSF:TC0414115,0,0,35528,13123,0,0,0,OTTER TAIL,4/29/2014 0:00,17:30,2014,2014,"E53C,","BNSF,",1,"E5,","E,",MAIN,Minnesota,46.555271,-95.481146,"Minnesota
(46.555271, -95.481146)"
Derailments,2015:07:XBIM:INDUSTRY,0,0,0,32037,0,0,0,HARRIS,7/24/2015 0:00,18:15,2015,2015,"H307,","BNSF,",7,"H3,","H,",INDUSTRY,Texas,29.863343,-95.480638,"Texas
(29.863343, -95.480638)"
Derailments,2015:07:UP:0715HO023,0,0,27312,1200,0,0,0,WALKER,7/15/2015 0:00,9:40,2015,2015,"T109,","UP,",1,"T1,","T,",INDUSTRY,Texas,30.70483,-95.47475,"Texas
(30.70483, -95.47475)"
Derailments,2012:07:UP:0712KC005,0,0,368701,252311,0,0,0,JEFFERSON,7/15/2012 0:00,11:40,2012,2012,"E54C,","UP,",1,"E5,","E,",MAIN,Kansas,39.079956,-95.472624,"Kansas
(39.079956, -95.472624)"
Derailments,2014:06:UP:0614KC004,0,0,0,2692616,0,0,0,BROWN,6/3/2014 0:00,23:59,2014,2014,"M105,","UP,",1,"M1,","M,",MAIN,Kansas,39.720891,-95.468863,"Kansas
(39.720891, -95.468863)"
Derailments,2016:01:XNVC:INDUSTRY,0,0,2250,48988,0,0,0,NOBLES,1/16/2016 0:00,16:54,2016,2016,"M101,","UP,",1,"M1,","M,",INDUSTRY,Minnesota,43.701192,-95.466833,"Minnesota
(43.701192, -95.466833)"
Derailments,2014:11:BNSF:TC1114104,0,0,500,34627,9,0,0,CHIPPEWA,11/6/2014 0:00,8:35,2014,2015,"E53C,","BNSF,",1,"E5,","E,",MAIN,Minnesota,44.908141,-95.465556,"Minnesota
(44.908141, -95.465556)"
Highway-rail impact,2013:01:UP:0113HO006,0,0,25800,2689,1,0,0,FORT BEND,1/7/2013 0:00,11:42,2013,2013,"M399,M303,","KCS,UP,",1,"M3,","M,",MAIN,Texas,29.647267,-95.46532,"Texas
(29.647267, -95.46532)"
Derailments,2012:11:BNSF:GC1112102,0,0,19200,17288,0,0,0,FORT BEND,11/4/2012 0:00,12:15,2012,2013,"H703,","BNSF,",1,"H7,","H,",MAIN,Texas,29.500312,-95.464091,"Texas
(29.500312, -95.464091)"
Derailments,2013:06:UP:0613HO026,0,0,14314,6146,0,0,0,MONTGOMERY,6/12/2013 0:00,22:45,2013,2013,"E67C,","UP,",1,"E6,","E,",MAIN,Texas,30.340737,-95.457516,"Texas
(30.340737, -95.457516)"
Derailments,2014:05:CP:1000100161,0,0,125723,7248,0,0,0,OTTER TAIL,5/27/2014 0:00,13:45,2014,2014,"T109,","CP,",1,"T1,","T,",MAIN,Minnesota,46.33042,-95.45514,"Minnesota
(46.33042, -95.45514)"
Derailments,2015:05:BNSF:GC0515113,0,0,45000,1900,0,0,0,MONTGOMERY,5/23/2015 0:00,21:35,2015,2015,"T001,","BNSF,",1,"T0,","T,",YARD,Texas,30.310268,-95.453639,"Texas
(30.310268, -95.453639)"
Other events,2013:04:BNSF:KS0413115,0,0,1000,26000,0,0,0,FRANKLIN,4/3/2013 0:00,13:00,2013,2013,"H997,","BNSF,",9,"H9,","H,",MAIN,Kansas,38.595791,-95.453162,"Kansas
(38.595791, -95.453162)"
Derailments,2014:10:POCA:101314,0,0,11000,70000,0,0,0,ROGERS,10/13/2014 0:00,13:15,2014,2015,"T199,","POCA,",7,"T1,","T,",YARD,Oklahoma,36.134389,-95.452851,"Oklahoma
(36.134389, -95.452851)"
Derailments,2016:03:UP:0316HO020,0,0,43738,11654,13,3,0,BRAZORIA,3/24/2016 0:00,7:25,2016,2016,"T309,","UP,",15,"T3,","T,",YARD,Texas,29.146103,-95.45041,"Texas
(29.146103, -95.45041)"
Derailments,2012:09:UP:0912WH010,0,0,90860,1601589,0,0,0,MUSKOGEE,9/20/2012 0:00,10:23,2012,2012,"E61C,","UP,",1,"E6,","E,",MAIN,Oklahoma,35.624814,-95.448356,"Oklahoma
(35.624814, -95.448356)"
Derailments,2016:03:UP:0316HO031,0,0,118015,308,0,0,0,HARRIS,3/31/2016 0:00,17:22,2016,2016,"M405,T403,","UP,",7,"M4,T4,","M,T,",INDUSTRY,Texas,29.792351,-95.448088,"Texas
(29.792351, -95.448088)"
Fire/violent rupture,2012:01:UP:0112HO020,0,0,0,150000,0,0,0,HARRIS,1/17/2012 0:00,14:45,2012,2012,"M406,","UP,",NA,"M4,","M,",SIDING,Texas,29.708464,-95.447422,"Texas
(29.708464, -95.447422)"
Derailments,2012:11:UP:1112HO041,0,0,9852,500,3,0,0,HARRIS,11/27/2012 0:00,10:20,2012,2013,"E64L,","BNSF,UP,",7,"E6,","E,",MAIN,Texas,29.688149,-95.447038,"Texas
(29.688149, -95.447038)"
Derailments,2013:06:UP:0613HO034,0,0,448,12897,3,3,0,HARRIS,6/16/2013 0:00,1:37,2013,2013,"E40C,","UP,",75,"E4,","E,",YARD,Texas,29.660597,-95.446453,"Texas
(29.660597, -95.446453)"
Derailments,2015:06:UP:0615HO017,0,0,465715,134080,9,0,0,HARRIS,6/11/2015 0:00,8:34,2015,2015,"T108,T102,","KCS,UP,",1,"T1,","T,",MAIN,Texas,29.776324,-95.443178,"Texas
(29.776324, -95.443178)"
Derailments,2012:02:UP:0212TC007,0,0,86004,823053,14,0,0,JACKSON,2/27/2012 0:00,20:20,2012,2012,"T207,","UP,",1,"T2,","T,",MAIN,Minnesota,43.716685,-95.44309,"Minnesota
(43.716685, -95.44309)"
Derailments,2015:02:UP:0215HO030,0,0,3196,48564,0,0,0,HARRIS,2/20/2015 0:00,11:00,2015,2015,"T212,","UP,",7,"T2,","T,",INDUSTRY,Texas,29.787491,-95.442519,"Texas
(29.787491, -95.442519)"
Derailments,2015:11:UP:1115HO006,0,0,2600,10250,2,1,0,BRAZORIA,11/2/2015 0:00,15:20,2015,2016,"H702,","UP,",1,"H7,","H,",YARD,Texas,29.156475,-95.435191,"Texas
(29.156475, -95.435191)"
Derailments,2011:07:UP:0711HO024,0,0,58302,123069,87,2,0,BRAZORIA,7/21/2011 0:00,12:31,2011,2011,"T108,","UP,",71,"T1,","T,",YARD,Texas,29.15732,-95.433851,"Texas
(29.15732, -95.433851)"
Derailments,2011:08:DOWC:INDUSTRY,0,0,3019,8000,0,0,0,BRAZORIA,8/25/2011 0:00,14:50,2011,2011,"T102,","RASX,UP,",7,"T1,","T,",YARD,Texas,29.144661,-95.432021,"Texas
(29.144661, -95.432021)"
Other events,2012:06:UP:0612HO016,0,0,26150,0,0,0,0,BRAZORIA,6/16/2012 0:00,1:25,2012,2012,"H605,","UP,",1,"H6,","H,",YARD,Texas,29.158668,-95.431676,"Texas
(29.158668, -95.431676)"
Highway-rail impact,2013:11:UP:1113HO006,0,0,28650,8084,0,0,0,HARRIS,11/7/2013 0:00,5:45,2013,2014,"M304,","UP,",1,"M3,","M,",MAIN,Texas,30.082848,-95.429988,"Texas
(30.082848, -95.429988)"
Other events,2011:08:UP:0811ES004,0,0,12051,0,0,0,0,CRAWFORD,8/14/2011 0:00,14:30,2011,2011,"H402,","UP,",NA,"H4,","H,",MAIN,Iowa,41.970613,-95.426907,"Iowa
(41.970613, -95.426907)"