AccidentType,inckey,Fatalities,Injuries,TrackDamage,EquipmentDamage,HazmatCars,HazmatCarsDerailed,HazmatCarsReleasing,County,DisplayDate,DisplayTime,calendar,Fiscal,AccidentCause,RailroadCodes,RAILEQUIPMENT_TYPE,CauseGroup,CauseDiscipline,TYPE_OF_TRACK,StateName,latitude,longitude,GeoLocation
Highway-rail impact,2012:01:UP:0112HO025,0,0,25000,0,1,0,0,HARRIS,1/25/2012 0:00,13:15,2012,2012,"M303,M304,","UP,",1,"M3,","M,",MAIN,Texas,29.778161,-95.4265,"Texas
(29.778161, -95.4265)"
Highway-rail impact,2013:06:UP:0613HO018,0,0,23100,750,2,0,0,HARRIS,6/10/2013 0:00,6:55,2013,2013,"M303,M304,","KCS,UP,",1,"M3,","M,",MAIN,Texas,29.778161,-95.4265,"Texas
(29.778161, -95.4265)"
Derailments,2012:08:UP:0812CB015,0,0,17551,8000,0,0,0,CRAWFORD,8/27/2012 0:00,23:45,2012,2012,"M599,","UP,",NA,"M5,","M,",MAIN,Iowa,41.972597,-95.424261,"Iowa
(41.972597, -95.424261)"
Derailments,2013:07:SKOL:D522113,0,0,100000,114000,0,0,0,MONTGOMERY,7/27/2013 0:00,19:15,2013,2013,"E30C,","SKOL,",1,"E3,","E,",MAIN,Kansas,37.135605,-95.422824,"Kansas
(37.135605, -95.422824)"
Derailments,2015:08:UP:0815HO014,0,0,456455,457090,0,0,0,HARRIS,8/10/2015 0:00,18:10,2015,2015,"T318,","UP,",1,"T3,","T,",MAIN,Texas,30.076415,-95.416291,"Texas
(30.076415, -95.416291)"
Derailments,2012:10:UP:1012HO006,0,0,11838,1825,0,0,0,HARRIS,10/7/2012 0:00,5:14,2012,2013,"H607,H704,","UP,",1,"H6,H7,","H,",YARD,Texas,30.076034,-95.416149,"Texas
(30.076034, -95.416149)"
Derailments,2015:07:BNSF:NE0715113,0,0,79000,135000,0,0,0,SHELBY,7/24/2015 0:00,15:00,2015,2015,"T101,","BNSF,",1,"T1,","T,",MAIN,Iowa,41.774821,-95.414894,"Iowa
(41.774821, -95.414894)"
Derailments,2011:09:UP:0911HO021,0,0,18533,58361,0,0,0,HARRIS,9/23/2011 0:00,2:48,2011,2011,"T108,","UP,",7,"T1,","T,",YARD,Texas,30.068904,-95.414413,"Texas
(30.068904, -95.414413)"
Derailments,2016:08:UP:0816HO052,0,0,293997,90194,0,0,0,HARRIS,8/26/2016 0:00,13:00,2016,2016,"T111,","UP,",15,"T1,","T,",YARD,Texas,30.061778,-95.412593,"Texas
(30.061778, -95.412593)"
Fire/violent rupture,2014:09:UP:0914HO011,0,0,73177,9919,0,0,0,HARRIS,9/6/2014 0:00,8:14,2014,2014,"M405,","UP,",1,"M4,","M,",YARD,Texas,30.061718,-95.412569,"Texas
(30.061718, -95.412569)"
Derailments,2013:06:UP:0613HO010,0,0,62215,57518,0,0,0,HARRIS,6/6/2013 0:00,21:40,2013,2013,"H306,","UP,",1,"H3,","H,",YARD,Texas,30.058111,-95.411717,"Texas
(30.058111, -95.411717)"
Obstruction impact,2012:07:UP:0712WH007,0,0,0,12321,0,0,0,MUSKOGEE,7/10/2012 0:00,4:30,2012,2012,"M402,","UP,",1,"M4,","M,",MAIN,Oklahoma,35.683376,-95.410247,"Oklahoma
(35.683376, -95.410247)"
Derailments,2012:12:UP:1212HO038,0,0,13223,15586,71,0,0,TRINITY,12/26/2012 0:00,18:40,2012,2013,"E06C,","UP,",1,"E0,","E,",MAIN,Texas,31.069443,-95.408145,"Texas
(31.069443, -95.408145)"
Derailments,2011:12:UP:1211HO020,0,0,3482,6638,0,0,0,HARRIS,12/12/2011 0:00,22:15,2011,2012,"T102,","UP,",7,"T1,","T,",INDUSTRY,Texas,30.012972,-95.400113,"Texas
(30.012972, -95.400113)"
Derailments,2012:04:UP:0412HO013,0,0,51574,35716,0,0,0,HARRIS,4/7/2012 0:00,11:39,2012,2012,"T111,","UP,",7,"T1,","T,",YARD,Texas,30.056693,-95.396762,"Texas
(30.056693, -95.396762)"
Derailments,2012:06:UP:0612HO024,0,0,2896,8609,0,0,0,HARRIS,6/22/2012 0:00,24:37:00,2012,2012,"M404,","UP,",7,"M4,","M,",YARD,Texas,30.057693,-95.396762,"Texas
(30.057693, -95.396762)"
Highway-rail impact,2016:08:UP:0816HO004,0,0,46885,447,96,0,0,HARRIS,8/2/2016 0:00,8:00,2016,2016,"M302,","UP,",1,"M3,","M,",MAIN,Texas,29.996041,-95.396207,"Texas
(29.996041, -95.396207)"
Highway-rail impact,2012:06:UP:0612HO018,0,0,71556,21991,0,0,0,HARRIS,6/15/2012 0:00,9:20,2012,2012,"M304,","UP,",1,"M3,","M,",MAIN,Texas,29.996036,-95.396197,"Texas
(29.996036, -95.396197)"
Highway-rail impact,2012:07:UP:0712HO006,0,1,50000,9635,0,0,0,HARRIS,7/3/2012 0:00,19:18,2012,2012,"M304,M308,","UP,",4,"M3,","M,",MAIN,Texas,29.994807,-95.39589,"Texas
(29.994807, -95.39589)"
Fire/violent rupture,2014:04:UP:0414HO019,0,0,0,18116,0,0,0,HARRIS,4/13/2014 0:00,23:10,2014,2014,"E73L,","UP,",1,"E7,","E,",MAIN,Texas,29.990712,-95.394866,"Texas
(29.990712, -95.394866)"
Derailments,2012:11:BNSF:TC1112102,0,0,449140,113623,18,0,0,CHIPPEWA,11/1/2012 0:00,23:20,2012,2013,"T201,","BNSF,",1,"T2,","T,",SIDING,Minnesota,44.943618,-95.391659,"Minnesota
(44.943618, -95.391659)"
Derailments,2012:11:UP:1112HO047,0,0,1425,11326,0,0,0,HARRIS,11/30/2012 0:00,24:34:00,2012,2013,"T222,","UP,",7,"T2,","T,",INDUSTRY,Texas,29.973666,-95.390555,"Texas
(29.973666, -95.390555)"
Highway-rail impact,2012:08:UP:0812HO030,0,2,20800,23085,0,0,0,HARRIS,8/22/2012 0:00,8:25,2012,2012,"M304,","UP,",1,"M3,","M,",MAIN,Texas,29.965196,-95.389287,"Texas
(29.965196, -95.389287)"
Derailments,2012:07:XRAV:INDUSTRY,0,0,12018,3097,0,0,0,HARRIS,7/2/2012 0:00,13:53,2012,2012,"T112,","UP,",1,"T1,","T,",INDUSTRY,Texas,29.958055,-95.386649,"Texas
(29.958055, -95.386649)"
Derailments,2012:05:UP:0512HO042,0,0,4664,7000,14,0,0,HARRIS,5/31/2012 0:00,3:36,2012,2012,"T314,E40C,","BNSF,UP,",1,"T3,E4,","T,E,",YARD,Texas,29.772155,-95.384013,"Texas
(29.772155, -95.384013)"
Derailments,2012:12:UP:1212HO031,0,0,4579,12340,2,2,0,BRAZORIA,12/21/2012 0:00,9:45,2012,2013,"H704,","UP,",7,"H7,","H,",YARD,Texas,29.00691,-95.383751,"Texas
(29.00691, -95.383751)"
Highway-rail impact,2014:05:UP:0514CB017,0,0,16066,15533,0,0,0,CRAWFORD,5/22/2014 0:00,8:54,2014,2014,"M303,","UP,",1,"M3,","M,",MAIN,Iowa,41.999058,-95.38135,"Iowa
(41.999058, -95.38135)"
Derailments,2013:04:BNSF:TC0413104,0,0,1500,8540,0,0,0,OTTER TAIL,4/11/2013 0:00,12:50,2013,2013,"E52C,","BNSF,",1,"E5,","E,",MAIN,Minnesota,46.51831,-95.378801,"Minnesota
(46.51831, -95.378801)"
Obstruction impact,2015:06:UP:0615HO032,0,0,25033,452,64,0,0,TRINITY,6/19/2015 0:00,15:03,2015,2015,"M402,","UP,",1,"M4,","M,",MAIN,Texas,30.952772,-95.37541,"Texas
(30.952772, -95.37541)"
Derailments,2014:07:SKOL:D521614,0,0,6000,48000,0,0,0,MONTGOMERY,7/10/2014 0:00,21:30,2014,2014,"H704,","SKOL,",1,"H7,","H,",YARD,Kansas,37.14158,-95.372785,"Kansas
(37.14158, -95.372785)"
Derailments,2013:06:UP:0613WH010,0,0,13984,2162,0,0,0,MUSKOGEE,6/13/2013 0:00,3:21,2013,2013,"T110,","UP,",1,"T1,","T,",INDUSTRY,Oklahoma,35.744411,-95.369573,"Oklahoma
(35.744411, -95.369573)"
Derailments,2011:07:UP:0711FW004,0,0,328121,1246273,6,0,0,WOOD,7/6/2011 0:00,3:30,2011,2011,"T221,","UP,",1,"T2,","T,",MAIN,Texas,32.633347,-95.369345,"Texas
(32.633347, -95.369345)"
Derailments,2013:09:SKOL:D523013,0,0,4200,17610,0,0,0,MONTGOMERY,9/21/2013 0:00,9:00,2013,2013,"T110,","SKOL,",7,"T1,","T,",YARD,Kansas,37.013536,-95.365985,"Kansas
(37.013536, -95.365985)"
Derailments,2015:08:CP:1000252284,0,0,11750,35039,100,5,0,POPE,8/12/2015 0:00,23:30,2015,2015,"T319,","CP,",1,"T3,","T,",YARD,Minnesota,45.648278,-95.364611,"Minnesota
(45.648278, -95.364611)"
Derailments,2012:06:UP:0612WH005,0,0,10546,4000,0,0,0,MUSKOGEE,6/7/2012 0:00,23:45,2012,2012,"H607,H702,H306,","BNSF,UP,",8,"H6,H7,H6,H3,","H,",YARD,Oklahoma,35.753296,-95.364508,"Oklahoma
(35.753296, -95.364508)"
Derailments,2016:04:XCAI:INDUSTRY,0,0,30896,3587,0,0,0,JACKSON,4/28/2016 0:00,2:30,2016,2016,"H307,","UP,",1,"H3,","H,",INDUSTRY,Minnesota,43.767632,-95.36438,"Minnesota
(43.767632, -95.36438)"
Derailments,2014:10:UP:1014CB002,0,0,77900,7236,12,0,0,CRAWFORD,10/1/2014 0:00,19:54,2014,2015,"E39C,","UP,",1,"E3,","E,",MAIN,Iowa,42.009025,-95.361226,"Iowa
(42.009025, -95.361226)"
Derailments,2013:06:UP:0613WH006,0,0,26493,2200,0,0,0,MUSKOGEE,6/12/2013 0:00,20:25,2013,2013,"H525,","BNSF,UP,",7,"H5,","H,",INDUSTRY,Oklahoma,35.740018,-95.358473,"Oklahoma
(35.740018, -95.358473)"
Highway-rail impact,2013:02:UP:0213HO010,0,0,81950,248,0,0,0,CHEROKEE,2/9/2013 0:00,24:03:00,2013,2013,"M303,","UP,",1,"M3,","M,",MAIN,Texas,31.93228,-95.356984,"Texas
(31.93228, -95.356984)"
Derailments,2012:02:UP:0212WH006,0,0,15680,7954,12,4,0,MUSKOGEE,2/22/2012 0:00,10:40,2012,2012,"T204,","UP,",7,"T2,","T,",YARD,Oklahoma,35.76271,-95.356457,"Oklahoma
(35.76271, -95.356457)"
Derailments,2012:07:UP:0712WH009,0,0,0,57078,1,1,0,MUSKOGEE,7/17/2012 0:00,8:30,2012,2012,"H309,","UP,",7,"H3,","H,",YARD,Oklahoma,35.766162,-95.353447,"Oklahoma
(35.766162, -95.353447)"
Derailments,2013:05:UP:0513HO011,0,0,95305,35380,0,0,0,HARRIS,5/6/2013 0:00,9:00,2013,2013,"T110,T206,","BNSF,UP,",1,"T1,T2,","T,",MAIN,Texas,29.821936,-95.352667,"Texas
(29.821936, -95.352667)"
Derailments,2012:05:UP:0512HO029,0,0,58984,4038,13,1,0,HARRIS,5/19/2012 0:00,18:20,2012,2012,"T314,","UP,",1,"T3,","T,",MAIN,Texas,29.821817,-95.352659,"Texas
(29.821817, -95.352659)"
Derailments,2015:06:UP:0615HO030,0,0,71839,1750,2,1,0,HARRIS,6/19/2015 0:00,24:50:00,2015,2015,"T205,","UP,",1,"T2,","T,",YARD,Texas,29.821251,-95.352376,"Texas
(29.821251, -95.352376)"
Derailments,2015:06:UP:0615HO049,0,0,20483,14128,8,1,0,HARRIS,6/26/2015 0:00,24:01:00,2015,2015,"T108,","UP,",1,"T1,","T,",YARD,Texas,29.821035,-95.352254,"Texas
(29.821035, -95.352254)"
Derailments,2015:12:UP:1215WH003,0,0,11080,6221,0,0,0,MUSKOGEE,12/13/2015 0:00,20:10,2015,2016,"H020,","UP,",78,"H0,","H,",YARD,Oklahoma,35.768765,-95.35138,"Oklahoma
(35.768765, -95.35138)"
Derailments,2014:04:UP:0414WH015,0,0,241500,55922,0,0,0,WAGONER,4/24/2014 0:00,19:55,2014,2014,"E67C,","UP,",1,"E6,","E,",SIDING,Oklahoma,35.926607,-95.350375,"Oklahoma
(35.926607, -95.350375)"
Derailments,2011:07:UP:0711CB010,0,0,381300,983587,0,0,0,CRAWFORD,7/31/2011 0:00,6:34,2011,2011,"E61C,","UP,",1,"E6,","E,",MAIN,Iowa,42.011196,-95.349449,"Iowa
(42.011196, -95.349449)"
Other events,2015:12:UP:1215WH007,0,0,150,34278,0,0,0,MAYES,12/24/2015 0:00,15:35,2015,2016,"E53C,","UP,",1,"E5,","E,",MAIN,Oklahoma,36.160071,-95.347472,"Oklahoma
(36.160071, -95.347472)"
Derailments,2014:12:UP:1214HO008,0,0,59981,8000,6,0,0,HARRIS,12/3/2014 0:00,19:15,2014,2015,"T102,E40C,","BNSF,UP,",1,"T1,E4,","T,E,",MAIN,Texas,29.76187,-95.34685,"Texas
(29.76187, -95.34685)"
Derailments,2011:08:UP:0811CB006,0,0,106875,5000,0,0,0,CRAWFORD,8/8/2011 0:00,18:15,2011,2011,"E51C,","UP,",1,"E5,","E,",MAIN,Iowa,42.011344,-95.345428,"Iowa
(42.011344, -95.345428)"
Other events,2012:07:UP:0712HO027,0,0,19080,0,0,0,0,HARRIS,7/11/2012 0:00,16:00,2012,2012,"H402,","UP,",NA,"H4,","H,",MAIN,Texas,29.736538,-95.340281,"Texas
(29.736538, -95.340281)"
Derailments,2015:10:UP:1015WH004,0,0,8752,6047,2,2,0,MAYES,10/21/2015 0:00,10:30,2015,2016,"T399,","UP,",1,"T3,","T,",YARD,Oklahoma,36.246816,-95.337022,"Oklahoma
(36.246816, -95.337022)"
Other impacts,2015:01:XRDV:INDUSTRY,0,0,3000,8629,0,0,0,MAYES,1/20/2015 0:00,21:40,2015,2015,"H306,","UP,",1,"H3,","H,",INDUSTRY,Oklahoma,36.246837,-95.336928,"Oklahoma
(36.246837, -95.336928)"
Derailments,2016:04:UP:0416HO024,0,0,17534,35782,1,1,0,HARRIS,4/17/2016 0:00,8:20,2016,2016,"M405,","UP,",1,"M4,","M,",MAIN,Texas,29.819938,-95.336881,"Texas
(29.819938, -95.336881)"
Derailments,2015:07:BNSF:GC0715103,0,0,5800,12718,0,0,0,HARRIS,7/10/2015 0:00,20:20,2015,2015,"H525,","BNSF,UP,",1,"H5,","H,",SIDING,Texas,29.7378,-95.336262,"Texas
(29.7378, -95.336262)"
Derailments,2013:12:BNSF:GC1213100,0,0,8000,2000,0,0,0,HARRIS,12/2/2013 0:00,19:00,2013,2014,"T110,T111,","BNSF,",7,"T1,","T,",YARD,Texas,29.724853,-95.33619,"Texas
(29.724853, -95.33619)"
Derailments,2013:11:BNSF:GC1113109,0,0,500,20277,4,1,0,HARRIS,11/30/2013 0:00,7:45,2013,2014,"T314,","BNSF,",1,"T3,","T,",YARD,Texas,29.724359,-95.33618,"Texas
(29.724359, -95.33618)"
Derailments,2011:11:UP:1111WH003,0,0,14618,12330,0,0,0,MUSKOGEE,11/8/2011 0:00,13:20,2011,2012,"T001,","UP,",7,"T0,","T,",YARD,Oklahoma,35.792904,-95.335327,"Oklahoma
(35.792904, -95.335327)"
Highway-rail impact,2012:10:DME:233756,1,0,225,10000,0,0,0,REDWOOD,10/3/2012 0:00,8:40,2012,2013,"M302,","DME,",1,"M3,","M,",MAIN,Minnesota,44.226685,-95.334244,"Minnesota
(44.226685, -95.334244)"
Derailments,2015:02:BNSF:GC0215104,0,0,2500,12500,1,1,0,HARRIS,2/10/2015 0:00,23:55,2015,2015,"H703,","BNSF,",7,"H7,","H,",YARD,Texas,29.719116,-95.333915,"Texas
(29.719116, -95.333915)"
Derailments,2012:08:BNSF:GC0812116,0,0,4808,20068,1,0,0,HARRIS,8/26/2012 0:00,11:05,2012,2012,"T111,T110,","BNSF,",7,"T1,","T,",YARD,Texas,29.716756,-95.333433,"Texas
(29.716756, -95.333433)"
Derailments,2016:08:UP:0816HO036,0,0,1443,48803,0,0,0,HARRIS,8/18/2016 0:00,16:45,2016,2016,"T111,","UP,",8,"T1,","T,",YARD,Texas,29.780293,-95.333145,"Texas
(29.780293, -95.333145)"
Derailments,2013:07:BLR:070613,0,0,450000,150000,0,0,0,FRANKLIN,7/6/2013 0:00,16:30,2013,2013,"E69C,","BLR,",1,"E6,","E,",MAIN,Texas,33.183128,-95.33122,"Texas
(33.183128, -95.33122)"
Derailments,2014:10:BNSF:GC1014101,0,0,2000,27433,0,0,0,HARRIS,10/8/2014 0:00,3:25,2014,2015,"H307,H303,","BNSF,",7,"H3,","H,",YARD,Texas,29.710805,-95.330901,"Texas
(29.710805, -95.330901)"
Other impacts,2013:04:BNSF:GC0413117,0,0,0,20788,11,1,0,HARRIS,4/29/2013 0:00,24:30:00,2013,2013,"H318,","BNSF,",76,"H3,","H,",YARD,Texas,29.706143,-95.330223,"Texas
(29.706143, -95.330223)"
Derailments,2014:08:UP:0814HO037,0,0,1850,8706,0,0,0,HARRIS,8/20/2014 0:00,12:27,2014,2014,"H221,H704,","UP,",1,"H2,H7,","H,",MAIN,Texas,29.781139,-95.328949,"Texas
(29.781139, -95.328949)"
Derailments,2012:07:UP:0712HO042,0,0,27275,11821,0,0,0,HARRIS,7/30/2012 0:00,22:50,2012,2012,"T111,","UP,",7,"T1,","T,",YARD,Texas,29.780721,-95.328637,"Texas
(29.780721, -95.328637)"
Derailments,2016:07:BNSF:GC0716117,0,0,7500,33298,0,0,0,HARRIS,7/30/2016 0:00,3:50,2016,2016,"H601,","BNSF,",1,"H6,","H,",YARD,Texas,29.702145,-95.328226,"Texas
(29.702145, -95.328226)"
Derailments,2011:12:UP:1211HO010,0,0,51474,5000,22,0,0,HARRIS,12/12/2011 0:00,8:30,2011,2012,"H503,","BNSF,UP,",7,"H5,","H,",MAIN,Texas,29.694256,-95.3279,"Texas
(29.694256, -95.3279)"
Derailments,2011:08:UP:0811FW006,0,0,272701,813828,0,0,0,WOOD,8/4/2011 0:00,15:30,2011,2011,"T109,","UP,",1,"T1,","T,",MAIN,Texas,32.620033,-95.327815,"Texas
(32.620033, -95.327815)"
Derailments,2014:09:BNSF:GC0914107,0,0,8000,36594,0,0,0,HARRIS,9/15/2014 0:00,18:45,2014,2014,"H607,H702,","BNSF,",7,"H6,H7,","H,",YARD,Texas,29.70082,-95.327777,"Texas
(29.70082, -95.327777)"
Derailments,2015:06:UP:0615FW022,0,0,4465,8867,0,0,0,SMITH,6/14/2015 0:00,20:50,2015,2015,"T110,","UP,",1,"T1,","T,",INDUSTRY,Texas,32.340988,-95.327713,"Texas
(32.340988, -95.327713)"
Derailments,2013:02:UP:0213HO033,0,0,1348,10713,7,2,0,HARRIS,2/21/2013 0:00,20:45,2013,2013,"T111,","UP,",7,"T1,","T,",YARD,Texas,29.789271,-95.327,"Texas
(29.789271, -95.327)"
Derailments,2013:10:BNSF:GC1013111,0,0,4500,225787,0,0,0,HARRIS,10/23/2013 0:00,24:00:00,2013,2014,"H607,H702,","BNSF,",7,"H6,H7,","H,",YARD,Texas,29.69561,-95.32675,"Texas
(29.69561, -95.32675)"
Derailments,2012:11:BNSF:GC1112116,0,0,10000,20644,2,2,0,HARRIS,11/25/2012 0:00,5:40,2012,2013,"T201,","BNSF,",7,"T2,","T,",YARD,Texas,29.691561,-95.325565,"Texas
(29.691561, -95.325565)"
Derailments,2015:12:UP:1215HO045,0,0,22581,3815,0,0,0,HARRIS,12/28/2015 0:00,15:53,2015,2016,"E04C,","UP,",1,"E0,","E,",SIDING,Texas,29.78535,-95.321035,"Texas
(29.78535, -95.321035)"
Highway-rail impact,2012:02:UP:0212WH002,0,0,108530,32984,0,0,0,MAYES,2/6/2012 0:00,9:30,2012,2012,"M302,","UP,",1,"M3,","M,",MAIN,Oklahoma,36.308296,-95.319191,"Oklahoma
(36.308296, -95.319191)"
Derailments,2016:07:CMEX:INDUSTRY,0,0,82495,1937,0,0,0,HARRIS,7/14/2016 0:00,10:50,2016,2016,"T110,","UP,",1,"T1,","T,",INDUSTRY,Texas,29.734886,-95.316289,"Texas
(29.734886, -95.316289)"
Derailments,2016:04:UP:0416HO010,0,0,10058,1800,0,0,0,HARRIS,4/7/2016 0:00,13:55,2016,2016,"T110,","UP,",8,"T1,","T,",YARD,Texas,29.787446,-95.316253,"Texas
(29.787446, -95.316253)"
Derailments,2014:11:CMEX:INDUSTRY,0,0,2745,14398,0,0,0,HARRIS,11/18/2014 0:00,11:30,2014,2015,"T111,T205,","UP,",1,"T1,T2,","T,",INDUSTRY,Texas,29.750997,-95.315624,"Texas
(29.750997, -95.315624)"
Derailments,2012:07:UP:0712HO002,0,0,13937,3099,11,0,0,HARRIS,7/1/2012 0:00,7:15,2012,2012,"M599,","UP,",7,"M5,","M,",YARD,Texas,29.788658,-95.3136,"Texas
(29.788658, -95.3136)"
Other events,2016:08:UP:0816HO038,0,0,3664,23100,0,0,0,HARRIS,8/14/2016 0:00,17:45,2016,2016,"T108,E79L,","BNSF,UP,",1,"T1,E7,","T,E,",MAIN,Texas,29.737146,-95.313252,"Texas
(29.737146, -95.313252)"
Derailments,2013:06:UP:0613HO039,0,0,24696,22348,0,0,0,HARRIS,6/18/2013 0:00,7:13,2013,2013,"H514,H525,H503,","BNSF,UP,",1,"H5,","H,",MAIN,Texas,29.739726,-95.312604,"Texas
(29.739726, -95.312604)"
Derailments,2014:09:UP:0914HO005,0,0,745,18170,9,0,0,HARRIS,9/4/2014 0:00,21:15,2014,2014,"H503,","UP,",1,"H5,","H,",YARD,Texas,29.771822,-95.312568,"Texas
(29.771822, -95.312568)"
Fire/violent rupture,2015:10:UP:1015HO020,0,0,0,58490,0,0,0,HARRIS,10/19/2015 0:00,9:00,2015,2016,"E79L,","UP,",1,"E7,","E,",MAIN,Texas,29.771822,-95.312568,"Texas
(29.771822, -95.312568)"
Derailments,2015:06:UP:0615HO037,0,0,33386,25735,0,0,0,HARRIS,6/24/2015 0:00,13:22,2015,2015,"T205,","BNSF,UP,",1,"T2,","T,",YARD,Texas,29.739543,-95.312198,"Texas
(29.739543, -95.312198)"
Derailments,2013:10:XBEP:INDUSTRY,0,0,150,15036,0,0,0,MAYES,10/15/2013 0:00,11:30,2013,2014,"T314,","UP,",15,"T3,","T,",INDUSTRY,Oklahoma,36.222512,-95.312135,"Oklahoma
(36.222512, -95.312135)"
Derailments,2013:06:UP:0613HO054,0,0,50944,9535,42,4,0,HARRIS,6/29/2013 0:00,19:59,2013,2013,"T199,T108,","UP,",1,"T1,","T,",MAIN,Texas,29.739474,-95.31171,"Texas
(29.739474, -95.31171)"
Derailments,2015:04:UP:0415HO021,0,0,48530,42140,0,0,0,HARRIS,4/12/2015 0:00,23:30,2015,2015,"T210,","UP,",1,"T2,","T,",INDUSTRY,Texas,29.751436,-95.311683,"Texas
(29.751436, -95.311683)"
Other events,2015:10:UP:1015HO003,0,0,0,14135,0,0,0,HARRIS,10/1/2015 0:00,24:00:00,2015,2016,"M507,","UP,",5,"M5,","M,",YARD,Texas,29.78759,-95.31027,"Texas
(29.78759, -95.31027)"
Derailments,2015:01:ZKDM:INDUSTRY,0,0,13500,150,0,0,0,HARRIS,1/16/2015 0:00,9:30,2015,2015,"T202,","UP,",7,"T2,","T,",INDUSTRY,Texas,29.751966,-95.309969,"Texas
(29.751966, -95.309969)"
Derailments,2015:03:BNSF:GC0315105,0,0,44500,20301,0,0,0,HARRIS,3/17/2015 0:00,18:30,2015,2015,"H704,","BNSF,",7,"H7,","H,",YARD,Texas,29.635712,-95.308725,"Texas
(29.635712, -95.308725)"
Other events,2011:10:UP:1011HO040,0,0,0,29438,0,0,0,HARRIS,10/5/2011 0:00,9:15,2011,2012,"M507,","UP,",6,"M5,","M,",YARD,Texas,29.791225,-95.307595,"Texas
(29.791225, -95.307595)"
Derailments,2011:11:BNSF:GC1111119,0,0,6000,5500,0,0,0,BRAZORIA,11/29/2011 0:00,3:45,2011,2012,"H307,H702,","BNSF,",7,"H3,H7,","H,",YARD,Texas,29.631454,-95.307581,"Texas
(29.631454, -95.307581)"
Derailments,2013:11:BNSF:GC1113100,0,0,22000,35785,0,0,0,BRAZORIA,11/1/2013 0:00,5:20,2013,2014,"H307,H702,","BNSF,",76,"H3,H7,H3,H7,","H,",YARD,Texas,29.630057,-95.307163,"Texas
(29.630057, -95.307163)"
Derailments,2015:08:BNSF:GC0815117,0,0,5500,6196,0,0,0,BRAZORIA,8/19/2015 0:00,4:45,2015,2015,"E46C,","BNSF,",7,"E4,","E,",YARD,Texas,29.629969,-95.306984,"Texas
(29.629969, -95.306984)"
Other events,2013:01:UP:0113HO032,0,0,20500,153,0,0,0,HARRIS,1/23/2013 0:00,8:30,2013,2013,"E30C,","UP,",7,"E3,","E,",YARD,Texas,29.787701,-95.306718,"Texas
(29.787701, -95.306718)"
Highway-rail impact,2016:01:UP:0116HO032,0,2,100000,573,14,0,0,HARRIS,1/23/2016 0:00,1:21,2016,2016,"M308,","UP,",1,"M3,","M,",MAIN,Texas,29.891116,-95.306633,"Texas
(29.891116, -95.306633)"
Derailments,2011:06:UP:0611HO002,0,0,3292,6448,0,0,0,HARRIS,6/2/2011 0:00,21:50,2011,2011,"M404,","UP,",7,"M4,","M,",YARD,Texas,29.791867,-95.306094,"Texas
(29.791867, -95.306094)"
Derailments,2014:09:UP:0914HO013,0,0,61647,47315,12,3,0,HARRIS,9/7/2014 0:00,2:45,2014,2014,"M409,","UP,",7,"M4,","M,",YARD,Texas,29.790342,-95.305342,"Texas
(29.790342, -95.305342)"
Other impacts,2016:06:UP:0616HO017,0,0,66,11724,0,0,0,HARRIS,6/8/2016 0:00,11:30,2016,2016,"M411,","UP,",57,"M4,","M,",YARD,Texas,29.804317,-95.30502,"Texas
(29.804317, -95.30502)"
Derailments,2012:05:UP:0512HO021,0,0,1227,15377,1,1,0,HARRIS,5/14/2012 0:00,1:45,2012,2012,"T212,","UP,",75,"T2,","T,",YARD,Texas,29.792146,-95.304691,"Texas
(29.792146, -95.304691)"
Derailments,2014:05:UP:0514HO004,0,0,4025,8075,0,0,0,HARRIS,5/7/2014 0:00,2:40,2014,2014,"T314,","UP,",8,"T3,","T,",YARD,Texas,29.788912,-95.304676,"Texas
(29.788912, -95.304676)"
Derailments,2012:07:BNSF:GC0712102,0,0,3000,37968,0,0,0,HARRIS,7/13/2012 0:00,11:40,2012,2012,"T099,","BNSF,",1,"T0,","T,",YARD,Texas,29.620274,-95.304233,"Texas
(29.620274, -95.304233)"
Derailments,2014:01:BNSF:GC0114110,0,0,140000,170646,0,0,0,HARRIS,1/17/2014 0:00,22:15,2014,2014,"T205,T001,","BNSF,",7,"T2,T0,","T,",YARD,Texas,29.613286,-95.302141,"Texas
(29.613286, -95.302141)"
Derailments,2012:12:BNSF:GC1212105,0,0,15200,8188,0,0,0,HARRIS,12/12/2012 0:00,6:15,2012,2013,"T202,","BNSF,",7,"T2,","T,",YARD,Texas,29.630057,-95.301763,"Texas
(29.630057, -95.301763)"
Other impacts,2013:01:UP:0113HO035,0,0,0,15166,2,1,0,HARRIS,1/24/2013 0:00,21:45,2013,2013,"S016,","UP,",57,"S0,","S,",YARD,Texas,29.793139,-95.301639,"Texas
(29.793139, -95.301639)"
Derailments,2015:04:SKOL:D521415,0,0,14000,475838,0,0,0,NEOSHO,4/7/2015 0:00,13:08,2015,2015,"H599,M405,","SKOL,",1,"H5,M4,","H,M,",MAIN,Kansas,37.440884,-95.300612,"Kansas
(37.440884, -95.300612)"
Derailments,2013:12:UP:1213HO013,0,0,9506,14219,9,0,0,HARRIS,12/17/2013 0:00,2:45,2013,2014,"S102,","UP,",7,"S1,","S,",YARD,Texas,29.803403,-95.300398,"Texas
(29.803403, -95.300398)"
Other events,2015:06:UP:0615HO015,0,0,0,19803,0,0,0,HARRIS,6/7/2015 0:00,10:21,2015,2015,"M507,","UP,",5,"M5,","M,",YARD,Texas,29.803412,-95.300268,"Texas
(29.803412, -95.300268)"
Derailments,2016:05:UP:0516HO029,0,0,2650,11030,0,0,0,HARRIS,5/30/2016 0:00,17:30,2016,2016,"E40C,","UP,",1,"E4,","E,",YARD,Texas,29.803412,-95.300268,"Texas
(29.803412, -95.300268)"
Derailments,2012:09:BNSF:GC0912118,0,0,232000,23000,0,0,0,HARRIS,9/29/2012 0:00,14:10,2012,2012,"T102,","BNSF,",1,"T1,","T,",YARD,Texas,29.606297,-95.300054,"Texas
(29.606297, -95.300054)"