AccidentType,inckey,Fatalities,Injuries,TrackDamage,EquipmentDamage,HazmatCars,HazmatCarsDerailed,HazmatCarsReleasing,County,DisplayDate,DisplayTime,calendar,Fiscal,AccidentCause,RailroadCodes,RAILEQUIPMENT_TYPE,CauseGroup,CauseDiscipline,TYPE_OF_TRACK,StateName,latitude,longitude,GeoLocation
Derailments,2013:07:CC:785511,0,0,13681,44525,0,0,0,DOUGLAS,7/15/2013 0:00,3:55,2013,2013,"H704,","CC,UP,",1,"H7,","H,",YARD,Nebraska,41.27943,-95.29989,"Nebraska
(41.27943, -95.29989)"
Derailments,2012:07:UP:0712HO041,0,0,7740,4442,3,0,0,HARRIS,7/30/2012 0:00,6:21,2012,2012,"T108,","UP,",7,"T1,","T,",YARD,Texas,29.792942,-95.299825,"Texas
(29.792942, -95.299825)"
Derailments,2016:04:UP:0416HO005,0,0,632,11430,0,0,0,HARRIS,4/3/2016 0:00,1:40,2016,2016,"T314,","UP,",8,"T3,","T,",YARD,Texas,29.78974,-95.299125,"Texas
(29.78974, -95.299125)"
Derailments,2016:05:UP:0516HO009,0,0,3222,11081,0,0,0,HARRIS,5/12/2016 0:00,24:05:00,2016,2016,"H021,","UP,",76,"H0,","H,",YARD,Texas,29.78974,-95.299125,"Texas
(29.78974, -95.299125)"
Derailments,2016:06:UP:0616HO019,0,0,35276,216716,15,5,0,HARRIS,6/9/2016 0:00,1:48,2016,2016,"H702,","UP,",17,"H7,","H,",YARD,Texas,29.789974,-95.298225,"Texas
(29.789974, -95.298225)"
Other impacts,2011:07:UP:0711HO032,0,0,2416,18040,4,2,0,HARRIS,7/30/2011 0:00,2:10,2011,2011,"M411,","UP,",75,"M4,","M,",YARD,Texas,29.794897,-95.297772,"Texas
(29.794897, -95.297772)"
Derailments,2012:04:UP:0412HO007,0,0,9609,24067,21,2,0,HARRIS,4/5/2012 0:00,17:00,2012,2012,"T103,","UP,",7,"T1,","T,",YARD,Texas,29.791317,-95.297754,"Texas
(29.791317, -95.297754)"
Derailments,2016:03:UP:0316HO030,0,0,4575,25730,34,0,0,HARRIS,3/31/2016 0:00,20:00,2016,2016,"M101,","UP,",7,"M1,","M,",YARD,Texas,29.809747,-95.297744,"Texas
(29.809747, -95.297744)"
Raking collision,2012:06:UP:0612HO010,0,0,29004,458689,3,0,0,HARRIS,6/7/2012 0:00,4:55,2012,2012,"H018,","UP,",16,"H0,","H,",MAIN,Texas,29.796014,-95.296298,"Texas
(29.796014, -95.296298)"
Derailments,2016:04:UP:0416HO008,0,0,201370,333367,17,0,0,HARRIS,4/6/2016 0:00,3:30,2016,2016,"E24C,","UP,",7,"E2,","E,",YARD,Texas,29.809155,-95.296045,"Texas
(29.809155, -95.296045)"
Derailments,2015:04:UP:0415HO053,0,0,238,30663,13,0,0,HARRIS,4/29/2015 0:00,21:15,2015,2015,"M404,E30C,","UP,",867,"M4,E3,M4,E3,M4,E3,","M,E,M,E,M,E,",YARD,Texas,29.790758,-95.295465,"Texas
(29.790758, -95.295465)"
Highway-rail impact,2011:08:UP:0811TC011,0,0,0,10285,0,0,0,JACKSON,8/11/2011 0:00,9:04,2011,2011,"M399,","UP,",8,"M3,","M,",MAIN,Minnesota,43.808572,-95.29533,"Minnesota
(43.808572, -95.29533)"
Other impacts,2012:02:UP:0212HO032,0,0,0,9817,0,0,0,HARRIS,2/28/2012 0:00,17:00,2012,2012,"M411,","UP,",76,"M4,","M,",YARD,Texas,29.795229,-95.295268,"Texas
(29.795229, -95.295268)"
Derailments,2016:08:UP:0816HO017,0,0,210559,42901,0,0,0,HARRIS,8/8/2016 0:00,6:05,2016,2016,"H707,","UP,",1,"H7,","H,",MAIN,Texas,29.757045,-95.294606,"Texas
(29.757045, -95.294606)"
Raking collision,2012:05:UP:0512HO008,0,0,1580,65433,32,2,0,HARRIS,5/5/2012 0:00,11:30,2012,2012,"H020,","UP,",7,"H0,","H,",YARD,Texas,29.797237,-95.293532,"Texas
(29.797237, -95.293532)"
Derailments,2012:02:PTRA:2012000008,0,0,35000,10000,7,0,0,HARRIS,2/3/2012 0:00,15:25,2012,2012,"T110,T002,","PTRA,",7,"T1,T0,","T,",YARD,Texas,29.760722,-95.293398,"Texas
(29.760722, -95.293398)"
Derailments,2012:05:PTRA:2012000021,0,0,4500,21000,0,0,0,HARRIS,5/5/2012 0:00,8:00,2012,2012,"H503,","BNSF,PTRA,",1,"H5,","H,",MAIN,Texas,29.7559,-95.2931,"Texas
(29.7559, -95.2931)"
Derailments,2015:06:UP:0615HO012,0,0,194670,400580,0,0,0,HARRIS,6/7/2015 0:00,11:15,2015,2015,"T111,H524,","BNSF,PTRA,UP,",7,"T1,H5,","T,H,",MAIN,Texas,29.74807,-95.293037,"Texas
(29.74807, -95.293037)"
Derailments,2012:08:UP:0812HO017,0,0,62920,103387,0,0,0,HARRIS,8/14/2012 0:00,23:50,2012,2012,"T308,T314,","UP,",7,"T3,","T,",YARD,Texas,29.80808,-95.29301,"Texas
(29.80808, -95.29301)"
Raking collision,2015:06:PTRA:2015000021,0,0,300,41000,1,0,0,HARRIS,6/27/2015 0:00,3:00,2015,2015,"M599,","PTRA,",5,"M5,","M,",YARD,Texas,29.761548,-95.292909,"Texas
(29.761548, -95.292909)"
Other impacts,2014:05:UP:0514HO010,0,0,1485,21121,33,3,0,HARRIS,5/9/2014 0:00,5:17,2014,2014,"M411,","UP,",75,"M4,","M,",YARD,Texas,29.795256,-95.29247,"Texas
(29.795256, -95.29247)"
Derailments,2013:03:UP:0313HO036,0,0,18640,29479,0,0,0,HARRIS,3/27/2013 0:00,12:40,2013,2013,"T102,","UP,",7,"T1,","T,",YARD,Texas,29.807765,-95.292365,"Texas
(29.807765, -95.292365)"
Derailments,2013:04:UP:0413HO007,0,0,126,17157,0,0,0,HARRIS,4/5/2013 0:00,20:59,2013,2013,"H306,H702,","UP,",8,"H3,H7,","H,",YARD,Texas,29.807765,-95.292365,"Texas
(29.807765, -95.292365)"
Derailments,2013:06:UP:0613HO030,0,0,5160,10478,32,4,0,HARRIS,6/13/2013 0:00,8:30,2013,2013,"S006,","UP,",7,"S0,","S,",YARD,Texas,29.807765,-95.292365,"Texas
(29.807765, -95.292365)"
Raking collision,2011:08:UP:0811HO016,0,0,0,11826,2,2,0,HARRIS,8/11/2011 0:00,9:10,2011,2011,"H306,","UP,",76,"H3,","H,",YARD,Texas,29.807805,-95.292335,"Texas
(29.807805, -95.292335)"
Other impacts,2015:07:UP:0715HO001,0,0,57,26090,2,1,0,HARRIS,7/1/2015 0:00,6:38,2015,2015,"T403,","UP,",75,"T4,","T,",YARD,Texas,29.807805,-95.292335,"Texas
(29.807805, -95.292335)"
Other impacts,2015:07:UP:0715HO030,0,0,0,11590,0,0,0,HARRIS,7/18/2015 0:00,10:40,2015,2015,"H317,","UP,",75,"H3,","H,",YARD,Texas,29.807805,-95.292335,"Texas
(29.807805, -95.292335)"
Other impacts,2015:10:UP:1015HO012,0,0,2497,27939,0,0,0,HARRIS,10/14/2015 0:00,10:55,2015,2016,"M404,","UP,",7,"M4,","M,",YARD,Texas,29.807805,-95.292335,"Texas
(29.807805, -95.292335)"
Other impacts,2016:06:UP:0616HO040,0,0,132,11395,0,0,0,HARRIS,6/24/2016 0:00,14:00,2016,2016,"M204,","UP,",65,"M2,","M,",YARD,Texas,29.807805,-95.292335,"Texas
(29.807805, -95.292335)"
Other impacts,2012:02:UP:0212HO016,0,0,2375,18226,3,3,0,HARRIS,2/14/2012 0:00,20:48,2012,2012,"M411,","UP,",75,"M4,","M,",YARD,Texas,29.807715,-95.292209,"Texas
(29.807715, -95.292209)"
Derailments,2011:06:UP:0611HO006,0,0,29398,8174,1,1,0,HARRIS,6/9/2011 0:00,21:00,2011,2011,"T212,","UP,",7,"T2,","T,",YARD,Texas,29.797797,-95.292138,"Texas
(29.797797, -95.292138)"
Derailments,2013:09:UP:0913HO020,0,0,2475,51380,46,0,0,HARRIS,9/19/2013 0:00,8:45,2013,2013,"T111,","UP,",1,"T1,","T,",YARD,Texas,29.797833,-95.292136,"Texas
(29.797833, -95.292136)"
Other impacts,2014:06:UP:0614HO022,0,0,0,10993,0,0,0,HARRIS,6/13/2014 0:00,21:11,2014,2014,"M411,","UP,",57,"M4,","M,",YARD,Texas,29.797833,-95.292136,"Texas
(29.797833, -95.292136)"
Derailments,2014:08:UP:0814HO011,0,0,24232,644,4,0,0,HARRIS,8/8/2014 0:00,10:52,2014,2014,"M404,","UP,",7,"M4,","M,",YARD,Texas,29.797833,-95.292136,"Texas
(29.797833, -95.292136)"
Derailments,2012:07:UP:0712HO025,0,0,56850,6196,0,0,0,HARRIS,7/19/2012 0:00,14:00,2012,2012,"H306,H309,","UP,",7,"H3,","H,",YARD,Texas,29.797803,-95.292113,"Texas
(29.797803, -95.292113)"
Other events,2011:09:UP:0911HO002,0,0,0,22519,0,0,0,HARRIS,9/1/2011 0:00,16:30,2011,2011,"M407,","UP,",7,"M4,","M,",YARD,Texas,29.794728,-95.292037,"Texas
(29.794728, -95.292037)"
Derailments,2015:08:UP:0815HO037,0,0,30412,3410,36,0,0,HARRIS,8/27/2015 0:00,9:10,2015,2015,"T221,","UP,",7,"T2,","T,",YARD,Texas,29.794361,-95.291921,"Texas
(29.794361, -95.291921)"
Derailments,2011:09:PTRA:2011000057,0,0,10000,150000,108,0,0,HARRIS,9/10/2011 0:00,24:20:00,2011,2011,"M405,","PTRA,",1,"M4,","M,",YARD,Texas,29.7375,-95.291667,"Texas
(29.7375, -95.291667)"
Derailments,2013:06:UP:0613HO014,0,0,8393,20630,5,0,0,HARRIS,6/8/2013 0:00,16:30,2013,2013,"S102,M411,","UP,",7,"S1,M4,","S,M,",YARD,Texas,29.795577,-95.291167,"Texas
(29.795577, -95.291167)"
Other events,2012:06:UP:0612HO002,0,0,0,13632,0,0,0,HARRIS,6/3/2012 0:00,2:00,2012,2012,"M201,","UP,",6,"M2,","M,",YARD,Texas,29.807284,-95.291077,"Texas
(29.807284, -95.291077)"
Raking collision,2012:11:UP:1112HO039,0,0,33,25753,3,2,0,HARRIS,11/26/2012 0:00,17:50,2012,2013,"S016,","UP,",76,"S0,","S,",YARD,Texas,29.796455,-95.29092,"Texas
(29.796455, -95.29092)"
Other events,2011:11:UP:1111HO021,0,0,0,20204,0,0,0,HARRIS,11/17/2011 0:00,8:00,2011,2012,"M507,","UP,",5,"M5,","M,",YARD,Texas,29.807291,-95.290875,"Texas
(29.807291, -95.290875)"
Derailments,2016:04:UP:0416HO014,0,0,6146,9981,0,0,0,HARRIS,4/9/2016 0:00,2:45,2016,2016,"T299,","UP,",7,"T2,","T,",YARD,Texas,29.807291,-95.290875,"Texas
(29.807291, -95.290875)"
Raking collision,2015:03:UP:0315HU002,0,7,16753,117601,0,0,0,HARRIS,3/3/2015 0:00,10:05,2015,2015,"E99L,","UP,",8,"E9,","E,",YARD,Texas,29.824722,-95.290816,"Texas
(29.824722, -95.290816)"
Derailments,2013:07:UP:0713HO006,0,0,1100,12254,0,0,0,HARRIS,7/9/2013 0:00,13:20,2013,2013,"H706,H799,","UP,",8,"H7,","H,",YARD,Texas,29.828992,-95.290572,"Texas
(29.828992, -95.290572)"
Rear end collision,2014:11:UP:1114HO007,0,0,3073,56321,6,1,0,HARRIS,11/10/2014 0:00,18:30,2014,2015,"E30C,","UP,",765,"E3,","E,",YARD,Texas,29.794834,-95.290539,"Texas
(29.794834, -95.290539)"
Derailments,2015:03:UP:0315HO026,0,0,2010,15073,0,0,0,HARRIS,3/11/2015 0:00,13:30,2015,2015,"H702,","UP,",7,"H7,","H,",YARD,Texas,29.794834,-95.290539,"Texas
(29.794834, -95.290539)"
Other impacts,2013:09:UP:0913HO018,0,0,216,11137,0,0,0,HARRIS,9/18/2013 0:00,2:30,2013,2013,"E04C,","UP,",75,"E0,","E,",YARD,Texas,29.797052,-95.290469,"Texas
(29.797052, -95.290469)"
Derailments,2015:06:UP:0615HO001,0,0,464,15000,0,0,0,HARRIS,6/1/2015 0:00,23:20,2015,2015,"T210,","UP,",8,"T2,","T,",YARD,Texas,29.826924,-95.290394,"Texas
(29.826924, -95.290394)"
Other impacts,2015:05:UP:0515HO006,0,0,12355,492,0,0,0,HARRIS,5/3/2015 0:00,8:05,2015,2015,"M411,","UP,",75,"M4,","M,",YARD,Texas,29.81641,-95.290373,"Texas
(29.81641, -95.290373)"
Derailments,2011:09:UP:0911HO010,0,0,1528,17157,0,0,0,HARRIS,9/11/2011 0:00,14:50,2011,2011,"T110,T113,","UP,",8,"T1,","T,",YARD,Texas,29.826992,-95.29015,"Texas
(29.826992, -95.29015)"
Derailments,2012:11:BNSF:GC1112104,0,0,5200,37280,0,0,0,BRAZORIA,11/7/2012 0:00,6:00,2012,2013,"T311,","BNSF,",7,"T3,","T,",YARD,Texas,29.639482,-95.290025,"Texas
(29.639482, -95.290025)"
Derailments,2014:08:PTRA:2014000047,0,0,22000,1500,0,0,0,HARRIS,8/21/2014 0:00,12:53,2014,2014,"H703,T314,","PTRA,UP,",1,"H7,T3,","H,T,",YARD,Texas,29.772254,-95.289922,"Texas
(29.772254, -95.289922)"
Derailments,2011:09:UP:0911HO015,0,0,720,9141,0,0,0,HARRIS,9/10/2011 0:00,16:30,2011,2011,"T205,","UP,",7,"T2,","T,",YARD,Texas,29.816073,-95.289804,"Texas
(29.816073, -95.289804)"
Derailments,2015:09:UP:0915HO024,0,0,12153,194,8,1,0,HARRIS,9/17/2015 0:00,10:48,2015,2015,"S007,","UP,",7,"S0,","S,",YARD,Texas,29.825884,-95.289484,"Texas
(29.825884, -95.289484)"
Derailments,2011:08:PTRA:2011000048,0,0,5500,21456,14,2,0,HARRIS,8/1/2011 0:00,16:45,2011,2011,"E46C,","PTRA,",1,"E4,","E,",YARD,Texas,29.775,-95.289167,"Texas
(29.775, -95.289167)"
Derailments,2013:03:UP:0313FW008,0,0,193701,23302,2,0,0,SMITH,3/6/2013 0:00,21:00,2013,2013,"H307,","UP,",7,"H3,","H,",YARD,Texas,32.359832,-95.289153,"Texas
(32.359832, -95.289153)"
Other events,2013:09:UP:0913HO026,0,0,0,11676,1,1,0,HARRIS,9/19/2013 0:00,20:00,2013,2013,"M201,","UP,",6,"M2,","M,",YARD,Texas,29.826134,-95.289069,"Texas
(29.826134, -95.289069)"
Other events,2016:05:UP:0516HO026,0,0,0,13419,1,1,0,HARRIS,5/21/2016 0:00,10:51,2016,2016,"M507,","UP,",5,"M5,","M,",YARD,Texas,29.818455,-95.288969,"Texas
(29.818455, -95.288969)"
Derailments,2011:08:UP:0811HO015,0,0,1116,11504,1,0,0,HARRIS,8/10/2011 0:00,2:30,2011,2011,"T319,","UP,",7,"T3,","T,",YARD,Texas,29.810324,-95.288833,"Texas
(29.810324, -95.288833)"
Other events,2012:06:UP:0612HO042,0,0,0,10188,0,0,0,HARRIS,6/23/2012 0:00,8:34,2012,2012,"M507,","UP,",5,"M5,","M,",YARD,Texas,29.80306,-95.288628,"Texas
(29.80306, -95.288628)"
Derailments,2014:08:UP:0814HO026,0,0,22078,13839,3,0,0,HARRIS,8/16/2014 0:00,22:40,2014,2014,"M507,","UP,",7,"M5,","M,",YARD,Texas,29.80306,-95.288628,"Texas
(29.80306, -95.288628)"
Derailments,2015:04:UP:0415HO052,0,0,18189,19335,2,2,0,HARRIS,4/29/2015 0:00,17:45,2015,2015,"S007,","UP,",7,"S0,","S,",YARD,Texas,29.80306,-95.288628,"Texas
(29.80306, -95.288628)"
Other events,2011:09:UP:0911HO026,0,0,0,14014,0,0,0,HARRIS,9/21/2011 0:00,9:00,2011,2011,"M507,","UP,",5,"M5,","M,",YARD,Texas,29.802556,-95.288622,"Texas
(29.802556, -95.288622)"
Derailments,2011:09:UP:0911HO030,0,0,1440,28015,1,1,0,HARRIS,9/30/2011 0:00,4:00,2011,2011,"T110,","UP,",7,"T1,","T,",YARD,Texas,29.802556,-95.288622,"Texas
(29.802556, -95.288622)"
Raking collision,2012:09:UP:0912HO008,0,0,150,18807,12,12,0,HARRIS,9/8/2012 0:00,2:25,2012,2012,"M599,","UP,",67,"M5,","M,",YARD,Texas,29.796457,-95.28856,"Texas
(29.796457, -95.28856)"
Derailments,2016:04:UP:0416HO004,0,0,6105,7475,0,0,0,HARRIS,4/3/2016 0:00,9:05,2016,2016,"S102,","UP,",7,"S1,","S,",YARD,Texas,29.836193,-95.288492,"Texas
(29.836193, -95.288492)"
Other events,2013:08:UP:0813HO021,0,0,0,16272,0,0,0,HARRIS,8/11/2013 0:00,6:00,2013,2013,"M507,","UP,",6,"M5,","M,",YARD,Texas,29.845161,-95.288492,"Texas
(29.845161, -95.288492)"
Other events,2015:07:UP:0715HO031,0,0,0,10848,0,0,0,HARRIS,7/17/2015 0:00,16:30,2015,2015,"M201,","UP,",7,"M2,","M,",YARD,Texas,29.825335,-95.288417,"Texas
(29.825335, -95.288417)"
Derailments,2015:01:UP:0115HO009,0,0,1729,9798,0,0,0,HARRIS,1/8/2015 0:00,20:15,2015,2015,"M404,E39C,","UP,",7,"M4,E3,","M,E,",YARD,Texas,29.826693,-95.288404,"Texas
(29.826693, -95.288404)"
Other events,2013:04:UP:0413HO037,0,0,0,10805,0,0,0,HARRIS,4/9/2013 0:00,9:00,2013,2013,"M507,","UP,",5,"M5,","M,",YARD,Texas,29.816379,-95.28837,"Texas
(29.816379, -95.28837)"
Other impacts,2011:06:UP:0611HO005,0,0,1770,17789,2,0,0,HARRIS,6/4/2011 0:00,17:30,2011,2011,"M411,","UP,",76,"M4,","M,",YARD,Texas,29.820789,-95.288351,"Texas
(29.820789, -95.288351)"
Other impacts,2015:02:UP:0215HO033,0,0,0,23008,0,0,0,HARRIS,2/21/2015 0:00,6:26,2015,2015,"M411,","UP,",7,"M4,","M,",YARD,Texas,29.81572,-95.288298,"Texas
(29.81572, -95.288298)"
Derailments,2013:08:UP:0813HO009,0,0,10495,14135,0,0,0,HARRIS,8/8/2013 0:00,16:00,2013,2013,"T314,","BNSF,UP,",7,"T3,","T,",MAIN,Texas,29.779027,-95.288255,"Texas
(29.779027, -95.288255)"
Derailments,2011:06:PTRA:2011000037,0,0,70000,20000,0,0,0,HARRIS,6/20/2011 0:00,13:50,2011,2011,"T110,T499,","PTRA,",1,"T1,T4,","T,",YARD,Texas,29.783056,-95.288089,"Texas
(29.783056, -95.288089)"
Raking collision,2015:01:UP:0115HO032,0,0,1412,77942,0,0,0,HARRIS,1/25/2015 0:00,17:30,2015,2015,"M404,","UP,",7,"M4,","M,",YARD,Texas,29.815709,-95.287997,"Texas
(29.815709, -95.287997)"
Obstruction impact,2014:12:UP:1214HO021,0,0,57,13094,0,0,0,HARRIS,12/11/2014 0:00,10:17,2014,2015,"M202,","UP,",57,"M2,","M,",YARD,Texas,29.816562,-95.287975,"Texas
(29.816562, -95.287975)"
Side collision,2013:11:PTRA:2013000058,0,0,0,38500,30,0,0,HARRIS,11/12/2013 0:00,21:35,2013,2014,"H607,H305,H404,","BNSF,PTRA,",11,"H6,H3,H6,H4,","H,",YARD,Texas,29.753366,-95.287846,"Texas
(29.753366, -95.287846)"
Other events,2014:04:BNSF:GC0414104,0,0,0,125466,0,0,0,BRAZORIA,4/17/2014 0:00,12:30,2014,2014,"M406,","BNSF,",6,"M4,","M,",YARD,Texas,29.564371,-95.287512,"Texas
(29.564371, -95.287512)"
Derailments,2012:12:OGEZ:INDUSTRY,0,0,575,54445,0,0,0,MUSKOGEE,12/15/2012 0:00,17:04,2012,2013,"T112,","UP,",1,"T1,","T,",INDUSTRY,Oklahoma,35.764932,-95.286767,"Oklahoma
(35.764932, -95.286767)"
Derailments,2013:04:UP:0413HO014,0,0,1070,126115,47,1,0,HARRIS,4/10/2013 0:00,23:30,2013,2013,"T202,","UP,",7,"T2,","T,",YARD,Texas,29.801402,-95.283698,"Texas
(29.801402, -95.283698)"
Derailments,2015:12:UP:1215HO003,0,0,208626,22546,4,0,0,HARRIS,12/3/2015 0:00,4:00,2015,2016,"T207,","UP,",1,"T2,","T,",YARD,Texas,29.765546,-95.278258,"Texas
(29.765546, -95.278258)"
Raking collision,2012:04:UP:0412WH002,0,0,0,10739,96,6,0,LABETTE,4/8/2012 0:00,22:50,2012,2012,"H305,H999,","UP,",1,"H3,H9,","H,",YARD,Kansas,37.361312,-95.274672,"Kansas
(37.361312, -95.274672)"
Derailments,2014:06:UP:0614HO026,0,0,6770,11773,0,0,0,HARRIS,6/21/2014 0:00,14:45,2014,2014,"H306,H303,","UP,",7,"H3,","H,",INDUSTRY,Texas,29.786358,-95.273311,"Texas
(29.786358, -95.273311)"
Derailments,2014:01:BNSF:TC0114110,0,0,24500,2198,0,0,0,HENNEPIN,1/9/2014 0:00,7:15,2014,2014,"H019,","BNSF,",7,"H0,","H,",YARD,Minnesota,45.03358,-95.27277,"Minnesota
(45.03358, -95.27277)"
Derailments,2014:07:XASH:INDUSTRY,0,0,0,13000,0,0,0,NEOSHO,7/24/2014 0:00,11:30,2014,2014,"T202,","SKOL,",4,"T2,","T,",INDUSTRY,Kansas,37.41528,-95.272429,"Kansas
(37.41528, -95.272429)"
Other events,2014:04:UP:0414WH007,0,0,0,95468,0,0,0,LABETTE,4/10/2014 0:00,21:37,2014,2014,"H399,","UP,",76,"H3,","H,",YARD,Kansas,37.35574,-95.271909,"Kansas
(37.35574, -95.271909)"
Derailments,2012:05:BNSF:NE0512112,0,0,9270,63500,0,0,0,MONTGOMERY,5/25/2012 0:00,21:30,2012,2012,"H307,H704,","BNSF,",1,"H3,H7,","H,",YARD,Iowa,41.004124,-95.270125,"Iowa
(41.004124, -95.270125)"
Derailments,2015:05:UP:0515HO032,0,0,61652,120000,7,7,0,HARRIS,5/22/2015 0:00,5:50,2015,2015,"T212,T207,","BNSF,UP,",7,"T2,","T,",YARD,Texas,29.807848,-95.268569,"Texas
(29.807848, -95.268569)"
Derailments,2013:12:KRR:KRR488413D,0,0,15000,20000,0,0,0,CHOCTAW,12/23/2013 0:00,14:55,2013,2014,"T202,","KRR,",1,"T2,","T,",YARD,Oklahoma,34.01198,-95.26803,"Oklahoma
(34.01198, -95.26803)"
Derailments,2015:07:ZVAO:INDUSTRY,0,0,30000,18500,0,0,0,HARRIS,7/19/2015 0:00,20:00,2015,2015,"H702,","PTRA,",7,"H7,","H,",INDUSTRY,Texas,29.746218,-95.267188,"Texas
(29.746218, -95.267188)"
Derailments,2016:04:PTRA:2016000014,0,0,25000,10199,20,2,0,HARRIS,4/11/2016 0:00,20:32,2016,2016,"H523,","PTRA,",1,"H5,","H,",YARD,Texas,29.716624,-95.267183,"Texas
(29.716624, -95.267183)"
Highway-rail impact,2014:03:UP:0314HO018,0,0,15099,2341,0,0,0,HARRIS,3/13/2014 0:00,8:25,2014,2014,"M304,","KCS,UP,",1,"M3,","M,",MAIN,Texas,29.808901,-95.266312,"Texas
(29.808901, -95.266312)"
Obstruction impact,2012:03:UP:0312CB004,0,0,90000,0,0,0,0,CRAWFORD,3/10/2012 0:00,20:07,2012,2012,"M402,","UP,",1,"M4,","M,",MAIN,Iowa,42.03029,-95.265995,"Iowa
(42.03029, -95.265995)"
Raking collision,2014:04:PTRA:2014000016,0,0,500,95000,2,0,0,HARRIS,4/5/2014 0:00,18:30,2014,2014,"H302,","PTRA,",1,"H3,","H,",YARD,Texas,29.716443,-95.265964,"Texas
(29.716443, -95.265964)"
Derailments,2015:04:WWTQ:INDUSTRY,0,0,2500,25000,0,0,0,HARRIS,4/14/2015 0:00,17:30,2015,2015,"T113,","PTRA,",1,"T1,","T,",INDUSTRY,Texas,29.721676,-95.265957,"Texas
(29.721676, -95.265957)"
Derailments,2013:02:PTRA:2013000006,0,0,5820,216189,0,0,0,HARRIS,2/21/2013 0:00,3:05,2013,2013,"H706,H702,","PTRA,UP,",8,"H7,","H,",MAIN,Texas,29.736698,-95.2636,"Texas
(29.736698, -95.2636)"
Derailments,2016:03:UP:0316WH006,0,0,60171,160414,0,0,0,LABETTE,3/17/2016 0:00,20:50,2016,2016,"H306,","UP,",867,"H3,","H,",YARD,Kansas,37.334204,-95.262965,"Kansas
(37.334204, -95.262965)"
Derailments,2015:05:UP:0515HO034,0,0,72504,1759,0,0,0,HARRIS,5/22/2015 0:00,23:00,2015,2015,"T211,","UP,",1,"T2,","T,",YARD,Texas,29.810558,-95.262275,"Texas
(29.810558, -95.262275)"
Derailments,2015:10:UP:1015HO002,0,0,237295,47500,5,1,0,HARRIS,10/1/2015 0:00,7:35,2015,2016,"M507,H503,","KCS,UP,",1,"M5,H5,","M,H,",MAIN,Texas,29.810558,-95.262275,"Texas
(29.810558, -95.262275)"
Obstruction impact,2014:09:UP:0914HO037,0,0,25700,0,0,0,0,CHEROKEE,9/19/2014 0:00,23:55,2014,2014,"M404,","UP,",1,"M4,","M,",MAIN,Texas,31.966378,-95.261217,"Texas
(31.966378, -95.261217)"
Derailments,2013:10:PTRA:2013000053,0,0,3000,33000,0,0,0,HARRIS,10/27/2013 0:00,18:15,2013,2014,"H018,","PTRA,",6,"H0,","H,",YARD,Texas,29.713931,-95.258519,"Texas
(29.713931, -95.258519)"
Raking collision,2013:11:PTRA:2013000061,0,0,6000,20000,3,3,0,HARRIS,11/24/2013 0:00,3:00,2013,2014,"H018,","PTRA,",6,"H0,","H,",YARD,Texas,29.713485,-95.257953,"Texas
(29.713485, -95.257953)"
Derailments,2014:10:UP:1014HO017,0,0,31481,8147,0,0,0,HARRIS,10/16/2014 0:00,24:44:00,2014,2015,"H605,","UP,",7,"H6,","H,",MAIN,Texas,29.824245,-95.257139,"Texas
(29.824245, -95.257139)"
Raking collision,2015:09:PTRA:2015000034,0,0,0,13000,0,0,0,HARRIS,9/1/2015 0:00,13:00,2015,2015,"E08C,","PTRA,",6,"E0,","E,",YARD,Texas,29.713297,-95.256898,"Texas
(29.713297, -95.256898)"
Raking collision,2016:02:UP:0216HO029,0,0,66,15066,1,0,0,HARRIS,2/24/2016 0:00,17:52,2016,2016,"H318,H310,","UP,",57,"H3,","H,",INDUSTRY,Texas,29.732035,-95.25649,"Texas
(29.732035, -95.25649)"
Side collision,2014:01:PTRA:2014000001,0,0,5000,75000,80,4,0,HARRIS,1/2/2014 0:00,1:30,2014,2014,"H702,H318,","PTRA,",16,"H7,H3,H7,H3,","H,",YARD,Texas,29.713088,-95.25629,"Texas
(29.713088, -95.25629)"
Other impacts,2012:07:PTRA:2012000038,0,0,500,19827,0,0,0,HARRIS,7/26/2012 0:00,15:45,2012,2012,"M507,H020,","PTRA,UP,",61,"M5,H0,","M,H,",YARD,Texas,29.71305,-95.256175,"Texas
(29.71305, -95.256175)"
Derailments,2013:07:KRR:KRR406613D,0,0,8000,5000,0,0,0,CHOCTAW,7/19/2013 0:00,13:00,2013,2013,"T109,","KRR,",1,"T1,","T,",MAIN,Oklahoma,34.01733,-95.2554,"Oklahoma
(34.01733, -95.2554)"
Obstruction impact,2011:11:BNSF:SF1111107,0,0,4200,40000,2,0,0,CRAIG,11/21/2011 0:00,17:07,2011,2012,"M402,","BNSF,",1,"M4,","M,",MAIN,Oklahoma,36.627552,-95.252447,"Oklahoma
(36.627552, -95.252447)"
Raking collision,2013:09:UP:0913HO014,0,0,216,11855,2,2,0,HARRIS,9/11/2013 0:00,2:30,2013,2013,"H318,","UP,",57,"H3,","H,",MAIN,Texas,29.736166,-95.251131,"Texas
(29.736166, -95.251131)"
Derailments,2016:05:PTRA:2016000017,0,0,0,20000,5,2,0,HARRIS,5/21/2016 0:00,3:00,2016,2016,"H318,","PTRA,",1,"H3,","H,",YARD,Texas,29.711586,-95.250205,"Texas
(29.711586, -95.250205)"
Derailments,2014:11:BNSF:KS1114114,0,0,1000,17972,0,0,0,DOUGLAS,11/24/2014 0:00,21:30,2014,2015,"T207,","BNSF,",1,"T2,","T,",INDUSTRY,Kansas,38.996908,-95.249932,"Kansas
(38.996908, -95.249932)"