AccidentType,inckey,Fatalities,Injuries,TrackDamage,EquipmentDamage,HazmatCars,HazmatCarsDerailed,HazmatCarsReleasing,County,DisplayDate,DisplayTime,calendar,Fiscal,AccidentCause,RailroadCodes,RAILEQUIPMENT_TYPE,CauseGroup,CauseDiscipline,TYPE_OF_TRACK,StateName,latitude,longitude,GeoLocation
Derailments,2015:12:KCS:15122803,0,0,170773,35975,7,3,0,FRANKLIN,12/28/2015 0:00,9:50,2015,2016,"T002,","KCS,",1,"T0,","T,",MAIN,Texas,32.959335,-95.246133,"Texas
(32.959335, -95.246133)"
Derailments,2011:12:ZKDM:INDUSTRY,0,0,500,22462,0,0,0,HARRIS,12/17/2011 0:00,4:20,2011,2012,"M501,","UP,",67,"M5,","M,",INDUSTRY,Texas,29.730254,-95.242092,"Texas
(29.730254, -95.242092)"
Derailments,2015:03:ZLDC:INDUSTRY,0,0,10680,1800,0,0,0,HARRIS,3/14/2015 0:00,14:20,2015,2015,"T205,","UP,",1,"T2,","T,",INDUSTRY,Texas,29.730195,-95.240444,"Texas
(29.730195, -95.240444)"
Derailments,2012:12:UP:1212HO028,0,0,56015,31110,69,0,0,HARRIS,12/19/2012 0:00,17:05,2012,2013,"H503,H514,","UP,",1,"H5,","H,",MAIN,Texas,29.663726,-95.235665,"Texas
(29.663726, -95.235665)"
Derailments,2011:11:UP:1111HO002,0,0,3656,16150,1,1,0,HARRIS,11/1/2011 0:00,19:30,2011,2012,"T111,","UP,",7,"T1,","T,",YARD,Texas,29.823931,-95.231208,"Texas
(29.823931, -95.231208)"
Derailments,2012:05:UP:0512HO043,0,0,1646,13276,56,2,0,HARRIS,5/31/2012 0:00,24:00:00,2012,2012,"T110,","UP,",1,"T1,","T,",YARD,Texas,29.709209,-95.231156,"Texas
(29.709209, -95.231156)"
Derailments,2012:09:BNSF:KS0912111,0,0,64600,15063,18,0,0,DOUGLAS,9/18/2012 0:00,21:35,2012,2012,"H702,","BNSF,",1,"H7,","H,",MAIN,Kansas,38.971211,-95.230051,"Kansas
(38.971211, -95.230051)"
Other events,2012:12:PTRA:2012000062,0,0,20000,0,1,0,0,HARRIS,12/17/2012 0:00,4:28,2012,2013,"H607,H702,","BNSF,PTRA,",1,"H6,H7,H6,H7,","H,",MAIN,Texas,29.716024,-95.227049,"Texas
(29.716024, -95.227049)"
Broken train collision,2012:08:PTRA:2012000039,0,0,15000,50000,4,0,0,HARRIS,8/14/2012 0:00,20:30,2012,2012,"E30C,","PTRA,",1,"E3,","E,",YARD,Texas,29.746631,-95.225691,"Texas
(29.746631, -95.225691)"
Derailments,2012:10:XCAI:INDUSTRY,0,0,101,11368,0,0,0,ATCHISON,10/26/2012 0:00,3:45,2012,2013,"H704,","UP,",1,"H7,","H,",INDUSTRY,Kansas,39.558354,-95.225313,"Kansas
(39.558354, -95.225313)"
Derailments,2015:06:UP:0615HO045,0,0,93230,7650,51,0,0,HARRIS,6/23/2015 0:00,21:15,2015,2015,"T102,","UP,",1,"T1,","T,",MAIN,Texas,29.716033,-95.223395,"Texas
(29.716033, -95.223395)"
Fire/violent rupture,2016:03:UP:0316WH007,0,0,0,39604,3,0,0,MUSKOGEE,3/17/2016 0:00,14:15,2016,2016,"E73L,","UP,",1,"E7,","E,",MAIN,Oklahoma,35.739074,-95.215174,"Oklahoma
(35.739074, -95.215174)"
Fire/violent rupture,2015:03:UP:0315HO057,0,0,0,32830,0,0,0,CHEROKEE,3/28/2015 0:00,18:51,2015,2015,"E73L,","UP,",1,"E7,","E,",MAIN,Texas,32.019546,-95.208305,"Texas
(32.019546, -95.208305)"
Highway-rail impact,2013:05:UP:0513HO038,0,0,0,12667,100,0,0,HARRIS,5/29/2013 0:00,5:44,2013,2013,"M308,","UP,",1,"M3,","M,",MAIN,Texas,29.632324,-95.206317,"Texas
(29.632324, -95.206317)"
Derailments,2012:04:MMAZ:INDUSTRY,0,0,0,17157,0,0,0,HARRIS,4/10/2012 0:00,5:45,2012,2012,"T311,","UP,",8,"T3,","T,",INDUSTRY,Texas,29.629399,-95.20358,"Texas
(29.629399, -95.20358)"
Derailments,2013:03:CP:236324,0,0,188000,1340378,67,14,3,OTTER TAIL,3/27/2013 0:00,6:18,2013,2013,"T220,","CP,",1,"T2,","T,",MAIN,Minnesota,46.1079,-95.20116,"Minnesota
(46.1079, -95.20116)"
Obstruction impact,2016:07:UP:0716WH001,0,0,0,17329,3,0,0,MUSKOGEE,7/3/2016 0:00,22:15,2016,2016,"M404,","UP,",1,"M4,","M,",MAIN,Oklahoma,35.661545,-95.196692,"Oklahoma
(35.661545, -95.196692)"
Derailments,2013:03:BNSF:GC0313107,0,0,0,21439,9,0,0,HARRIS,3/17/2013 0:00,8:45,2013,2013,"E40C,","BNSF,",7,"E4,","E,",YARD,Texas,29.4225,-95.1945,"Texas
(29.4225, -95.1945)"
Other impacts,2013:09:PTRA:2013000040,0,0,4150,17000,9,1,0,HARRIS,9/8/2013 0:00,4:30,2013,2013,"H021,","PTRA,",7,"H0,","H,",YARD,Texas,29.726318,-95.191987,"Texas
(29.726318, -95.191987)"
Derailments,2015:07:PTRA:2015000025,0,0,1500,28500,1,1,0,HARRIS,7/23/2015 0:00,10:00,2015,2015,"H020,","PTRA,",6,"H0,","H,",YARD,Texas,29.726501,-95.19122,"Texas
(29.726501, -95.19122)"
Derailments,2014:06:PTRA:2014000031,0,0,5000,8000,98,2,0,HARRIS,6/28/2014 0:00,21:00,2014,2014,"S012,","PTRA,",1,"S0,","S,",SIDING,Texas,29.752975,-95.185796,"Texas
(29.752975, -95.185796)"
Derailments,2014:12:BNSF:TC1214100,0,0,168466,1667508,8,8,0,WADENA,12/1/2014 0:00,6:00,2014,2015,"T201,","BNSF,",1,"T2,","T,",MAIN,Minnesota,46.457979,-95.181902,"Minnesota
(46.457979, -95.181902)"
Derailments,2014:09:ZCVP:INDUSTRY,0,0,20000,10000,0,0,0,HARRIS,9/6/2014 0:00,11:25,2014,2014,"H704,","SGSC,",7,"H7,","H,",SIDING,Texas,29.723056,-95.180964,"Texas
(29.723056, -95.180964)"
Derailments,2016:05:UP:0516CB010,0,0,402830,719613,9,2,0,CRAWFORD,5/26/2016 0:00,2:35,2016,2016,"M105,","UP,",1,"M1,","M,",MAIN,Iowa,42.087181,-95.133882,"Iowa
(42.087181, -95.133882)"
Highway-rail impact,2014:02:BNSF:KS0214200,0,0,500,10964,0,0,0,DOUGLAS,2/3/2014 0:00,4:00,2014,2014,"M302,","BNSF,",1,"M3,","M,",MAIN,Kansas,38.949588,-95.130377,"Kansas
(38.949588, -95.130377)"
Derailments,2016:07:PTRA:2016000022,0,0,6000,23260,19,2,0,HARRIS,7/6/2016 0:00,23:00,2016,2016,"H702,H306,","PTRA,",7,"H7,H3,","H,",YARD,Texas,29.4313,-95.129,"Texas
(29.4313, -95.129)"
Derailments,2013:07:UP:0713KC012,0,0,22660,56040,0,0,0,ATCHISON,7/12/2013 0:00,15:15,2013,2013,"M204,","UP,",1,"M2,","M,",MAIN,Kansas,39.560296,-95.12333,"Kansas
(39.560296, -95.12333)"
Derailments,2014:06:UP:0614KC012,0,0,277658,131661,23,2,0,ATCHISON,6/13/2014 0:00,15:53,2014,2014,"T110,","UP,",1,"T1,","T,",MAIN,Kansas,39.56021,-95.117816,"Kansas
(39.56021, -95.117816)"
Derailments,2016:01:XCAI:INDUSTRY,0,0,50000,200000,0,0,0,HARRIS,1/22/2016 0:00,24:40:00,2016,2016,"T110,","PTRA,",1,"T1,","T,",INDUSTRY,Texas,29.747215,-95.116625,"Texas
(29.747215, -95.116625)"
Other events,2015:05:MOSJ:INDUSTRY,0,0,16000,500,0,0,0,HARRIS,5/9/2015 0:00,11:45,2015,2015,"H307,H997,","PTRA,",6,"H3,H9,","H,",INDUSTRY,Texas,29.742388,-95.11503,"Texas
(29.742388, -95.11503)"
Derailments,2016:01:UP:0116FW003,0,0,32340,15548,60,10,0,UPSHUR,1/6/2016 0:00,22:20,2016,2016,"T110,","UP,",1,"T1,","T,",YARD,Texas,32.581794,-95.113851,"Texas
(32.581794, -95.113851)"
Highway-rail impact,2015:07:UP:0715WH001,0,2,0,12569,0,0,0,LABETTE,7/1/2015 0:00,24:50:00,2015,2015,"M302,","UP,",1,"M3,","M,",MAIN,Kansas,37.09061,-95.11375,"Kansas
(37.09061, -95.11375)"
Derailments,2015:10:UP:1015FW009,0,0,101510,176556,19,3,0,UPSHUR,10/15/2015 0:00,4:12,2015,2016,"T220,","UP,",1,"T2,","T,",YARD,Texas,32.581328,-95.1091,"Texas
(32.581328, -95.1091)"
Derailments,2014:06:ZCVP:INDUSTRY,0,0,10000,30000,0,0,0,HARRIS,6/30/2014 0:00,23:40,2014,2014,"H704,H702,","SGSC,",7,"H7,","H,",YARD,Texas,29.4329,-95.105147,"Texas
(29.4329, -95.105147)"
Derailments,2013:04:DQE:ID130020,0,0,0,25000,0,0,0,MCCURTAIN,4/12/2013 0:00,10:25,2013,2013,"T303,E4AC,","DQE,",7,"T3,E4,","T,E,",INDUSTRY,Oklahoma,33.99689,-95.10224,"Oklahoma
(33.99689, -95.10224)"
Derailments,2011:12:UP:1211WH004,0,0,283618,194978,0,0,0,LABETTE,12/12/2011 0:00,17:45,2011,2012,"E53C,","UP,",1,"E5,","E,",MAIN,Kansas,37.041898,-95.101335,"Kansas
(37.041898, -95.101335)"
Derailments,2012:10:DQE:ID120044,0,0,0,36125,0,0,0,MCCURTAIN,10/2/2012 0:00,2:22,2012,2013,"H503,H505,","DQE,",1,"H5,","H,",YARD,Oklahoma,33.99742,-95.10116,"Oklahoma
(33.99742, -95.10116)"
Derailments,2016:05:UP:0516HO001,0,0,483101,1098725,0,0,0,SMITH,5/1/2016 0:00,8:20,2016,2016,"M103,","UP,",1,"M1,","M,",MAIN,Texas,32.195423,-95.097864,"Texas
(32.195423, -95.097864)"
Derailments,2015:11:UP:1115WH006,0,0,10000,16535,13,0,0,CRAIG,11/9/2015 0:00,12:10,2015,2016,"H503,","UP,",1,"H5,","H,",MAIN,Oklahoma,36.981998,-95.095365,"Oklahoma
(36.981998, -95.095365)"
Derailments,2013:08:PTRA:2013000037,0,0,52000,5400,60,8,0,HARRIS,8/17/2013 0:00,15:35,2013,2013,"M507,","PTRA,",1,"M5,","M,",SIDING,Texas,29.728502,-95.093118,"Texas
(29.728502, -95.093118)"
Derailments,2015:11:VTZ:INDUSTRY,0,0,15000,1000,60,1,0,HARRIS,11/9/2015 0:00,13:45,2015,2016,"H399,H513,","PTRA,",1,"H3,H5,","H,",INDUSTRY,Texas,29.748029,-95.092201,"Texas
(29.748029, -95.092201)"
Derailments,2016:04:VTZ:INDUSTRY,0,0,1500,29000,24,0,0,HARRIS,4/23/2016 0:00,16:30,2016,2016,"T311,","PTRA,",7,"T3,","T,",YARD,Texas,29.744174,-95.091957,"Texas
(29.744174, -95.091957)"
Rear end collision,2013:02:UP:0213HO028,0,0,0,15047,0,0,0,HARRIS,2/14/2013 0:00,14:40,2013,2013,"H993,","UP,",NA,"H9,","H,",MAIN,Texas,29.884132,-95.088256,"Texas
(29.884132, -95.088256)"
Other events,2016:04:UP:0416HO015,0,0,1398,27969,0,0,0,HARRIS,4/7/2016 0:00,13:52,2016,2016,"E21C,","UP,",1,"E2,","E,",MAIN,Texas,29.803253,-95.086681,"Texas
(29.803253, -95.086681)"
Derailments,2015:03:UP:0315HO015,0,0,3540,37219,2,2,0,HARRIS,3/7/2015 0:00,2:30,2015,2015,"H607,H702,","UP,",1,"H6,H7,","H,",SIDING,Texas,29.725253,-95.068881,"Texas
(29.725253, -95.068881)"
Derailments,2012:08:BPEQ:INDUSTRY,0,0,0,10347,20,4,0,HARRIS,8/20/2012 0:00,20:33,2012,2012,"T217,","UP,",7,"T2,","T,",INDUSTRY,Texas,29.645107,-95.058248,"Texas
(29.645107, -95.058248)"
Derailments,2016:01:ZXPT:INDUSTRY,0,0,17000,1008,0,0,0,HARRIS,1/22/2016 0:00,6:00,2016,2016,"T110,","UP,",1,"T1,","T,",INDUSTRY,Texas,29.817548,-95.053178,"Texas
(29.817548, -95.053178)"
Highway-rail impact,2012:05:UP:0512HO013,0,0,2046,104200,0,0,0,HARRIS,5/7/2012 0:00,11:57,2012,2012,"M303,","KCS,UP,",1,"M3,","M,",MAIN,Texas,29.921594,-95.052979,"Texas
(29.921594, -95.052979)"
Derailments,2011:09:UP:0911HO014,0,0,17146,8281,9,0,0,HARRIS,9/13/2011 0:00,22:55,2011,2011,"T217,","UP,",7,"T2,","T,",YARD,Texas,29.690931,-95.050496,"Texas
(29.690931, -95.050496)"
Derailments,2013:04:UP:0413HO029,0,0,6640,12355,7,0,0,HARRIS,4/26/2013 0:00,1:55,2013,2013,"T108,","UP,",1,"T1,","T,",YARD,Texas,29.690912,-95.050439,"Texas
(29.690912, -95.050439)"
Derailments,2014:04:UP:0414HO005,0,0,29486,139,0,0,0,HARRIS,4/8/2014 0:00,2:55,2014,2014,"S006,","UP,",7,"S0,","S,",YARD,Texas,29.690912,-95.050439,"Texas
(29.690912, -95.050439)"
Other impacts,2015:06:UP:0615HO051,0,0,0,28723,0,0,0,HARRIS,6/26/2015 0:00,8:08,2015,2015,"M404,","UP,",75,"M4,","M,",YARD,Texas,29.690912,-95.050439,"Texas
(29.690912, -95.050439)"
Other impacts,2012:06:UP:0612HO027,0,0,14970,424,0,0,0,HARRIS,6/25/2012 0:00,10:15,2012,2012,"H317,","UP,",75,"H3,","H,",YARD,Texas,29.690418,-95.048802,"Texas
(29.690418, -95.048802)"
Highway-rail impact,2014:06:UP:0614LV007,1,0,13090,245,0,0,0,SAN JACINTO,6/11/2014 0:00,15:15,2014,2014,"M308,M302,","UP,",4,"M3,","M,",MAIN,Texas,30.412697,-95.047847,"Texas
(30.412697, -95.047847)"
Other impacts,2011:09:IAIS:2011057,0,0,280,226930,0,0,0,CASS,9/2/2011 0:00,19:23,2011,2011,"H307,","IAIS,",1,"H3,","H,",MAIN,Iowa,41.414153,-95.047574,"Iowa
(41.414153, -95.047574)"
Other events,2013:03:BNSF:TC0313146,0,0,0,10068,1,1,0,KANDIYOHI,3/24/2013 0:00,4:00,2013,2013,"M201,","BNSF,",7,"M2,","M,",YARD,Minnesota,45.123279,-95.04745,"Minnesota
(45.123279, -95.04745)"
Derailments,2014:07:BNSF:TC0714113,0,0,1500,10770,0,0,0,KANDIYOHI,7/22/2014 0:00,22:10,2014,2014,"H702,","BNSF,",7,"H7,","H,",YARD,Minnesota,45.123279,-95.04745,"Minnesota
(45.123279, -95.04745)"
Derailments,2012:10:UP:1012HO028,0,0,12587,6828,40,1,0,HARRIS,10/26/2012 0:00,3:30,2012,2013,"T308,E41C,","UP,",7,"T3,E4,","T,E,",YARD,Texas,29.689947,-95.047097,"Texas
(29.689947, -95.047097)"
Fire/violent rupture,2013:12:UP:1213HO028,0,0,0,150000,0,0,0,HARRIS,12/14/2013 0:00,8:30,2013,2014,"E74L,","UP,",1,"E7,","E,",YARD,Texas,29.607143,-95.046885,"Texas
(29.607143, -95.046885)"
Derailments,2013:04:ZJXN:INDUSTRY,0,0,0,35882,40,1,0,HARRIS,4/17/2013 0:00,19:58,2013,2013,"H306,","UP,",7,"H3,","H,",INDUSTRY,Texas,29.606909,-95.046751,"Texas
(29.606909, -95.046751)"
Derailments,2013:07:BNSF:NE0713107,0,0,1317723,216552,0,0,0,BUCHANAN,7/20/2013 0:00,22:10,2013,2013,"E68C,","BNSF,",1,"E6,","E,",MAIN,Missouri,39.556383,-95.045667,"Missouri
(39.556383, -95.045667)"
Highway-rail impact,2014:04:UP:0414HO040,0,0,100132,137,0,0,0,HARRIS,4/29/2014 0:00,17:03,2014,2014,"M304,","UP,",1,"M3,","M,",MAIN,Texas,29.927921,-95.044718,"Texas
(29.927921, -95.044718)"
Fire/violent rupture,2013:05:UP:0513HO042,0,0,0,64553,0,0,0,HARRIS,5/21/2013 0:00,21:00,2013,2013,"M406,","UP,",8,"M4,","M,",YARD,Texas,29.631557,-95.040139,"Texas
(29.631557, -95.040139)"
Side collision,2016:05:UP:0516HO005,0,0,22480,294735,15,2,0,HARRIS,5/6/2016 0:00,21:00,2016,2016,"M409,","UP,",1,"M4,","M,",YARD,Texas,29.685855,-95.039827,"Texas
(29.685855, -95.039827)"
Derailments,2016:05:UP:0516HO033,0,0,19749,1129,0,0,0,HARRIS,5/31/2016 0:00,21:15,2016,2016,"S007,","UP,",1,"S0,","S,",YARD,Texas,29.68319,-95.039148,"Texas
(29.68319, -95.039148)"
Derailments,2013:06:UP:0613HO047,0,0,8100,2174,4,1,0,HARRIS,6/22/2013 0:00,24:30:00,2013,2013,"H607,","UP,",1,"H6,","H,",YARD,Texas,29.675098,-95.03908,"Texas
(29.675098, -95.03908)"
Raking collision,2013:01:UP:0113HO025,0,0,2799,16913,16,3,0,HARRIS,1/16/2013 0:00,10:35,2013,2013,"S007,","UP,",75,"S0,","S,",YARD,Texas,29.676347,-95.038847,"Texas
(29.676347, -95.038847)"
Derailments,2013:07:ZBLU:INDUSTRY,0,0,12475,7700,0,0,0,HARRIS,7/25/2013 0:00,17:50,2013,2013,"T110,","UP,",1,"T1,","T,",INDUSTRY,Texas,29.646775,-95.038728,"Texas
(29.646775, -95.038728)"
Derailments,2012:08:UP:0812HO021,0,0,32113,64485,4,4,0,HARRIS,8/17/2012 0:00,5:05,2012,2012,"T399,","UP,",7,"T3,","T,",YARD,Texas,29.67682,-95.038708,"Texas
(29.67682, -95.038708)"
Derailments,2015:04:UP:0415HO039,0,0,4093,47622,29,1,0,HARRIS,4/20/2015 0:00,5:08,2015,2015,"T204,","UP,",7,"T2,","T,",YARD,Texas,29.686408,-95.038461,"Texas
(29.686408, -95.038461)"
Derailments,2015:10:RLGX:10302015,0,0,0,16172,0,0,0,HARRIS,10/30/2015 0:00,7:10,2015,2016,"H306,","RLGX,",7,"H3,","H,",YARD,Texas,29.642992,-95.038339,"Texas
(29.642992, -95.038339)"
Derailments,2016:03:RLGX:RLGX372016,0,0,0,21541,0,0,0,HARRIS,3/7/2016 0:00,17:25,2016,2016,"H306,","RLGX,",7,"H3,","H,",YARD,Texas,29.642967,-95.038083,"Texas
(29.642967, -95.038083)"
Side collision,2012:06:PTRA:2012000030,0,0,5856,54902,33,0,0,HARRIS,6/6/2012 0:00,4:25,2012,2012,"H306,","PTRA,UP,",71,"H3,","H,",YARD,Texas,29.686674,-95.036394,"Texas
(29.686674, -95.036394)"
Other events,2012:08:BNSF:TC0812107,0,0,18200,0,0,0,0,KANDIYOHI,8/21/2012 0:00,12:40,2012,2012,"H307,H702,","BNSF,",1,"H3,H7,","H,",MAIN,Minnesota,45.126257,-95.024109,"Minnesota
(45.126257, -95.024109)"
Other events,2013:03:UP:0313HO048,0,0,0,12405,0,0,0,HARRIS,3/6/2013 0:00,14:15,2013,2013,"M507,","UP,",5,"M5,","M,",YARD,Texas,29.739385,-95.019316,"Texas
(29.739385, -95.019316)"
Side collision,2013:11:UP:1113HO007,0,0,4100,28000,0,0,0,HARRIS,11/1/2013 0:00,23:45,2013,2014,"M507,M501,","RCXM,UP,",57,"M5,","M,",MAIN,Texas,29.7623,-95.0184,"Texas
(29.7623, -95.0184)"
Derailments,2011:07:BNSF:GC0711100,0,0,219971,366550,0,0,0,GALVESTON,7/1/2011 0:00,1:00,2011,2011,"T315,","BNSF,",1,"T3,","T,",MAIN,Texas,29.347477,-95.017712,"Texas
(29.347477, -95.017712)"
Derailments,2013:02:BNSF:KS0213110,0,0,77453,9000,7,0,0,JOHNSON,2/28/2013 0:00,15:10,2013,2013,"T102,","BNSF,",1,"T1,","T,",MAIN,Kansas,38.749688,-95.016842,"Kansas
(38.749688, -95.016842)"
Other impacts,2014:12:UP:1214HO006,0,0,0,12930,1,1,0,HARRIS,12/1/2014 0:00,7:10,2014,2015,"H318,","UP,",51,"H3,","H,",YARD,Texas,29.784562,-95.016731,"Texas
(29.784562, -95.016731)"
Derailments,2013:11:UP:1113HO012,0,0,9426,21491,29,3,0,HARRIS,11/13/2013 0:00,8:30,2013,2014,"H607,","UP,",1,"H6,","H,",MAIN,Texas,29.781604,-95.016697,"Texas
(29.781604, -95.016697)"
Derailments,2012:08:BNSF:GC0812106,0,0,24500,54430,22,0,0,HARRIS,8/3/2012 0:00,22:45,2012,2012,"H514,H524,","BNSF,",7,"H5,","H,",YARD,Texas,29,-95,"Texas
(29, -95)"
Derailments,2013:10:BNSF:KS1013108,0,0,8300,2262,2,0,0,JOHNSON,10/3/2013 0:00,9:20,2013,2014,"H020,","BNSF,",6,"H0,","H,",YARD,Kansas,38.767304,-94.996291,"Kansas
(38.767304, -94.996291)"
Derailments,2016:02:UP:0216LK016,0,0,303679,35171,0,0,0,UPSHUR,2/18/2016 0:00,18:51,2016,2016,"E51L,","UP,",1,"E5,","E,",MAIN,Texas,32.676424,-94.994302,"Texas
(32.676424, -94.994302)"
Fire/violent rupture,2013:08:UP:0813WH004,0,0,0,47929,0,0,0,LINN,8/3/2013 0:00,14:22,2013,2013,"E72L,E73L,","UP,",1,"E7,","E,",MAIN,Kansas,38.324786,-94.991955,"Kansas
(38.324786, -94.991955)"
Derailments,2016:01:UP:0116WH001,0,0,111380,576512,3,0,0,LINN,1/4/2016 0:00,16:30,2016,2016,"T299,","UP,",1,"T2,","T,",MAIN,Kansas,38.282228,-94.990329,"Kansas
(38.282228, -94.990329)"
Highway-rail impact,2011:12:UP:1211HO034,0,0,25000,635,0,0,0,RUSK,12/30/2011 0:00,16:05,2011,2012,"M302,","UP,",1,"M3,","M,",MAIN,Texas,32.267505,-94.981808,"Texas
(32.267505, -94.981808)"
Derailments,2011:12:BNSF:TC1211114,0,0,145000,2600,3,1,0,KANDIYOHI,12/21/2011 0:00,20:15,2011,2012,"S011,","BNSF,",1,"S0,","S,",YARD,Minnesota,45.131898,-94.980084,"Minnesota
(45.131898, -94.980084)"
Other events,2014:05:BNSF:GC0514115,0,0,0,12000,0,0,0,GALVESTON,5/1/2014 0:00,13:00,2014,2014,"H997,","BNSF,",9,"H9,","H,",MAIN,Texas,29.334375,-94.979874,"Texas
(29.334375, -94.979874)"
Derailments,2012:01:KRR:ID120037,0,0,25000,12000,0,0,0,MCCURTAIN,1/19/2012 0:00,9:00,2012,2012,"E64C,","KRR,",1,"E6,","E,",MAIN,Oklahoma,33.965,-94.974,"Oklahoma
(33.965, -94.974)"
Derailments,2011:09:BNSF:GC0911103,0,0,62500,7100,96,8,2,GALVESTON,9/13/2011 0:00,20:00,2011,2011,"T110,","BNSF,",1,"T1,","T,",YARD,Texas,29.331448,-94.971438,"Texas
(29.331448, -94.971438)"
Derailments,2012:08:UP:0812LK004,0,0,320,22775,0,0,0,UPSHUR,8/4/2012 0:00,2:05,2012,2012,"E79L,","UP,",1,"E7,","E,",MAIN,Texas,32.860121,-94.971081,"Texas
(32.860121, -94.971081)"
Derailments,2016:08:PPQQ:INDUSTRY,0,0,82350,397121,0,0,0,CAMP,8/19/2016 0:00,16:06,2016,2016,"T110,","UP,",1,"T1,","T,",INDUSTRY,Texas,32.995559,-94.969083,"Texas
(32.995559, -94.969083)"
Derailments,2014:01:UP:0114LK020,0,0,43748,15501,3,0,0,CAMP,1/25/2014 0:00,7:02,2014,2014,"T299,","UP,",1,"T2,","T,",MAIN,Texas,32.997255,-94.968584,"Texas
(32.997255, -94.968584)"
Derailments,2012:07:UP:0712LK010,0,0,7707,25895,0,0,0,CAMP,7/12/2012 0:00,17:30,2012,2012,"E40C,T106,","UP,",1,"E4,T1,","E,T,",MAIN,Texas,32.990308,-94.968508,"Texas
(32.990308, -94.968508)"
Derailments,2014:10:UP:1014LK038,0,0,1228,19409,0,0,0,CAMP,10/24/2014 0:00,3:06,2014,2015,"H303,","UP,",1,"H3,","H,",SIDING,Texas,32.99818,-94.96836,"Texas
(32.99818, -94.96836)"
Derailments,2012:05:UP:0512LK026,0,0,1358,8202,0,0,0,CAMP,5/31/2012 0:00,23:42,2012,2012,"E41C,T102,","UP,",7,"E4,T1,","E,T,",MAIN,Texas,32.989412,-94.968243,"Texas
(32.989412, -94.968243)"
Derailments,2012:03:UP:0312LK031,0,0,8215,5525,0,0,0,CAMP,3/25/2012 0:00,3:53,2012,2012,"T314,","UP,",1,"T3,","T,",MAIN,Texas,32.989394,-94.968235,"Texas
(32.989394, -94.968235)"
Derailments,2014:01:TCWR:TCW013114A,0,0,5000,400000,0,0,0,RENVILLE,1/31/2014 0:00,14:30,2014,2014,"T299,","TCWR,",1,"T2,","T,",MAIN,Minnesota,44.774177,-94.966305,"Minnesota
(44.774177, -94.966305)"
Other events,2012:05:ZKCP:INDUSTRY,0,0,0,25000,0,0,0,PLATTE,5/4/2012 0:00,23:00,2012,2012,"H522,","BNSF,",1,"H5,","H,",INDUSTRY,Missouri,39.448849,-94.954817,"Missouri
(39.448849, -94.954817)"
Other impacts,2016:07:UP:0716CB003,0,0,95625,100,0,0,0,CARROLL,7/6/2016 0:00,12:45,2016,2016,"M105,","UP,",1,"M1,","M,",MAIN,Iowa,42.101916,-94.954192,"Iowa
(42.101916, -94.954192)"
Derailments,2014:03:UP:0314HO031,0,0,15969,25000,63,3,0,GALVESTON,3/25/2014 0:00,19:04,2014,2014,"H704,","TCT,UP,",7,"H7,","H,",YARD,Texas,29.348587,-94.94155,"Texas
(29.348587, -94.94155)"
Derailments,2013:11:UP:1113HO004,0,0,9318,4100,1,1,0,GALVESTON,11/6/2013 0:00,7:53,2013,2014,"T211,","UP,",1,"T2,","T,",YARD,Texas,29.34599,-94.939137,"Texas
(29.34599, -94.939137)"
Derailments,2013:10:BNSF:SF1013123,0,0,408758,79849,0,0,0,OTTAWA,10/28/2013 0:00,5:35,2013,2014,"S005,","BNSF,",1,"S0,","S,",MAIN,Oklahoma,36.784703,-94.934722,"Oklahoma
(36.784703, -94.934722)"
Fire/violent rupture,2014:04:UP:0414WH001,0,0,0,12000,0,0,0,MIAMI,4/2/2014 0:00,3:15,2014,2014,"E71L,","UP,",1,"E7,","E,",MAIN,Kansas,38.469191,-94.933279,"Kansas
(38.469191, -94.933279)"
Derailments,2016:01:BNSF:NE0116111,0,0,250250,2500,0,0,0,PLATTE,1/16/2016 0:00,16:49,2016,2016,"E53C,","BNSF,",1,"E5,","E,",MAIN,Missouri,39.430668,-94.931103,"Missouri
(39.430668, -94.931103)"
Highway-rail impact,2016:08:UP:0816HO040,0,2,93769,1487,0,0,0,GALVESTON,8/21/2016 0:00,5:55,2016,2016,"M308,","UP,",1,"M3,","M,",MAIN,Texas,29.337287,-94.931062,"Texas
(29.337287, -94.931062)"
Side collision,2013:01:TCT:580239,0,0,0,20000,97,2,0,GALVESTON,1/29/2013 0:00,18:20,2013,2013,"H607,","TCT,",76,"H6,","H,",YARD,Texas,29.356743,-94.927368,"Texas
(29.356743, -94.927368)"
Derailments,2012:10:TCT:580236,0,0,5000,10000,8,3,0,GALVESTON,10/17/2012 0:00,21:00,2012,2013,"T319,","TCT,",7,"T3,","T,",YARD,Texas,29.358632,-94.926875,"Texas
(29.358632, -94.926875)"
Derailments,2013:07:TCT:508241,0,0,12800,4000,12,3,0,GALVESTON,7/9/2013 0:00,13:30,2013,2013,"T314,E64C,","TCT,",7,"T3,E6,","T,E,",YARD,Texas,29.359703,-94.925772,"Texas
(29.359703, -94.925772)"
Derailments,2014:10:EBRR:102214,0,0,17064,0,0,0,0,CHAMBERS,10/22/2014 0:00,15:05,2014,2015,"T113,","EBRR,",7,"T1,","T,",YARD,Texas,29.7184,-94.923978,"Texas
(29.7184, -94.923978)"
Derailments,2014:11:EBRR:110414,0,0,10663,0,0,0,0,CHAMBERS,11/4/2014 0:00,15:30,2014,2015,"T113,","EBRR,",7,"T1,","T,",YARD,Texas,29.7184,-94.923978,"Texas
(29.7184, -94.923978)"
Side collision,2013:07:XOIL:INDUSTRY,0,0,3000,100000,23,7,0,GALVESTON,7/26/2013 0:00,13:30,2013,2013,"H022,","TCT,",78,"H0,","H,",INDUSTRY,Texas,29.362092,-94.919822,"Texas
(29.362092, -94.919822)"
Derailments,2011:06:UP:0611WH001,0,0,613189,617744,6,2,1,MIAMI,6/4/2011 0:00,24:15:00,2011,2011,"M599,","UP,",1,"M5,","M,",MAIN,Kansas,38.497633,-94.917961,"Kansas
(38.497633, -94.917961)"