AccidentType,inckey,Fatalities,Injuries,TrackDamage,EquipmentDamage,HazmatCars,HazmatCarsDerailed,HazmatCarsReleasing,County,DisplayDate,DisplayTime,calendar,Fiscal,AccidentCause,RailroadCodes,RAILEQUIPMENT_TYPE,CauseGroup,CauseDiscipline,TYPE_OF_TRACK,StateName,latitude,longitude,GeoLocation
Derailments,2012:08:UP:0812WH005,0,0,4166408,1038418,0,0,0,MIAMI,8/15/2012 0:00,1:30,2012,2012,"E60C,E61C,","UP,",1,"E6,","E,",MAIN,Kansas,38.498129,-94.917559,"Kansas
(38.498129, -94.917559)"
Derailments,2012:08:UP:0812HO009,0,0,4205,103790,23,1,0,LIBERTY,8/6/2012 0:00,18:20,2012,2012,"H503,T207,","UP,",1,"H5,T2,","H,T,",MAIN,Texas,29.921771,-94.914145,"Texas
(29.921771, -94.914145)"
Highway-rail impact,2015:08:UP:0815KC003,1,0,0,11397,0,0,0,LEAVENWORTH,8/4/2015 0:00,6:04,2015,2015,"M303,","UP,",1,"M3,","M,",MAIN,Kansas,39.355991,-94.91349,"Kansas
(39.355991, -94.91349)"
Raking collision,2012:10:BNSF:GC1012103,0,0,0,20000,2,2,0,LIBERTY,10/6/2012 0:00,24:15:00,2012,2013,"H018,","BNSF,",765,"H0,","H,",YARD,Texas,30.04,-94.91,"Texas
(30.04, -94.91)"
Derailments,2016:07:UP:0716HO034,0,0,129052,0,0,0,0,LIBERTY,7/20/2016 0:00,7:50,2016,2016,"H503,","UP,",NA,"H5,","H,",MAIN,Texas,29.983803,-94.909916,"Texas
(29.983803, -94.909916)"
Derailments,2013:05:BNSF:GC0513112,0,0,500,60036,0,0,0,LIBERTY,5/17/2013 0:00,12:45,2013,2013,"H306,","BNSF,",7,"H3,","H,",YARD,Texas,29.99467,-94.9099,"Texas
(29.99467, -94.9099)"
Rear end collision,2014:01:UP:0114KC012,0,1,0,24361,0,0,0,LEAVENWORTH,1/13/2014 0:00,24:34:00,2014,2014,"H402,","UP,",NA,"H4,","H,",MAIN,Kansas,39.323166,-94.909644,"Kansas
(39.323166, -94.909644)"
Derailments,2012:11:UP:1112HO004,0,0,43339,95094,0,0,0,LIBERTY,11/3/2012 0:00,6:36,2012,2013,"T222,H522,","BNSF,UP,",1,"T2,H5,","T,H,",MAIN,Texas,29.986653,-94.909151,"Texas
(29.986653, -94.909151)"
Derailments,2013:05:UP:0513HO034,0,0,8366,18275,0,0,0,CHAMBERS,5/27/2013 0:00,6:45,2013,2013,"H607,H306,","UP,",8,"H6,H3,","H,",YARD,Texas,29.868314,-94.908429,"Texas
(29.868314, -94.908429)"
Derailments,2015:02:UP:0215HO027,0,0,5814,70101,0,0,0,LIBERTY,2/16/2015 0:00,19:14,2015,2015,"H607,H702,","BNSF,UP,",7,"H6,H7,H6,H7,","H,",MAIN,Texas,29.99093,-94.908058,"Texas
(29.99093, -94.908058)"
Derailments,2016:04:UP:0416HO042,0,0,151692,6035,0,0,0,LIBERTY,4/23/2016 0:00,15:00,2016,2016,"H607,H702,","BNSF,UP,",7,"H6,H7,H6,","H,",MAIN,Texas,29.993233,-94.90747,"Texas
(29.993233, -94.90747)"
Derailments,2015:11:UP:1115HO010,0,0,138492,17300,0,0,0,LIBERTY,11/4/2015 0:00,8:30,2015,2016,"T102,T001,T104,","BNSF,UP,",7,"T1,T0,T1,","T,",MAIN,Texas,29.994569,-94.907461,"Texas
(29.994569, -94.907461)"
Other impacts,2015:05:BNSF:GC0515114,0,0,0,27430,2,2,0,LIBERTY,5/19/2015 0:00,24:35:00,2015,2015,"H318,","BNSF,",7,"H3,","H,",YARD,Texas,29.997197,-94.907396,"Texas
(29.997197, -94.907396)"
Derailments,2012:11:BNSF:GC1112109,0,0,0,11724,0,0,0,LIBERTY,11/12/2012 0:00,4:40,2012,2013,"H307,","BNSF,",7,"H3,","H,",YARD,Texas,30.00514,-94.90734,"Texas
(30.00514, -94.90734)"
Other impacts,2013:02:BNSF:GC0213108,0,0,0,110472,3,3,0,LIBERTY,2/18/2013 0:00,22:30,2013,2013,"M105,","BNSF,",57,"M1,","M,",YARD,Texas,29.99764,-94.90728,"Texas
(29.99764, -94.90728)"
Derailments,2013:07:UP:0713HO007,0,0,599,18839,0,0,0,LIBERTY,7/8/2013 0:00,4:30,2013,2013,"T102,","BNSF,UP,",7,"T1,","T,",MAIN,Texas,29.994875,-94.906996,"Texas
(29.994875, -94.906996)"
Derailments,2016:03:BNSF:GC0316115,0,0,56408,3000,0,0,0,LIBERTY,3/25/2016 0:00,19:30,2016,2016,"T314,","BNSF,",7,"T3,","T,",YARD,Texas,30.00691,-94.9063,"Texas
(30.00691, -94.9063)"
Raking collision,2013:02:GCSC:ZZZZZZZZZZ,0,0,0,122953,60,3,0,LIBERTY,2/16/2013 0:00,1:55,2013,2013,"E39C,","UP,",67,"E3,","E,",YARD,Texas,29.99809,-94.905802,"Texas
(29.99809, -94.905802)"
Other events,2015:04:BNSF:GC0415105,0,0,0,18000,0,0,0,LIBERTY,4/11/2015 0:00,18:05,2015,2015,"H318,","BNSF,",1,"H3,","H,",YARD,Texas,30.004875,-94.905555,"Texas
(30.004875, -94.905555)"
Side collision,2012:11:CMC:1112001,0,0,3700,30233,10,0,0,LIBERTY,11/23/2012 0:00,14:00,2012,2013,"H702,","BNSF,CMC,",7,"H7,","H,",YARD,Texas,30.027864,-94.904446,"Texas
(30.027864, -94.904446)"
Other events,2013:08:CMC:1013002,0,0,0,17326,0,0,0,LIBERTY,8/31/2013 0:00,13:00,2013,2013,"H312,","BNSF,CMC,",7,"H3,","H,",YARD,Texas,30.027864,-94.904446,"Texas
(30.027864, -94.904446)"
Derailments,2014:07:CMC:0714002,0,0,20554,7683,1,1,0,LIBERTY,7/13/2014 0:00,6:45,2014,2014,"T309,H703,","BNSF,CMC,",7,"T3,H7,","T,H,",YARD,Texas,30.027864,-94.904446,"Texas
(30.027864, -94.904446)"
Derailments,2013:03:CMC:0313001,0,0,21000,2938,15,0,0,LIBERTY,3/26/2013 0:00,4:00,2013,2013,"T308,","BNSF,CMC,",1,"T3,","T,",YARD,Texas,30.027869,-94.904446,"Texas
(30.027869, -94.904446)"
Derailments,2013:06:UP:0613HO024,0,0,53734,16514,0,0,0,LIBERTY,6/11/2013 0:00,2:40,2013,2013,"H607,H704,","UP,",1,"H6,H7,","H,",YARD,Texas,30.00496,-94.90428,"Texas
(30.00496, -94.90428)"
Derailments,2015:04:GCSC:ZZZZZZZZZZ,0,0,0,750,0,0,0,LIBERTY,4/15/2015 0:00,18:05,2015,2015,"T110,","UP,",8,"T1,","T,",YARD,Texas,30.004933,-94.904222,"Texas
(30.004933, -94.904222)"
Derailments,2015:05:GCSC:ZZZZZZZZZZ,0,0,0,22790,29,0,0,LIBERTY,5/3/2015 0:00,12:30,2015,2015,"T102,T111,","UP,",1,"T1,","T,",YARD,Texas,30.004833,-94.903778,"Texas
(30.004833, -94.903778)"
Derailments,2015:11:UP:1115HO019,0,0,1219,15229,33,1,0,LIBERTY,11/8/2015 0:00,12:00,2015,2016,"H302,H317,","UP,",15,"H3,","H,",YARD,Texas,30.004833,-94.903778,"Texas
(30.004833, -94.903778)"
Other events,2014:04:UP:0414HO020,0,0,21480,0,0,0,0,LIBERTY,4/14/2014 0:00,16:00,2014,2014,"H221,","UP,",1,"H2,","H,",SIDING,Texas,30.036163,-94.903257,"Texas
(30.036163, -94.903257)"
Derailments,2015:09:BNSF:GC0915103,0,0,139803,79762,0,0,0,LIBERTY,9/19/2015 0:00,22:15,2015,2015,"T309,","BNSF,UP,",17,"T3,","T,",YARD,Texas,30.013855,-94.902519,"Texas
(30.013855, -94.902519)"
Side collision,2009:12:BNSF:GC1209105,0,0,0,39792,0,0,0,LIBERTY,12/4/2009 0:00,8:43,2009,2010,"H020,","BNSF,",78,"H0,","H,",YARD,Texas,30.0137,-94.90216,"Texas
(30.0137, -94.90216)"
Derailments,2015:11:XTGS:F0112015,0,0,15523,13275,0,0,0,CHAMBERS,11/9/2015 0:00,14:25,2015,2016,"T311,","XTGS,",7,"T3,","T,",INDUSTRY,Texas,29.707593,-94.902134,"Texas
(29.707593, -94.902134)"
Derailments,2015:08:GCSC:ZZZZZZZZZZ,0,0,15381,6103,0,0,0,LIBERTY,8/22/2015 0:00,12:30,2015,2015,"H312,","UP,",7,"H3,","H,",YARD,Texas,30.011496,-94.901988,"Texas
(30.011496, -94.901988)"
Derailments,2014:07:GCSC:ZZZZZZZZZZ,0,0,0,49167,16,0,0,LIBERTY,7/11/2014 0:00,4:00,2014,2014,"T199,","UP,",756,"T1,","T,",YARD,Texas,30.014973,-94.901433,"Texas
(30.014973, -94.901433)"
Derailments,2015:05:BNSF:GC0515107,0,0,14800,21594,0,0,0,LIBERTY,5/13/2015 0:00,13:00,2015,2015,"T001,","BNSF,",7,"T0,","T,",YARD,Texas,30.016422,-94.90128,"Texas
(30.016422, -94.90128)"
Other impacts,2012:06:BNSF:GC0612110,0,0,0,10112,2,2,0,LIBERTY,6/22/2012 0:00,24:00:00,2012,2012,"H318,","BNSF,",75,"H3,","H,",YARD,Texas,30.033874,-94.900933,"Texas
(30.033874, -94.900933)"
Derailments,2014:04:GCSC:ZZZZZZZZZZ,0,0,0,52680,0,0,0,LIBERTY,4/4/2014 0:00,16:27,2014,2014,"T111,","UP,",1,"T1,","T,",YARD,Texas,30.019353,-94.900407,"Texas
(30.019353, -94.900407)"
Other impacts,2011:06:BNSF:GC0611118,0,0,0,16008,1,1,0,LIBERTY,6/24/2011 0:00,4:30,2011,2011,"H318,","BNSF,",76,"H3,","H,",YARD,Texas,29.99,-94.9,"Texas
(29.99, -94.9)"
Derailments,2011:08:CMC:0811003,0,0,10680,3000,0,0,0,LIBERTY,8/22/2011 0:00,18:45,2011,2011,"T199,","BNSF,CMC,",7,"T1,","T,",YARD,Texas,30.039591,-94.898691,"Texas
(30.039591, -94.898691)"
Derailments,2015:03:UP:0315HO020,0,0,111063,30513,7,6,0,GALVESTON,3/7/2015 0:00,23:13,2015,2015,"H509,","UP,",15,"H5,","H,",INDUSTRY,Texas,29.303529,-94.898546,"Texas
(29.303529, -94.898546)"
Derailments,2014:01:CMC:0114001,0,0,1663,12146,0,0,0,LIBERTY,1/31/2014 0:00,1:45,2014,2014,"H306,","BNSF,CMC,",7,"H3,","H,",YARD,Texas,30.399,-94.89828,"Texas
(30.399, -94.89828)"
Highway-rail impact,2016:03:UP:0316HO010,0,2,18920,271,18,0,0,LIBERTY,3/8/2016 0:00,21:00,2016,2016,"M308,","UP,",1,"M3,","M,",MAIN,Texas,30.040348,-94.897718,"Texas
(30.040348, -94.897718)"
Derailments,2011:12:TXTX:F0402011,0,0,16820,2200,0,0,0,CHAMBERS,12/5/2011 0:00,13:05,2011,2012,"T110,","TXTX,",7,"T1,","T,",INDUSTRY,Texas,29.699088,-94.897499,"Texas
(29.699088, -94.897499)"
Derailments,2015:12:BAZ:INDUSTRY,0,0,22019,2249,20,4,0,CHAMBERS,12/3/2015 0:00,4:00,2015,2016,"T110,","UP,",7,"T1,","T,",INDUSTRY,Texas,29.772376,-94.896814,"Texas
(29.772376, -94.896814)"
Derailments,2014:06:XTGS:F0142014,0,0,25000,2200,0,0,0,CHAMBERS,6/27/2014 0:00,8:30,2014,2014,"T110,","XTGS,",7,"T1,","T,",INDUSTRY,Texas,29.713945,-94.896251,"Texas
(29.713945, -94.896251)"
Derailments,2015:09:XTGS:F0102015,0,0,76843,145000,0,0,0,CHAMBERS,9/2/2015 0:00,9:15,2015,2015,"E46C,","XTGS,",7,"E4,","E,",INDUSTRY,Texas,29.713945,-94.896251,"Texas
(29.713945, -94.896251)"
Other impacts,2012:09:RLAX:RALX201201,0,0,0,75000,10,2,0,CHAMBERS,9/24/2012 0:00,17:55,2012,2012,"H312,H318,","RLAX,",67,"H3,","H,",INDUSTRY,Texas,29.771821,-94.895828,"Texas
(29.771821, -94.895828)"
Fire/violent rupture,2016:07:UP:0716KC009,0,0,0,11382,0,0,0,WYANDOTTE,7/11/2016 0:00,20:27,2016,2016,"E74L,","UP,",1,"E7,","E,",MAIN,Kansas,39.05388,-94.893387,"Kansas
(39.05388, -94.893387)"
Derailments,2012:04:KRR:ID120174,0,0,12000,30000,0,0,0,MCCURTAIN,4/20/2012 0:00,22:00,2012,2012,"T220,","KRR,",1,"T2,","T,",MAIN,Oklahoma,33.933,-94.893,"Oklahoma
(33.933, -94.893)"
Derailments,2011:06:TXTX:F0232011,0,0,11116,1100,0,0,0,CHAMBERS,6/15/2011 0:00,17:30,2011,2011,"T319,","TXTX,",7,"T3,","T,",INDUSTRY,Texas,29.695006,-94.892,"Texas
(29.695006, -94.892)"
Derailments,2011:07:TXTX:F0252011,0,0,3500,15000,7,0,0,CHAMBERS,7/5/2011 0:00,10:20,2011,2011,"T314,","TXTX,",7,"T3,","T,",SIDING,Texas,29.695006,-94.891963,"Texas
(29.695006, -94.891963)"
Raking collision,2012:07:XTGS:F0242012,0,0,0,87050,0,0,0,CHAMBERS,7/19/2012 0:00,18:13,2012,2012,"H021,H399,","XTGS,",7,"H0,H3,","H,",INDUSTRY,Texas,29.695006,-94.891963,"Texas
(29.695006, -94.891963)"
Raking collision,2012:10:XTGS:F0332012,0,0,0,12000,0,0,0,CHAMBERS,10/29/2012 0:00,13:10,2012,2013,"E08C,","XTGS,",7,"E0,","E,",INDUSTRY,Texas,29.695006,-94.891963,"Texas
(29.695006, -94.891963)"
Derailments,2013:03:XTGS:FOO32013,0,0,1000,35000,10,5,0,CHAMBERS,3/14/2013 0:00,14:30,2013,2013,"H306,","XTGS,",7,"H3,","H,",INDUSTRY,Texas,29.695006,-94.891963,"Texas
(29.695006, -94.891963)"
Derailments,2013:04:XTGS:F0042013,0,0,8000,45000,0,0,0,CHAMBERS,4/3/2013 0:00,15:00,2013,2013,"T221,","XTGS,",7,"T2,","T,",INDUSTRY,Texas,29.695006,-94.891963,"Texas
(29.695006, -94.891963)"
Derailments,2013:09:XTGS:F0142013,0,0,1500,9500,0,0,0,CHAMBERS,9/22/2013 0:00,11:30,2013,2013,"H307,","XTGS,",7,"H3,","H,",INDUSTRY,Texas,29.695006,-94.891963,"Texas
(29.695006, -94.891963)"
Highway-rail impact,2013:09:UP:0913HO016,0,1,100,13846,88,0,0,LIBERTY,9/13/2013 0:00,13:36,2013,2013,"M304,","UP,",1,"M3,","M,",MAIN,Texas,30.045707,-94.890701,"Texas
(30.045707, -94.890701)"
Derailments,2016:01:UP:0116HO007,0,0,424905,177752,12,0,0,LIBERTY,1/1/2016 0:00,22:00,2016,2016,"T108,","BNSF,UP,",1,"T1,","T,",MAIN,Texas,30.047391,-94.888271,"Texas
(30.047391, -94.888271)"
Derailments,2016:03:UP:0316WH005,0,0,13150,3408,9,0,0,SEQUOYAH,3/10/2016 0:00,19:21,2016,2016,"M404,","UP,",1,"M4,","M,",MAIN,Oklahoma,35.482234,-94.885004,"Oklahoma
(35.482234, -94.885004)"
Derailments,2011:07:HOB:110707A,0,0,16000,0,0,0,0,RUSK,7/7/2011 0:00,14:00,2011,2011,"T109,","HOB,",1,"T1,","T,",INDUSTRY,Texas,32.221,-94.885,"Texas
(32.221, -94.885)"
Derailments,2015:06:BNSF:NE0615104,0,0,816511,1823368,0,0,0,ANDREW,6/13/2015 0:00,3:22,2015,2015,"T001,","BNSF,",1,"T0,","T,",MAIN,Missouri,39.844264,-94.879133,"Missouri
(39.844264, -94.879133)"
Derailments,2013:01:UP:0113KC001,0,0,49306,17984,0,0,0,WYANDOTTE,1/2/2013 0:00,11:30,2013,2013,"H303,","UP,",7,"H3,","H,",SIDING,Kansas,39.057068,-94.878973,"Kansas
(39.057068, -94.878973)"
Other events,2015:01:BNSF:NE0115100,0,0,9000,2151,0,0,0,BUCHANAN,1/3/2015 0:00,20:05,2015,2015,"E61C,","BNSF,",1,"E6,","E,",MAIN,Missouri,39.708252,-94.878551,"Missouri
(39.708252, -94.878551)"
Other impacts,2013:12:UP:1213KC010,0,0,0,30305,0,0,0,BUCHANAN,12/10/2013 0:00,20:30,2013,2014,"H318,","UP,",75,"H3,","H,",YARD,Missouri,39.721204,-94.877862,"Missouri
(39.721204, -94.877862)"
Derailments,2012:11:UP:1112KC010,0,0,5489,195821,0,0,0,BUCHANAN,11/18/2012 0:00,21:50,2012,2013,"H303,","UP,",7,"H3,","H,",YARD,Missouri,39.709884,-94.877308,"Missouri
(39.709884, -94.877308)"
Derailments,2016:08:UP:0816KC019,0,0,22544,736,0,0,0,BUCHANAN,8/22/2016 0:00,24:40:00,2016,2016,"T001,","UP,",7,"T0,","T,",INDUSTRY,Missouri,39.712198,-94.877095,"Missouri
(39.712198, -94.877095)"
Other impacts,2011:09:UP:0911KC011,0,0,1000,31669,0,0,0,BUCHANAN,9/21/2011 0:00,3:06,2011,2011,"H008,","UP,",16,"H0,","H,",YARD,Missouri,39.712055,-94.876967,"Missouri
(39.712055, -94.876967)"
Derailments,2013:11:UP:1113KC004,0,0,87923,29297,4,0,0,MIAMI,11/8/2013 0:00,22:45,2013,2014,"H506,","UP,",1,"H5,","H,",MAIN,Kansas,38.581266,-94.875904,"Kansas
(38.581266, -94.875904)"
Other impacts,2013:04:UP:0413KC001,0,0,0,15050,0,0,0,BUCHANAN,4/3/2013 0:00,21:08,2013,2013,"H302,","UP,",76,"H3,","H,",YARD,Missouri,39.724507,-94.874881,"Missouri
(39.724507, -94.874881)"
Derailments,2014:01:UP:0114KC001,0,0,3173,34367,0,0,0,BUCHANAN,1/2/2014 0:00,13:30,2014,2014,"M101,","UP,",7,"M1,","M,",YARD,Missouri,39.724958,-94.874508,"Missouri
(39.724958, -94.874508)"
Derailments,2013:03:BNSF:GC0313101,0,0,2000,31083,3,0,0,GALVESTON,3/4/2013 0:00,14:30,2013,2013,"H601,","BNSF,",1,"H6,","H,",YARD,Texas,29.289024,-94.868003,"Texas
(29.289024, -94.868003)"
Other impacts,2012:01:BNSF:NE0112109,0,0,0,32958,8,0,0,BUCHANAN,1/20/2012 0:00,9:30,2012,2012,"H307,H302,","BNSF,",1,"H3,","H,",YARD,Missouri,39.719629,-94.867826,"Missouri
(39.719629, -94.867826)"
Derailments,2014:08:UP:0814KC010,0,0,34710,22782,0,0,0,LEAVENWORTH,8/24/2014 0:00,8:25,2014,2014,"E86C,","UP,",1,"E8,","E,",MAIN,Kansas,39.246937,-94.865798,"Kansas
(39.246937, -94.865798)"
Other impacts,2011:06:XBGE:INDUSTRY,0,0,0,201903,0,0,0,BUCHANAN,6/8/2011 0:00,21:49,2011,2011,"H306,","UP,",16,"H3,","H,",INDUSTRY,Missouri,39.735414,-94.863979,"Missouri
(39.735414, -94.863979)"
Derailments,2014:12:UP:1214KC010,0,0,0,12000,0,0,0,BUCHANAN,12/23/2014 0:00,2:10,2014,2015,"H607,","UP,",1,"H6,","H,",YARD,Missouri,39.736737,-94.863562,"Missouri
(39.736737, -94.863562)"
Derailments,2013:06:BNSF:NE0613104,0,0,0,12600,0,0,0,BUCHANAN,6/13/2013 0:00,16:56,2013,2013,"T319,","BNSF,",1,"T3,","T,",YARD,Missouri,39.73119,-94.856973,"Missouri
(39.73119, -94.856973)"
Derailments,2014:02:UP:0214HO028,0,0,13846,11015,0,0,0,GREGG,2/21/2014 0:00,18:37,2014,2014,"T314,","UP,",1,"T3,","T,",MAIN,Texas,32.400683,-94.856592,"Texas
(32.400683, -94.856592)"
Derailments,2015:09:BNSF:SF0915116,0,0,0,11000,0,0,0,OTTAWA,9/30/2015 0:00,13:00,2015,2015,"H402,","BNSF,",NA,"H4,","H,",MAIN,Oklahoma,36.746065,-94.855123,"Oklahoma
(36.746065, -94.855123)"
Derailments,2014:01:UP:0114KC016,0,0,101,96328,1,0,0,MIAMI,1/20/2014 0:00,9:03,2014,2014,"M201,","UP,",1,"M2,","M,",MAIN,Kansas,38.597174,-94.852567,"Kansas
(38.597174, -94.852567)"
Derailments,2013:09:BNSF:GC0913122,0,0,0,21255,2,2,0,GALVESTON,9/20/2013 0:00,2:00,2013,2013,"H318,","BNSF,",67,"H3,","H,",YARD,Texas,29.293292,-94.845271,"Texas
(29.293292, -94.845271)"
Derailments,2016:05:BNSF:NE0516103,0,0,354000,384478,6,0,0,PLATTE,5/10/2016 0:00,18:25,2016,2016,"T109,","BNSF,",1,"T1,","T,",MAIN,Missouri,39.297562,-94.844816,"Missouri
(39.297562, -94.844816)"
Other impacts,2014:08:BNSF:GC0814106,0,0,0,61602,0,0,0,GALVESTON,8/13/2014 0:00,6:30,2014,2014,"H601,","BNSF,",7,"H6,","H,",YARD,Texas,29.294441,-94.84166,"Texas
(29.294441, -94.84166)"
Derailments,2012:02:BNSF:GC0212106,0,0,8323,22100,73,6,0,GALVESTON,2/4/2012 0:00,19:00,2012,2012,"T110,","BNSF,",7,"T1,","T,",YARD,Texas,29.294277,-94.840435,"Texas
(29.294277, -94.840435)"
Derailments,2015:05:BNSF:GC0515109,0,0,17500,600,0,0,0,GALVESTON,5/16/2015 0:00,11:00,2015,2015,"H702,","BNSF,",7,"H7,","H,",YARD,Texas,29.294613,-94.839284,"Texas
(29.294613, -94.839284)"
Other impacts,2012:08:BNSF:GC0812113,0,0,0,37940,0,0,0,GALVESTON,8/25/2012 0:00,13:30,2012,2012,"H602,H318,","BNSF,",7,"H6,H3,","H,",YARD,Texas,29.294961,-94.837196,"Texas
(29.294961, -94.837196)"
Derailments,2012:11:BNSF:GC1112118,0,0,23000,8000,4,4,0,GALVESTON,11/26/2012 0:00,20:55,2012,2013,"H607,H702,","BNSF,",7,"H6,H7,","H,",YARD,Texas,29.294961,-94.837196,"Texas
(29.294961, -94.837196)"
Other impacts,2013:06:BNSF:GC0613113,0,0,0,18845,2,2,0,GALVESTON,6/19/2013 0:00,22:45,2013,2013,"H318,","BNSF,",7,"H3,","H,",YARD,Texas,29.294961,-94.837196,"Texas
(29.294961, -94.837196)"
Raking collision,2014:06:BNSF:GC0614100,0,0,0,17008,0,0,0,GALVESTON,6/8/2014 0:00,1:30,2014,2014,"H702,","BNSF,",17,"H7,","H,",YARD,Texas,29.294961,-94.837196,"Texas
(29.294961, -94.837196)"
Derailments,2011:09:HOB:110925B,0,0,80000,0,0,0,0,RUSK,9/25/2011 0:00,15:00,2011,2011,"T109,","HOB,",1,"T1,","T,",YARD,Texas,32.196,-94.833,"Texas
(32.196, -94.833)"
Derailments,2012:02:BNSF:GC0212117,0,0,34320,15140,3,2,0,GALVESTON,2/13/2012 0:00,2:00,2012,2012,"E46C,","BNSF,",7,"E4,","E,",YARD,Texas,29.296221,-94.832127,"Texas
(29.296221, -94.832127)"
Derailments,2013:07:KRR:KRR399813D,0,0,20000,20000,0,0,0,MCCURTAIN,7/3/2013 0:00,1:50,2013,2013,"T102,","KRR,",1,"T1,","T,",MAIN,Oklahoma,33.89773,-94.83157,"Oklahoma
(33.89773, -94.83157)"
Highway-rail impact,2015:05:UP:0515LV012,0,3,81950,1100,0,0,0,POLK,5/21/2015 0:00,16:30,2015,2015,"M303,","UP,",1,"M3,","M,",MAIN,Texas,30.996953,-94.827774,"Texas
(30.996953, -94.827774)"
Derailments,2015:01:UP:0115HO030,0,0,2539,58553,0,0,0,GALVESTON,1/23/2015 0:00,13:15,2015,2015,"M204,","UP,",7,"M2,","M,",YARD,Texas,29.298432,-94.827558,"Texas
(29.298432, -94.827558)"
Derailments,2013:06:UP:0613HO038,0,0,16658,1200,6,6,0,GALVESTON,6/17/2013 0:00,20:05,2013,2013,"T205,E64C,E79L,","BNSF,UP,",7,"T2,E6,E7,","T,E,",YARD,Texas,29.298372,-94.8258,"Texas
(29.298372, -94.8258)"
Derailments,2012:09:BNSF:KS0912116,0,0,14000,12000,1,0,0,JOHNSON,9/21/2012 0:00,21:15,2012,2012,"E07C,","BNSF,",1,"E0,","E,",MAIN,Kansas,38.881013,-94.821925,"Kansas
(38.881013, -94.821925)"
Derailments,2016:03:XDAP:INDUSTRY,0,0,18000,250,0,0,0,GREGG,3/16/2016 0:00,15:20,2016,2016,"T102,T110,","UP,",7,"T1,","T,",INDUSTRY,Texas,32.50331,-94.819498,"Texas
(32.50331, -94.819498)"
Obstruction impact,2014:01:BNSF:GC0114111,0,0,0,75000,0,0,0,GALVESTON,1/3/2014 0:00,9:00,2014,2014,"H997,","BNSF,",9,"H9,","H,",YARD,Texas,29.302725,-94.811732,"Texas
(29.302725, -94.811732)"
Derailments,2014:05:GVSR:GVS549514,0,0,30013,20000,0,0,0,GALVESTON,5/31/2014 0:00,20:45,2014,2014,"E46C,","GVSR,",1,"E4,","E,",YARD,Texas,29.304053,-94.810223,"Texas
(29.304053, -94.810223)"
Derailments,2013:10:GVSR:GVS428913,0,0,13300,5071,0,0,0,GALVESTON,10/13/2013 0:00,11:30,2013,2014,"T113,T112,","GVSR,UP,",1,"T1,","T,",INDUSTRY,Texas,29.301351,-94.809859,"Texas
(29.301351, -94.809859)"
Rear end collision,2012:12:BNSF:KS1212105,0,0,0,10500,0,0,0,JOHNSON,12/9/2012 0:00,24:45:00,2012,2013,"H997,","BNSF,",91,"H9,","H,",MAIN,Kansas,38.925707,-94.804222,"Kansas
(38.925707, -94.804222)"
Derailments,2012:05:UP:0512HO007,0,0,380,16101,0,0,0,GALVESTON,5/4/2012 0:00,21:30,2012,2012,"T108,","GVSR,UP,",1,"T1,","T,",YARD,Texas,29.303889,-94.799167,"Texas
(29.303889, -94.799167)"
Derailments,2011:09:GVSR:GVS169111,0,0,7683,3000,0,0,0,GALVESTON,9/21/2011 0:00,9:20,2011,2011,"T314,","GVSR,",1,"T3,","T,",YARD,Texas,29.301111,-94.7975,"Texas
(29.301111, -94.7975)"
Highway-rail impact,2012:05:UP:0512HO016,0,3,12732,55,0,0,0,LIBERTY,5/9/2012 0:00,20:34,2012,2012,"M304,","UP,",1,"M3,","M,",MAIN,Texas,30.057747,-94.793882,"Texas
(30.057747, -94.793882)"
Derailments,2012:01:GVSR:GVS194412,0,0,11300,1500,0,0,0,GALVESTON,1/4/2012 0:00,24:20:00,2012,2012,"T108,T101,","GVSR,",1,"T1,","T,",YARD,Texas,29.303889,-94.7875,"Texas
(29.303889, -94.7875)"
Derailments,2013:01:RSTZ:INDUSTRY,0,0,10500,350,0,0,0,GREGG,1/31/2013 0:00,16:30,2013,2013,"T110,","UP,",7,"T1,","T,",INDUSTRY,Texas,32.503293,-94.786417,"Texas
(32.503293, -94.786417)"
Derailments,2011:10:TSE:TSE0001,0,0,23908,400,0,0,0,ANGELINA,10/31/2011 0:00,10:30,2011,2012,"T110,","TSE,",7,"T1,","T,",YARD,Texas,31.18606,-94.785395,"Texas
(31.18606, -94.785395)"
Derailments,2014:07:UP:0714TC020,0,0,241542,405175,0,0,0,WATONWAN,7/30/2014 0:00,5:05,2014,2014,"T199,","UP,",1,"T1,","T,",MAIN,Minnesota,43.956589,-94.784214,"Minnesota
(43.956589, -94.784214)"
Other events,2015:12:ANR:9515,0,0,2000,1120000,0,0,0,ANGELINA,12/13/2015 0:00,7:15,2015,2016,"M105,","ANR,",6,"M1,","M,",YARD,Texas,31.366278,-94.757111,"Texas
(31.366278, -94.757111)"
Derailments,2013:09:BNSF:SF0913104,0,0,128500,71861,21,0,0,BOURBON,9/8/2013 0:00,11:45,2013,2013,"E61C,","BNSF,",1,"E6,","E,",MAIN,Kansas,37.733289,-94.753678,"Kansas
(37.733289, -94.753678)"
Other impacts,2014:04:BNSF:NE0414102,0,1,0,12510,0,0,0,JOHNSON,4/11/2014 0:00,12:45,2014,2014,"M404,","BNSF,",1,"M4,","M,",MAIN,Kansas,38.946772,-94.751548,"Kansas
(38.946772, -94.751548)"
Derailments,2014:02:UP:0214KC001,0,0,700,10574,0,0,0,WYANDOTTE,2/3/2014 0:00,14:56,2014,2014,"H607,","UP,",1,"H6,","H,",YARD,Kansas,39.077672,-94.750549,"Kansas
(39.077672, -94.750549)"
Highway-rail impact,2011:07:UP:0711KC010,0,0,0,50000,0,0,0,WYANDOTTE,7/20/2011 0:00,14:00,2011,2011,"M304,M308,","UP,",NA,"M3,","M,",MAIN,Kansas,39.07899,-94.748527,"Kansas
(39.07899, -94.748527)"
Other events,2016:04:UP:0416LK001,0,0,0,39268,0,0,0,GREGG,4/1/2016 0:00,11:50,2016,2016,"E29C,","UP,",5,"E2,","E,",YARD,Texas,32.493209,-94.735161,"Texas
(32.493209, -94.735161)"
Derailments,2013:02:UP:0213KC011,0,0,494,53032,0,0,0,WYANDOTTE,2/24/2013 0:00,16:55,2013,2013,"T314,","UP,",7,"T3,","T,",YARD,Kansas,39.08775,-94.734443,"Kansas
(39.08775, -94.734443)"