AccidentType,inckey,Fatalities,Injuries,TrackDamage,EquipmentDamage,HazmatCars,HazmatCarsDerailed,HazmatCarsReleasing,County,DisplayDate,DisplayTime,calendar,Fiscal,AccidentCause,RailroadCodes,RAILEQUIPMENT_TYPE,CauseGroup,CauseDiscipline,TYPE_OF_TRACK,StateName,latitude,longitude,GeoLocation
Obstruction impact,2016:07:UP:0716LV011,0,0,37950,0,0,0,0,ANGELINA,7/12/2016 0:00,16:30,2016,2016,"M208,","UP,",1,"M2,","M,",MAIN,Texas,31.3391,-94.730283,"Texas
(31.3391, -94.730283)"
Derailments,2016:05:UP:0516LV010,0,0,2779,67130,0,0,0,ANGELINA,5/18/2016 0:00,1:45,2016,2016,"T309,","UP,",1,"T3,","T,",YARD,Texas,31.341446,-94.729313,"Texas
(31.341446, -94.729313)"
Derailments,2015:02:BNSF:KS0215101,0,0,166342,263571,1,1,0,WYANDOTTE,2/1/2015 0:00,6:15,2015,2015,"S015,","BNSF,",7,"S0,","S,",YARD,Kansas,39.075366,-94.729153,"Kansas
(39.075366, -94.729153)"
Derailments,2015:02:XLAP:INDUSTRY,0,0,10098,72639,0,0,0,GREGG,2/15/2015 0:00,10:30,2015,2015,"T110,","UP,",1,"T1,","T,",INDUSTRY,Texas,32.494056,-94.728901,"Texas
(32.494056, -94.728901)"
Other events,2015:02:UP:0215LK022,0,0,20,24352,0,0,0,GREGG,2/23/2015 0:00,4:00,2015,2015,"E29C,","UP,",7,"E2,","E,",YARD,Texas,32.496069,-94.723085,"Texas
(32.496069, -94.723085)"
Other events,2016:03:UP:0316LK015,0,0,0,29712,0,0,0,GREGG,3/18/2016 0:00,14:19,2016,2016,"M201,","UP,",5,"M2,","M,",YARD,Texas,32.495389,-94.722933,"Texas
(32.495389, -94.722933)"
Derailments,2012:02:UP:0212LK008,0,0,0,51985,0,0,0,GREGG,2/12/2012 0:00,22:35,2012,2012,"M404,","UP,",8,"M4,","M,",YARD,Texas,32.495564,-94.722343,"Texas
(32.495564, -94.722343)"
Other impacts,2016:08:UP:0816LK033,0,0,0,31115,1,0,0,GREGG,8/28/2016 0:00,4:00,2016,2016,"H318,","UP,",57,"H3,","H,",YARD,Texas,32.495954,-94.722309,"Texas
(32.495954, -94.722309)"
Highway-rail impact,2012:01:UP:0112HO009,1,1,19000,1100,2,0,0,LIBERTY,1/13/2012 0:00,15:37,2012,2012,"M304,M308,","KCS,UP,",1,"M3,","M,",MAIN,Texas,30.049992,-94.71912,"Texas
(30.049992, -94.71912)"
Derailments,2013:09:BNSF:GC0913104,0,0,33000,55935,2,2,0,GREGG,9/8/2013 0:00,12:20,2013,2013,"H704,","BNSF,",1,"H7,","H,",YARD,Texas,32.49402,-94.71892,"Texas
(32.49402, -94.71892)"
Derailments,2013:04:UP:0413LK017,0,0,32232,5104,20,0,0,GREGG,4/12/2013 0:00,3:40,2013,2013,"T220,","UP,",7,"T2,","T,",YARD,Texas,32.496365,-94.71876,"Texas
(32.496365, -94.71876)"
Derailments,2013:01:UP:0113LK012,0,0,60,16615,2,0,0,GREGG,1/10/2013 0:00,11:03,2013,2013,"H019,","UP,",1,"H0,","H,",YARD,Texas,32.496324,-94.718751,"Texas
(32.496324, -94.718751)"
Derailments,2014:12:UP:1214LK016,0,0,10800,10485,0,0,0,GREGG,12/13/2014 0:00,17:50,2014,2015,"T110,","UP,",7,"T1,","T,",INDUSTRY,Texas,32.43563,-94.717194,"Texas
(32.43563, -94.717194)"
Derailments,2011:06:SOO:226502,0,0,44169,373540,22,0,0,STEARNS,6/6/2011 0:00,14:55,2011,2011,"T109,","SOO,",1,"T1,","T,",MAIN,Minnesota,45.38383,-94.7168,"Minnesota
(45.38383, -94.7168)"
Derailments,2015:04:BNSF:GC0415107,0,0,526144,131835,47,8,0,GREGG,4/21/2015 0:00,22:40,2015,2015,"H307,H702,","BNSF,",1,"H3,H7,","H,",YARD,Texas,32.492811,-94.716266,"Texas
(32.492811, -94.716266)"
Derailments,2016:07:BNSF:GC0716116,0,0,8000,143272,7,0,0,GREGG,7/30/2016 0:00,1:45,2016,2016,"T111,","BNSF,",1,"T1,","T,",SIDING,Texas,32.489432,-94.710512,"Texas
(32.489432, -94.710512)"
Highway-rail impact,2013:12:BNSF:TC1213203,1,12,0,45864,0,0,0,TODD,12/6/2013 0:00,14:16,2013,2014,"M302,","ATK,BNSF,",2,"M3,","M,",MAIN,Minnesota,46.275799,-94.710119,"Minnesota
(46.275799, -94.710119)"
Derailments,2015:01:BNSF:KS0115116,0,0,216000,48497,23,0,0,WYANDOTTE,1/24/2015 0:00,23:53,2015,2015,"E25C,","BNSF,",1,"E2,","E,",YARD,Kansas,39.086546,-94.709964,"Kansas
(39.086546, -94.709964)"
Other impacts,2011:09:BNSF:KS0911113,0,0,20000,25000,0,0,0,LYON,9/25/2011 0:00,21:50,2011,2011,"M501,","BNSF,",67,"M5,","M,",YARD,Kansas,39.086839,-94.702828,"Kansas
(39.086839, -94.702828)"
Derailments,2011:12:BNSF:KS1211102,0,0,4800,18200,0,0,0,WYANDOTTE,12/4/2011 0:00,23:10,2011,2012,"T207,","BNSF,DME,",1,"T2,","T,",YARD,Kansas,39.086839,-94.702828,"Kansas
(39.086839, -94.702828)"
Derailments,2012:02:BNSF:KS0212110,0,0,500,12542,0,0,0,WYANDOTTE,2/15/2012 0:00,7:45,2012,2012,"T210,","BNSF,",7,"T2,","T,",YARD,Kansas,39.086839,-94.702828,"Kansas
(39.086839, -94.702828)"
Derailments,2013:06:BNSF:KS0613119,0,0,50000,28368,0,0,0,WYANDOTTE,6/27/2013 0:00,15:55,2013,2013,"T399,","BNSF,",7,"T3,","T,",YARD,Kansas,39.086693,-94.702532,"Kansas
(39.086693, -94.702532)"
Derailments,2015:06:BNSF:KS0615110,0,0,53000,18495,0,0,0,WYANDOTTE,6/25/2015 0:00,24:48:00,2015,2015,"T109,","BNSF,",1,"T1,","T,",MAIN,Kansas,39.088418,-94.698853,"Kansas
(39.088418, -94.698853)"
Derailments,2013:12:BNSF:KS1213121,0,0,0,29000,0,0,0,WYANDOTTE,12/22/2013 0:00,11:15,2013,2014,"M101,","BNSF,",8,"M1,","M,",YARD,Kansas,39.08625,-94.698839,"Kansas
(39.08625, -94.698839)"
Derailments,2014:04:BNSF:SF0414115,0,0,7400,221865,20,0,0,BOURBON,4/27/2014 0:00,17:43,2014,2014,"M102,","BNSF,",1,"M1,","M,",SIDING,Kansas,37.935619,-94.695603,"Kansas
(37.935619, -94.695603)"
Derailments,2015:05:BNSF:KS0515113,0,0,350,11535,3,1,0,WYANDOTTE,5/24/2015 0:00,7:00,2015,2015,"M407,S006,","BNSF,",7,"M4,S0,","M,S,",YARD,Kansas,39.086411,-94.695134,"Kansas
(39.086411, -94.695134)"
Obstruction impact,2015:07:BNSF:KS0715111,0,0,0,60210,1,0,0,WYANDOTTE,7/27/2015 0:00,13:19,2015,2015,"M404,","BNSF,",7,"M4,","M,",YARD,Kansas,39.086346,-94.694914,"Kansas
(39.086346, -94.694914)"
Other impacts,2015:09:BNSF:KS0915110,0,0,0,34142,2,1,0,WYANDOTTE,9/19/2015 0:00,21:15,2015,2015,"M411,","BNSF,",7,"M4,","M,",YARD,Kansas,39.084012,-94.694074,"Kansas
(39.084012, -94.694074)"
Derailments,2014:03:UP:0314KC007,0,0,500,42917,0,0,0,WYANDOTTE,3/17/2014 0:00,15:16,2014,2014,"H307,","UP,",8,"H3,","H,",YARD,Kansas,39.103925,-94.691424,"Kansas
(39.103925, -94.691424)"
Derailments,2013:03:BNSF:KS0313105,0,0,200,11540,0,0,0,WYANDOTTE,3/9/2013 0:00,2:25,2013,2013,"H704,","BNSF,",7,"H7,","H,",YARD,Kansas,39.082295,-94.69106,"Kansas
(39.082295, -94.69106)"
Derailments,2014:02:BNSF:KS0214101,0,0,500,14842,0,0,0,WYANDOTTE,2/10/2014 0:00,16:15,2014,2014,"T110,","BNSF,",7,"T1,","T,",YARD,Kansas,39.082295,-94.69106,"Kansas
(39.082295, -94.69106)"
Raking collision,2014:07:BNSF:KS0714114,0,0,0,12537,1,1,0,WYANDOTTE,7/27/2014 0:00,15:26,2014,2014,"M408,","BNSF,",7,"M4,","M,",YARD,Kansas,39.082295,-94.69106,"Kansas
(39.082295, -94.69106)"
Derailments,2014:09:BNSF:KS0914109,0,0,0,11372,0,0,0,WYANDOTTE,9/18/2014 0:00,16:55,2014,2014,"M411,","BNSF,",7,"M4,","M,",YARD,Kansas,39.082295,-94.69106,"Kansas
(39.082295, -94.69106)"
Derailments,2015:01:BNSF:KS0115102,0,0,12000,10695,0,0,0,WYANDOTTE,1/4/2015 0:00,6:05,2015,2015,"M411,","BNSF,",7,"M4,","M,",YARD,Kansas,39.082295,-94.69106,"Kansas
(39.082295, -94.69106)"
Raking collision,2015:01:BNSF:KS0115118,0,0,0,48995,1,1,0,WYANDOTTE,1/23/2015 0:00,4:50,2015,2015,"H607,","BNSF,",78,"H6,","H,",YARD,Kansas,39.082295,-94.69106,"Kansas
(39.082295, -94.69106)"
Derailments,2015:10:BNSF:KS1015109,0,0,2000,12455,0,0,0,WYANDOTTE,10/29/2015 0:00,2:30,2015,2016,"M407,","BNSF,",7,"M4,","M,",YARD,Kansas,39.08584,-94.690381,"Kansas
(39.08584, -94.690381)"
Highway-rail impact,2014:05:BNSF:SF0514207,0,0,0,20000,0,0,0,BOURBON,5/29/2014 0:00,13:45,2014,2014,"M302,","BNSF,",9,"M3,","M,",MAIN,Kansas,37.892154,-94.689123,"Kansas
(37.892154, -94.689123)"
Derailments,2013:03:BNSF:KS0313110,0,0,179279,53038,3,2,0,WYANDOTTE,3/12/2013 0:00,22:15,2013,2013,"H316,","BNSF,",7,"H3,","H,",YARD,Kansas,39.085887,-94.688652,"Kansas
(39.085887, -94.688652)"
Derailments,2012:04:BNSF:KS0412108,0,0,1800,7968,0,0,0,WYANDOTTE,4/13/2012 0:00,23:30,2012,2012,"T311,M408,","BNSF,",7,"T3,M4,","T,M,",YARD,Kansas,39.080465,-94.68761,"Kansas
(39.080465, -94.68761)"
Derailments,2012:12:BNSF:KS1212104,0,0,300,12000,0,0,0,WYANDOTTE,12/9/2012 0:00,3:45,2012,2013,"H706,","BNSF,",8,"H7,","H,",YARD,Kansas,39.080899,-94.685746,"Kansas
(39.080899, -94.685746)"
Derailments,2015:03:BNSF:KS0315107,0,0,500,35000,0,0,0,WYANDOTTE,3/8/2015 0:00,23:30,2015,2015,"H305,","BNSF,",7,"H3,","H,",YARD,Kansas,39.084491,-94.685148,"Kansas
(39.084491, -94.685148)"
Derailments,2016:03:BNSF:KS0316107,0,0,32567,152309,0,0,0,WYANDOTTE,3/22/2016 0:00,14:00,2016,2016,"H508,","BNSF,",7,"H5,","H,",YARD,Kansas,39.08759,-94.684376,"Kansas
(39.08759, -94.684376)"
Side collision,2013:04:BNSF:KS0413103,0,0,600,77198,0,0,0,WYANDOTTE,4/13/2013 0:00,15:15,2013,2013,"H307,H702,","BNSF,",7,"H3,H7,","H,",YARD,Kansas,39.085171,-94.683952,"Kansas
(39.085171, -94.683952)"
Derailments,2013:02:BNSF:KS0213108,0,0,19100,1000,0,0,0,WYANDOTTE,2/23/2013 0:00,3:50,2013,2013,"M101,","BNSF,",7,"M1,","M,",YARD,Kansas,39.08938,-94.683208,"Kansas
(39.08938, -94.683208)"
Other impacts,2012:02:BNSF:KS0212105,0,0,0,15000,1,1,0,WYANDOTTE,2/3/2012 0:00,14:00,2012,2012,"M407,","BNSF,",75,"M4,","M,",YARD,Kansas,39.080805,-94.68187,"Kansas
(39.080805, -94.68187)"
Derailments,2012:06:BNSF:KS0612104,0,0,70000,3820,0,0,0,WYANDOTTE,6/8/2012 0:00,8:30,2012,2012,"M407,M411,","BNSF,",6,"M4,","M,",YARD,Kansas,39.080805,-94.68187,"Kansas
(39.080805, -94.68187)"
Other events,2014:10:BNSF:NE1014107,0,0,3100,10486,0,0,0,PLATTE,10/11/2014 0:00,11:30,2014,2015,"T104,","BNSF,",1,"T1,","T,",MAIN,Missouri,39.188196,-94.681799,"Missouri
(39.188196, -94.681799)"
Derailments,2014:08:KCT:KCS080814,0,0,1000,16000,0,0,0,WYANDOTTE,8/8/2014 0:00,24:25:00,2014,2014,"E33C,","KCS,KCT,",1,"E3,","E,",MAIN,Kansas,39.088711,-94.681534,"Kansas
(39.088711, -94.681534)"
Derailments,2013:04:BNSF:KS0413101,0,0,19600,1000,12,0,0,WYANDOTTE,4/11/2013 0:00,10:30,2013,2013,"M204,","BNSF,",7,"M2,","M,",YARD,Kansas,39.0835,-94.68107,"Kansas
(39.0835, -94.68107)"
Derailments,2012:12:BNSF:KS1212106,0,0,48241,6970,0,0,0,WYANDOTTE,12/13/2012 0:00,22:26,2012,2013,"M404,","BNSF,",7,"M4,","M,",YARD,Kansas,39.080691,-94.680156,"Kansas
(39.080691, -94.680156)"
Derailments,2015:08:BNSF:KS0815100,0,0,9000,4081,0,0,0,WYANDOTTE,8/1/2015 0:00,2:58,2015,2015,"M408,","BNSF,",67,"M4,","M,",YARD,Kansas,39.082436,-94.679524,"Kansas
(39.082436, -94.679524)"
Derailments,2015:05:BNSF:KS0515101,0,0,0,45304,1,1,0,WYANDOTTE,5/1/2015 0:00,24:30:00,2015,2015,"H702,","BNSF,",7,"H7,","H,",YARD,Kansas,39.084333,-94.678272,"Kansas
(39.084333, -94.678272)"
Derailments,2015:05:BNSF:KS0515114,0,0,1600,14599,0,0,0,WYANDOTTE,5/24/2015 0:00,10:55,2015,2015,"T111,T001,","BNSF,",7,"T1,T0,","T,",YARD,Kansas,39.086235,-94.677489,"Kansas
(39.086235, -94.677489)"
Other impacts,2015:12:BNSF:GC1215103,0,0,0,19225,0,0,0,GREGG,12/3/2015 0:00,3:31,2015,2016,"H018,","BNSF,",1,"H0,","H,",MAIN,Texas,32.445204,-94.677196,"Texas
(32.445204, -94.677196)"
Derailments,2012:12:BNSF:KS1212101,0,0,36700,38560,2,0,0,WYANDOTTE,12/2/2012 0:00,3:00,2012,2013,"M409,","BNSF,",7,"M4,","M,",YARD,Kansas,39.080667,-94.676417,"Kansas
(39.080667, -94.676417)"
Other impacts,2011:10:BNSF:KS1011113,0,0,0,54800,0,0,0,WYANDOTTE,10/24/2011 0:00,23:35,2011,2012,"M408,","BNSF,",67,"M4,","M,",YARD,Kansas,39.080813,-94.676313,"Kansas
(39.080813, -94.676313)"
Derailments,2015:10:BNSF:KS1015107,0,0,91000,53527,0,0,0,WYANDOTTE,10/20/2015 0:00,10:50,2015,2016,"H504,","BNSF,",7,"H5,","H,",YARD,Kansas,39.081636,-94.675691,"Kansas
(39.081636, -94.675691)"
Raking collision,2014:04:BNSF:KS0414100,0,0,34200,58281,0,0,0,WYANDOTTE,4/3/2014 0:00,4:15,2014,2014,"H607,","BNSF,",7,"H6,","H,",YARD,Kansas,39.07928,-94.67545,"Kansas
(39.07928, -94.67545)"
Derailments,2013:05:BNSF:KS0513115,0,0,100,18468,0,0,0,WYANDOTTE,5/29/2013 0:00,17:55,2013,2013,"S006,","BNSF,",7,"S0,","S,",YARD,Kansas,39.080328,-94.674603,"Kansas
(39.080328, -94.674603)"
Derailments,2012:11:BNSF:KS1112103,0,0,10872,17498,1,1,0,WYANDOTTE,11/12/2012 0:00,4:40,2012,2013,"H504,","BNSF,",7,"H5,","H,",YARD,Kansas,39.079878,-94.672824,"Kansas
(39.079878, -94.672824)"
Derailments,2015:01:BNSF:KS0115115,0,0,100477,36491,10,0,0,WYANDOTTE,1/27/2015 0:00,16:50,2015,2015,"T319,","BNSF,",7,"T3,","T,",YARD,Kansas,39.079878,-94.672824,"Kansas
(39.079878, -94.672824)"
Derailments,2011:08:UP:0811KC009,0,0,5998,41287,0,0,0,WYANDOTTE,8/8/2011 0:00,22:00,2011,2011,"H307,","UP,",1,"H3,","H,",SIDING,Kansas,39.09797,-94.671595,"Kansas
(39.09797, -94.671595)"
Derailments,2013:06:UP:0613KC014,0,0,101,15205,0,0,0,WYANDOTTE,6/26/2013 0:00,24:50:00,2013,2013,"H205,","UP,",1,"H2,","H,",YARD,Kansas,39.09797,-94.671595,"Kansas
(39.09797, -94.671595)"
Derailments,2014:11:UP:1114KC002,0,0,337742,527120,0,0,0,WYANDOTTE,11/10/2014 0:00,7:45,2014,2015,"T222,T205,","UP,",1,"T2,","T,",MAIN,Kansas,39.097851,-94.671574,"Kansas
(39.097851, -94.671574)"
Derailments,2011:08:UP:0811KC022,0,0,200,16620,0,0,0,WYANDOTTE,8/21/2011 0:00,4:15,2011,2011,"H704,","UP,",7,"H7,","H,",YARD,Kansas,39.098137,-94.671569,"Kansas
(39.098137, -94.671569)"
Derailments,2012:06:UP:0612KC010,0,0,0,10418,13,2,0,WYANDOTTE,6/21/2012 0:00,1:35,2012,2012,"H309,","UP,",7,"H3,","H,",YARD,Kansas,39.098137,-94.671569,"Kansas
(39.098137, -94.671569)"
Derailments,2013:10:UP:1013KC013,0,0,0,13180,0,0,0,WYANDOTTE,10/21/2013 0:00,3:31,2013,2014,"M204,","UP,",56,"M2,","M,",YARD,Kansas,39.09818,-94.671418,"Kansas
(39.09818, -94.671418)"
Rear end collision,2016:05:UP:0516WH009,0,0,0,45250,0,0,0,SEQUOYAH,5/24/2016 0:00,10:05,2016,2016,"H995,","UP,",NA,"H9,","H,",MAIN,Oklahoma,35.417728,-94.668762,"Oklahoma
(35.417728, -94.668762)"
Derailments,2011:07:TN:01FO071101,0,0,30853,9715,0,0,0,MORRIS,7/7/2011 0:00,14:45,2011,2011,"T499,H505,","KCS,TN,",1,"T4,H5,","T,H,",YARD,Texas,33.011686,-94.668074,"Texas
(33.011686, -94.668074)"
Derailments,2013:06:BNSF:KS0613102,0,0,500,16903,2,1,0,WYANDOTTE,6/9/2013 0:00,24:30:00,2013,2013,"H316,","BNSF,",7,"H3,","H,",YARD,Kansas,39.078526,-94.667488,"Kansas
(39.078526, -94.667488)"
Raking collision,2013:02:BNSF:KS0213109,0,0,1000,43652,0,0,0,WYANDOTTE,2/25/2013 0:00,13:25,2013,2013,"M201,","BNSF,",67,"M2,","M,",YARD,Kansas,39.078526,-94.667448,"Kansas
(39.078526, -94.667448)"
Side collision,2016:08:BNSF:KS0816103,0,0,0,175836,2,2,0,WYANDOTTE,8/15/2016 0:00,8:25,2016,2016,"H607,","BNSF,",7,"H6,","H,",YARD,Kansas,39.079644,-94.667004,"Kansas
(39.079644, -94.667004)"
Other events,2012:01:BNSF:KS0112116,0,0,0,50841,0,0,0,WYANDOTTE,1/17/2012 0:00,11:00,2012,2012,"M407,","BNSF,",5,"M4,","M,",YARD,Kansas,39.0565,-94.6646,"Kansas
(39.0565, -94.6646)"
Derailments,2013:05:BNSF:KS0513110,0,0,165000,17492,0,0,0,WYANDOTTE,5/21/2013 0:00,2:30,2013,2013,"S011,","BNSF,",1,"S0,","S,",YARD,Kansas,39.077491,-94.663992,"Kansas
(39.077491, -94.663992)"
Derailments,2013:11:BNSF:KS1113114,0,0,0,25650,0,0,0,WYANDOTTE,11/17/2013 0:00,1:00,2013,2014,"M411,","BNSF,",7,"M4,","M,",YARD,Kansas,39.077491,-94.663992,"Kansas
(39.077491, -94.663992)"
Other events,2014:04:BNSF:KS0414112,0,0,600,19955,0,0,0,WYANDOTTE,4/23/2014 0:00,20:44,2014,2014,"E21C,","BNSF,",7,"E2,","E,",YARD,Kansas,39.077491,-94.663992,"Kansas
(39.077491, -94.663992)"
Other events,2013:04:BNSF:KS0413114,0,0,0,29728,0,0,0,WYANDOTTE,4/17/2013 0:00,13:00,2013,2013,"M411,","BNSF,",7,"M4,","M,",YARD,Kansas,39.077494,-94.663992,"Kansas
(39.077494, -94.663992)"
Derailments,2011:07:BNSF:KS0711109,0,0,55386,83416,0,0,0,WYANDOTTE,7/16/2011 0:00,2:00,2011,2011,"E65C,T314,","BNSF,",1,"E6,T3,","E,T,",YARD,Kansas,39.077667,-94.66392,"Kansas
(39.077667, -94.66392)"
Derailments,2011:09:BNSF:KS0911110,0,0,22500,2500,0,0,0,WYANDOTTE,9/17/2011 0:00,3:20,2011,2011,"T113,","BNSF,",7,"T1,","T,",YARD,Kansas,39.077667,-94.66392,"Kansas
(39.077667, -94.66392)"
Derailments,2011:10:BNSF:KS1011105,0,0,7500,3200,0,0,0,WYANDOTTE,10/12/2011 0:00,21:15,2011,2012,"M407,","BNSF,",7,"M4,","M,",YARD,Kansas,39.077667,-94.66392,"Kansas
(39.077667, -94.66392)"
Derailments,2011:11:BNSF:KS1111108,0,0,5000,113756,0,0,0,WYANDOTTE,11/16/2011 0:00,19:00,2011,2012,"H508,","BNSF,",7,"H5,","H,",YARD,Kansas,39.077667,-94.66392,"Kansas
(39.077667, -94.66392)"
Other impacts,2012:04:BNSF:KS0412113,0,0,0,13300,1,0,0,WYANDOTTE,4/22/2012 0:00,3:50,2012,2012,"S016,","BNSF,",67,"S0,","S,",YARD,Kansas,39.077667,-94.66392,"Kansas
(39.077667, -94.66392)"
Derailments,2015:12:BNSF:KS1215108,0,0,29000,15060,0,0,0,WYANDOTTE,12/18/2015 0:00,2:10,2015,2016,"T314,","BNSF,",1,"T3,","T,",YARD,Kansas,39.077956,-94.663717,"Kansas
(39.077956, -94.663717)"
Other events,2011:11:BNSF:KS1111118,0,0,0,14865,2,0,0,WYANDOTTE,11/17/2011 0:00,1:00,2011,2012,"M411,","BNSF,",7,"M4,","M,",YARD,Kansas,39.077221,-94.662154,"Kansas
(39.077221, -94.662154)"
Derailments,2015:11:BNSF:KS1115103,0,0,7950,24792,0,0,0,WYANDOTTE,11/15/2015 0:00,14:20,2015,2016,"H607,H303,","BNSF,",8,"H6,H3,","H,",YARD,Kansas,39.077412,-94.656943,"Kansas
(39.077412, -94.656943)"
Other impacts,2012:03:UP:0312KC011,0,0,0,11116,0,0,0,WYANDOTTE,3/18/2012 0:00,2:35,2012,2012,"M507,","UP,",5,"M5,","M,",YARD,Kansas,39.095681,-94.656814,"Kansas
(39.095681, -94.656814)"
Other impacts,2013:12:KCS:13120702,0,0,0,9950,0,0,0,LE FLORE,12/7/2013 0:00,21:05,2013,2014,"M504,","KCS,",1,"M5,","M,",INDUSTRY,Oklahoma,35.199284,-94.656211,"Oklahoma
(35.199284, -94.656211)"
Raking collision,2013:11:UP:1113KC013,0,0,0,11512,10,0,0,WYANDOTTE,11/22/2013 0:00,4:45,2013,2014,"H318,","UP,",76,"H3,","H,",YARD,Kansas,39.095428,-94.654964,"Kansas
(39.095428, -94.654964)"
Derailments,2016:08:UP:0816KC016,0,0,11765,3931,0,0,0,WYANDOTTE,8/19/2016 0:00,1:06,2016,2016,"H702,","UP,",7,"H7,","H,",YARD,Kansas,39.092796,-94.654617,"Kansas
(39.092796, -94.654617)"
Derailments,2013:10:UP:1013KC012,0,0,46708,12113,0,0,0,WYANDOTTE,10/18/2013 0:00,5:55,2013,2014,"H704,","UP,",7,"H7,","H,",YARD,Kansas,39.093784,-94.653416,"Kansas
(39.093784, -94.653416)"
Derailments,2015:06:UP:0615KC003,0,0,660,10020,0,0,0,WYANDOTTE,6/2/2015 0:00,2:45,2015,2015,"H306,","UP,",7,"H3,","H,",YARD,Kansas,39.093784,-94.653416,"Kansas
(39.093784, -94.653416)"
Derailments,2011:10:UP:1011KC014,0,0,20000,18057,0,0,0,WYANDOTTE,10/24/2011 0:00,20:25,2011,2012,"M405,","UP,",1,"M4,","M,",YARD,Kansas,39.093796,-94.653413,"Kansas
(39.093796, -94.653413)"
Derailments,2012:05:UP:0512KC011,0,0,2682,11639,0,0,0,WYANDOTTE,5/14/2012 0:00,21:00,2012,2012,"T311,","UP,",7,"T3,","T,",YARD,Kansas,39.093926,-94.653383,"Kansas
(39.093926, -94.653383)"
Derailments,2014:11:UP:1114KC005,0,0,561,12654,1,1,0,WYANDOTTE,11/17/2014 0:00,2:20,2014,2015,"H607,","UP,",7,"H6,","H,",YARD,Kansas,39.094081,-94.653367,"Kansas
(39.094081, -94.653367)"
Other events,2012:01:UP:0112KC003,0,0,12000,0,0,0,0,WYANDOTTE,1/7/2012 0:00,18:30,2012,2012,"H607,","UP,",7,"H6,","H,",YARD,Kansas,39.094045,-94.653364,"Kansas
(39.094045, -94.653364)"
Other impacts,2011:08:UP:0811KC014,0,0,0,15051,5,1,0,WYANDOTTE,8/13/2011 0:00,17:50,2011,2011,"H318,","UP,",7,"H3,","H,",YARD,Kansas,39.094079,-94.65335,"Kansas
(39.094079, -94.65335)"
Other impacts,2012:04:UP:0412KC013,0,0,13571,199758,1,0,0,WYANDOTTE,4/18/2012 0:00,4:10,2012,2012,"H607,","UP,",87,"H6,","H,",YARD,Kansas,39.094079,-94.65335,"Kansas
(39.094079, -94.65335)"
Derailments,2012:11:UP:1112KC020,0,0,85097,13953,3,0,0,WYANDOTTE,11/30/2012 0:00,4:30,2012,2013,"E36C,","UP,",7,"E3,","E,",YARD,Kansas,39.094344,-94.653325,"Kansas
(39.094344, -94.653325)"
Derailments,2014:01:UP:0114KC002,0,0,11076,16815,13,0,0,WYANDOTTE,1/3/2014 0:00,2:35,2014,2014,"H706,H704,","UP,",7,"H7,","H,",YARD,Kansas,39.094961,-94.653141,"Kansas
(39.094961, -94.653141)"
Derailments,2015:01:BNSF:KS0115109,0,0,288149,76988,0,0,0,WYANDOTTE,1/16/2015 0:00,13:50,2015,2015,"E07C,","BNSF,",7,"E0,","E,",YARD,Kansas,39.074049,-94.649702,"Kansas
(39.074049, -94.649702)"
Derailments,2012:11:UP:1112KC001,0,0,4375,8776,0,0,0,WYANDOTTE,11/7/2012 0:00,12:20,2012,2013,"M409,","UP,",7,"M4,","M,",YARD,Kansas,39.092783,-94.648614,"Kansas
(39.092783, -94.648614)"
Highway-rail impact,2014:05:UP:0514LK002,0,0,23898,1693,0,0,0,HARRISON,5/5/2014 0:00,7:10,2014,2014,"M302,","UP,",1,"M3,","M,",MAIN,Texas,32.504451,-94.645158,"Texas
(32.504451, -94.645158)"
Derailments,2012:05:BNSF:KS0512106,0,0,443023,519153,0,0,0,WYANDOTTE,5/9/2012 0:00,20:12,2012,2012,"T207,","BNSF,",1,"T2,","T,",MAIN,Kansas,39.072251,-94.642362,"Kansas
(39.072251, -94.642362)"
Highway-rail impact,2011:10:UP:1011CB001,0,2,0,9895,0,0,0,CARROLL,10/2/2011 0:00,8:36,2011,2012,"M399,","UP,",1,"M3,","M,",MAIN,Iowa,42.041904,-94.641731,"Iowa
(42.041904, -94.641731)"
Derailments,2015:08:WTWJ:INDUSTRY,0,0,10000,30981,0,0,0,WATONWAN,8/31/2015 0:00,24:20:00,2015,2015,"T110,","UP,",7,"T1,","T,",YARD,Minnesota,43.980324,-94.639686,"Minnesota
(43.980324, -94.639686)"
Derailments,2011:07:UP:0711KC007,0,0,1995,20853,0,0,0,WYANDOTTE,7/11/2011 0:00,5:20,2011,2011,"M405,","UP,",7,"M4,","M,",YARD,Kansas,39.090375,-94.635196,"Kansas
(39.090375, -94.635196)"
Other impacts,2015:02:UP:0215KC005,0,0,5958,24583,0,0,0,WYANDOTTE,2/10/2015 0:00,6:20,2015,2015,"H307,H702,","UP,",61,"H3,H7,H3,H7,","H,",YARD,Kansas,39.090375,-94.635196,"Kansas
(39.090375, -94.635196)"
Derailments,2011:11:UP:1111KC007,0,0,760,11349,0,0,0,WYANDOTTE,11/7/2011 0:00,3:30,2011,2012,"T201,","UP,",7,"T2,","T,",YARD,Kansas,39.091196,-94.635051,"Kansas
(39.091196, -94.635051)"
Head on collision,2012:02:UP:0212KC009,0,1,2286,19750,0,0,0,WYANDOTTE,2/26/2012 0:00,15:15,2012,2012,"H607,H305,","DME,KAW,UP,",81,"H6,H3,H6,H3,","H,",YARD,Kansas,39.090867,-94.632308,"Kansas
(39.090867, -94.632308)"
Derailments,2012:05:UP:0512KC012,0,0,920,14852,0,0,0,WYANDOTTE,5/16/2012 0:00,4:47,2012,2012,"T110,","UP,",7,"T1,","T,",YARD,Kansas,39.090161,-94.626492,"Kansas
(39.090161, -94.626492)"
Derailments,2012:05:UP:0512KC020,0,0,37490,38358,0,0,0,WYANDOTTE,5/26/2012 0:00,11:50,2012,2012,"T311,","UP,",1,"T3,","T,",MAIN,Kansas,39.090161,-94.626492,"Kansas
(39.090161, -94.626492)"
Derailments,2014:10:UP:1014KC020,0,0,26565,12250,0,0,0,WYANDOTTE,10/26/2014 0:00,23:25,2014,2015,"H607,","UP,",7,"H6,","H,",YARD,Kansas,39.149221,-94.621254,"Kansas
(39.149221, -94.621254)"