AccidentType,inckey,Fatalities,Injuries,TrackDamage,EquipmentDamage,HazmatCars,HazmatCarsDerailed,HazmatCarsReleasing,County,DisplayDate,DisplayTime,calendar,Fiscal,AccidentCause,RailroadCodes,RAILEQUIPMENT_TYPE,CauseGroup,CauseDiscipline,TYPE_OF_TRACK,StateName,latitude,longitude,GeoLocation
Derailments,2012:05:UP:0512KC005,0,0,1286,11253,0,0,0,WYANDOTTE,5/5/2012 0:00,23:30,2012,2012,"H703,","UP,",7,"H7,","H,",YARD,Kansas,39.095586,-94.617782,"Kansas
(39.095586, -94.617782)"
Obstruction impact,2011:08:BNSF:NE0811107,0,0,0,60000,0,0,0,CLAY,8/10/2011 0:00,8:00,2011,2011,"M404,","BNSF,",9,"M4,","M,",MAIN,Missouri,39.165426,-94.614733,"Missouri
(39.165426, -94.614733)"
Derailments,2016:06:UP:0616KC007,0,0,67606,19977,0,0,0,WYANDOTTE,6/15/2016 0:00,24:35:00,2016,2016,"T206,","UP,",1,"T2,","T,",YARD,Kansas,39.116975,-94.614509,"Kansas
(39.116975, -94.614509)"
Derailments,2014:02:UP:0214KC014,0,0,190637,38422,0,0,0,WYANDOTTE,2/12/2014 0:00,23:40,2014,2014,"T110,T001,","KAW,KCT,UP,",11,"T1,T0,T1,T0,","T,",YARD,Kansas,39.096747,-94.614317,"Kansas
(39.096747, -94.614317)"
Derailments,2012:07:KCT:UP07312012,0,0,200,22533,0,0,0,WYANDOTTE,7/31/2012 0:00,13:06,2012,2012,"T311,","KCT,UP,",1,"T3,","T,",MAIN,Kansas,39.085242,-94.613771,"Kansas
(39.085242, -94.613771)"
Derailments,2012:09:UP:0912KC014,0,0,0,14650,0,0,0,WYANDOTTE,9/29/2012 0:00,4:30,2012,2012,"H303,","UP,",8,"H3,","H,",YARD,Kansas,39.094047,-94.613508,"Kansas
(39.094047, -94.613508)"
Derailments,2015:07:UP:0715KC022,0,0,9003,3082,8,2,0,WYANDOTTE,7/29/2015 0:00,23:55,2015,2015,"T313,","UP,",7,"T3,","T,",YARD,Kansas,39.090976,-94.61282,"Kansas
(39.090976, -94.61282)"
Other impacts,2012:02:UP:0212KC001,0,0,0,12230,0,0,0,WYANDOTTE,2/2/2012 0:00,8:05,2012,2012,"H312,","UP,",76,"H3,","H,",YARD,Kansas,39.132218,-94.612248,"Kansas
(39.132218, -94.612248)"
Derailments,2015:12:UP:1215KC010,0,0,114136,8860,0,0,0,WYANDOTTE,12/15/2015 0:00,22:10,2015,2016,"M405,","UP,",7,"M4,","M,",YARD,Kansas,39.131861,-94.612079,"Kansas
(39.131861, -94.612079)"
Derailments,2012:08:KCT:UP08092012,0,0,146068,159425,0,0,0,WYANDOTTE,8/9/2012 0:00,24:20:00,2012,2012,"T403,T311,","KCT,UP,",1,"T4,T3,","T,",MAIN,Kansas,39.08502,-94.612042,"Kansas
(39.08502, -94.612042)"
Derailments,2012:05:KCS:12051104,0,0,136050,22325,5,2,0,LE FLORE,5/11/2012 0:00,9:50,2012,2012,"E27C,","KCS,",1,"E2,","E,",MAIN,Oklahoma,34.862923,-94.611405,"Oklahoma
(34.862923, -94.611405)"
Derailments,2016:05:KCT:UP05212016,0,0,14905,35203,0,0,0,WYANDOTTE,5/21/2016 0:00,16:41,2016,2016,"T103,","KCT,UP,",1,"T1,","T,",MAIN,Kansas,39.08442,-94.610875,"Kansas
(39.08442, -94.610875)"
Derailments,2014:07:XCTC:INDUSTRY,0,0,990,14645,0,0,0,WYANDOTTE,7/31/2014 0:00,1:19,2014,2014,"T217,","UP,",7,"T2,","T,",INDUSTRY,Kansas,39.130552,-94.609966,"Kansas
(39.130552, -94.609966)"
Derailments,2015:09:UP:0915KC003,0,0,5143,5542,0,0,0,WYANDOTTE,9/9/2015 0:00,20:34,2015,2015,"T101,","UP,",7,"T1,","T,",YARD,Kansas,39.130316,-94.609149,"Kansas
(39.130316, -94.609149)"
Derailments,2012:12:XADA:INDUSTRY,0,0,0,10111,4,1,0,JACKSON,12/28/2012 0:00,21:00,2012,2013,"M101,","UP,",7,"M1,","M,",INDUSTRY,Missouri,39.105857,-94.606839,"Missouri
(39.105857, -94.606839)"
Derailments,2015:06:UP:0615KC024,0,0,4056,73972,0,0,0,WYANDOTTE,6/29/2015 0:00,20:00,2015,2015,"H607,","UP,",7,"H6,","H,",YARD,Kansas,39.127117,-94.604378,"Kansas
(39.127117, -94.604378)"
Other impacts,2015:01:KCS:15010402,0,0,0,23127,2,0,0,LE FLORE,1/4/2015 0:00,13:45,2015,2015,"H018,","KCS,",7,"H0,","H,",YARD,Oklahoma,34.889,-94.604,"Oklahoma
(34.889, -94.604)"
Side collision,2011:12:KCS:11120402,0,0,0,95100,0,0,0,LE FLORE,12/4/2011 0:00,22:30,2011,2012,"H302,H307,","KCS,",1,"H3,","H,",YARD,Oklahoma,34.885804,-94.603625,"Oklahoma
(34.885804, -94.603625)"
Derailments,2014:01:KCS:14011702,0,0,1510,14929,24,0,0,LE FLORE,1/17/2014 0:00,13:30,2014,2014,"H704,","KCS,",1,"H7,","H,",YARD,Oklahoma,34.882376,-94.60347,"Oklahoma
(34.882376, -94.60347)"
Derailments,2015:07:UP:0715KC005,0,0,2630,8267,5,3,0,JACKSON,7/9/2015 0:00,12:45,2015,2015,"T001,","UP,",7,"T0,","T,",YARD,Missouri,39.101778,-94.603069,"Missouri
(39.101778, -94.603069)"
Other impacts,2013:01:KCS:13012402,0,0,36245,0,0,0,0,BATES,1/24/2013 0:00,8:21,2013,2013,"M506,","KCS,",NA,"M5,","M,",MAIN,Missouri,38.430841,-94.602838,"Missouri
(38.430841, -94.602838)"
Derailments,2015:08:KCS:15080804,0,0,62837,15400,4,0,0,LE FLORE,8/8/2015 0:00,13:45,2015,2015,"H318,H704,","KCS,",7,"H3,H7,","H,",YARD,Oklahoma,34.891351,-94.602408,"Oklahoma
(34.891351, -94.602408)"
Derailments,2014:10:KCT:UP101014,0,0,422294,157953,11,2,0,JACKSON,10/10/2014 0:00,22:40,2014,2015,"H505,H504,","KCT,UP,",1,"H5,","H,",MAIN,Missouri,39.082188,-94.601916,"Missouri
(39.082188, -94.601916)"
Obstruction impact,2015:12:KCS:15121204,0,0,0,20873,6,0,0,LE FLORE,12/12/2015 0:00,22:05,2015,2016,"M404,","KCS,",1,"M4,","M,",MAIN,Oklahoma,34.735021,-94.600967,"Oklahoma
(34.735021, -94.600967)"
RR crossing collision,2012:07:KCS:12072103,0,2,602051,6134649,18,0,0,BARTON,7/21/2012 0:00,15:30,2012,2012,"H221,","BNSF,KCS,",11,"H2,","H,",MAIN,Missouri,37.607998,-94.60064,"Missouri
(37.607998, -94.60064)"
Derailments,2014:12:UP:1214KC001,0,0,600,16658,2,0,0,JACKSON,12/1/2014 0:00,20:38,2014,2015,"H303,","UP,",7,"H3,","H,",YARD,Missouri,39.104434,-94.596963,"Missouri
(39.104434, -94.596963)"
Derailments,2012:10:GMC:INDUSTRY,0,0,3500,6521,0,0,0,WYANDOTTE,10/23/2012 0:00,18:00,2012,2013,"T102,","UP,",7,"T1,","T,",INDUSTRY,Kansas,39.150464,-94.593757,"Kansas
(39.150464, -94.593757)"
Derailments,2015:04:DQE:ID150033,0,0,702866,200474,0,0,0,MCCURTAIN,4/15/2015 0:00,22:51,2015,2015,"T207,","DQE,",1,"T2,","T,",MAIN,Oklahoma,34.033687,-94.589069,"Oklahoma
(34.033687, -94.589069)"
Derailments,2014:02:BNSF:NE0214102,0,0,1000,17454,0,0,0,JACKSON,2/8/2014 0:00,6:51,2014,2014,"T207,","BNSF,",1,"T2,","T,",YARD,Missouri,39.122076,-94.587368,"Missouri
(39.122076, -94.587368)"
Derailments,2012:11:BNSF:NE1112103,0,0,23312,14316,24,0,0,CLAY,11/11/2012 0:00,8:50,2012,2013,"T207,","BNSF,",1,"T2,","T,",YARD,Missouri,39.1382,-94.58661,"Missouri
(39.1382, -94.58661)"
Derailments,2014:12:BNSF:NE1214105,0,0,30000,77498,0,0,0,JACKSON,12/8/2014 0:00,24:55:00,2014,2015,"T110,","BNSF,",1,"T1,","T,",YARD,Missouri,39.137552,-94.586609,"Missouri
(39.137552, -94.586609)"
Raking collision,2014:06:BNSF:NE0614109,0,0,800,50024,0,0,0,CLAY,6/28/2014 0:00,1:15,2014,2014,"H307,H702,","BNSF,",78,"H3,H7,H3,H7,","H,",YARD,Missouri,39.141788,-94.586564,"Missouri
(39.141788, -94.586564)"
Derailments,2013:05:BNSF:NE0513101,0,0,0,36968,0,0,0,CLAY,5/10/2013 0:00,2:10,2013,2013,"T201,","BNSF,",1,"T2,","T,",YARD,Missouri,39.146024,-94.586526,"Missouri
(39.146024, -94.586526)"
Derailments,2012:10:BNSF:NE1012103,0,0,113000,88162,0,0,0,CLAY,10/10/2012 0:00,8:00,2012,2013,"T212,","BNSF,",1,"T2,","T,",YARD,Missouri,39.12837,-94.58635,"Missouri
(39.12837, -94.58635)"
Derailments,2012:11:BNSF:NE1112111,0,0,58000,178646,0,0,0,CLAY,11/21/2012 0:00,4:15,2012,2013,"H703,","BNSF,",1,"H7,","H,",YARD,Missouri,39.15175,-94.58631,"Missouri
(39.15175, -94.58631)"
Derailments,2012:04:BNSF:NE0412104,0,0,8300,24920,0,0,0,JACKSON,4/16/2012 0:00,10:15,2012,2012,"H703,","BNSF,",1,"H7,","H,",YARD,Missouri,39.126835,-94.585931,"Missouri
(39.126835, -94.585931)"
Derailments,2015:07:BNSF:NE0715110,0,0,1500,13300,1,1,0,CLAY,7/20/2015 0:00,24:30:00,2015,2015,"T310,","BNSF,",7,"T3,","T,",YARD,Missouri,39.13139,-94.585215,"Missouri
(39.13139, -94.585215)"
Derailments,2014:09:BNSF:NE0914101,0,0,59000,33720,0,0,0,CLAY,9/1/2014 0:00,23:55,2014,2014,"T110,E40C,","BNSF,",1,"T1,E4,","T,E,",YARD,Missouri,39.13299,-94.585204,"Missouri
(39.13299, -94.585204)"
Derailments,2014:10:BNSF:NE1014105,0,0,11000,0,0,0,0,CLAY,10/13/2014 0:00,18:45,2014,2015,"H607,H303,","BNSF,",8,"H6,H3,","H,",YARD,Missouri,39.1389,-94.5706,"Missouri
(39.1389, -94.5706)"
Highway-rail impact,2012:05:KCS:12050502,0,1,0,10639,0,0,0,JASPER,5/5/2012 0:00,14:30,2012,2012,"M304,","KCS,",8,"M3,","M,",MAIN,Missouri,37.21666,-94.56782,"Missouri
(37.21666, -94.56782)"
Derailments,2011:12:BNSF:NE1211104,0,0,2500,21780,0,0,0,CLAY,12/8/2011 0:00,24:20:00,2011,2012,"T110,T001,","BNSF,",7,"T1,T0,","T,",YARD,Missouri,39.133009,-94.567669,"Missouri
(39.133009, -94.567669)"
Derailments,2015:07:NS:116480,0,0,5399,29315,0,0,0,CLAY,7/12/2015 0:00,15:32,2015,2015,"H607,","NS,UP,",8,"H6,","H,",YARD,Missouri,39.133916,-94.566568,"Missouri
(39.133916, -94.566568)"
Derailments,2015:02:TCT:580253,0,0,22500,15000,35,4,0,GALVESTON,2/16/2015 0:00,17:30,2015,2015,"T309,","TCT,",7,"T3,","T,",YARD,Texas,29.210236,-94.562016,"Texas
(29.210236, -94.562016)"
Other impacts,2015:11:TCT:580256,0,0,0,100000,12,2,0,GALVESTON,11/9/2015 0:00,15:50,2015,2016,"H099,","TCT,",7,"H0,","H,",YARD,Texas,29.21082,-94.560914,"Texas
(29.21082, -94.560914)"
Raking collision,2014:10:TCT:580248,0,0,0,60000,5,2,0,GALVESTON,10/31/2014 0:00,16:52,2014,2015,"H018,","TCT,",67,"H0,","H,",YARD,Texas,29.211575,-94.560087,"Texas
(29.211575, -94.560087)"
Derailments,2014:05:KCS:14050101,0,0,1168,11628,7,0,0,JACKSON,5/1/2014 0:00,12:30,2014,2014,"H702,","KCS,",7,"H7,","H,",YARD,Missouri,38.857765,-94.559234,"Missouri
(38.857765, -94.559234)"
Derailments,2015:09:GEMQ:INDUSTRY,0,0,5322,10234,0,0,0,JACKSON,9/18/2015 0:00,14:56,2015,2015,"T113,","UP,",7,"T1,","T,",YARD,Missouri,39.119177,-94.554029,"Missouri
(39.119177, -94.554029)"
Highway-rail impact,2014:12:KCS:14122302,0,0,0,11100,0,0,0,JACKSON,12/23/2014 0:00,19:00,2014,2015,"M303,","KCS,",7,"M3,","M,",INDUSTRY,Missouri,39.119411,-94.553314,"Missouri
(39.119411, -94.553314)"
Derailments,2011:07:NS:095604,0,0,500,9500,0,0,0,CLAY,7/18/2011 0:00,21:15,2011,2011,"T221,","NS,",1,"T2,","T,",YARD,Missouri,39.14636,-94.550757,"Missouri
(39.14636, -94.550757)"
Derailments,2016:06:UP:0616KC011,0,0,0,17810,0,0,0,JACKSON,6/22/2016 0:00,12:15,2016,2016,"H303,","UP,",8,"H3,","H,",YARD,Missouri,39.120801,-94.544625,"Missouri
(39.120801, -94.544625)"
Highway-rail impact,2015:08:KCS:15080803,0,0,19726,30587,0,0,0,JASPER,8/8/2015 0:00,11:20,2015,2015,"M303,","KCS,",1,"M3,","M,",MAIN,Missouri,37.17505,-94.54331,"Missouri
(37.17505, -94.54331)"
Other impacts,2011:06:CMC:0611001,0,0,0,146663,0,0,0,LIBERTY,6/23/2011 0:00,1:00,2011,2011,"H602,","BNSF,CMC,",7,"H6,","H,",YARD,Texas,29.594624,-94.542484,"Texas
(29.594624, -94.542484)"
Derailments,2014:06:BNSF:GC0614101,0,0,0,22155,2,2,0,LIBERTY,6/12/2014 0:00,24:40:00,2014,2014,"H312,","BNSF,",7,"H3,","H,",YARD,Texas,30.0053,-94.5411,"Texas
(30.0053, -94.5411)"
Raking collision,2015:07:TCT:580254,0,0,0,25000,21,2,0,GALVESTON,7/12/2015 0:00,24:55:00,2015,2015,"H309,H310,","TCT,",7,"H3,","H,",INDUSTRY,Texas,29.222968,-94.540016,"Texas
(29.222968, -94.540016)"
Derailments,2014:05:UP:0514KC016,0,0,55081,4435,0,0,0,JACKSON,5/21/2014 0:00,13:32,2014,2014,"E41C,","UP,",7,"E4,","E,",YARD,Missouri,39.122298,-94.53953,"Missouri
(39.122298, -94.53953)"
Other impacts,2012:11:UP:1112KC012,0,0,0,20450,0,0,0,JACKSON,11/19/2012 0:00,14:00,2012,2013,"H699,","UP,",NA,"H6,","H,",MAIN,Missouri,38.990006,-94.536262,"Missouri
(38.990006, -94.536262)"
Derailments,2011:12:UP:1211KC004,0,0,8120,5517,0,0,0,JACKSON,12/7/2011 0:00,13:20,2011,2012,"T311,","UP,",7,"T3,","T,",YARD,Missouri,39.123467,-94.535472,"Missouri
(39.123467, -94.535472)"
Other impacts,2014:12:UP:1214KC016,0,0,1392,41681,0,0,0,JACKSON,12/31/2014 0:00,23:15,2014,2015,"H307,","UP,",76,"H3,","H,",YARD,Missouri,39.120125,-94.534952,"Missouri
(39.120125, -94.534952)"
Derailments,2012:07:UP:0712KC010,0,0,297,100856,18,0,0,JACKSON,7/25/2012 0:00,3:30,2012,2012,"H704,","UP,",1,"H7,","H,",YARD,Missouri,39.119948,-94.534951,"Missouri
(39.119948, -94.534951)"
Derailments,2012:06:UP:0612KC004,0,0,0,11587,3,0,0,JACKSON,6/6/2012 0:00,1:11,2012,2012,"M405,","UP,",7,"M4,","M,",YARD,Missouri,39.119846,-94.534942,"Missouri
(39.119846, -94.534942)"
Derailments,2012:10:UP:1012KC019,0,0,49848,66404,0,0,0,JACKSON,10/31/2012 0:00,19:23,2012,2013,"T314,","UP,",1,"T3,","T,",YARD,Missouri,39.119846,-94.534942,"Missouri
(39.119846, -94.534942)"
Derailments,2011:09:UP:0911KC005,0,0,1000,24000,0,0,0,JACKSON,9/8/2011 0:00,15:30,2011,2011,"M405,","UP,",7,"M4,","M,",YARD,Missouri,39.119884,-94.534939,"Missouri
(39.119884, -94.534939)"
Derailments,2011:09:UP:0911KC006,0,0,101,22897,4,0,0,JACKSON,9/9/2011 0:00,5:25,2011,2011,"S006,","UP,",7,"S0,","S,",YARD,Missouri,39.119884,-94.534939,"Missouri
(39.119884, -94.534939)"
Other impacts,2011:10:UP:1011KC006,0,0,0,9953,0,0,0,JACKSON,10/11/2011 0:00,4:40,2011,2012,"M411,","UP,",76,"M4,","M,",YARD,Missouri,39.119884,-94.534939,"Missouri
(39.119884, -94.534939)"
Other impacts,2013:10:UP:1013KC008,0,0,0,12612,0,0,0,JACKSON,10/15/2013 0:00,9:30,2013,2014,"S016,","UP,",75,"S0,","S,",YARD,Missouri,39.119884,-94.534939,"Missouri
(39.119884, -94.534939)"
Derailments,2015:05:UP:0515KC002,0,0,1000,14436,0,0,0,JACKSON,5/8/2015 0:00,2:40,2015,2015,"M204,","UP,",7,"M2,","M,",YARD,Missouri,39.12001,-94.534938,"Missouri
(39.12001, -94.534938)"
Derailments,2015:06:UP:0615KC014,0,0,70460,29029,0,0,0,JACKSON,6/15/2015 0:00,16:55,2015,2015,"T314,","UP,",7,"T3,","T,",YARD,Missouri,39.12001,-94.534938,"Missouri
(39.12001, -94.534938)"
Derailments,2016:02:UP:0216KC003,0,0,69684,52170,4,3,0,JACKSON,2/4/2016 0:00,19:52,2016,2016,"T001,","UP,",1,"T0,","T,",YARD,Missouri,39.12001,-94.534938,"Missouri
(39.12001, -94.534938)"
Derailments,2012:09:UP:0912KC005,0,0,9532,172,10,0,0,JACKSON,9/13/2012 0:00,24:10:00,2012,2012,"T316,","UP,",7,"T3,","T,",YARD,Missouri,39.123573,-94.534797,"Missouri
(39.123573, -94.534797)"
Other impacts,2013:03:UP:0313KC014,0,0,0,26536,0,0,0,JACKSON,3/23/2013 0:00,24:45:00,2013,2013,"H306,","UP,",87,"H3,","H,",YARD,Missouri,39.123606,-94.534792,"Missouri
(39.123606, -94.534792)"
Other impacts,2011:06:UP:0611KC001,0,0,0,25254,0,0,0,JACKSON,6/2/2011 0:00,19:00,2011,2011,"H306,","UP,",76,"H3,","H,",YARD,Missouri,39.123843,-94.532656,"Missouri
(39.123843, -94.532656)"
Side collision,2015:12:KCS:15120703,0,0,10535,31500,2,0,0,JACKSON,12/7/2015 0:00,19:45,2015,2016,"H401,","KCS,",7,"H4,","H,",YARD,Missouri,39.130434,-94.529201,"Missouri
(39.130434, -94.529201)"
Derailments,2014:03:UP:0314KC002,0,0,48742,29672,0,0,0,JACKSON,3/2/2014 0:00,10:05,2014,2014,"T202,","UP,",1,"T2,","T,",YARD,Missouri,39.120935,-94.525746,"Missouri
(39.120935, -94.525746)"
Derailments,2014:01:KCS:14012604,0,0,24374,35500,0,0,0,JACKSON,1/26/2014 0:00,18:43,2014,2014,"M503,","BNSF,KCS,",1,"M5,","M,",YARD,Missouri,39.130112,-94.52552,"Missouri
(39.130112, -94.52552)"
Side collision,2011:11:KCS:11112701,0,0,0,18405,0,0,0,JACKSON,11/27/2011 0:00,24:30:00,2011,2012,"H018,","KCS,",76,"H0,","H,",YARD,Missouri,39.128904,-94.524321,"Missouri
(39.128904, -94.524321)"
Derailments,2011:07:KCS:11071903,0,0,8971,5762,0,0,0,JACKSON,7/19/2011 0:00,22:30,2011,2011,"E64L,","DME,KCS,",1,"E6,","E,",YARD,Missouri,39.129128,-94.523277,"Missouri
(39.129128, -94.523277)"
Derailments,2015:10:UP:1015LK013,0,0,704222,489487,0,0,0,BOWIE,10/9/2015 0:00,11:52,2015,2016,"T102,","UP,",1,"T1,","T,",MAIN,Texas,33.309634,-94.522995,"Texas
(33.309634, -94.522995)"
Derailments,2015:08:KCS:15081802,0,0,3489,51000,6,0,0,JACKSON,8/18/2015 0:00,18:45,2015,2015,"H318,","KCS,",7,"H3,","H,",YARD,Missouri,39.129092,-94.522501,"Missouri
(39.129092, -94.522501)"
Derailments,2012:06:XCHS:INDUSTRY,0,0,964,20261,0,0,0,MARTIN,6/13/2012 0:00,7:00,2012,2012,"H022,","UP,",5,"H0,","H,",INDUSTRY,Minnesota,43.664733,-94.522111,"Minnesota
(43.664733, -94.522111)"
Derailments,2015:04:KCS:15041401,0,0,1303,20000,2,0,0,JACKSON,4/14/2015 0:00,5:40,2015,2015,"E39C,T319,","CP,KCS,",7,"E3,T3,E3,T3,","E,T,E,T,",YARD,Missouri,39.128967,-94.521589,"Missouri
(39.128967, -94.521589)"
Derailments,2016:04:UP:0416KC001,0,0,3690,67318,0,0,0,JACKSON,4/4/2016 0:00,3:39,2016,2016,"H306,","UP,",71,"H3,","H,",YARD,Missouri,39.124893,-94.517969,"Missouri
(39.124893, -94.517969)"
Derailments,2012:08:UP:0812KC014,0,0,0,111725,0,0,0,JACKSON,8/28/2012 0:00,11:35,2012,2012,"M405,","UP,",75,"M4,","M,",YARD,Missouri,39.121783,-94.516592,"Missouri
(39.121783, -94.516592)"
Derailments,2014:09:UP:0914KC002,0,0,101,38007,0,0,0,JACKSON,9/9/2014 0:00,8:58,2014,2014,"E24C,","UP,",7,"E2,","E,",YARD,Missouri,39.122065,-94.516579,"Missouri
(39.122065, -94.516579)"
Other impacts,2013:02:UP:0213KC014,0,0,0,51972,0,0,0,JACKSON,2/22/2013 0:00,2:32,2013,2013,"E33C,","UP,",75,"E3,","E,",YARD,Missouri,39.124278,-94.516549,"Missouri
(39.124278, -94.516549)"
Derailments,2012:11:UP:1112KC009,0,0,45000,20802,0,0,0,JACKSON,11/14/2012 0:00,6:00,2012,2013,"S007,","UP,",7,"S0,","S,",YARD,Missouri,39.124296,-94.516532,"Missouri
(39.124296, -94.516532)"
Derailments,2015:08:UP:0815KC006,0,0,38363,17642,0,0,0,JACKSON,8/10/2015 0:00,15:42,2015,2015,"H506,","UP,",7,"H5,","H,",YARD,Missouri,39.12295,-94.516446,"Missouri
(39.12295, -94.516446)"
Derailments,2015:12:UP:1215KC015,0,0,15855,17110,0,0,0,JACKSON,12/28/2015 0:00,5:30,2015,2016,"T299,","UP,",1,"T2,","T,",YARD,Missouri,39.12295,-94.516446,"Missouri
(39.12295, -94.516446)"
Derailments,2013:07:UP:0713KC010,0,0,77948,3214,0,0,0,JACKSON,7/13/2013 0:00,22:43,2013,2013,"E64C,","UP,",4,"E6,","E,",YARD,Missouri,39.122385,-94.516346,"Missouri
(39.122385, -94.516346)"
Derailments,2013:08:UP:0813KC007,0,0,36323,107530,3,3,0,JACKSON,8/17/2013 0:00,15:00,2013,2013,"S011,","UP,",16,"S0,","S,",YARD,Missouri,39.122385,-94.516346,"Missouri
(39.122385, -94.516346)"
Other impacts,2013:01:KCS:13012703,0,0,0,45000,0,0,0,JACKSON,1/27/2013 0:00,20:33,2013,2013,"M404,","KCS,",1,"M4,","M,",INDUSTRY,Missouri,39.128279,-94.509464,"Missouri
(39.128279, -94.509464)"
Side collision,2012:11:KCS:12111401,0,0,0,128000,4,0,0,JACKSON,11/14/2012 0:00,3:00,2012,2013,"H307,","DME,KCS,",71,"H3,","H,",YARD,Missouri,39.122971,-94.506438,"Missouri
(39.122971, -94.506438)"
Side collision,2011:07:KCS:11072202,0,0,1872,30125,1,1,0,JACKSON,7/22/2011 0:00,14:10,2011,2011,"H605,","KCS,",1,"H6,","H,",YARD,Missouri,39.127326,-94.50626,"Missouri
(39.127326, -94.50626)"
Side collision,2011:09:KCS:11092302,0,0,5004,84145,1,1,0,JACKSON,9/23/2011 0:00,9:30,2011,2011,"T207,","KCS,",7,"T2,","T,",YARD,Missouri,39.127326,-94.50626,"Missouri
(39.127326, -94.50626)"
Derailments,2014:05:KCS:14051501,0,0,2917,8250,0,0,0,JACKSON,5/15/2014 0:00,8:45,2014,2014,"H702,","KCS,",7,"H7,","H,",YARD,Missouri,39.1243,-94.506082,"Missouri
(39.1243, -94.506082)"
Derailments,2013:10:BNSF:NE1013108,0,0,35319,190599,0,0,0,CLAY,10/31/2013 0:00,11:00,2013,2014,"T216,","BNSF,",7,"T2,","T,",INDUSTRY,Missouri,39.153806,-94.502613,"Missouri
(39.153806, -94.502613)"
Other impacts,2013:05:XCAI:INDUSTRY,0,0,21155,65523,0,0,0,MARTIN,5/17/2013 0:00,2:52,2013,2013,"H307,","UP,",16,"H3,","H,",INDUSTRY,Minnesota,43.663306,-94.501819,"Minnesota
(43.663306, -94.501819)"
Derailments,2016:05:UP:0516KC014,0,0,185720,78459,15,3,0,JACKSON,5/27/2016 0:00,11:15,2016,2016,"H518,H524,","UP,",1,"H5,","H,",MAIN,Missouri,39.110291,-94.500675,"Missouri
(39.110291, -94.500675)"
Derailments,2016:07:UP:0716KC008,0,0,600,57142,0,0,0,JACKSON,7/6/2016 0:00,18:41,2016,2016,"T206,","UP,",8,"T2,","T,",YARD,Missouri,39.120718,-94.500565,"Missouri
(39.120718, -94.500565)"
Derailments,2011:07:CC:714593,0,0,90349,227000,0,0,0,WEBSTER,7/8/2011 0:00,16:15,2011,2011,"T109,","CC,",1,"T1,","T,",MAIN,Iowa,42.83389,-94.4994,"Iowa
(42.83389, -94.4994)"
Other events,2013:04:UP:0413KC004,0,0,264,12939,0,0,0,JACKSON,4/4/2013 0:00,14:00,2013,2013,"T001,","UP,",1,"T0,","T,",MAIN,Missouri,39.101806,-94.499265,"Missouri
(39.101806, -94.499265)"
Derailments,2014:07:UP:0714KC012,0,0,764,50994,0,0,0,JACKSON,7/29/2014 0:00,13:12,2014,2014,"M404,E79L,","UP,",1,"M4,E7,","M,E,",YARD,Missouri,39.120234,-94.499111,"Missouri
(39.120234, -94.499111)"
Side collision,2011:12:KCS:11123101,0,0,0,20154,0,0,0,JACKSON,12/31/2011 0:00,3:20,2011,2012,"H307,","KCS,",1,"H3,","H,",YARD,Missouri,39.123458,-94.498302,"Missouri
(39.123458, -94.498302)"
Derailments,2016:03:KCT:UP3212016,0,0,23659,8923,0,0,0,JACKSON,3/21/2016 0:00,24:40:00,2016,2016,"T314,E65C,","KCT,UP,",1,"T3,E6,T3,","T,E,T,",MAIN,Missouri,39.110705,-94.4982,"Missouri
(39.110705, -94.4982)"
Derailments,2012:07:KCS:12072101,0,0,13063,17883,0,0,0,JACKSON,7/21/2012 0:00,8:35,2012,2012,"E02C,T402,","KCS,",7,"E0,T4,","E,T,",YARD,Missouri,39.121437,-94.497876,"Missouri
(39.121437, -94.497876)"
Derailments,2015:08:KCS:15082901,0,0,10153,2000,6,0,0,MARION,8/29/2015 0:00,9:26,2015,2015,"E64C,","KCS,",1,"E6,","E,",SIDING,Texas,32.829227,-94.495767,"Texas
(32.829227, -94.495767)"
Derailments,2014:05:BNSF:TC0514104,0,0,533450,2355371,0,0,0,CASS,5/11/2014 0:00,23:05,2014,2014,"T002,","BNSF,",1,"T0,","T,",MAIN,Minnesota,46.326234,-94.493889,"Minnesota
(46.326234, -94.493889)"
Raking collision,2014:07:UP:0714KC010,0,0,19112,68344,0,0,0,JACKSON,7/22/2014 0:00,7:26,2014,2014,"H607,","UP,",7,"H6,","H,",YARD,Missouri,39.11632,-94.490838,"Missouri
(39.11632, -94.490838)"
Derailments,2014:08:UP:0814KC005,0,0,92569,10739,0,0,0,JACKSON,8/11/2014 0:00,18:39,2014,2014,"T314,","UP,",1,"T3,","T,",YARD,Missouri,39.114002,-94.481417,"Missouri
(39.114002, -94.481417)"
Derailments,2011:11:NS:096922,0,0,7671,10942,0,0,0,CLAY,11/4/2011 0:00,6:20,2011,2012,"T311,","NS,",1,"T3,","T,",INDUSTRY,Missouri,39.157103,-94.477293,"Missouri
(39.157103, -94.477293)"
Other impacts,2011:06:KCS:11060701,0,0,0,18000,0,0,0,JACKSON,6/7/2011 0:00,20:45,2011,2011,"M404,","KCS,",1,"M4,","M,",INDUSTRY,Missouri,39.128633,-94.47651,"Missouri
(39.128633, -94.47651)"
Derailments,2011:09:KCS:11091501,0,0,7496,60000,0,0,0,JACKSON,9/15/2011 0:00,11:45,2011,2011,"T314,","KCS,",8,"T3,","T,",YARD,Missouri,39.128633,-94.47651,"Missouri
(39.128633, -94.47651)"