AccidentType,inckey,Fatalities,Injuries,TrackDamage,EquipmentDamage,HazmatCars,HazmatCarsDerailed,HazmatCarsReleasing,County,DisplayDate,DisplayTime,calendar,Fiscal,AccidentCause,RailroadCodes,RAILEQUIPMENT_TYPE,CauseGroup,CauseDiscipline,TYPE_OF_TRACK,StateName,latitude,longitude,GeoLocation
Other events,2016:02:ANR:9616,0,0,1000,50000,0,0,0,ANGELINA,2/11/2016 0:00,14:00,2016,2016,"M199,","ANR,",6,"M1,","M,",YARD,Texas,31.23515,-94.47162,"Texas
(31.23515, -94.47162)"
Derailments,2013:03:BNSF:GC0313103,0,0,11700,92623,0,0,0,PANOLA,3/12/2013 0:00,11:10,2013,2013,"T202,","BNSF,",1,"T2,","T,",SIDING,Texas,32.243609,-94.456424,"Texas
(32.243609, -94.456424)"
Derailments,2011:08:SKOL:D523511,0,0,20289,13050,5,5,0,CRAWFORD,8/3/2011 0:00,13:51,2011,2011,"T202,","SKOL,",1,"T2,","T,",INDUSTRY,Kansas,37.213057,-94.447048,"Kansas
(37.213057, -94.447048)"
Derailments,2012:06:UP:0612WH013,0,0,68110,5498,0,0,0,CRAWFORD,6/30/2012 0:00,8:40,2012,2012,"T199,","UP,",1,"T1,","T,",SIDING,Arkansas,35.447409,-94.444175,"Arkansas
(35.447409, -94.444175)"
Other events,2015:01:UP:0115CB004,0,0,0,13250,4,0,0,GREENE,1/7/2015 0:00,18:15,2015,2015,"E29C,","UP,",1,"E2,","E,",MAIN,Iowa,42.016845,-94.435443,"Iowa
(42.016845, -94.435443)"
Fire/violent rupture,2015:02:UP:0215KC009,0,0,0,121408,0,0,0,JACKSON,2/12/2015 0:00,1:00,2015,2015,"E73L,","UP,",1,"E7,","E,",MAIN,Missouri,39.087928,-94.433891,"Missouri
(39.087928, -94.433891)"
Derailments,2014:01:UP:0114CB012,0,0,73767,51797,0,0,0,GREENE,1/20/2014 0:00,19:20,2014,2014,"H519,","UP,",1,"H5,","H,",MAIN,Iowa,42.017093,-94.432411,"Iowa
(42.017093, -94.432411)"
Derailments,2016:06:KRR:KRR002716D,0,0,5000,10000,0,0,0,LITTLE RIVER,6/21/2016 0:00,6:50,2016,2016,"E4AC,","KRR,",1,"E4,","E,",YARD,Arkansas,33.725295,-94.426413,"Arkansas
(33.725295, -94.426413)"
Derailments,2016:08:KRR:KRR045116D,0,0,1000,21000,0,0,0,LITTLE RIVER,8/5/2016 0:00,20:50,2016,2016,"T108,","KRR,",1,"T1,","T,",YARD,Arkansas,33.725376,-94.426399,"Arkansas
(33.725376, -94.426399)"
Derailments,2014:05:NS:110541,0,0,0,25508,0,0,0,CLAY,5/20/2014 0:00,11:30,2014,2014,"H399,","NS,",8,"H3,","H,",INDUSTRY,Missouri,39.193246,-94.420353,"Missouri
(39.193246, -94.420353)"
Derailments,2013:09:KCS:13090103,0,0,59466,0,8,0,0,HARDIN,9/1/2013 0:00,17:51,2013,2013,"T111,","KCS,",1,"T1,","T,",INDUSTRY,Texas,30.120927,-94.41275,"Texas
(30.120927, -94.41275)"
Derailments,2013:05:UP:0513CB004,0,0,98932,900944,2,0,0,GREENE,5/9/2013 0:00,6:08,2013,2013,"T299,","UP,",1,"T2,","T,",MAIN,Iowa,42.019966,-94.40184,"Iowa
(42.019966, -94.40184)"
Derailments,2012:07:UP:0712LV011,0,0,81481,272746,0,0,0,HARDIN,7/24/2012 0:00,11:50,2012,2012,"M405,","UP,",1,"M4,","M,",SIDING,Texas,30.12103,-94.39333,"Texas
(30.12103, -94.39333)"
Derailments,2015:07:ZCLY:INDUSTRY,0,0,30000,6719,0,0,0,WATONWAN,7/29/2015 0:00,5:43,2015,2015,"T111,","UP,",4,"T1,","T,",INDUSTRY,Minnesota,44.063341,-94.39271,"Minnesota
(44.063341, -94.39271)"
Highway-rail impact,2015:09:UP:0915TC017,0,0,800,40356,27,0,0,WATONWAN,9/28/2015 0:00,17:20,2015,2015,"M304,","UP,",1,"M3,","M,",MAIN,Minnesota,44.064865,-94.3898,"Minnesota
(44.064865, -94.3898)"
Other events,2015:07:BNSF:TC0715120,0,0,0,25250,0,0,0,MORRISON,7/3/2015 0:00,13:45,2015,2015,"H997,","BNSF,",NA,"H9,","H,",SIDING,Minnesota,46.00149,-94.385141,"Minnesota
(46.00149, -94.385141)"
Derailments,2015:01:KCS:15011201,0,0,84000,11613,16,0,0,POLK,1/12/2015 0:00,5:33,2015,2015,"E67C,","KCS,",1,"E6,","E,",MAIN,Arkansas,34.476939,-94.379548,"Arkansas
(34.476939, -94.379548)"
Highway-rail impact,2015:12:KCS:15120301,0,0,0,23031,0,0,0,POLK,12/3/2015 0:00,14:43,2015,2016,"M302,","KCS,",1,"M3,","M,",MAIN,Arkansas,34.487751,-94.378036,"Arkansas
(34.487751, -94.378036)"
Highway-rail impact,2013:10:IAIS:2013046,0,1,2000,25000,1,0,0,GUTHRIE,10/8/2013 0:00,18:30,2013,2014,"M304,","IAIS,",1,"M3,","M,",MAIN,Iowa,41.521584,-94.37583,"Iowa
(41.521584, -94.37583)"
Other impacts,2016:08:KCS:16081602,0,0,15400,0,0,0,0,NEWTON,8/16/2016 0:00,10:00,2016,2016,"H018,","KCS,",5,"H0,","H,",MAIN,Missouri,36.833816,-94.370383,"Missouri
(36.833816, -94.370383)"
Side collision,2011:06:KCS:11060301,0,0,0,47625,0,0,0,POLK,6/3/2011 0:00,3:56,2011,2011,"H513,","KCS,",7,"H5,","H,",INDUSTRY,Arkansas,34.341598,-94.36991,"Arkansas
(34.341598, -94.36991)"
Other events,2011:07:BNSF:TC0711122,0,0,0,15000,0,0,0,MORRISON,7/25/2011 0:00,14:00,2011,2011,"H997,","BNSF,",9,"H9,","H,",YARD,Minnesota,45.977787,-94.369624,"Minnesota
(45.977787, -94.369624)"
Derailments,2015:12:UP:1215LK017,0,0,75826,1419,55,0,0,HARRISON,12/30/2015 0:00,5:53,2015,2016,"M103,","UP,",1,"M1,","M,",MAIN,Texas,32.552911,-94.367452,"Texas
(32.552911, -94.367452)"
Derailments,2015:12:BNSF:SF1215109,0,0,2500000,1260000,0,0,0,NEWTON,12/27/2015 0:00,9:30,2015,2016,"M103,","BNSF,",1,"M1,","M,",SIDING,Missouri,36.896684,-94.362385,"Missouri
(36.896684, -94.362385)"
Highway-rail impact,2013:10:UP:1013LK003,0,0,0,10864,0,0,0,BOWIE,10/4/2013 0:00,11:21,2013,2014,"M303,","UP,",1,"M3,","M,",MAIN,Texas,33.331138,-94.350788,"Texas
(33.331138, -94.350788)"
Highway-rail impact,2012:01:UP:0112LK005,0,0,1000,12632,0,0,0,BOWIE,1/5/2012 0:00,14:41,2012,2012,"M308,M302,","UP,",1,"M3,","M,",MAIN,Texas,33.332767,-94.345137,"Texas
(33.332767, -94.345137)"
Derailments,2011:07:UP:0711WH011,0,0,3200,36337,0,0,0,CRAWFORD,7/21/2011 0:00,11:42,2011,2011,"T314,","UP,",1,"T3,","T,",SIDING,Arkansas,35.429924,-94.344848,"Arkansas
(35.429924, -94.344848)"
Derailments,2016:01:BNSF:SF0116112,0,0,1500,20000,7,0,0,NEWTON,1/23/2016 0:00,21:49,2016,2016,"E21C,","BNSF,",1,"E2,","E,",MAIN,Missouri,36.915369,-94.343742,"Missouri
(36.915369, -94.343742)"
Derailments,2014:05:BNSF:CH0514101,0,0,4800,14405,0,0,0,JACKSON,5/7/2014 0:00,8:59,2014,2014,"H303,","BNSF,",1,"H3,","H,",SIDING,Missouri,39.173284,-94.339061,"Missouri
(39.173284, -94.339061)"
Derailments,2011:09:UP:0911WH008,0,0,175133,135023,9,0,0,CRAWFORD,9/21/2011 0:00,5:42,2011,2011,"M409,","UP,",1,"M4,","M,",MAIN,Arkansas,35.431453,-94.338373,"Arkansas
(35.431453, -94.338373)"
Fire/violent rupture,2013:11:KCS:13111401,0,0,0,52933,0,0,0,SEVIER,11/14/2013 0:00,13:29,2013,2014,"E74L,","KCS,",1,"E7,","E,",MAIN,Arkansas,34.040952,-94.336201,"Arkansas
(34.040952, -94.336201)"
Derailments,2012:12:BNSF:GC1212109,0,0,36800,46700,0,0,0,PANOLA,12/19/2012 0:00,22:00,2012,2013,"H020,","BNSF,",6,"H0,","H,",SIDING,Texas,32.1471,-94.33612,"Texas
(32.1471, -94.33612)"
Obstruction impact,2015:05:UP:0515LK033,0,0,600,22000,0,0,0,MARION,5/21/2015 0:00,9:35,2015,2015,"M404,","ATK,UP,",2,"M4,","M,",MAIN,Texas,32.787882,-94.334025,"Texas
(32.787882, -94.334025)"
Other events,2012:01:DME:230000,0,0,17810,75000,0,0,0,CLAY,1/15/2012 0:00,16:35,2012,2012,"M206,","DME,UP,",1,"M2,","M,",MAIN,Missouri,39.317211,-94.312988,"Missouri
(39.317211, -94.312988)"
Derailments,2012:10:DME:234053,0,0,1600300,950501,5,0,0,CLAY,10/26/2012 0:00,23:45,2012,2013,"T220,","DME,",1,"T2,","T,",MAIN,Missouri,39.31803,-94.3111,"Missouri
(39.31803, -94.3111)"
Derailments,2012:05:XMCD:INDUSTRY,0,0,9060,2777,0,0,0,HARRISON,5/15/2012 0:00,24:24:00,2012,2012,"T110,","UP,",1,"T1,","T,",INDUSTRY,Texas,32.550582,-94.294837,"Texas
(32.550582, -94.294837)"
Derailments,2013:01:UP:0113TC005,0,0,68981,1581359,0,0,0,WEBSTER,1/22/2013 0:00,3:00,2013,2013,"T299,","UP,",1,"T2,","T,",MAIN,Iowa,42.261625,-94.289517,"Iowa
(42.261625, -94.289517)"
Derailments,2016:05:XTBP:INDUSTRY,0,0,30000,500,0,0,0,BARTON,5/19/2016 0:00,18:50,2016,2016,"H702,","BNSF,",7,"H7,","H,",INDUSTRY,Missouri,37.486725,-94.287257,"Missouri
(37.486725, -94.287257)"
Other impacts,2015:01:UP:0115ES003,0,1,0,86000,0,0,0,CRAWFORD,1/16/2015 0:00,24:30:00,2015,2015,"H307,","UP,",NA,"H3,","H,",MAIN,Arkansas,35.457505,-94.275267,"Arkansas
(35.457505, -94.275267)"
Highway-rail impact,2012:10:UP:1012LV011,0,0,33,9515,0,0,0,JEFFERSON,10/12/2012 0:00,14:45,2012,2013,"M304,","UP,",1,"M3,","M,",MAIN,Texas,30.057852,-94.263184,"Texas
(30.057852, -94.263184)"
Derailments,2016:03:BNSF:GC0316116,0,0,8000,8000,0,0,0,SHELBY,3/29/2016 0:00,13:40,2016,2016,"E31C,","BNSF,",1,"E3,","E,",MAIN,Texas,31.947505,-94.254357,"Texas
(31.947505, -94.254357)"
Obstruction impact,2015:12:KCS:15121401,0,0,0,45230,0,0,0,MARION,12/14/2015 0:00,3:55,2015,2016,"M404,","KCS,",1,"M4,","M,",MAIN,Texas,32.716124,-94.252449,"Texas
(32.716124, -94.252449)"
Highway-rail impact,2013:02:UP:0213LV008,1,3,54066,908191,0,0,0,JEFFERSON,2/19/2013 0:00,8:00,2013,2013,"M399,","UP,",8,"M3,","M,",MAIN,Texas,30.060918,-94.240636,"Texas
(30.060918, -94.240636)"
Highway-rail impact,2011:09:BNSF:TC0911204,0,1,500,16000,0,0,0,BENTON,9/27/2011 0:00,16:20,2011,2011,"M302,","BNSF,",1,"M3,","M,",MAIN,Minnesota,45.773224,-94.240487,"Minnesota
(45.773224, -94.240487)"
Derailments,2016:05:DGNO:TNE980616D,0,0,62800,18000,0,0,0,BOWIE,5/24/2016 0:00,24:05:00,2016,2016,"T103,","DGNO,",1,"T1,","T,",YARD,Texas,33.463195,-94.239251,"Texas
(33.463195, -94.239251)"
Derailments,2012:12:KCS:12123002,0,0,90800,291889,3,1,0,JACKSON,12/30/2012 0:00,22:10,2012,2013,"T201,","KCS,",1,"T2,","T,",MAIN,Missouri,39.011556,-94.238856,"Missouri
(39.011556, -94.238856)"
Highway-rail impact,2013:08:UP:0813LK029,0,2,88455,387855,2,0,0,BOWIE,8/17/2013 0:00,9:46,2013,2013,"M302,M304,","UP,",1,"M3,","M,",MAIN,Texas,33.365515,-94.236926,"Texas
(33.365515, -94.236926)"
Derailments,2012:05:BNSF:CH0512104,0,0,2500,9500,0,0,0,JACKSON,5/8/2012 0:00,12:11,2012,2012,"E85C,E99C,","BNSF,",1,"E8,E9,","E,",INDUSTRY,Missouri,39.18293,-94.194222,"Missouri
(39.18293, -94.194222)"
Derailments,2016:07:BNSF:TC0716112,0,0,150000,233728,0,0,0,CASS,7/22/2016 0:00,14:15,2016,2016,"T109,","BNSF,",1,"T1,","T,",MAIN,Minnesota,47.343471,-94.192017,"Minnesota
(47.343471, -94.192017)"
Derailments,2013:07:TIBR:D540913,0,0,6000,10500,0,0,0,HARDIN,7/25/2013 0:00,8:10,2013,2013,"H021,","TIBR,",7,"H0,","H,",YARD,Texas,30.35243,-94.186654,"Texas
(30.35243, -94.186654)"
Derailments,2015:04:MPSX:INDUSTRY,0,0,0,13460,0,0,0,JACKSON,4/30/2015 0:00,1:00,2015,2015,"H503,","BNSF,",1,"H5,","H,",INDUSTRY,Missouri,39.175999,-94.186038,"Missouri
(39.175999, -94.186038)"
Other impacts,2011:06:TIBR:M541211,0,0,0,58500,0,0,0,HARDIN,6/23/2011 0:00,18:45,2011,2011,"H318,","TIBR,",6,"H3,","H,",YARD,Texas,30.352505,-94.185291,"Texas
(30.352505, -94.185291)"
Highway-rail impact,2014:06:UP:0614WH003,0,0,2488,19434,11,0,0,CRAWFORD,6/13/2014 0:00,1:21,2014,2014,"M308,","UP,",1,"M3,","M,",MAIN,Arkansas,35.483454,-94.185054,"Arkansas
(35.483454, -94.185054)"
Raking collision,2011:08:TIBR:M541611,0,0,0,22500,0,0,0,HARDIN,8/24/2011 0:00,20:30,2011,2011,"H307,","TIBR,",8,"H3,","H,",YARD,Texas,30.352105,-94.18483,"Texas
(30.352105, -94.18483)"
Side collision,2013:02:TIBR:M540213,0,0,0,21506,0,0,0,HARDIN,2/17/2013 0:00,14:16,2013,2013,"H018,","TIBR,",76,"H0,","H,",YARD,Texas,30.35361,-94.184224,"Texas
(30.35361, -94.184224)"
Derailments,2014:01:XMOP:INDUSTRY,0,0,0,100945,0,0,0,JACKSON,1/28/2014 0:00,9:00,2014,2014,"M101,","BNSF,",1,"M1,","M,",INDUSTRY,Missouri,39.176873,-94.181081,"Missouri
(39.176873, -94.181081)"
Other impacts,2011:11:BNSF:CH1111113,0,0,0,10000,0,0,0,JACKSON,11/16/2011 0:00,24:01:00,2011,2012,"H997,","BNSF,",9,"H9,","H,",MAIN,Missouri,39.189452,-94.168623,"Missouri
(39.189452, -94.168623)"
Derailments,2014:04:UP:0414LV010,0,0,35275,408,0,0,0,JEFFERSON,4/12/2014 0:00,6:00,2014,2014,"S099,","UP,",7,"S0,","S,",YARD,Texas,30.071078,-94.165627,"Texas
(30.071078, -94.165627)"
Derailments,2014:12:KCS:14120901,0,1,70384,191654,0,0,0,HARRISON,12/9/2014 0:00,5:06,2014,2015,"H605,H704,","KCS,",1,"H6,H7,","H,",MAIN,Texas,32.662596,-94.165404,"Texas
(32.662596, -94.165404)"
Other events,2014:10:AM:AM101014,0,1,58000,1250000,0,0,0,CRAWFORD,10/10/2014 0:00,12:03,2014,2015,"M103,M199,","AM,",1,"M1,","M,",MAIN,Arkansas,35.727603,-94.160728,"Arkansas
(35.727603, -94.160728)"
Derailments,2014:03:UP:0314LV017,0,0,1434,27173,0,0,0,JEFFERSON,3/17/2014 0:00,5:30,2014,2014,"H306,","UP,",7,"H3,","H,",YARD,Texas,30.072225,-94.157445,"Texas
(30.072225, -94.157445)"
Derailments,2011:09:UP:0911LV016,0,0,31376,1192,1,1,0,JEFFERSON,9/18/2011 0:00,8:25,2011,2011,"S007,","UP,",7,"S0,","S,",YARD,Texas,30.072231,-94.1574,"Texas
(30.072231, -94.1574)"
Derailments,2011:09:UP:0911LV021,0,0,400,10643,0,0,0,JEFFERSON,9/24/2011 0:00,10:00,2011,2011,"T216,","UP,",7,"T2,","T,",YARD,Texas,30.072231,-94.1574,"Texas
(30.072231, -94.1574)"
Derailments,2012:01:UP:0112LV008,0,0,5440,9023,0,0,0,JEFFERSON,1/10/2012 0:00,19:20,2012,2012,"T110,","UP,",7,"T1,","T,",YARD,Texas,30.072154,-94.157384,"Texas
(30.072154, -94.157384)"
Derailments,2014:02:UP:0214LV002,0,0,19760,2772,1,1,0,JEFFERSON,2/4/2014 0:00,5:00,2014,2014,"T220,","UP,",7,"T2,","T,",YARD,Texas,30.072431,-94.155611,"Texas
(30.072431, -94.155611)"
Derailments,2013:02:KCS:13022001,0,0,73818,72912,2,0,0,LITTLE RIVER,2/20/2013 0:00,5:46,2013,2013,"H504,","KCS,",1,"H5,","H,",MAIN,Arkansas,33.746997,-94.155589,"Arkansas
(33.746997, -94.155589)"
Derailments,2011:12:UP:1211LV010,0,0,4416,27929,0,0,0,JEFFERSON,12/23/2011 0:00,4:45,2011,2012,"T299,","UP,",7,"T2,","T,",YARD,Texas,30.072668,-94.154163,"Texas
(30.072668, -94.154163)"
Derailments,2014:01:UP:0114LV015,0,0,7488,4369,20,0,0,JEFFERSON,1/21/2014 0:00,8:25,2014,2014,"S007,","UP,",75,"S0,","S,",YARD,Texas,30.073104,-94.150925,"Texas
(30.073104, -94.150925)"
Raking collision,2015:02:UP:0215LV006,0,0,0,16315,0,0,0,JEFFERSON,2/16/2015 0:00,5:35,2015,2015,"M507,","UP,",75,"M5,","M,",YARD,Texas,30.073242,-94.149314,"Texas
(30.073242, -94.149314)"
Derailments,2014:09:UP:0914LV007,0,0,49567,2043,6,3,0,JEFFERSON,9/8/2014 0:00,19:40,2014,2014,"T110,","UP,",7,"T1,","T,",YARD,Texas,30.07284,-94.149269,"Texas
(30.07284, -94.149269)"
Derailments,2011:06:BNSF:TC0611114,0,0,8400,1500,0,0,0,BENTON,6/22/2011 0:00,16:20,2011,2011,"H607,H702,","BNSF,",4,"H6,H7,","H,",YARD,Minnesota,45.565862,-94.147257,"Minnesota
(45.565862, -94.147257)"
Derailments,2014:08:UP:0814LV005,0,0,2736,52000,39,1,0,JEFFERSON,8/8/2014 0:00,1:15,2014,2014,"H307,","UP,",7,"H3,","H,",YARD,Texas,30.069337,-94.145295,"Texas
(30.069337, -94.145295)"
Side collision,2012:05:UP:0512LV006,0,0,0,13126,25,0,0,JEFFERSON,5/10/2012 0:00,16:44,2012,2012,"M507,","UP,",17,"M5,","M,",YARD,Texas,30.073936,-94.144449,"Texas
(30.073936, -94.144449)"
Derailments,2012:08:UP:0812LV020,0,0,10191,1493,0,0,0,JEFFERSON,8/31/2012 0:00,16:15,2012,2012,"S099,","UP,",8,"S0,","S,",YARD,Texas,30.074414,-94.141214,"Texas
(30.074414, -94.141214)"
Raking collision,2015:07:UP:0715LV005,0,0,114,27508,2,2,0,JEFFERSON,7/9/2015 0:00,11:30,2015,2015,"H602,","UP,",7,"H6,","H,",YARD,Texas,30.074373,-94.141208,"Texas
(30.074373, -94.141208)"
Other impacts,2015:07:UP:0715LV006,0,0,0,14518,1,1,0,JEFFERSON,7/10/2015 0:00,5:15,2015,2015,"M407,","UP,",57,"M4,","M,",YARD,Texas,30.074373,-94.141208,"Texas
(30.074373, -94.141208)"
Derailments,2013:10:KRR:KRR454813D,0,0,24711,151214,0,0,0,LITTLE RIVER,10/17/2013 0:00,9:05,2013,2014,"T110,T001,","KRR,",1,"T1,T0,","T,",SIDING,Arkansas,33.67543,-94.14113,"Arkansas
(33.67543, -94.14113)"
Derailments,2014:08:UP:0814LV014,0,0,25036,1750,1,1,0,JEFFERSON,8/20/2014 0:00,11:06,2014,2014,"T110,","BNSF,UP,",7,"T1,","T,",YARD,Texas,30.074636,-94.139568,"Texas
(30.074636, -94.139568)"
Head on collision,2014:10:AM:AM101614,0,45,2500,325000,0,0,0,WASHINGTON,10/16/2014 0:00,10:30,2014,2015,"H404,H606,","AM,",82,"H4,H6,H4,H6,","H,",MAIN,Arkansas,35.869128,-94.139062,"Arkansas
(35.869128, -94.139062)"
Obstruction impact,2012:03:UP:0312LV009,0,0,20530,89134,29,1,0,SHELBY,3/25/2012 0:00,8:00,2012,2012,"M404,","UP,",1,"M4,","M,",MAIN,Texas,31.966605,-94.130509,"Texas
(31.966605, -94.130509)"
Derailments,2012:07:UP:0712LV007,0,0,5798,5481,0,0,0,JEFFERSON,7/13/2012 0:00,10:30,2012,2012,"H303,","UP,",7,"H3,","H,",MAIN,Texas,30.076385,-94.124747,"Texas
(30.076385, -94.124747)"
Other impacts,2013:05:BNSF:GC0513118,0,0,0,30330,9,2,0,JEFFERSON,5/24/2013 0:00,23:00,2013,2013,"H318,","BNSF,",75,"H3,","H,",YARD,Texas,30.102884,-94.122573,"Texas
(30.102884, -94.122573)"
Derailments,2015:04:BNSF:GC0415109,0,0,271424,55000,4,4,0,JEFFERSON,4/26/2015 0:00,15:00,2015,2015,"H607,H702,","BNSF,",7,"H6,H7,","H,",MAIN,Texas,30.100413,-94.120684,"Texas
(30.100413, -94.120684)"
Derailments,2012:12:BNSF:GC1212116,0,0,1175,8409,17,0,0,JEFFERSON,12/26/2012 0:00,5:45,2012,2013,"H607,H702,","BNSF,",1,"H6,H7,","H,",YARD,Texas,30.09703,-94.11824,"Texas
(30.09703, -94.11824)"
Side collision,2015:05:BNSF:GC0515120,0,0,0,21400,35,0,0,JEFFERSON,5/31/2015 0:00,16:00,2015,2015,"E35C,","BNSF,",7,"E3,","E,",YARD,Texas,30.094057,-94.116154,"Texas
(30.094057, -94.116154)"
Derailments,2015:10:BNSF:GC1015110,0,0,334000,28933,0,0,0,JEFFERSON,10/26/2015 0:00,7:30,2015,2016,"M404,","BNSF,",1,"M4,","M,",YARD,Texas,30.093626,-94.115884,"Texas
(30.093626, -94.115884)"
Derailments,2011:10:BNSF:GC1011120,0,0,8500,7660,0,0,0,JEFFERSON,10/29/2011 0:00,9:45,2011,2012,"T210,","BNSF,",7,"T2,","T,",YARD,Texas,30.093886,-94.115658,"Texas
(30.093886, -94.115658)"
Derailments,2012:12:XPBE:INDUSTRY,0,0,1000,8550,0,0,0,JEFFERSON,12/22/2012 0:00,3:55,2012,2013,"T110,","BNSF,",1,"T1,","T,",INDUSTRY,Texas,30.093887,-94.115658,"Texas
(30.093887, -94.115658)"
Derailments,2013:01:BNSF:GC0113105,0,0,1000,17201,0,0,0,JEFFERSON,1/7/2013 0:00,13:45,2013,2013,"T314,","BNSF,",7,"T3,","T,",YARD,Texas,30.093887,-94.115658,"Texas
(30.093887, -94.115658)"
Derailments,2013:06:XTGS:F0122013,0,0,244316,59483,0,0,0,JEFFERSON,6/22/2013 0:00,14:00,2013,2013,"T111,","BNSF,XTGS,",1,"T1,","T,",INDUSTRY,Texas,30.093887,-94.115658,"Texas
(30.093887, -94.115658)"
Derailments,2013:07:XPHY:INDUSTRY,0,0,1000,10463,0,0,0,JEFFERSON,7/28/2013 0:00,22:00,2013,2013,"T110,","BNSF,",1,"T1,","T,",INDUSTRY,Texas,30.093887,-94.115658,"Texas
(30.093887, -94.115658)"
Derailments,2014:02:BNSF:GC0214101,0,0,82340,5624,1,1,0,JEFFERSON,2/14/2014 0:00,24:00:00,2014,2014,"T110,","BNSF,",1,"T1,","T,",YARD,Texas,30.093887,-94.115658,"Texas
(30.093887, -94.115658)"
Side collision,2013:12:KCS:13122701,0,0,0,52700,12,1,0,JEFFERSON,12/27/2013 0:00,5:15,2013,2014,"H699,","KCS,",7,"H6,","H,",YARD,Texas,30.076189,-94.115644,"Texas
(30.076189, -94.115644)"
Derailments,2016:07:BNSF:GC0716111,0,0,13300,250,0,0,0,JEFFERSON,7/22/2016 0:00,11:26,2016,2016,"T311,","BNSF,",8,"T3,","T,",YARD,Texas,30.092415,-94.115336,"Texas
(30.092415, -94.115336)"
Derailments,2011:06:BNSF:GC0611109,0,0,0,28212,4,0,0,JEFFERSON,6/18/2011 0:00,4:04,2011,2011,"M503,","BNSF,",1,"M5,","M,",YARD,Texas,30.093403,-94.115296,"Texas
(30.093403, -94.115296)"
Derailments,2016:07:TIBR:160727001,0,0,0,22000,2,2,0,HARDIN,7/27/2016 0:00,2:00,2016,2016,"H306,H307,","TIBR,",7,"H3,","H,",YARD,Texas,30.211442,-94.112633,"Texas
(30.211442, -94.112633)"
Derailments,2012:07:BNSF:GC0712101,0,0,303000,27612,35,4,0,JEFFERSON,7/12/2012 0:00,22:45,2012,2012,"H506,","BNSF,",1,"H5,","H,",YARD,Texas,30.089225,-94.112545,"Texas
(30.089225, -94.112545)"
Raking collision,2015:11:TIBR:M541115,0,0,0,25000,1,1,0,HARDIN,11/24/2015 0:00,12:06,2015,2016,"H018,","TIBR,",7,"H0,","H,",YARD,Texas,30.210578,-94.110247,"Texas
(30.210578, -94.110247)"
Side collision,2016:01:TIBR:IN20160111,0,0,0,28004,0,0,0,HARDIN,1/11/2016 0:00,21:00,2016,2016,"H020,","TIBR,",76,"H0,","H,",YARD,Texas,30.210572,-94.110229,"Texas
(30.210572, -94.110229)"
Derailments,2016:04:KCS:16042302,0,0,19486,0,0,0,0,CASS,4/23/2016 0:00,6:50,2016,2016,"H702,","KCS,",7,"H7,","H,",INDUSTRY,Texas,33.25178,-94.110019,"Texas
(33.25178, -94.110019)"
Other impacts,2014:04:BNSF:GC0414109,0,0,0,67324,1,1,0,JEFFERSON,4/25/2014 0:00,20:00,2014,2014,"H318,","BNSF,",7,"H3,","H,",YARD,Texas,30.09518,-94.11,"Texas
(30.09518, -94.11)"
Derailments,2014:08:KCS:14081101,0,0,0,11636,0,0,0,LITTLE RIVER,8/11/2014 0:00,14:30,2014,2014,"H303,H307,","KCS,",8,"H3,","H,",INDUSTRY,Arkansas,33.644107,-94.108942,"Arkansas
(33.644107, -94.108942)"
Derailments,2011:11:UP:1111LV006,0,0,2036,29000,0,0,0,JEFFERSON,11/14/2011 0:00,17:45,2011,2012,"T102,","BNSF,UP,",1,"T1,","T,",MAIN,Texas,30.076086,-94.108019,"Texas
(30.076086, -94.108019)"
Derailments,2015:05:UP:0515LV001,0,0,40997,74862,2,2,0,JEFFERSON,5/3/2015 0:00,18:45,2015,2015,"H607,H702,","BNSF,UP,",1,"H6,H7,H6,H7,","H,",YARD,Texas,30.076043,-94.107324,"Texas
(30.076043, -94.107324)"
Side collision,2013:03:KCS:13030901,0,0,0,116297,1,1,0,LITTLE RIVER,3/9/2013 0:00,10:50,2013,2013,"M501,","KCS,",16,"M5,","M,",INDUSTRY,Arkansas,33.648238,-94.105915,"Arkansas
(33.648238, -94.105915)"
Derailments,2013:07:XTGS:F0112013,0,0,153875,133306,0,0,0,JEFFERSON,7/4/2013 0:00,13:45,2013,2013,"T399,","UP,XTGS,",1,"T3,","T,",INDUSTRY,Texas,30.07608,-94.105058,"Texas
(30.07608, -94.105058)"
Derailments,2015:07:ARS:D626115,0,0,50000,90290,0,0,0,SCOTT,7/6/2015 0:00,2:20,2015,2015,"M199,","ARS,",1,"M1,","M,",MAIN,Arkansas,34.561201,-94.101901,"Arkansas
(34.561201, -94.101901)"
Side collision,2013:06:TIBR:M540613,0,0,0,26000,2,2,0,HARDIN,6/11/2013 0:00,1:30,2013,2013,"H302,","TIBR,",76,"H3,","H,",INDUSTRY,Texas,30.2215,-94.1016,"Texas
(30.2215, -94.1016)"
Other events,2016:01:BNSF:SF0116102,0,0,20000,0,1,0,0,BARTON,1/7/2016 0:00,19:40,2016,2016,"H307,H702,","BNSF,",1,"H3,H7,","H,",MAIN,Missouri,37.402353,-94.101333,"Missouri
(37.402353, -94.101333)"
Side collision,2012:08:KCS:12083005,0,0,1713,9000,2,2,0,JEFFERSON,8/30/2012 0:00,4:45,2012,2012,"H020,","KCS,",76,"H0,","H,",YARD,Texas,30.075066,-94.101045,"Texas
(30.075066, -94.101045)"
Derailments,2015:08:BNSF:GC0815116,0,0,0,24000,0,0,0,JEFFERSON,8/14/2015 0:00,24:30:00,2015,2015,"H505,","BNSF,",1,"H5,","H,",YARD,Texas,30.090894,-94.100171,"Texas
(30.090894, -94.100171)"