AccidentType,inckey,Fatalities,Injuries,TrackDamage,EquipmentDamage,HazmatCars,HazmatCarsDerailed,HazmatCarsReleasing,County,DisplayDate,DisplayTime,calendar,Fiscal,AccidentCause,RailroadCodes,RAILEQUIPMENT_TYPE,CauseGroup,CauseDiscipline,TYPE_OF_TRACK,StateName,latitude,longitude,GeoLocation
Derailments,2012:02:XTGS:F0082012,0,0,10024,875,0,0,0,JEFFERSON,2/2/2012 0:00,13:55,2012,2012,"T319,","XTGS,",7,"T3,","T,",INDUSTRY,Texas,30.059586,-94.0979,"Texas
(30.059586, -94.0979)"
Derailments,2014:09:UP:0914LK003,0,0,72936,702738,0,0,0,BOWIE,9/3/2014 0:00,1:18,2014,2014,"M402,T110,","UP,",1,"M4,T1,","M,T,",MAIN,Texas,33.402518,-94.0977,"Texas
(33.402518, -94.0977)"
Derailments,2013:06:XTGS:F0132013,0,0,147726,72267,0,0,0,JEFFERSON,6/28/2013 0:00,4:45,2013,2013,"T311,","UP,XTGS,",61,"T3,","T,",INDUSTRY,Texas,30.086805,-94.095963,"Texas
(30.086805, -94.095963)"
Derailments,2013:04:UP:0413TC012,0,0,251687,461709,0,0,0,FARIBAULT,4/28/2013 0:00,17:15,2013,2013,"T201,T202,","UP,",1,"T2,","T,",MAIN,Minnesota,43.640021,-94.094338,"Minnesota
(43.640021, -94.094338)"
Derailments,2014:08:UP:0814TC011,0,0,85000,49135,0,0,0,FARIBAULT,8/19/2014 0:00,19:45,2014,2014,"T111,","UP,",1,"T1,","T,",INDUSTRY,Minnesota,43.636361,-94.094268,"Minnesota
(43.636361, -94.094268)"
Derailments,2016:04:KCS:16040602,0,0,469,16104,0,0,0,JEFFERSON,4/6/2016 0:00,23:20,2016,2016,"H518,","BNSF,KCS,",1,"H5,","H,",MAIN,Texas,30.081228,-94.093184,"Texas
(30.081228, -94.093184)"
Other events,2013:06:KCS:13061102,0,0,98916,0,0,0,0,JEFFERSON,6/11/2013 0:00,16:25,2013,2013,"H996,H305,","KCS,XTGS,",7,"H9,H3,","H,",INDUSTRY,Texas,30.081397,-94.09213,"Texas
(30.081397, -94.09213)"
Derailments,2011:09:TXTX:F0292011,0,0,13050,2200,0,0,0,JEFFERSON,9/19/2011 0:00,11:30,2011,2011,"T205,","TXTX,",7,"T2,","T,",INDUSTRY,Texas,30.078081,-94.0909,"Texas
(30.078081, -94.0909)"
Derailments,2016:04:KCS:16040105,0,0,4560,11682,11,0,0,JEFFERSON,4/1/2016 0:00,17:05,2016,2016,"T314,","KCS,",7,"T3,","T,",YARD,Texas,30.088307,-94.088708,"Texas
(30.088307, -94.088708)"
Derailments,2013:06:XPBE:INDUSTRY,0,0,1861,34768,0,0,0,JEFFERSON,6/4/2013 0:00,14:00,2013,2013,"T314,","UP,",1,"T3,","T,",INDUSTRY,Texas,30.090311,-94.076327,"Texas
(30.090311, -94.076327)"
Derailments,2016:05:TIBR:160514001,0,0,56000,20000,0,0,0,SAN AUGUSTINE,5/14/2016 0:00,16:15,2016,2016,"T205,","TIBR,",1,"T2,","T,",MAIN,Texas,31.290213,-94.070204,"Texas
(31.290213, -94.070204)"
Derailments,2016:06:KCS:16062803,0,0,50000,28708,0,0,0,CASS,6/28/2016 0:00,15:29,2016,2016,"H703,","KCS,",7,"H7,","H,",INDUSTRY,Texas,33.252506,-94.069565,"Texas
(33.252506, -94.069565)"
Derailments,2013:07:MNA:MNA416113D,0,0,17500,35000,0,0,0,BATES,7/31/2013 0:00,16:23,2013,2013,"T109,","MNA,",1,"T1,","T,",MAIN,Missouri,38.102977,-94.064726,"Missouri
(38.102977, -94.064726)"
Highway-rail impact,2014:11:UP:1114LV002,0,0,0,22139,0,0,0,SHELBY,11/7/2014 0:00,24:47:00,2014,2015,"M308,","UP,",1,"M3,","M,",MAIN,Texas,31.968568,-94.063403,"Texas
(31.968568, -94.063403)"
RR crossing collision,2013:03:UP:0313LK031,0,0,140,180139,53,0,0,BOWIE,3/31/2013 0:00,11:30,2013,2013,"H402,","BNSF,KCS,UP,",NA,"H4,","H,",MAIN,Texas,33.390323,-94.062027,"Texas
(33.390323, -94.062027)"
Derailments,2011:07:BNSF:TC0711106,0,0,210000,1016704,0,0,0,CROW WING,7/10/2011 0:00,16:20,2011,2011,"T109,T001,","BNSF,",1,"T1,T0,","T,",MAIN,Minnesota,46.406621,-94.061838,"Minnesota
(46.406621, -94.061838)"
Derailments,2013:02:KCS:13021502,0,0,105210,81688,1,0,0,ORANGE,2/15/2013 0:00,16:29,2013,2013,"H503,","KCS,",1,"H5,","H,",MAIN,Texas,30.100267,-94.058114,"Texas
(30.100267, -94.058114)"
Other impacts,2014:08:KCS:14082602,0,0,0,66062,0,0,0,BOWIE,8/26/2014 0:00,16:30,2014,2014,"H307,H302,","KCS,",87,"H3,","H,",YARD,Texas,33.429656,-94.056289,"Texas
(33.429656, -94.056289)"
Derailments,2013:04:DGNO:TNE367113O,0,0,110000,26461,1,1,0,BOWIE,4/21/2013 0:00,4:30,2013,2013,"T110,","BNSF,DGNO,",1,"T1,","T,",MAIN,Texas,33.421286,-94.053194,"Texas
(33.421286, -94.053194)"
Derailments,2011:09:KCS:11091504,0,0,20875,13356,0,0,0,BOWIE,9/15/2011 0:00,24:40:00,2011,2011,"T314,","KCS,UP,",7,"T3,","T,",MAIN,Texas,33.421022,-94.05247,"Texas
(33.421022, -94.05247)"
Highway-rail impact,2011:07:KCS:11072804,0,0,10107,7580,0,0,0,ORANGE,7/28/2011 0:00,17:52,2011,2011,"M304,","KCS,UP,",1,"M3,","M,",MAIN,Texas,30.10344,-94.05218,"Texas
(30.10344, -94.05218)"
RR crossing collision,2015:09:UP:0915LK010,0,2,1572511,3091562,8,0,0,BOWIE,9/8/2015 0:00,12:34,2015,2015,"H401,","UP,",1,"H4,","H,",MAIN,Texas,33.415589,-94.051147,"Texas
(33.415589, -94.051147)"
Derailments,2016:05:UP:0516LK026,0,0,0,12731,0,0,0,BOWIE,5/25/2016 0:00,5:32,2016,2016,"H303,","UP,",7,"H3,","H,",YARD,Texas,33.41804,-94.046663,"Texas
(33.41804, -94.046663)"
Raking collision,2015:11:SRN:1501,0,0,0,45000,4,2,0,JASPER,11/24/2015 0:00,3:00,2015,2016,"H702,H704,","XTGS,",7,"H7,","H,",INDUSTRY,Texas,30.355697,-94.045876,"Texas
(30.355697, -94.045876)"
Derailments,2011:07:KCS:11070502,0,0,207863,1741508,0,0,0,LITTLE RIVER,7/5/2011 0:00,16:06,2011,2011,"T210,","KCS,",1,"T2,","T,",MAIN,Arkansas,33.5864,-94.045781,"Arkansas
(33.5864, -94.045781)"
Other events,2012:05:BNSF:CH0512108,0,4,20000,0,2,0,0,RAY,5/16/2012 0:00,11:10,2012,2012,"H221,","BNSF,",1,"H2,","H,",MAIN,Missouri,39.191995,-94.043813,"Missouri
(39.191995, -94.043813)"
Derailments,2012:03:UP:0312LK019,0,0,109608,3608,0,0,0,MILLER,3/15/2012 0:00,21:46,2012,2012,"T220,","UP,",1,"T2,","T,",YARD,Arkansas,33.419822,-94.042669,"Arkansas
(33.419822, -94.042669)"
Highway-rail impact,2014:05:KCS:14053001,0,0,0,48000,11,0,0,MILLER,5/30/2014 0:00,14:10,2014,2014,"M304,","KCS,",1,"M3,","M,",MAIN,Arkansas,33.09559,-94.04175,"Arkansas
(33.09559, -94.04175)"
Derailments,2013:12:UP:1213LK024,0,0,11110,693,28,0,0,MILLER,12/30/2013 0:00,23:20,2013,2014,"T207,","UP,",1,"T2,","T,",YARD,Arkansas,33.418367,-94.041584,"Arkansas
(33.418367, -94.041584)"
Side collision,2014:11:UP:1114TC011,0,0,210567,198738,0,0,0,BLUE EARTH,11/27/2014 0:00,2:31,2014,2015,"H603,","CP,UP,",11,"H6,","H,",MAIN,Minnesota,44.15572,-94.039818,"Minnesota
(44.15572, -94.039818)"
Derailments,2015:01:UP:0115LK020,0,0,12216,1108,0,0,0,MILLER,1/24/2015 0:00,8:11,2015,2015,"T219,","UP,",7,"T2,","T,",YARD,Arkansas,33.418561,-94.037689,"Arkansas
(33.418561, -94.037689)"
Derailments,2013:10:UP:1013LK028,0,0,80553,4463,0,0,0,MILLER,10/31/2013 0:00,10:16,2013,2014,"T110,","UP,",7,"T1,","T,",YARD,Arkansas,33.423294,-94.037613,"Arkansas
(33.423294, -94.037613)"
Derailments,2015:01:UP:0115LK025,0,0,9810,4280,0,0,0,MILLER,1/27/2015 0:00,9:46,2015,2015,"T201,","UP,",7,"T2,","T,",YARD,Arkansas,33.422484,-94.037122,"Arkansas
(33.422484, -94.037122)"
Fire/violent rupture,2016:05:UP:0516LK011,0,0,0,12205,0,0,0,MILLER,5/5/2016 0:00,4:02,2016,2016,"E73L,","UP,",1,"E7,","E,",MAIN,Arkansas,33.422554,-94.036999,"Arkansas
(33.422554, -94.036999)"
Derailments,2015:12:UP:1215CB016,0,0,117269,14719,0,0,0,BOONE,12/28/2015 0:00,11:25,2015,2016,"E53C,","UP,",1,"E5,","E,",MAIN,Iowa,42.039398,-94.036472,"Iowa
(42.039398, -94.036472)"
Derailments,2012:07:UP:0712LK031,0,0,72530,50814,54,1,0,MILLER,7/30/2012 0:00,10:38,2012,2012,"T220,","UP,",1,"T2,","T,",SIDING,Arkansas,33.420898,-94.030328,"Arkansas
(33.420898, -94.030328)"
Derailments,2013:11:UP:1113LK022,0,0,55825,57236,0,0,0,MILLER,11/28/2013 0:00,5:55,2013,2014,"T111,T113,","UP,",51,"T1,","T,",YARD,Arkansas,33.430867,-94.027413,"Arkansas
(33.430867, -94.027413)"
Highway-rail impact,2013:11:UP:1113TC004,0,2,577,26763,0,0,0,FARIBAULT,11/15/2013 0:00,7:43,2013,2014,"M304,","UP,",1,"M3,","M,",MAIN,Minnesota,43.608388,-94.017258,"Minnesota
(43.608388, -94.017258)"
Other impacts,2015:01:BNSF:CH0115121,0,0,0,57719,0,0,0,KNOX,1/26/2015 0:00,10:50,2015,2015,"M407,M202,","BNSF,",7,"M4,M2,","M,",YARD,Illinois,39.28606,-94.013049,"Illinois
(39.28606, -94.013049)"
Derailments,2013:08:TRCR:INDUSTRY,0,0,1238,20405,0,0,0,ORANGE,8/7/2013 0:00,12:45,2013,2013,"T310,","UP,",16,"T3,","T,",INDUSTRY,Texas,30.102132,-94.003491,"Texas
(30.102132, -94.003491)"
Derailments,2016:06:UP:0616LV003,0,0,20629,73005,0,0,0,JEFFERSON,6/2/2016 0:00,7:15,2016,2016,"E64C,","UP,",1,"E6,","E,",INDUSTRY,Texas,29.874187,-93.997301,"Texas
(29.874187, -93.997301)"
Highway-rail impact,2014:04:KCS:14041001,0,0,0,15841,0,0,0,JEFFERSON,4/10/2014 0:00,7:55,2014,2014,"M303,","KCS,",NA,"M3,","M,",YARD,Texas,29.98059,-93.99462,"Texas
(29.98059, -93.99462)"
Derailments,2012:03:GEPQ:INDUSTRY,0,0,5500,8420,0,0,0,KOSSUTH,3/12/2012 0:00,3:50,2012,2012,"T110,","DME,",1,"T1,","T,",INDUSTRY,Iowa,43.0886,-93.99445,"Iowa
(43.0886, -93.99445)"
Derailments,2011:12:UP:1211TC002,0,0,405,14098,0,0,0,BLUE EARTH,12/5/2011 0:00,22:43,2011,2012,"T311,E46C,","DME,UP,",1,"T3,E4,T3,","T,E,T,",YARD,Minnesota,44.195312,-93.987043,"Minnesota
(44.195312, -93.987043)"
Rear end collision,2013:07:KCS:13073001,0,2,139196,1091790,26,0,0,CADDO,7/30/2013 0:00,7:50,2013,2013,"H222,H605,H607,","KCS,",11,"H2,H6,H2,H6,","H,",MAIN,Louisiana,32.868618,-93.986864,"Louisiana
(32.868618, -93.986864)"
Derailments,2013:10:UP:1013TC004,0,0,157054,43968,0,0,0,BLUE EARTH,10/7/2013 0:00,24:20:00,2013,2014,"T314,","CP,UP,",1,"T3,","T,",YARD,Minnesota,44.203996,-93.986161,"Minnesota
(44.203996, -93.986161)"
Rear end collision,2015:07:KCS:15070301,0,2,7850,108764,4,0,0,CADDO,7/3/2015 0:00,7:45,2015,2015,"H605,","KCS,",1,"H6,","H,",MAIN,Louisiana,32.859318,-93.985291,"Louisiana
(32.859318, -93.985291)"
Highway-rail impact,2013:07:UP:0713SL006,0,0,0,18125,0,0,0,LAFAYETTE,7/17/2013 0:00,15:00,2013,2013,"M308,","UP,",1,"M3,","M,",MAIN,Missouri,39.135905,-93.983776,"Missouri
(39.135905, -93.983776)"
Derailments,2014:07:KCS:14070802,0,0,312910,69134,121,0,0,CADDO,7/8/2014 0:00,14:50,2014,2014,"T109,","KCS,",1,"T1,","T,",MAIN,Louisiana,32.912055,-93.981847,"Louisiana
(32.912055, -93.981847)"
Derailments,2012:06:MNA:ID120290,0,0,0,10300,0,0,0,HENRY,6/25/2012 0:00,7:30,2012,2012,"H403,","MNA,",1,"H4,","H,",INDUSTRY,Missouri,38.259445,-93.981389,"Missouri
(38.259445, -93.981389)"
Derailments,2012:08:KRR:ID120407,0,0,50000,36000,0,0,0,LITTLE RIVER,8/28/2012 0:00,23:34,2012,2012,"E49C,","KRR,",1,"E4,","E,",MAIN,Arkansas,33.65,-93.98,"Arkansas
(33.65, -93.98)"
Derailments,2015:04:ZKMT:INDUSTRY,0,0,4864,12138,3,0,0,JEFFERSON,4/26/2015 0:00,8:00,2015,2015,"T216,","UP,",1,"T2,","T,",INDUSTRY,Texas,29.835168,-93.968162,"Texas
(29.835168, -93.968162)"
Derailments,2015:06:UP:0615KC017,0,0,0,27081,0,0,0,CALDWELL,6/20/2015 0:00,5:17,2015,2015,"M506,","UP,",4,"M5,","M,",MAIN,Missouri,39.63006,-93.965946,"Missouri
(39.63006, -93.965946)"
Derailments,2014:04:AM:040814,0,0,125000,446891,0,0,0,BENTON,4/8/2014 0:00,11:00,2014,2014,"T221,T210,","AM,",1,"T2,","T,",MAIN,Arkansas,36.450573,-93.963819,"Arkansas
(36.450573, -93.963819)"
Derailments,2012:03:KCS:12031901,0,0,14836,250,0,0,0,JEFFERSON,3/19/2012 0:00,18:30,2012,2012,"M501,","KCS,",6,"M5,","M,",INDUSTRY,Texas,29.840122,-93.958538,"Texas
(29.840122, -93.958538)"
Derailments,2015:01:KCS:15011603,0,0,15470,4128,0,0,0,JEFFERSON,1/16/2015 0:00,15:15,2015,2015,"M599,","KCS,",1,"M5,","M,",INDUSTRY,Texas,29.879467,-93.953183,"Texas
(29.879467, -93.953183)"
Side collision,2011:09:KCS:11090801,0,0,250,33000,0,0,0,JEFFERSON,9/8/2011 0:00,16:30,2011,2011,"H302,","KCS,",57,"H3,","H,",YARD,Texas,29.877911,-93.952745,"Texas
(29.877911, -93.952745)"
Derailments,2012:06:KCS:12061803,0,0,1525,64170,0,0,0,JEFFERSON,6/18/2012 0:00,22:30,2012,2012,"T207,","KCS,",8,"T2,","T,",YARD,Texas,29.942133,-93.94966,"Texas
(29.942133, -93.94966)"
Derailments,2011:10:UP:1011LV012,0,0,44068,25243,69,3,0,DE SOTO,10/12/2011 0:00,18:20,2011,2012,"H799,","UP,",1,"H7,","H,",MAIN,Louisiana,32.10106,-93.948565,"Louisiana
(32.10106, -93.948565)"
Derailments,2016:07:KCS:16071801,0,0,474,18305,0,0,0,JEFFERSON,7/18/2016 0:00,4:30,2016,2016,"T314,","KCS,",8,"T3,","T,",YARD,Texas,29.860843,-93.946861,"Texas
(29.860843, -93.946861)"
Derailments,2015:12:KCS:15122001,0,0,6272,6100,19,1,0,JEFFERSON,12/20/2015 0:00,3:00,2015,2016,"T314,","KCS,",1,"T3,","T,",YARD,Texas,29.85732,-93.945591,"Texas
(29.85732, -93.945591)"
Derailments,2014:05:KCS:14050701,0,0,12281,6000,0,0,0,JEFFERSON,5/7/2014 0:00,12:35,2014,2014,"T317,","KCS,",7,"T3,","T,",INDUSTRY,Texas,29.8576,-93.945333,"Texas
(29.8576, -93.945333)"
Other impacts,2015:10:KCS:15102502,0,0,2500,17000,0,0,0,JEFFERSON,10/25/2015 0:00,16:00,2015,2016,"H702,","KCS,",68,"H7,","H,",YARD,Texas,29.85758,-93.945125,"Texas
(29.85758, -93.945125)"
Derailments,2013:11:KCS:13112202,0,0,3500,22926,4,0,0,JEFFERSON,11/12/2013 0:00,16:20,2013,2014,"T319,","KCS,",1,"T3,","T,",INDUSTRY,Texas,29.97532,-93.944674,"Texas
(29.97532, -93.944674)"
Derailments,2014:10:KCS:14100904,0,0,8187,10700,18,0,0,JEFFERSON,10/9/2014 0:00,20:15,2014,2015,"T210,","KCS,",1,"T2,","T,",YARD,Texas,29.936257,-93.944646,"Texas
(29.936257, -93.944646)"
Derailments,2015:02:KCS:15022406,0,0,8468,3700,0,0,0,JEFFERSON,2/24/2015 0:00,24:00:00,2015,2015,"T210,","KCS,",7,"T2,","T,",YARD,Texas,29.930908,-93.939819,"Texas
(29.930908, -93.939819)"
Derailments,2012:03:KCS:12031206,0,0,6380,8700,0,0,0,JEFFERSON,3/12/2012 0:00,24:30:00,2012,2012,"H307,H702,","KCS,",6,"H3,H7,","H,",INDUSTRY,Texas,29.898933,-93.934201,"Texas
(29.898933, -93.934201)"
Side collision,2013:10:KCS:13102702,0,0,0,42000,0,0,0,JEFFERSON,10/27/2013 0:00,13:20,2013,2014,"H302,","KCS,",76,"H3,","H,",YARD,Texas,29.90371,-93.930045,"Texas
(29.90371, -93.930045)"
Derailments,2012:01:UP:0112TC003,0,0,2092,25779,20,2,0,WRIGHT,1/9/2012 0:00,9:20,2012,2012,"T201,","UP,",1,"T2,","T,",YARD,Iowa,42.682058,-93.927213,"Iowa
(42.682058, -93.927213)"
Side collision,2013:02:UP:0213LK001,0,0,18445,40810,0,0,0,CADDO,2/3/2013 0:00,5:45,2013,2013,"H306,","UP,",1,"H3,","H,",YARD,Louisiana,32.438766,-93.925413,"Louisiana
(32.438766, -93.925413)"
Derailments,2015:05:BNSF:NE0515105,0,0,20000,1282259,0,0,0,CLARKE,5/17/2015 0:00,2:55,2015,2015,"M102,","BNSF,",1,"M1,","M,",MAIN,Iowa,41.053343,-93.922387,"Iowa
(41.053343, -93.922387)"
Derailments,2015:08:UP:0815LK007,0,0,1325,56267,0,0,0,CADDO,8/10/2015 0:00,6:05,2015,2015,"T317,","UP,",7,"T3,","T,",YARD,Louisiana,32.437084,-93.921549,"Louisiana
(32.437084, -93.921549)"
Derailments,2012:04:UP:0412LK013,0,0,1580,13693,6,0,0,CADDO,4/10/2012 0:00,5:50,2012,2012,"T110,","UP,",1,"T1,","T,",YARD,Louisiana,32.436947,-93.920718,"Louisiana
(32.436947, -93.920718)"
Derailments,2015:08:KCS:15081304,0,0,1500,11200,14,2,0,CADDO,8/13/2015 0:00,13:40,2015,2015,"T199,","KCS,",7,"T1,","T,",INDUSTRY,Louisiana,32.625878,-93.919051,"Louisiana
(32.625878, -93.919051)"
Derailments,2013:06:KRR:KRR396013D,0,0,7000,15600,0,0,0,HEMPSTEAD,6/25/2013 0:00,1:00,2013,2013,"M599,","KRR,",1,"M5,","M,",MAIN,Arkansas,33.64666,-93.918441,"Arkansas
(33.64666, -93.918441)"
Side collision,2011:10:UP:1011LK012,0,0,100,10120,0,0,0,CADDO,10/12/2011 0:00,20:57,2011,2012,"E99C,","UP,",78,"E9,","E,",YARD,Louisiana,32.435739,-93.917603,"Louisiana
(32.435739, -93.917603)"
Derailments,2012:05:UP:0512LK021,0,0,920,26849,0,0,0,CADDO,5/20/2012 0:00,3:20,2012,2012,"T314,","UP,",1,"T3,","T,",YARD,Louisiana,32.435733,-93.917589,"Louisiana
(32.435733, -93.917589)"
Derailments,2014:08:UP:0814LK004,0,0,1160,17697,0,0,0,CADDO,8/6/2014 0:00,20:34,2014,2014,"T319,","UP,",15,"T3,","T,",YARD,Louisiana,32.435733,-93.917589,"Louisiana
(32.435733, -93.917589)"
Derailments,2012:01:UP:0112LK011,0,0,1520,8740,0,0,0,CADDO,1/11/2012 0:00,18:30,2012,2012,"T313,","UP,",7,"T3,","T,",YARD,Louisiana,32.435775,-93.917583,"Louisiana
(32.435775, -93.917583)"
Derailments,2016:03:UP:0316TC011,0,0,500,17804,4,4,0,WRIGHT,3/25/2016 0:00,4:09,2016,2016,"H704,","UP,",1,"H7,","H,",YARD,Iowa,42.676726,-93.917581,"Iowa
(42.676726, -93.917581)"
Derailments,2014:06:UP:0614LK027,0,0,92362,2854,0,0,0,CADDO,6/18/2014 0:00,2:50,2014,2014,"T207,","UP,",1,"T2,","T,",YARD,Louisiana,32.425593,-93.917579,"Louisiana
(32.425593, -93.917579)"
Side collision,2015:08:UP:0815LK020,0,0,6200,12578,14,0,0,CADDO,8/21/2015 0:00,17:59,2015,2015,"H021,","UP,",71,"H0,","H,",YARD,Louisiana,32.435772,-93.917575,"Louisiana
(32.435772, -93.917575)"
Derailments,2013:06:UP:0613LK023,0,0,132174,84421,0,0,0,CADDO,6/19/2013 0:00,16:55,2013,2013,"T221,","UP,",51,"T2,","T,",YARD,Louisiana,32.435228,-93.916796,"Louisiana
(32.435228, -93.916796)"
Raking collision,2015:08:AM:AM08292015,0,0,7000,15000,0,0,0,BARRY,8/29/2015 0:00,10:36,2015,2015,"H301,M599,","AM,",1,"H3,M5,","H,M,",MAIN,Missouri,36.738878,-93.916272,"Missouri
(36.738878, -93.916272)"
Derailments,2016:05:UP:0516TC001,0,0,150139,266230,0,0,0,WRIGHT,5/3/2016 0:00,3:41,2016,2016,"T207,","UP,",1,"T2,","T,",MAIN,Iowa,42.729252,-93.913388,"Iowa
(42.729252, -93.913388)"
Derailments,2016:02:UP:0216LK013,0,0,241708,1615,0,0,0,CADDO,2/16/2016 0:00,20:10,2016,2016,"T199,","UP,",7,"T1,","T,",YARD,Louisiana,32.432735,-93.909754,"Louisiana
(32.432735, -93.909754)"
Derailments,2014:03:UP:0314LK029,0,0,6010,11727,0,0,0,CADDO,3/29/2014 0:00,2:30,2014,2014,"T111,","UP,",1,"T1,","T,",YARD,Louisiana,32.42966,-93.901944,"Louisiana
(32.42966, -93.901944)"
Derailments,2015:07:UP:0715LK018,0,0,70,13469,0,0,0,CADDO,7/21/2015 0:00,14:13,2015,2015,"E44C,","UP,",7,"E4,","E,",YARD,Louisiana,32.429698,-93.901932,"Louisiana
(32.429698, -93.901932)"
Derailments,2016:02:UP:0216LK005,0,0,55280,59753,0,0,0,CADDO,2/6/2016 0:00,12:55,2016,2016,"M501,","UP,",7,"M5,","M,",YARD,Louisiana,32.429698,-93.901932,"Louisiana
(32.429698, -93.901932)"
Derailments,2011:10:UP:1011LK008,0,0,200,9800,0,0,0,CADDO,10/9/2011 0:00,2:10,2011,2012,"T314,","UP,",67,"T3,","T,",YARD,Louisiana,32.429649,-93.901917,"Louisiana
(32.429649, -93.901917)"
Derailments,2013:08:UP:0813LK025,0,0,82390,858,0,0,0,CADDO,8/17/2013 0:00,3:00,2013,2013,"T316,","UP,",1,"T3,","T,",YARD,Louisiana,32.429094,-93.901038,"Louisiana
(32.429094, -93.901038)"
Side collision,2012:09:UP:0912LK032,0,0,1000,25067,20,3,0,CADDO,9/30/2012 0:00,14:10,2012,2012,"H017,","UP,",87,"H0,","H,",YARD,Louisiana,32.426726,-93.894268,"Louisiana
(32.426726, -93.894268)"
Derailments,2014:02:UP:0214LK029,0,0,5100,6230,14,0,0,CADDO,2/27/2014 0:00,1:20,2014,2014,"M405,","UP,",1,"M4,","M,",YARD,Louisiana,32.42519,-93.890567,"Louisiana
(32.42519, -93.890567)"
Highway-rail impact,2016:08:BNSF:NE0816200,0,0,0,12996,0,0,0,CLARKE,8/3/2016 0:00,20:38,2016,2016,"M302,","ATK,BNSF,",2,"M3,","M,",MAIN,Iowa,41.041534,-93.88888,"Iowa
(41.041534, -93.88888)"
Other events,2014:08:UP:0814KC014,0,0,16500,0,0,0,0,CALDWELL,8/26/2014 0:00,12:05,2014,2014,"H702,","UP,",4,"H7,","H,",MAIN,Missouri,39.737024,-93.888527,"Missouri
(39.737024, -93.888527)"
Highway-rail impact,2015:05:UP:0515LV016,0,0,21000,500,39,0,0,CADDO,5/29/2015 0:00,21:40,2015,2015,"M302,","BNSF,UP,",1,"M3,","M,",MAIN,Louisiana,32.233756,-93.888448,"Louisiana
(32.233756, -93.888448)"
Derailments,2014:04:UP:0414LK002,0,0,288,14084,0,0,0,CADDO,4/2/2014 0:00,5:31,2014,2014,"H303,","UP,",1,"H3,","H,",SIDING,Louisiana,32.423716,-93.886636,"Louisiana
(32.423716, -93.886636)"
Derailments,2013:08:MNA:MNA419713D,0,0,1400,16950,0,0,0,HENRY,8/10/2013 0:00,1:50,2013,2013,"E60C,T314,","MNA,",1,"E6,T3,","E,T,",SIDING,Missouri,38.309569,-93.881202,"Missouri
(38.309569, -93.881202)"
Highway-rail impact,2013:03:UP:0313CB006,0,0,42393,1259,0,0,0,BOONE,3/12/2013 0:00,19:59,2013,2013,"M304,","UP,",1,"M3,","M,",MAIN,Iowa,42.065412,-93.875722,"Iowa
(42.065412, -93.875722)"
Derailments,2011:08:DME:227492,0,0,71358,241284,76,4,0,BLUE EARTH,8/3/2011 0:00,17:00,2011,2011,"T109,","DME,",1,"T1,","T,",MAIN,Minnesota,44.162428,-93.872385,"Minnesota
(44.162428, -93.872385)"
Highway-rail impact,2012:03:UP:0312LV013,0,2,4900,68684,37,0,0,CADDO,3/31/2012 0:00,9:30,2012,2012,"M304,","UP,",1,"M3,","M,",MAIN,Louisiana,32.271566,-93.867916,"Louisiana
(32.271566, -93.867916)"
Derailments,2016:06:UP:0616LV004,0,0,3786,62853,0,0,0,ORANGE,6/6/2016 0:00,14:15,2016,2016,"T110,","UP,",1,"T1,","T,",INDUSTRY,Texas,30.198499,-93.866251,"Texas
(30.198499, -93.866251)"
Derailments,2013:03:UP:0313CB011,0,0,31354,3126,2,2,0,BOONE,3/14/2013 0:00,24:28:00,2013,2013,"T111,","UP,",7,"T1,","T,",YARD,Iowa,42.063282,-93.866136,"Iowa
(42.063282, -93.866136)"
Derailments,2012:02:UP:0212CB015,0,0,15246,4390,11,0,0,BOONE,2/28/2012 0:00,9:25,2012,2012,"T202,","UP,",1,"T2,","T,",YARD,Iowa,42.062858,-93.866066,"Iowa
(42.062858, -93.866066)"
Derailments,2014:03:UP:0314CB014,0,0,20642,56709,6,0,0,BOONE,3/25/2014 0:00,22:08,2014,2014,"T220,","UP,",7,"T2,","T,",YARD,Iowa,42.062995,-93.864355,"Iowa
(42.062995, -93.864355)"
Side collision,2013:04:UP:0413CB009,0,0,228,10319,36,1,0,BOONE,4/17/2013 0:00,5:40,2013,2013,"H021,","UP,",17,"H0,","H,",YARD,Iowa,42.06215,-93.862704,"Iowa
(42.06215, -93.862704)"
Derailments,2014:05:UP:0514CB001,0,0,166648,21524,5,0,0,BOONE,5/1/2014 0:00,12:09,2014,2014,"H019,","UP,",7,"H0,","H,",YARD,Iowa,42.061239,-93.856949,"Iowa
(42.061239, -93.856949)"
Highway-rail impact,2012:08:UP:0812LV007,0,3,36180,128949,14,0,0,CADDO,8/10/2012 0:00,9:21,2012,2012,"M302,","UP,",1,"M3,","M,",MAIN,Louisiana,32.294476,-93.856182,"Louisiana
(32.294476, -93.856182)"
Derailments,2015:04:UP:0415LK003,0,0,20704,4477,6,1,0,HOWARD,4/2/2015 0:00,3:45,2015,2015,"H303,","UP,",1,"H3,","H,",MAIN,Arkansas,34.070621,-93.856119,"Arkansas
(34.070621, -93.856119)"
Rear end collision,2014:12:UP:1214CB005,0,0,0,58623,0,0,0,BOONE,12/4/2014 0:00,5:34,2014,2015,"H702,","UP,",17,"H7,","H,",YARD,Iowa,42.060789,-93.854827,"Iowa
(42.060789, -93.854827)"
Derailments,2016:02:UP:0216CB012,0,0,57280,29022,0,0,0,BOONE,2/20/2016 0:00,10:15,2016,2016,"T220,","UP,",16,"T2,","T,",YARD,Iowa,42.060759,-93.8547,"Iowa
(42.060759, -93.8547)"
Other impacts,2011:08:UP:0811SL003,0,0,200,14170,1,0,0,LAFAYETTE,8/7/2011 0:00,16:40,2011,2011,"M101,","UP,",1,"M1,","M,",MAIN,Missouri,39.209763,-93.854642,"Missouri
(39.209763, -93.854642)"