AccidentType,inckey,Fatalities,Injuries,TrackDamage,EquipmentDamage,HazmatCars,HazmatCarsDerailed,HazmatCarsReleasing,County,DisplayDate,DisplayTime,calendar,Fiscal,AccidentCause,RailroadCodes,RAILEQUIPMENT_TYPE,CauseGroup,CauseDiscipline,TYPE_OF_TRACK,StateName,latitude,longitude,GeoLocation
Derailments,2014:10:UP:1014CB019,0,0,17572,4712,0,0,0,BOONE,10/31/2014 0:00,14:59,2014,2015,"T220,","UP,",1,"T2,","T,",YARD,Iowa,42.060328,-93.852891,"Iowa
(42.060328, -93.852891)"
Side collision,2012:12:KCS:12121702,0,0,4440,37500,64,0,0,CADDO,12/17/2012 0:00,7:00,2012,2013,"H607,H702,","KCS,",7,"H6,H7,","H,",YARD,Louisiana,32.546487,-93.850247,"Louisiana
(32.546487, -93.850247)"
Derailments,2014:04:KCS:14042201,0,0,250,21300,0,0,0,CADDO,4/22/2014 0:00,9:40,2014,2014,"H020,","KCS,",7,"H0,","H,",YARD,Louisiana,32.544331,-93.847933,"Louisiana
(32.544331, -93.847933)"
Derailments,2015:01:KCS:15012403,0,0,27568,12000,0,0,0,CADDO,1/24/2015 0:00,20:15,2015,2015,"T205,","KCS,",7,"T2,","T,",YARD,Louisiana,32.616111,-93.846667,"Louisiana
(32.616111, -93.846667)"
Other events,2015:02:UP:0215CB011,0,0,0,13757,0,0,0,BOONE,2/28/2015 0:00,23:00,2015,2015,"M507,","UP,",7,"M5,","M,",YARD,Iowa,42.05843,-93.844893,"Iowa
(42.05843, -93.844893)"
Derailments,2014:11:PPQQ:INDUSTRY,0,0,20070,489,0,0,0,HOWARD,11/7/2014 0:00,23:55,2014,2015,"T110,","UP,",1,"T1,","T,",INDUSTRY,Arkansas,33.93639,-93.843324,"Arkansas
(33.93639, -93.843324)"
Derailments,2014:11:UP:1114CB001,0,0,360696,73856,1,0,0,BOONE,11/1/2014 0:00,2:45,2014,2015,"T220,","UP,",7,"T2,","T,",YARD,Iowa,42.057267,-93.839917,"Iowa
(42.057267, -93.839917)"
Derailments,2015:07:KCS:15070701,0,0,17040,281,8,0,0,CADDO,7/7/2015 0:00,5:20,2015,2015,"H702,","KCS,",7,"H7,","H,",YARD,Louisiana,32.540322,-93.839538,"Louisiana
(32.540322, -93.839538)"
Derailments,2015:11:KCS:15110101,0,0,4061,9900,18,0,0,CADDO,11/1/2015 0:00,1:40,2015,2016,"H309,","KCS,",7,"H3,","H,",YARD,Louisiana,32.538622,-93.837275,"Louisiana
(32.538622, -93.837275)"
Other impacts,2012:05:KCS:12053001,0,0,0,49959,0,0,0,CADDO,5/30/2012 0:00,4:00,2012,2012,"E29C,","KCS,",7,"E2,","E,",YARD,Louisiana,32.5348,-93.836362,"Louisiana
(32.5348, -93.836362)"
Head on collision,2013:12:UP:1213LV016,0,4,74184,1861003,52,0,0,CADDO,12/30/2013 0:00,6:37,2013,2014,"H702,H799,","BNSF,UP,",11,"H7,","H,",SIDING,Louisiana,32.332843,-93.836124,"Louisiana
(32.332843, -93.836124)"
Derailments,2014:12:KCS:14121702,0,0,14761,12000,33,6,0,CADDO,12/17/2014 0:00,5:55,2014,2015,"T110,","KCS,",1,"T1,","T,",YARD,Louisiana,32.535058,-93.8361,"Louisiana
(32.535058, -93.8361)"
Derailments,2015:12:KCS:15123003,0,0,15970,0,0,0,0,CADDO,12/30/2015 0:00,4:30,2015,2016,"H702,","KCS,",8,"H7,","H,",YARD,Louisiana,32.535189,-93.832752,"Louisiana
(32.535189, -93.832752)"
Derailments,2014:12:KCS:14122601,0,0,16985,663,7,0,0,CADDO,12/26/2014 0:00,2:28,2014,2015,"H702,","KCS,",7,"H7,","H,",YARD,Louisiana,32.532928,-93.832234,"Louisiana
(32.532928, -93.832234)"
Derailments,2011:11:KCS:11111701,0,0,7924,2501,0,0,0,CADDO,11/17/2011 0:00,13:50,2011,2012,"M201,","KCS,",1,"M2,","M,",YARD,Louisiana,32.530731,-93.829838,"Louisiana
(32.530731, -93.829838)"
Derailments,2011:11:KCS:11112902,0,0,11572,2400,0,0,0,CADDO,11/29/2011 0:00,7:50,2011,2012,"E41C,","KCS,",1,"E4,","E,",YARD,Louisiana,32.530731,-93.829838,"Louisiana
(32.530731, -93.829838)"
Derailments,2011:06:KCS:11062002,0,0,30001,13200,0,0,0,CADDO,6/20/2011 0:00,17:20,2011,2011,"H312,","KCS,",7,"H3,","H,",YARD,Louisiana,32.52716,-93.826408,"Louisiana
(32.52716, -93.826408)"
Side collision,2011:06:KCS:11062401,0,0,34986,92336,10,1,0,CADDO,6/24/2011 0:00,1:30,2011,2011,"H702,","KCS,",81,"H7,","H,",YARD,Louisiana,32.52716,-93.826408,"Louisiana
(32.52716, -93.826408)"
Derailments,2011:09:KCS:11093001,0,0,4676,10486,0,0,0,CADDO,9/30/2011 0:00,23:00,2011,2011,"E04C,","KCS,",1,"E0,","E,",YARD,Louisiana,32.52716,-93.826408,"Louisiana
(32.52716, -93.826408)"
Derailments,2016:03:SRN:1601,0,0,26650,120800,0,0,0,ORANGE,3/1/2016 0:00,11:45,2016,2016,"M507,","SRN,",1,"M5,","M,",YARD,Texas,30.219559,-93.823646,"Texas
(30.219559, -93.823646)"
Other impacts,2012:07:KCS:12070201,0,0,250,17208,9,0,0,CADDO,7/2/2012 0:00,14:00,2012,2012,"E29C,","KCS,",7,"E2,","E,",YARD,Louisiana,32.523401,-93.820454,"Louisiana
(32.523401, -93.820454)"
Derailments,2014:11:KCS:14112002,0,0,6814,10819,4,4,0,CADDO,11/20/2014 0:00,16:30,2014,2015,"M411,","KCS,",7,"M4,","M,",YARD,Louisiana,32.523378,-93.820301,"Louisiana
(32.523378, -93.820301)"
Derailments,2012:12:KCS:12120401,0,0,250,25000,0,0,0,CADDO,12/4/2012 0:00,12:05,2012,2013,"H602,","KCS,",6,"H6,","H,",YARD,Louisiana,32.523692,-93.820281,"Louisiana
(32.523692, -93.820281)"
Derailments,2014:08:KCS:14080202,0,0,8341,7768,7,0,0,CADDO,8/2/2014 0:00,22:55,2014,2014,"E39C,","KCS,",7,"E3,","E,",YARD,Louisiana,32.52357,-93.81988,"Louisiana
(32.52357, -93.81988)"
Derailments,2013:09:KCS:13090601,0,0,9115,11494,15,7,0,CADDO,9/6/2013 0:00,3:15,2013,2013,"M405,","KCS,",7,"M4,","M,",YARD,Louisiana,32.523646,-93.819384,"Louisiana
(32.523646, -93.819384)"
Highway-rail impact,2012:06:BNSF:CH0612202,0,1,0,20000,0,0,0,RAY,6/29/2012 0:00,13:45,2012,2012,"M302,","BNSF,",9,"M3,","M,",MAIN,Missouri,39.368807,-93.815038,"Missouri
(39.368807, -93.815038)"
Derailments,2011:09:KCS:11090602,0,0,2568,70448,0,0,0,CADDO,9/6/2011 0:00,24:45:00,2011,2011,"H020,","KCS,",7,"H0,","H,",YARD,Louisiana,32.53,-93.813,"Louisiana
(32.53, -93.813)"
Fire/violent rupture,2015:07:UP:0715LK016,0,0,0,27163,0,0,0,CADDO,7/15/2015 0:00,18:50,2015,2015,"E74L,","UP,",1,"E7,","E,",MAIN,Louisiana,32.437707,-93.807977,"Louisiana
(32.437707, -93.807977)"
Derailments,2013:01:UP:0113LK007,0,0,1544,45239,9,9,0,CADDO,1/5/2013 0:00,10:25,2013,2013,"H503,","UP,",7,"H5,","H,",YARD,Louisiana,32.44751,-93.801998,"Louisiana
(32.44751, -93.801998)"
Derailments,2015:08:UP:0815LK005,0,0,2056,19931,0,0,0,CADDO,8/2/2015 0:00,15:30,2015,2015,"T212,","UP,",7,"T2,","T,",YARD,Louisiana,32.44751,-93.801998,"Louisiana
(32.44751, -93.801998)"
Derailments,2015:08:UP:0815LK022,0,0,57220,162784,2,2,0,CADDO,8/25/2015 0:00,19:17,2015,2015,"H020,","UP,",61,"H0,","H,",YARD,Louisiana,32.44751,-93.801998,"Louisiana
(32.44751, -93.801998)"
Highway-rail impact,2011:11:UP:1111TC014,0,0,500,20515,0,0,0,FARIBAULT,11/29/2011 0:00,14:30,2011,2012,"M304,","UP,",1,"M3,","M,",MAIN,Minnesota,43.557808,-93.801356,"Minnesota
(43.557808, -93.801356)"
Side collision,2012:10:KCS:12100101,0,1,250,21017,0,0,0,CADDO,10/1/2012 0:00,5:20,2012,2013,"H318,","KCS,",7,"H3,","H,",YARD,Louisiana,32.506991,-93.792899,"Louisiana
(32.506991, -93.792899)"
Derailments,2013:12:KCS:13120202,0,0,4289,6750,1,0,0,CADDO,12/2/2013 0:00,23:20,2013,2014,"E04C,","KCS,",1,"E0,","E,",YARD,Louisiana,32.506862,-93.792877,"Louisiana
(32.506862, -93.792877)"
Derailments,2013:03:KCS:13032301,0,0,5600,15370,0,0,0,CADDO,3/23/2013 0:00,5:00,2013,2013,"H602,","KCS,",7,"H6,","H,",YARD,Louisiana,32.507508,-93.792013,"Louisiana
(32.507508, -93.792013)"
Derailments,2013:08:UP:0813LK023,0,0,10200,250,0,0,0,CADDO,8/17/2013 0:00,18:00,2013,2013,"T201,","UP,",8,"T2,","T,",YARD,Louisiana,32.458539,-93.790832,"Louisiana
(32.458539, -93.790832)"
Derailments,2015:06:UP:0615LK007,0,0,50737,213614,15,4,0,CADDO,6/12/2015 0:00,23:10,2015,2015,"T210,","UP,",1,"T2,","T,",YARD,Louisiana,32.458539,-93.790832,"Louisiana
(32.458539, -93.790832)"
Derailments,2016:03:UP:0316LK030,0,0,3280,36036,0,0,0,CADDO,3/29/2016 0:00,3:50,2016,2016,"T222,","UP,",7,"T2,","T,",YARD,Louisiana,32.458539,-93.790832,"Louisiana
(32.458539, -93.790832)"
Derailments,2014:09:UP:0914LK024,0,0,34530,8932,0,0,0,CADDO,9/22/2014 0:00,24:15:00,2014,2014,"H703,","UP,",15,"H7,","H,",YARD,Louisiana,32.4609,-93.788373,"Louisiana
(32.4609, -93.788373)"
Derailments,2013:09:UP:0913LK017,0,0,5060,82187,1,0,0,CADDO,9/21/2013 0:00,7:30,2013,2013,"H524,","UP,",1,"H5,","H,",YARD,Louisiana,32.461577,-93.787746,"Louisiana
(32.461577, -93.787746)"
Obstruction impact,2013:12:IAIS:2013056,0,2,0,15000,0,0,0,POLK,12/9/2013 0:00,13:10,2013,2014,"M404,","IAIS,",1,"M4,","M,",MAIN,Iowa,41.538498,-93.774928,"Iowa
(41.538498, -93.774928)"
Derailments,2012:01:TIBR:D540212,0,0,12400,189000,0,0,0,JASPER,1/16/2012 0:00,22:15,2012,2012,"T299,","TIBR,",1,"T2,","T,",MAIN,Texas,30.705697,-93.774769,"Texas
(30.705697, -93.774769)"
Derailments,2013:07:UP:0713LV022,0,0,594,9571,17,0,0,ORANGE,7/27/2013 0:00,24:00:00,2013,2013,"T217,","UP,",1,"T2,","T,",YARD,Texas,30.083419,-93.770342,"Texas
(30.083419, -93.770342)"
Derailments,2011:10:KCS:11101301,0,0,4344,9981,16,0,0,CADDO,10/13/2011 0:00,24:51:00,2011,2012,"E46C,","KCS,",1,"E4,","E,",MAIN,Louisiana,32.497809,-93.754473,"Louisiana
(32.497809, -93.754473)"
Derailments,2013:06:UP:0613LK012,0,0,180700,1198444,0,0,0,MILLER,6/7/2013 0:00,4:05,2013,2013,"T001,T102,","UP,",1,"T0,T1,","T,",MAIN,Arkansas,33.379237,-93.751815,"Arkansas
(33.379237, -93.751815)"
Derailments,2016:02:UP:0216LK017,0,0,900,15915,2,2,0,CADDO,2/18/2016 0:00,9:30,2016,2016,"H522,","UP,",1,"H5,","H,",MAIN,Louisiana,32.512272,-93.744619,"Louisiana
(32.512272, -93.744619)"
Derailments,2016:06:UP:0616LK012,0,0,1358898,129614,0,0,0,CADDO,6/19/2016 0:00,1:45,2016,2016,"T111,","KCS,UP,",1,"T1,","T,",YARD,Louisiana,32.512519,-93.74244,"Louisiana
(32.512519, -93.74244)"
Derailments,2016:01:UP:0116LK001,0,0,78148,155,3,0,0,CADDO,1/2/2016 0:00,9:50,2016,2016,"T309,H513,","KCS,UP,",1,"T3,H5,","T,H,",YARD,Louisiana,32.508424,-93.737061,"Louisiana
(32.508424, -93.737061)"
Highway-rail impact,2013:05:UP:0513LK010,0,0,478,13530,17,0,0,BOSSIER,5/13/2013 0:00,15:10,2013,2013,"M304,","UP,",1,"M3,","M,",MAIN,Louisiana,32.605342,-93.736155,"Louisiana
(32.605342, -93.736155)"
Fire/violent rupture,2016:04:UP:0416SL007,0,0,0,22791,0,0,0,JOHNSON,4/19/2016 0:00,12:55,2016,2016,"E74L,","UP,",1,"E7,","E,",MAIN,Missouri,38.7628,-93.733544,"Missouri
(38.7628, -93.733544)"
Derailments,2012:07:UP:0712LK016,0,0,8540,6406,0,0,0,BOSSIER,7/17/2012 0:00,2:45,2012,2012,"E53C,","UP,",1,"E5,","E,",MAIN,Louisiana,32.569818,-93.731468,"Louisiana
(32.569818, -93.731468)"
Derailments,2016:07:KRR:KRR033116D,0,0,59600,20000,0,0,0,HEMPSTEAD,7/19/2016 0:00,14:05,2016,2016,"T109,","KRR,",1,"T1,","T,",MAIN,Arkansas,33.666311,-93.729671,"Arkansas
(33.666311, -93.729671)"
Side collision,2012:03:BNSF:SF0312112,0,0,1000,15661,6,0,0,LAWRENCE,3/19/2012 0:00,10:45,2012,2012,"H307,H302,","BNSF,",61,"H3,","H,",MAIN,Missouri,36.976462,-93.72711,"Missouri
(36.976462, -93.72711)"
Derailments,2013:07:UP:0713LK016,0,0,112278,179107,12,0,0,CADDO,7/18/2013 0:00,24:40:00,2013,2013,"T307,","KCS,UP,",1,"T3,","T,",MAIN,Louisiana,32.516468,-93.719749,"Louisiana
(32.516468, -93.719749)"
Highway-rail impact,2015:08:KCS:15080802,0,1,255,22237,8,6,0,DE SOTO,8/8/2015 0:00,8:20,2015,2015,"M302,","KCS,",1,"M3,","M,",MAIN,Louisiana,31.90364,-93.71006,"Louisiana
(31.90364, -93.71006)"
Other events,2011:06:LAS:D641311,0,0,313,16000,0,0,0,WEBSTER,6/1/2011 0:00,2:10,2011,2011,"H318,","LAS,",6,"H3,","H,",YARD,Louisiana,32.615004,-93.71,"Louisiana
(32.615004, -93.71)"
Highway-rail impact,2012:01:UP:0112TC009,0,1,0,49600,15,0,0,FARIBAULT,1/20/2012 0:00,14:10,2012,2012,"M399,","UP,",1,"M3,","M,",MAIN,Minnesota,43.530291,-93.700288,"Minnesota
(43.530291, -93.700288)"
Highway-rail impact,2015:10:UP:1015LK017,1,0,2286,12821,0,0,0,BOSSIER,10/12/2015 0:00,13:29,2015,2016,"M302,","UP,",1,"M3,","M,",MAIN,Louisiana,32.919382,-93.699516,"Louisiana
(32.919382, -93.699516)"
Derailments,2014:08:UP:0814TC003,0,0,5254,14757,0,0,0,FARIBAULT,8/3/2014 0:00,13:45,2014,2014,"T109,","UP,",1,"T1,","T,",MAIN,Minnesota,43.527693,-93.692087,"Minnesota
(43.527693, -93.692087)"
Derailments,2015:09:UP:0915TC020,0,0,5628,5741,1,1,0,POLK,9/30/2015 0:00,17:15,2015,2015,"T111,","UP,",7,"T1,","T,",YARD,Iowa,41.567124,-93.690701,"Iowa
(41.567124, -93.690701)"
Highway-rail impact,2015:02:UP:0215LK008,0,0,1650,16285,38,0,0,BOSSIER,2/10/2015 0:00,10:28,2015,2015,"M308,M304,","UP,",1,"M3,","M,",MAIN,Louisiana,32.943181,-93.690366,"Louisiana
(32.943181, -93.690366)"
Derailments,2011:11:KCS:11111001,0,0,147400,579942,3,0,0,LAFAYETTE,11/10/2011 0:00,12:44,2011,2012,"T207,","KCS,",1,"T2,","T,",MAIN,Missouri,39.084163,-93.690075,"Missouri
(39.084163, -93.690075)"
Derailments,2014:01:KRR:KRR495414D,0,0,11000,25000,0,0,0,HEMPSTEAD,1/9/2014 0:00,12:25,2014,2014,"T201,","KRR,",1,"T2,","T,",MAIN,Arkansas,33.669964,-93.668645,"Arkansas
(33.669964, -93.668645)"
Derailments,2013:01:WN:01282013,0,0,125000,500000,0,0,0,BARRON,1/28/2013 0:00,10:20,2013,2013,"T215,","WN,",1,"T2,","T,",INDUSTRY,Wisconsin,45.322634,-93.663967,"Wisconsin
(45.322634, -93.663967)"
Highway-rail impact,2015:07:XPOS:INDUSTRY,0,0,0,16737,27,0,0,CADDO,7/7/2015 0:00,19:00,2015,2015,"M304,","UP,",1,"M3,","M,",INDUSTRY,Louisiana,32.366505,-93.647552,"Louisiana
(32.366505, -93.647552)"
Fire/violent rupture,2016:04:UP:0416CB003,0,0,0,86237,0,0,0,STORY,4/4/2016 0:00,18:23,2016,2016,"E99L,","UP,",1,"E9,","E,",MAIN,Iowa,42.032345,-93.644923,"Iowa
(42.032345, -93.644923)"
Highway-rail impact,2015:08:KCS:15080301,0,0,7635,88244,0,0,0,SABINE,8/3/2015 0:00,6:05,2015,2015,"M399,","KCS,",1,"M3,","M,",MAIN,Louisiana,31.63141,-93.64379,"Louisiana
(31.63141, -93.64379)"
Highway-rail impact,2011:06:UP:0611LK011,1,1,1500,157214,0,0,0,HEMPSTEAD,6/9/2011 0:00,13:06,2011,2011,"M308,","UP,",1,"M3,","M,",MAIN,Arkansas,33.723836,-93.642237,"Arkansas
(33.723836, -93.642237)"
Derailments,2016:08:UP:0816LK010,0,0,821740,2175237,2,0,0,LAFAYETTE,8/14/2016 0:00,13:00,2016,2016,"E23C,","UP,",1,"E2,","E,",MAIN,Arkansas,33.357943,-93.632946,"Arkansas
(33.357943, -93.632946)"
Other events,2015:06:PSBX:15060501,0,0,0,364389,0,0,0,CADDO,6/5/2015 0:00,7:00,2015,2015,"M103,","PSBX,",6,"M1,","M,",INDUSTRY,Louisiana,32.360609,-93.628973,"Louisiana
(32.360609, -93.628973)"
Derailments,2011:06:BNSF:TC0611101,0,0,89000,276000,0,0,0,CROW WING,6/6/2011 0:00,14:20,2011,2011,"T109,","BNSF,",1,"T1,","T,",MAIN,Minnesota,46.535077,-93.6219,"Minnesota
(46.535077, -93.6219)"
Derailments,2011:08:NS:096001,0,0,12796,800,0,0,0,POLK,8/18/2011 0:00,20:00,2011,2011,"M101,","NS,",7,"M1,","M,",YARD,Iowa,41.600544,-93.609106,"Iowa
(41.600544, -93.609106)"
Derailments,2015:09:UP:0915TC005,0,1,2775,33983,0,0,0,POLK,9/5/2015 0:00,15:45,2015,2015,"T221,","UP,",1,"T2,","T,",YARD,Iowa,41.630135,-93.593645,"Iowa
(41.630135, -93.593645)"
Derailments,2015:10:XPRA:INDUSTRY,0,0,18120,250,0,0,0,POLK,10/20/2015 0:00,19:00,2015,2016,"T110,","UP,",7,"T1,","T,",INDUSTRY,Iowa,41.621293,-93.58851,"Iowa
(41.621293, -93.58851)"
Highway-rail impact,2013:08:UP:0813LK036,0,1,0,17703,0,0,0,LAFAYETTE,8/27/2013 0:00,9:59,2013,2013,"M304,","UP,",1,"M3,","M,",MAIN,Arkansas,33.355881,-93.58722,"Arkansas
(33.355881, -93.58722)"
Derailments,2011:09:UP:0911TC002,0,0,21301,36484,6,0,0,POLK,9/5/2011 0:00,2:37,2011,2011,"T220,","UP,",1,"T2,","T,",YARD,Iowa,41.609295,-93.583458,"Iowa
(41.609295, -93.583458)"
Highway-rail impact,2015:05:UP:0515TC008,0,1,431,10562,2,0,0,SCOTT,5/19/2015 0:00,14:00,2015,2015,"M304,","UP,",1,"M3,","M,",MAIN,Minnesota,44.572564,-93.583097,"Minnesota
(44.572564, -93.583097)"
Derailments,2011:10:UP:1011TC008,0,0,5516,6348,0,0,0,POLK,10/17/2011 0:00,6:00,2011,2012,"H607,","UP,",1,"H6,","H,",INDUSTRY,Iowa,41.60721,-93.58307,"Iowa
(41.60721, -93.58307)"
Derailments,2011:12:ADMS:INDUSTRY,0,0,1000,12050,0,0,0,POLK,12/30/2011 0:00,22:00,2011,2012,"T319,T314,","UP,",1,"T3,","T,",INDUSTRY,Iowa,41.622649,-93.583017,"Iowa
(41.622649, -93.583017)"
Derailments,2012:08:ADMS:INDUSTRY,0,0,26637,987,0,0,0,POLK,8/10/2012 0:00,20:30,2012,2012,"H307,","UP,",1,"H3,","H,",YARD,Iowa,41.620981,-93.582823,"Iowa
(41.620981, -93.582823)"
Derailments,2015:03:UP:0315TC011,0,0,5687,25788,11,0,0,POLK,3/31/2015 0:00,6:32,2015,2015,"H704,","UP,",1,"H7,","H,",YARD,Iowa,41.618299,-93.582751,"Iowa
(41.618299, -93.582751)"
Derailments,2014:03:ADMS:INDUSTRY,0,0,75000,36462,0,0,0,POLK,3/27/2014 0:00,13:20,2014,2014,"T220,","UP,",1,"T2,","T,",INDUSTRY,Iowa,41.60672,-93.582695,"Iowa
(41.60672, -93.582695)"
Derailments,2013:05:UP:0513TC019,0,0,9598,8149,3,0,0,POLK,5/26/2013 0:00,17:05,2013,2013,"E32C,","UP,",7,"E3,","E,",YARD,Iowa,41.5923,-93.581983,"Iowa
(41.5923, -93.581983)"
Derailments,2015:12:UP:1215TC007,0,0,32252,4734,0,0,0,POLK,12/28/2015 0:00,20:20,2015,2016,"T111,","UP,",7,"T1,","T,",YARD,Iowa,41.591133,-93.581375,"Iowa
(41.591133, -93.581375)"
Derailments,2016:03:UP:0316TC004,0,0,5616,27065,17,0,0,POLK,3/11/2016 0:00,8:50,2016,2016,"T111,E64C,","UP,",7,"T1,E6,","T,E,",YARD,Iowa,41.590525,-93.580522,"Iowa
(41.590525, -93.580522)"
Other impacts,2014:02:KCS:14021002,0,0,0,55000,38,0,0,BOSSIER,2/10/2014 0:00,17:15,2014,2014,"E27C,H514,","KCS,",1,"E2,H5,","E,H,",MAIN,Louisiana,32.533617,-93.57886,"Louisiana
(32.533617, -93.57886)"
Derailments,2016:03:UP:0316TC007,0,0,21995,278,0,0,0,POLK,3/11/2016 0:00,18:05,2016,2016,"E99C,","UP,",7,"E9,","E,",YARD,Iowa,41.590253,-93.578022,"Iowa
(41.590253, -93.578022)"
Derailments,2014:08:UP:0814TC002,0,0,29037,29000,17,0,0,POLK,8/3/2014 0:00,14:30,2014,2014,"E46L,","UP,",7,"E4,","E,",YARD,Iowa,41.59035,-93.577518,"Iowa
(41.59035, -93.577518)"
Derailments,2012:12:UP:1212TC010,0,0,15457,9055,1,0,0,POLK,12/24/2012 0:00,9:35,2012,2013,"E40L,","UP,",7,"E4,","E,",YARD,Iowa,41.590439,-93.57671,"Iowa
(41.590439, -93.57671)"
Derailments,2013:09:UP:0913TC001,0,0,1024,28300,0,0,0,POLK,9/1/2013 0:00,9:15,2013,2013,"T319,","UP,",8,"T3,","T,",YARD,Iowa,41.59028,-93.575302,"Iowa
(41.59028, -93.575302)"
Derailments,2011:12:UP:1211TC005,0,0,912,14320,21,0,0,POLK,12/13/2011 0:00,23:45,2011,2012,"T220,","UP,",1,"T2,","T,",YARD,Iowa,41.590306,-93.575018,"Iowa
(41.590306, -93.575018)"
Derailments,2015:07:UP:0715KC013,0,0,490497,10152,0,0,0,MERCER,7/17/2015 0:00,15:47,2015,2015,"T002,","UP,",1,"T0,","T,",MAIN,Missouri,40.395861,-93.573112,"Missouri
(40.395861, -93.573112)"
Derailments,2012:12:UP:1212TC008,0,0,26370,10421,5,0,0,POLK,12/23/2012 0:00,17:30,2012,2013,"T220,","UP,",67,"T2,","T,",YARD,Iowa,41.590136,-93.570208,"Iowa
(41.590136, -93.570208)"
Other impacts,2013:05:UP:0513TC002,0,0,7142,4723,12,0,0,POLK,5/4/2013 0:00,14:45,2013,2013,"T220,","UP,",76,"T2,","T,",YARD,Iowa,41.589703,-93.567452,"Iowa
(41.589703, -93.567452)"
Highway-rail impact,2014:02:BNSF:TC0214201,0,0,0,11088,0,0,0,SHERBURNE,2/18/2014 0:00,17:14,2014,2014,"M308,","BNSF,NSCR,",NA,"M3,","M,",MAIN,Minnesota,45.304291,-93.567092,"Minnesota
(45.304291, -93.567092)"
Highway-rail impact,2014:04:UP:0414LV019,0,0,1000,12175,9,0,0,CADDO,4/23/2014 0:00,16:30,2014,2014,"M303,","UP,",1,"M3,","M,",MAIN,Louisiana,32.295809,-93.564635,"Louisiana
(32.295809, -93.564635)"
Derailments,2014:09:UP:0914TC002,0,0,144008,117505,3,0,0,POLK,9/3/2014 0:00,19:25,2014,2014,"T314,","UP,",1,"T3,","T,",YARD,Iowa,41.588345,-93.554855,"Iowa
(41.588345, -93.554855)"
Derailments,2013:09:UP:0913TC006,0,0,113510,80892,0,0,0,POLK,9/15/2013 0:00,6:30,2013,2013,"T207,","UP,",7,"T2,","T,",YARD,Iowa,41.585906,-93.545634,"Iowa
(41.585906, -93.545634)"
Derailments,2014:06:BNSF:TC0614105,0,0,150000,436075,20,0,0,SHERBURNE,6/13/2014 0:00,2:28,2014,2014,"H519,","BNSF,",1,"H5,","H,",MAIN,Minnesota,45.284605,-93.544492,"Minnesota
(45.284605, -93.544492)"
Derailments,2014:03:BNSF:TC0314103,0,0,0,10939,0,0,0,ITASCA,3/5/2014 0:00,18:45,2014,2014,"H307,H303,","BNSF,",1,"H3,","H,",INDUSTRY,Minnesota,47.235216,-93.538964,"Minnesota
(47.235216, -93.538964)"
Other events,2014:11:BNSF:TC1114124,0,0,0,20000,0,0,0,ITASCA,11/21/2014 0:00,15:00,2014,2015,"H997,","BNSF,",9,"H9,","H,",YARD,Minnesota,47.235216,-93.538964,"Minnesota
(47.235216, -93.538964)"
Derailments,2011:10:BNSF:CH1011102,0,0,271319,261600,0,0,0,CARROLL,10/4/2011 0:00,15:20,2011,2012,"T102,","BNSF,NS,",1,"T1,","T,",MAIN,Missouri,39.334238,-93.534004,"Missouri
(39.334238, -93.534004)"
Derailments,2016:01:UP:0116TC009,0,0,97983,8261,0,0,0,SCOTT,1/20/2016 0:00,2:30,2016,2016,"T220,","UP,",1,"T2,","T,",INDUSTRY,Minnesota,44.796853,-93.532295,"Minnesota
(44.796853, -93.532295)"
Derailments,2016:03:UP:0316TC003,0,0,792,10512,0,0,0,SCOTT,3/7/2016 0:00,23:50,2016,2016,"M404,","UP,",61,"M4,","M,",SIDING,Minnesota,44.796853,-93.532295,"Minnesota
(44.796853, -93.532295)"
Derailments,2011:12:UP:1211WH001,0,0,30224,14896,0,0,0,JOHNSON,12/3/2011 0:00,5:50,2011,2012,"E54C,","UP,",1,"E5,","E,",MAIN,Arkansas,35.425772,-93.518588,"Arkansas
(35.425772, -93.518588)"
Highway-rail impact,2013:03:BNSF:TC0313205,0,1,23000,3000,90,0,0,HENNEPIN,3/27/2013 0:00,6:15,2013,2013,"M302,","BNSF,",1,"M3,","M,",MAIN,Minnesota,44.969804,-93.515286,"Minnesota
(44.969804, -93.515286)"
Derailments,2014:03:CP:1000077376,0,0,2250,64076,3,0,0,WASECA,3/20/2014 0:00,10:00,2014,2014,"T314,","CP,",1,"T3,","T,",YARD,Minnesota,44.07661,-93.51318,"Minnesota
(44.07661, -93.51318)"
Derailments,2015:07:UP:0715CB002,0,0,263092,213333,0,0,0,STORY,7/3/2015 0:00,11:00,2015,2015,"T102,T001,","UP,",1,"T1,T0,","T,",MAIN,Iowa,42.024154,-93.477347,"Iowa
(42.024154, -93.477347)"
Highway-rail impact,2011:07:UP:0711LV018,0,4,118856,2230165,6,0,0,RED RIVER,7/27/2011 0:00,14:00,2011,2011,"M308,M304,","UP,",1,"M3,","M,",MAIN,Louisiana,32.086137,-93.474756,"Louisiana
(32.086137, -93.474756)"
Derailments,2013:02:KCS:13021503,0,0,2948,11692,15,0,0,BEAUREGARD,2/15/2013 0:00,18:48,2013,2013,"E49C,","KCS,",1,"E4,","E,",MAIN,Louisiana,30.444288,-93.447258,"Louisiana
(30.444288, -93.447258)"
Obstruction impact,2012:08:KCS:12081201,0,0,0,11900,42,0,0,SABINE,8/12/2012 0:00,23:34,2012,2012,"M404,","KCS,",1,"M4,","M,",MAIN,Louisiana,31.393822,-93.443642,"Louisiana
(31.393822, -93.443642)"
Highway-rail impact,2016:05:UP:0516LK017,0,0,14500,180102,15,0,0,LAFAYETTE,5/14/2016 0:00,2:50,2016,2016,"M303,","UP,",1,"M3,","M,",MAIN,Arkansas,33.357056,-93.436203,"Arkansas
(33.357056, -93.436203)"