AccidentType,inckey,Fatalities,Injuries,TrackDamage,EquipmentDamage,HazmatCars,HazmatCarsDerailed,HazmatCarsReleasing,County,DisplayDate,DisplayTime,calendar,Fiscal,AccidentCause,RailroadCodes,RAILEQUIPMENT_TYPE,CauseGroup,CauseDiscipline,TYPE_OF_TRACK,StateName,latitude,longitude,GeoLocation
Highway-rail impact,2013:03:KCS:13032701,1,0,11607,550,2,0,0,CALCASIEU,3/27/2013 0:00,14:56,2013,2013,"M302,","KCS,",1,"M3,","M,",MAIN,Louisiana,30.453072,-93.433975,"Louisiana
(30.453072, -93.433975)"
Other impacts,2015:01:UP:0115TC007,0,0,99,15185,0,0,0,SCOTT,1/22/2015 0:00,11:55,2015,2015,"H020,","UP,",86,"H0,","H,",YARD,Minnesota,44.789214,-93.4187,"Minnesota
(44.789214, -93.4187)"
Derailments,2014:10:UP:1014TC008,0,0,792,18569,0,0,0,SCOTT,10/12/2014 0:00,1:20,2014,2015,"H318,","UP,",57,"H3,","H,",YARD,Minnesota,44.788781,-93.416538,"Minnesota
(44.788781, -93.416538)"
Other impacts,2014:01:KCS:14012904,0,0,260000,0,14,0,0,VERNON,1/29/2014 0:00,24:30:00,2014,2014,"E79L,","KCS,",1,"E7,","E,",MAIN,Louisiana,31.349826,-93.414979,"Louisiana
(31.349826, -93.414979)"
Highway-rail impact,2011:10:KCS:11101401,0,1,0,30000,4,0,0,SALINE,10/14/2011 0:00,9:45,2011,2012,"M308,","KCS,",1,"M3,","M,",MAIN,Missouri,39.12198,-93.41432,"Missouri
(39.12198, -93.41432)"
Other impacts,2012:05:UP:0512TC006,0,0,0,39162,0,0,0,SCOTT,5/15/2012 0:00,12:15,2012,2012,"E30C,","UP,",68,"E3,","E,",YARD,Minnesota,44.787959,-93.413939,"Minnesota
(44.787959, -93.413939)"
Derailments,2014:10:UP:1014TC003,0,0,39545,51205,0,0,0,SCOTT,10/6/2014 0:00,7:00,2014,2015,"T221,","UP,",7,"T2,","T,",YARD,Minnesota,44.787799,-93.411626,"Minnesota
(44.787799, -93.411626)"
Derailments,2011:10:MDW:HT000307,0,0,21081,2011,0,0,0,KOOCHICHING,10/14/2011 0:00,10:00,2011,2012,"T113,T199,","MDW,",1,"T1,","T,",YARD,Minnesota,48.601,-93.411,"Minnesota
(48.601, -93.411)"
Derailments,2014:11:BNSF:SF1114113,0,0,73376,3587,31,0,0,GREENE,11/22/2014 0:00,22:47,2014,2015,"E35C,","BNSF,",1,"E3,","E,",MAIN,Missouri,37.18833,-93.406608,"Missouri
(37.18833, -93.406608)"
Highway-rail impact,2016:05:TCWR:TCW052416A,0,0,0,0,80,0,0,HENNEPIN,5/24/2016 0:00,16:00,2016,2016,"M302,","TCWR,",1,"M3,","M,",MAIN,Minnesota,44.926079,-93.404419,"Minnesota
(44.926079, -93.404419)"
Highway-rail impact,2013:02:BNSF:TC0213203,0,1,50000,3000,0,0,0,HENNEPIN,2/26/2013 0:00,10:50,2013,2013,"M302,","BNSF,",8,"M3,","M,",MAIN,Minnesota,45.085624,-93.379156,"Minnesota
(45.085624, -93.379156)"
Derailments,2014:04:UP:0414TC005,0,0,103948,124337,0,0,0,HARDIN,4/3/2014 0:00,3:30,2014,2014,"T204,","UP,",1,"T2,","T,",MAIN,Iowa,42.365184,-93.37584,"Iowa
(42.365184, -93.37584)"
Highway-rail impact,2014:10:IAIS:2014054,0,0,0,11000,0,0,0,POLK,10/28/2014 0:00,14:25,2014,2015,"M302,","IAIS,",1,"M3,","M,",MAIN,Iowa,41.669729,-93.367786,"Iowa
(41.669729, -93.367786)"
Derailments,2013:04:UP:0413TC008,0,0,10301,73862,0,0,0,SCOTT,4/20/2013 0:00,5:50,2013,2013,"T110,","UP,",1,"T1,","T,",INDUSTRY,Minnesota,44.778346,-93.363852,"Minnesota
(44.778346, -93.363852)"
Derailments,2012:05:UP:0512KC015,0,0,255091,13363,0,0,0,WAYNE,5/20/2012 0:00,5:00,2012,2012,"E61C,","UP,",1,"E6,","E,",MAIN,Iowa,40.708871,-93.360307,"Iowa
(40.708871, -93.360307)"
Derailments,2015:09:XRAG:INDUSTRY,0,0,25000,996,0,0,0,SCOTT,9/10/2015 0:00,10:41,2015,2015,"T112,","UP,",1,"T1,","T,",INDUSTRY,Minnesota,44.779372,-93.352995,"Minnesota
(44.779372, -93.352995)"
Derailments,2012:08:UP:0812TC004,0,0,9722,28873,0,0,0,SCOTT,8/9/2012 0:00,13:00,2012,2012,"T314,","UP,",7,"T3,","T,",YARD,Minnesota,44.779564,-93.343106,"Minnesota
(44.779564, -93.343106)"
Obstruction impact,2014:04:UP:0414LK008,0,1,150,19415,0,0,0,NEVADA,4/4/2014 0:00,12:30,2014,2014,"M105,","UP,",1,"M1,","M,",MAIN,Arkansas,33.836525,-93.342907,"Arkansas
(33.836525, -93.342907)"
Derailments,2011:08:KCS:11080501,0,0,50450,15882,11,0,0,RED RIVER,8/5/2011 0:00,12:10,2011,2011,"M503,T199,","KCS,",1,"M5,T1,","M,T,",SIDING,Louisiana,32.015338,-93.3421,"Louisiana
(32.015338, -93.3421)"
Derailments,2014:07:TIBR:D542414,0,0,50000,14725,0,0,0,BEAUREGARD,7/23/2014 0:00,3:30,2014,2014,"T199,","TIBR,",1,"T1,","T,",MAIN,Louisiana,30.44544,-93.341723,"Louisiana
(30.44544, -93.341723)"
Derailments,2013:06:UP:0613LV009,0,0,9064,2069,8,8,0,CALCASIEU,6/6/2013 0:00,21:50,2013,2013,"M405,","UP,",7,"M4,","M,",INDUSTRY,Louisiana,30.19449,-93.340676,"Louisiana
(30.19449, -93.340676)"
Derailments,2013:06:UP:0613TC004,0,0,94248,4921,0,0,0,SCOTT,6/10/2013 0:00,9:05,2013,2013,"T110,","UP,",1,"T1,","T,",INDUSTRY,Minnesota,44.779457,-93.340087,"Minnesota
(44.779457, -93.340087)"
Derailments,2012:06:TIBR:D54112,0,0,121000,149000,0,0,0,BEAUREGARD,6/16/2012 0:00,5:30,2012,2012,"T401,","TIBR,",1,"T4,","T,",MAIN,Louisiana,30.819115,-93.335723,"Louisiana
(30.819115, -93.335723)"
Raking collision,2012:03:BNSF:SF0312100,0,0,75000,71750,27,0,0,GREENE,3/1/2012 0:00,16:45,2012,2012,"H607,H599,","BNSF,",17,"H6,H5,H6,H5,","H,",YARD,Missouri,37.225923,-93.335114,"Missouri
(37.225923, -93.335114)"
Other events,2015:05:WC:851301,0,0,3231596,240199,3,0,0,KOOCHICHING,5/27/2015 0:00,12:40,2015,2015,"M406,","WC,",1,"M4,","M,",MAIN,Minnesota,48.495988,-93.334103,"Minnesota
(48.495988, -93.334103)"
Derailments,2012:09:BNSF:CH0912111,0,0,20000,135380,0,0,0,CARROLL,9/17/2012 0:00,22:10,2012,2012,"T110,","BNSF,",1,"T1,","T,",INDUSTRY,Missouri,39.468632,-93.333824,"Missouri
(39.468632, -93.333824)"
Derailments,2014:04:BNSF:SF0414103,0,0,1400,11193,0,0,0,GREENE,4/14/2014 0:00,13:00,2014,2014,"H703,","BNSF,",7,"H7,","H,",YARD,Missouri,37.2274,-93.33121,"Missouri
(37.2274, -93.33121)"
Derailments,2015:06:BNSF:SF0615115,0,0,27000,4610,0,0,0,GREENE,6/20/2015 0:00,8:55,2015,2015,"H525,","BNSF,",7,"H5,","H,",YARD,Missouri,37.226908,-93.331006,"Missouri
(37.226908, -93.331006)"
Derailments,2014:03:BNSF:SF0314101,0,0,25000,100,0,0,0,GREENE,3/3/2014 0:00,1:00,2014,2014,"S011,","BNSF,",8,"S0,","S,",YARD,Missouri,37.227,-93.331,"Missouri
(37.227, -93.331)"
Derailments,2013:02:UP:0213LV013,0,0,3069,83732,12,12,0,CALCASIEU,2/24/2013 0:00,4:00,2013,2013,"T308,","UP,",7,"T3,","T,",YARD,Louisiana,30.19711,-93.329492,"Louisiana
(30.19711, -93.329492)"
Derailments,2011:06:UP:0611TC002,0,0,22268,22417,9,0,0,FREEBORN,6/6/2011 0:00,24:46:00,2011,2011,"T109,","UP,",1,"T1,","T,",MAIN,Minnesota,43.602608,-93.328597,"Minnesota
(43.602608, -93.328597)"
Derailments,2015:08:BNSF:SF0815111,0,0,20000,111945,2,2,0,GREENE,8/27/2015 0:00,3:00,2015,2015,"T220,","BNSF,",67,"T2,","T,",YARD,Missouri,37.227632,-93.328078,"Missouri
(37.227632, -93.328078)"
Derailments,2012:08:UP:0812LV008,0,0,1392,14683,0,0,0,CALCASIEU,8/10/2012 0:00,1:10,2012,2012,"M405,","UP,",7,"M4,","M,",YARD,Louisiana,30.201938,-93.326497,"Louisiana
(30.201938, -93.326497)"
Other events,2013:12:UP:1213ES005,0,0,0,14000,0,0,0,CALCASIEU,12/15/2013 0:00,17:10,2013,2014,"H402,","UP,",NA,"H4,","H,",INDUSTRY,Louisiana,30.206163,-93.324706,"Louisiana
(30.206163, -93.324706)"
Derailments,2015:09:BNSF:SF0915105,0,0,1000,25000,0,0,0,GREENE,9/10/2015 0:00,8:15,2015,2015,"T220,","BNSF,",7,"T2,","T,",YARD,Missouri,37.228175,-93.324032,"Missouri
(37.228175, -93.324032)"
Derailments,2012:11:BNSF:SF1112103,0,0,3500,8506,0,0,0,GREENE,11/7/2012 0:00,1:50,2012,2013,"H504,","BNSF,",7,"H5,","H,",YARD,Missouri,37.228107,-93.323203,"Missouri
(37.228107, -93.323203)"
Derailments,2015:09:BNSF:SF0915111,0,0,49116,7745,0,0,0,GREENE,9/23/2015 0:00,6:40,2015,2015,"H503,","BNSF,",1,"H5,","H,",YARD,Missouri,37.228546,-93.317943,"Missouri
(37.228546, -93.317943)"
Derailments,2014:03:KCS:14030401,0,0,763,13000,10,0,0,WEBSTER,3/4/2014 0:00,7:15,2014,2014,"H018,","KCS,",7,"H0,","H,",SIDING,Louisiana,32.537638,-93.31766,"Louisiana
(32.537638, -93.31766)"
Derailments,2014:02:BNSF:SF0214111,0,0,1500,13511,0,0,0,GREENE,2/26/2014 0:00,18:10,2014,2014,"H507,","BNSF,",7,"H5,","H,",YARD,Missouri,37.22981,-93.317051,"Missouri
(37.22981, -93.317051)"
Derailments,2015:08:KCS:15082204,0,0,3800,45784,7,0,0,CALCASIEU,8/22/2015 0:00,18:15,2015,2015,"H702,H306,","KCS,",7,"H7,H3,","H,",YARD,Louisiana,30.256988,-93.305316,"Louisiana
(30.256988, -93.305316)"
Other impacts,2016:08:KCS:16082802,0,0,0,14000,1,0,0,CALCASIEU,8/28/2016 0:00,24:00:00,2016,2016,"H318,","KCS,",6,"H3,","H,",YARD,Louisiana,30.255495,-93.304995,"Louisiana
(30.255495, -93.304995)"
Other impacts,2015:04:KCS:15042003,0,0,0,34181,4,0,0,CALCASIEU,4/20/2015 0:00,14:40,2015,2015,"H318,","KCS,",57,"H3,","H,",YARD,Louisiana,30.253606,-93.304281,"Louisiana
(30.253606, -93.304281)"
Derailments,2015:07:KCS:15071401,0,0,10352,152,1,1,0,CALCASIEU,7/14/2015 0:00,12:20,2015,2015,"H312,","KCS,",7,"H3,","H,",YARD,Louisiana,30.24867,-93.302149,"Louisiana
(30.24867, -93.302149)"
Derailments,2014:03:CP:1000083836,0,0,18590,13818,0,0,0,WASECA,3/31/2014 0:00,16:20,2014,2014,"T204,","CP,",1,"T2,","T,",MAIN,Minnesota,44.0741,-93.301518,"Minnesota
(44.0741, -93.301518)"
Derailments,2014:06:KCS:14060803,0,0,4985,10500,0,0,0,CALCASIEU,6/8/2014 0:00,19:30,2014,2014,"M507,","KCS,",7,"M5,","M,",YARD,Louisiana,30.249203,-93.301384,"Louisiana
(30.249203, -93.301384)"
Derailments,2012:02:KCS:12021102,0,0,1200,20697,0,0,0,CALCASIEU,2/11/2012 0:00,13:30,2012,2012,"T110,","KCS,",1,"T1,","T,",YARD,Louisiana,30.247364,-93.301132,"Louisiana
(30.247364, -93.301132)"
Derailments,2013:10:KCS:13102201,0,0,250,35812,0,0,0,CALCASIEU,10/22/2013 0:00,6:10,2013,2014,"H306,","KCS,",7,"H3,","H,",YARD,Louisiana,30.244748,-93.300236,"Louisiana
(30.244748, -93.300236)"
Derailments,2013:02:BNSF:TC0213124,0,0,0,20000,0,0,0,HENNEPIN,2/23/2013 0:00,24:01:00,2013,2013,"M411,","BNSF,",7,"M4,","M,",YARD,Minnesota,45,-93.3,"Minnesota
(45, -93.3)"
Derailments,2012:09:PGR:09072012,0,0,3709,14748,0,0,0,HENNEPIN,9/7/2012 0:00,9:40,2012,2012,"T110,","PGR,",1,"T1,","T,",INDUSTRY,Minnesota,44.828239,-93.296241,"Minnesota
(44.828239, -93.296241)"
Derailments,2011:11:TIBR:D542311,0,0,11100,4000,0,0,0,BEAUREGARD,11/21/2011 0:00,3:30,2011,2012,"T299,","TIBR,",1,"T2,","T,",MAIN,Louisiana,30.76776,-93.295322,"Louisiana
(30.76776, -93.295322)"
Derailments,2011:09:LAS:D641911,0,0,13939,350,0,0,0,WEBSTER,9/26/2011 0:00,9:05,2011,2011,"T101,","LAS,",7,"T1,","T,",YARD,Louisiana,32.606878,-93.291945,"Louisiana
(32.606878, -93.291945)"
Derailments,2015:02:LAS:D640415,0,0,10300,4500,0,0,0,WEBSTER,2/28/2015 0:00,20:32,2015,2015,"T303,","LAS,",7,"T3,","T,",YARD,Louisiana,32.644812,-93.291916,"Louisiana
(32.644812, -93.291916)"
Derailments,2011:08:LAS:D641611,0,0,22826,96635,0,0,0,WEBSTER,8/16/2011 0:00,3:15,2011,2011,"T299,","LAS,",7,"T2,","T,",YARD,Louisiana,32.606878,-93.291,"Louisiana
(32.606878, -93.291)"
Derailments,2012:11:KCS:12110802,0,0,7315,2500,48,4,0,CALCASIEU,11/8/2012 0:00,11:00,2012,2013,"T110,","KCS,",1,"T1,","T,",INDUSTRY,Louisiana,30.23971,-93.288172,"Louisiana
(30.23971, -93.288172)"
Derailments,2012:04:KCS:12042102,0,0,11909,3000,0,0,0,BEAUREGARD,4/21/2012 0:00,1:46,2012,2012,"T311,","KCS,",7,"T3,","T,",INDUSTRY,Louisiana,30.83443,-93.287613,"Louisiana
(30.83443, -93.287613)"
Highway-rail impact,2013:04:KCS:13040301,0,3,1250,19107,1,0,0,BEAUREGARD,4/3/2013 0:00,16:00,2013,2013,"M304,","KCS,",1,"M3,","M,",MAIN,Louisiana,30.86813,-93.284,"Louisiana
(30.86813, -93.284)"
Highway-rail impact,2016:03:UP:0316LV013,0,0,12406,100,0,0,0,CALCASIEU,3/19/2016 0:00,15:47,2016,2016,"M308,","UP,",4,"M3,","M,",MAIN,Louisiana,30.239703,-93.283561,"Louisiana
(30.239703, -93.283561)"
Other impacts,2013:01:PGR:01152013,0,0,0,26131,0,0,0,HENNEPIN,1/15/2013 0:00,14:00,2013,2013,"H021,H399,","PGR,",58,"H0,H3,H0,H3,","H,",INDUSTRY,Minnesota,44.84464,-93.283501,"Minnesota
(44.84464, -93.283501)"
Derailments,2014:02:KCS:ZZZZZZZZZZ,0,0,0,6769,39,2,0,CALCASIEU,2/20/2014 0:00,11:01,2014,2014,"T217,","UP,",7,"T2,","T,",INDUSTRY,Louisiana,30.237372,-93.283193,"Louisiana
(30.237372, -93.283193)"
Other events,2015:04:KCS:15041901,0,0,11657,0,0,0,0,VERNON,4/19/2015 0:00,3:30,2015,2015,"H607,","KCS,",1,"H6,","H,",MAIN,Louisiana,30.963621,-93.281828,"Louisiana
(30.963621, -93.281828)"
Fire/violent rupture,2015:07:UP:0715SL003,0,0,0,51240,4,0,0,PETTIS,7/10/2015 0:00,5:07,2015,2015,"E79L,","UP,",1,"E7,","E,",MAIN,Missouri,38.725099,-93.281683,"Missouri
(38.725099, -93.281683)"
Derailments,2016:08:UP:0816LV004,0,0,6370,282854,10,3,0,CALCASIEU,8/11/2016 0:00,18:40,2016,2016,"H503,","BNSF,UP,",1,"H5,","H,",MAIN,Louisiana,30.242268,-93.276019,"Louisiana
(30.242268, -93.276019)"
Derailments,2011:08:SOO:227713,0,0,1800,35155,0,0,0,POPE,8/17/2011 0:00,18:20,2011,2011,"T314,","SOO,",1,"T3,","T,",YARD,Minnesota,45.029386,-93.275278,"Minnesota
(45.029386, -93.275278)"
Side collision,2014:01:BNSF:SF0114116,0,0,0,19188,0,0,0,GREENE,1/27/2014 0:00,3:00,2014,2014,"H601,","BNSF,",87,"H6,","H,",YARD,Missouri,37.231648,-93.274585,"Missouri
(37.231648, -93.274585)"
Other impacts,2011:03:BNSF:TC0311104,0,0,0,24707,4,1,0,HENNEPIN,3/6/2011 0:00,3:59,2011,2011,"S006,","BNSF,",7,"S0,","S,",YARD,Minnesota,45.0395,-93.274338,"Minnesota
(45.0395, -93.274338)"
Derailments,2014:10:BNSF:TC1014119,0,0,323000,9500,0,0,0,HENNEPIN,10/24/2014 0:00,4:35,2014,2015,"H307,H703,","BNSF,",8,"H3,H7,","H,",YARD,Minnesota,45.041022,-93.274278,"Minnesota
(45.041022, -93.274278)"
Derailments,2014:11:BNSF:TC1114101,0,0,29000,1096,0,0,0,HENNEPIN,11/3/2014 0:00,16:22,2014,2015,"M411,","BNSF,",7,"M4,","M,",YARD,Minnesota,45.041022,-93.274278,"Minnesota
(45.041022, -93.274278)"
Other impacts,2015:01:BNSF:TC0115106,0,0,0,79749,0,0,0,HENNEPIN,1/13/2015 0:00,24:45:00,2015,2015,"H305,","BNSF,",78,"H3,","H,",YARD,Minnesota,45.041022,-93.274278,"Minnesota
(45.041022, -93.274278)"
Derailments,2013:01:BNSF:TC0113124,0,0,1000,15786,3,0,0,HENNEPIN,1/29/2013 0:00,19:50,2013,2013,"M411,","BNSF,",7,"M4,","M,",YARD,Minnesota,45.039611,-93.274277,"Minnesota
(45.039611, -93.274277)"
Derailments,2012:03:BNSF:TC0312103,0,0,24500,56500,2,0,0,HENNEPIN,3/3/2012 0:00,1:25,2012,2012,"T201,","BNSF,",7,"T2,","T,",YARD,Minnesota,45.042374,-93.274214,"Minnesota
(45.042374, -93.274214)"
Derailments,2014:05:BNSF:TC0514102,0,0,21000,4917,0,0,0,HENNEPIN,5/7/2014 0:00,6:00,2014,2014,"M411,","BNSF,",7,"M4,","M,",YARD,Minnesota,45.038208,-93.274069,"Minnesota
(45.038208, -93.274069)"
Derailments,2014:08:BNSF:TC0814105,0,0,500,16779,1,1,0,HENNEPIN,8/11/2014 0:00,8:30,2014,2014,"M411,","BNSF,",7,"M4,","M,",YARD,Minnesota,45.045244,-93.273837,"Minnesota
(45.045244, -93.273837)"
Derailments,2015:04:BNSF:TC0415106,0,0,3600,7449,0,0,0,HENNEPIN,4/7/2015 0:00,5:00,2015,2015,"H307,H303,","BNSF,",8,"H3,","H,",YARD,Minnesota,45.045244,-93.273837,"Minnesota
(45.045244, -93.273837)"
Derailments,2013:03:BNSF:TC0313133,0,0,66573,24450,36,1,0,HENNEPIN,3/21/2013 0:00,22:12,2013,2013,"S006,","BNSF,",7,"S0,","S,",YARD,Minnesota,45.036812,-93.273778,"Minnesota
(45.036812, -93.273778)"
Other events,2015:04:BNSF:TC0415114,0,0,0,16954,0,0,0,HENNEPIN,4/23/2015 0:00,8:35,2015,2015,"M411,","BNSF,",7,"M4,","M,",YARD,Minnesota,45.036812,-93.273778,"Minnesota
(45.036812, -93.273778)"
Other events,2013:02:BNSF:TC0213123,0,0,0,29652,0,0,0,HENNEPIN,2/23/2013 0:00,4:25,2013,2013,"M411,","BNSF,",7,"M4,","M,",YARD,Minnesota,45.04667,-93.273686,"Minnesota
(45.04667, -93.273686)"
Other events,2016:03:BNSF:TC0316106,0,0,0,15000,0,0,0,ANOKA,3/25/2016 0:00,4:22,2016,2016,"M407,","BNSF,",7,"M4,","M,",YARD,Minnesota,45.04667,-93.273686,"Minnesota
(45.04667, -93.273686)"
Derailments,2011:12:BNSF:TC1211110,0,0,12754,3200,21,0,0,HENNEPIN,12/13/2011 0:00,15:54,2011,2012,"T311,","BNSF,",1,"T3,","T,",YARD,Minnesota,45.048113,-93.273637,"Minnesota
(45.048113, -93.273637)"
Derailments,2012:06:BNSF:TC0612113,0,0,63552,26848,4,1,0,HENNEPIN,6/17/2012 0:00,2:45,2012,2012,"E39C,","BNSF,",7,"E3,","E,",YARD,Minnesota,45.048113,-93.273637,"Minnesota
(45.048113, -93.273637)"
Derailments,2015:08:BNSF:TC0815113,0,0,42471,12500,0,0,0,ANOKA,8/11/2015 0:00,3:00,2015,2015,"H704,","BNSF,",8,"H7,","H,",YARD,Minnesota,45.048129,-93.273561,"Minnesota
(45.048129, -93.273561)"
Other impacts,2015:09:BNSF:TC0915111,0,0,0,30500,3,3,0,ANOKA,9/20/2015 0:00,21:00,2015,2015,"M411,","BNSF,",7,"M4,","M,",YARD,Minnesota,45.040304,-93.273555,"Minnesota
(45.040304, -93.273555)"
Other impacts,2013:05:BNSF:TC0513101,0,0,1000,13293,13,0,0,HENNEPIN,5/1/2013 0:00,18:27,2013,2013,"S099,","BNSF,",7,"S0,","S,",YARD,Minnesota,40.040325,-93.27355,"Minnesota
(40.040325, -93.27355)"
Derailments,2012:12:BNSF:TC1212112,0,0,9000,36021,0,0,0,HENNEPIN,12/19/2012 0:00,7:50,2012,2013,"T202,","BNSF,",7,"T2,","T,",YARD,Minnesota,45.049612,-93.273448,"Minnesota
(45.049612, -93.273448)"
Derailments,2015:11:BNSF:TC1115100,0,0,2000,9944,0,0,0,HENNEPIN,11/1/2015 0:00,13:00,2015,2016,"T202,","BNSF,",7,"T2,","T,",YARD,Minnesota,45.049612,-93.273448,"Minnesota
(45.049612, -93.273448)"
Other impacts,2016:07:BNSF:TC0716101,0,0,17000,1000,0,0,0,ANOKA,7/4/2016 0:00,23:40,2016,2016,"M201,","BNSF,",7,"M2,","M,",YARD,Minnesota,45.037604,-93.273437,"Minnesota
(45.037604, -93.273437)"
Derailments,2013:06:BNSF:TC0613101,0,0,10900,6066,21,0,0,HENNEPIN,6/1/2013 0:00,16:00,2013,2013,"E35C,","BNSF,",7,"E3,","E,",YARD,Minnesota,45.051095,-93.273338,"Minnesota
(45.051095, -93.273338)"
Derailments,2011:10:BNSF:TC1011129,0,0,37050,5000,3,3,0,HENNEPIN,10/31/2011 0:00,12:30,2011,2012,"T201,","BNSF,",7,"T2,","T,",YARD,Minnesota,45.052127,-93.273327,"Minnesota
(45.052127, -93.273327)"
Derailments,2015:09:BNSF:TC0915103,0,0,268456,96496,104,3,0,ANOKA,9/11/2015 0:00,21:25,2015,2015,"T206,","BNSF,",1,"T2,","T,",YARD,Minnesota,45.055543,-93.272988,"Minnesota
(45.055543, -93.272988)"
Other events,2015:11:BNSF:TC1115116,0,0,0,11515,0,0,0,ANOKA,11/11/2015 0:00,17:30,2015,2016,"M411,","BNSF,",7,"M4,","M,",YARD,Minnesota,45.038513,-93.272873,"Minnesota
(45.038513, -93.272873)"
Derailments,2013:11:BNSF:TC1113105,0,0,35000,11188,0,0,0,HENNEPIN,11/13/2013 0:00,21:30,2013,2014,"E85C,","BNSF,",7,"E8,","E,",YARD,Minnesota,45.034068,-93.272858,"Minnesota
(45.034068, -93.272858)"
Derailments,2014:04:BNSF:TC0414120,0,0,24000,7058,2,2,0,HENNEPIN,4/24/2014 0:00,18:10,2014,2014,"M411,","BNSF,",7,"M4,","M,",YARD,Minnesota,45.034068,-93.272858,"Minnesota
(45.034068, -93.272858)"
Derailments,2014:06:BNSF:TC0614111,0,0,0,28571,0,0,0,HENNEPIN,6/18/2014 0:00,8:00,2014,2014,"M407,","BNSF,",7,"M4,","M,",YARD,Minnesota,45.034068,-93.272858,"Minnesota
(45.034068, -93.272858)"
Derailments,2014:07:BNSF:TC0714114,0,0,5500,9900,0,0,0,HENNEPIN,7/27/2014 0:00,14:30,2014,2014,"H607,H303,","BNSF,",8,"H6,H3,","H,",YARD,Minnesota,45.034068,-93.272858,"Minnesota
(45.034068, -93.272858)"
Derailments,2015:02:BNSF:TC0215101,0,0,8000,5524,15,0,0,HENNEPIN,2/5/2015 0:00,13:07,2015,2015,"M411,","BNSF,",7,"M4,","M,",YARD,Minnesota,45.034068,-93.272858,"Minnesota
(45.034068, -93.272858)"
Other impacts,2015:02:BNSF:TC0215105,0,0,0,24805,1,1,0,HENNEPIN,2/11/2015 0:00,21:25,2015,2015,"S016,","BNSF,",5,"S0,","S,",YARD,Minnesota,45.034068,-93.272858,"Minnesota
(45.034068, -93.272858)"
Derailments,2012:01:BNSF:TC0112114,0,0,14300,21412,3,0,0,HENNEPIN,1/17/2012 0:00,8:51,2012,2012,"S007,","BNSF,",7,"S0,","S,",YARD,Minnesota,45.033854,-93.272839,"Minnesota
(45.033854, -93.272839)"
Derailments,2012:01:BNSF:TC0112129,0,0,0,10000,0,0,0,HENNEPIN,1/30/2012 0:00,4:08,2012,2012,"S016,","BNSF,",7,"S0,","S,",YARD,Minnesota,45.033854,-93.272839,"Minnesota
(45.033854, -93.272839)"
Derailments,2012:03:BNSF:TC0312108,0,0,0,10198,0,0,0,HENNEPIN,3/5/2012 0:00,10:15,2012,2012,"H099,","BNSF,",7,"H0,","H,",YARD,Minnesota,45.033854,-93.272839,"Minnesota
(45.033854, -93.272839)"
Other impacts,2016:02:BNSF:TC0216112,0,0,0,24589,0,0,0,ANOKA,2/25/2016 0:00,7:15,2016,2016,"H306,H601,","BNSF,",8,"H3,H6,","H,",YARD,Minnesota,45.042334,-93.272688,"Minnesota
(45.042334, -93.272688)"
Derailments,2013:08:BNSF:TC0813116,0,0,102500,3500,3,0,0,HENNEPIN,8/28/2013 0:00,15:25,2013,2013,"T108,","BNSF,",7,"T1,","T,",YARD,Minnesota,45.043311,-93.272619,"Minnesota
(45.043311, -93.272619)"
Other events,2016:06:BNSF:TC0616104,0,0,0,15190,4,0,0,ANOKA,6/11/2016 0:00,11:30,2016,2016,"S016,","BNSF,",7,"S0,","S,",YARD,Minnesota,45.042873,-93.272574,"Minnesota
(45.042873, -93.272574)"
Derailments,2013:07:BNSF:TC0713111,0,0,7000,24077,0,0,0,HENNEPIN,7/23/2013 0:00,16:00,2013,2013,"H303,","BNSF,",7,"H3,","H,",YARD,Minnesota,45.041567,-93.272283,"Minnesota
(45.041567, -93.272283)"
Other events,2012:01:BNSF:TC0112108,0,0,0,35371,1,1,0,HENNEPIN,1/11/2012 0:00,19:55,2012,2012,"S016,","BNSF,",7,"S0,","S,",YARD,Minnesota,45.03257,-93.27218,"Minnesota
(45.03257, -93.27218)"
Other events,2013:09:BNSF:TC0913116,0,0,198108,20000,0,0,0,HENNEPIN,9/20/2013 0:00,4:30,2013,2013,"E29L,","BNSF,",1,"E2,","E,",MAIN,Minnesota,44.98604,-93.272041,"Minnesota
(44.98604, -93.272041)"
Other impacts,2015:03:BNSF:TC0315108,0,0,0,48200,0,0,0,HENNEPIN,3/7/2015 0:00,9:00,2015,2015,"M407,","BNSF,",7,"M4,","M,",YARD,Minnesota,45.033861,-93.271737,"Minnesota
(45.033861, -93.271737)"
Derailments,2011:06:BNSF:TC0611103,0,0,5809,4500,1,0,0,HENNEPIN,6/8/2011 0:00,1:20,2011,2011,"H503,","BNSF,MNNR,",7,"H5,","H,",YARD,Minnesota,45.069391,-93.271659,"Minnesota
(45.069391, -93.271659)"
Derailments,2016:05:BNSF:TC0516107,0,0,26000,4500,0,0,0,HENNEPIN,5/15/2016 0:00,11:00,2016,2016,"H607,","BNSF,",7,"H6,","H,",YARD,Minnesota,45.031897,-93.271646,"Minnesota
(45.031897, -93.271646)"
Derailments,2013:02:BNSF:TC0213107,0,0,1500,44433,1,1,0,HENNEPIN,2/11/2013 0:00,13:15,2013,2013,"M411,","BNSF,",7,"M4,","M,",YARD,Minnesota,45.0435,-93.2716,"Minnesota
(45.0435, -93.2716)"
Other impacts,2015:07:BNSF:TC0715119,0,0,0,13720,2,2,0,ANOKA,7/30/2015 0:00,9:24,2015,2015,"M411,","BNSF,",7,"M4,","M,",YARD,Minnesota,45.037053,-93.271567,"Minnesota
(45.037053, -93.271567)"