AccidentType,inckey,Fatalities,Injuries,TrackDamage,EquipmentDamage,HazmatCars,HazmatCarsDerailed,HazmatCarsReleasing,County,DisplayDate,DisplayTime,calendar,Fiscal,AccidentCause,RailroadCodes,RAILEQUIPMENT_TYPE,CauseGroup,CauseDiscipline,TYPE_OF_TRACK,StateName,latitude,longitude,GeoLocation
Derailments,2015:04:BNSF:TC0415108,0,0,106748,8000,22,0,0,HENNEPIN,4/12/2015 0:00,1:32,2015,2015,"H513,","BNSF,",1,"H5,","H,",YARD,Minnesota,45.070354,-93.271526,"Minnesota
(45.070354, -93.271526)"
Derailments,2015:05:BNSF:TC0515114,0,0,8000,5333,0,0,0,ANOKA,5/27/2015 0:00,15:52,2015,2015,"T111,","BNSF,",1,"T1,","T,",YARD,Minnesota,45.051113,-93.271424,"Minnesota
(45.051113, -93.271424)"
Derailments,2013:12:BNSF:TC1213120,0,0,1000,44252,28,0,0,HENNEPIN,12/18/2013 0:00,7:20,2013,2014,"H702,","BNSF,",1,"H7,","H,",YARD,Minnesota,45.031439,-93.271419,"Minnesota
(45.031439, -93.271419)"
Derailments,2015:10:BNSF:TC1015101,0,0,243838,21700,0,0,0,HENNEPIN,10/1/2015 0:00,24:05:00,2015,2016,"H506,","BNSF,",7,"H5,","H,",YARD,Minnesota,45.031439,-93.271419,"Minnesota
(45.031439, -93.271419)"
Derailments,2016:04:BNSF:TC0416109,0,0,10500,1179,0,0,0,HENNEPIN,4/19/2016 0:00,18:40,2016,2016,"M411,","BNSF,",7,"M4,","M,",YARD,Minnesota,45.033445,-93.271313,"Minnesota
(45.033445, -93.271313)"
Derailments,2016:03:BNSF:TC0316105,0,0,101000,8032,1,1,0,HENNEPIN,3/28/2016 0:00,9:15,2016,2016,"S099,","BNSF,",7,"S0,","S,",YARD,Minnesota,45.033104,-93.271211,"Minnesota
(45.033104, -93.271211)"
Derailments,2016:04:BNSF:TC0416103,0,0,6800,17789,0,0,0,ANOKA,4/9/2016 0:00,13:15,2016,2016,"M405,","BNSF,",7,"M4,","M,",YARD,Minnesota,45.044198,-93.27116,"Minnesota
(45.044198, -93.27116)"
Rear end collision,2012:10:BNSF:TC1012112,0,0,500,42500,0,0,0,HENNEPIN,10/23/2012 0:00,13:15,2012,2013,"S016,","BNSF,",67,"S0,","S,",YARD,Minnesota,45.039703,-93.271104,"Minnesota
(45.039703, -93.271104)"
Other impacts,2015:10:BNSF:TC1015114,0,0,0,12216,0,0,0,HENNEPIN,10/18/2015 0:00,2:45,2015,2016,"M411,","BNSF,",7,"M4,","M,",YARD,Minnesota,45.035112,-93.270737,"Minnesota
(45.035112, -93.270737)"
Derailments,2015:11:BNSF:TC1115114,0,0,25039,2000,0,0,0,HENNEPIN,11/21/2015 0:00,1:00,2015,2016,"E86C,","BNSF,",7,"E8,","E,",YARD,Minnesota,45.03537,-93.270574,"Minnesota
(45.03537, -93.270574)"
Other events,2015:05:BNSF:TC0515110,0,0,1000,11490,0,0,0,HENNEPIN,5/24/2015 0:00,10:15,2015,2015,"M411,","BNSF,",7,"M4,","M,",YARD,Minnesota,45.030177,-93.270528,"Minnesota
(45.030177, -93.270528)"
Derailments,2011:07:BNSF:TC0711109,0,2,296000,2463031,0,0,0,ANOKA,7/16/2011 0:00,7:05,2011,2011,"T002,","BNSF,",1,"T0,","T,",MAIN,Minnesota,45.085228,-93.270365,"Minnesota
(45.085228, -93.270365)"
Derailments,2016:04:BNSF:TC0416104,0,0,32837,12500,0,0,0,ANOKA,4/11/2016 0:00,11:25,2016,2016,"H506,","BNSF,",7,"H5,","H,",YARD,Minnesota,45.040589,-93.270232,"Minnesota
(45.040589, -93.270232)"
Derailments,2012:04:BNSF:TC0412119,0,0,74900,7676,1,1,0,HENNEPIN,4/23/2012 0:00,18:45,2012,2012,"M411,","BNSF,",7,"M4,","M,",YARD,Minnesota,45.035,-93.27,"Minnesota
(45.035, -93.27)"
Other impacts,2012:01:BNSF:TC0112118,0,0,7500,560310,14,0,0,HENNEPIN,1/23/2012 0:00,6:45,2012,2012,"E30C,","BNSF,",67,"E3,","E,",YARD,Minnesota,45.04,-93.27,"Minnesota
(45.04, -93.27)"
Derailments,2015:11:BNSF:TC1115101,0,0,18200,500,0,0,0,ANOKA,11/7/2015 0:00,12:05,2015,2016,"H704,","BNSF,",8,"H7,","H,",YARD,Minnesota,45.037887,-93.26978,"Minnesota
(45.037887, -93.26978)"
Derailments,2014:12:KCS:14122801,0,0,420059,219632,2,0,0,VERNON,12/28/2014 0:00,6:20,2014,2015,"T099,","KCS,",1,"T0,","T,",MAIN,Louisiana,31.074927,-93.269768,"Louisiana
(31.074927, -93.269768)"
Derailments,2016:06:BNSF:TC0616116,0,0,10500,61382,0,0,0,HENNEPIN,6/20/2016 0:00,21:50,2016,2016,"M505,","BNSF,",7,"M5,","M,",YARD,Minnesota,45.029412,-93.269747,"Minnesota
(45.029412, -93.269747)"
Derailments,2012:03:BNSF:TC0312125,0,0,0,16760,0,0,0,HENNEPIN,3/16/2012 0:00,15:05,2012,2012,"E64L,T110,T112,","BNSF,WC,",8,"E6,T1,","E,T,",YARD,Minnesota,45.028896,-93.269665,"Minnesota
(45.028896, -93.269665)"
Derailments,2014:05:BNSF:TC0514101,0,0,242797,51676,0,0,0,HENNEPIN,5/7/2014 0:00,3:26,2014,2014,"T316,","BNSF,",7,"T3,","T,",YARD,Minnesota,45.028925,-93.269607,"Minnesota
(45.028925, -93.269607)"
Derailments,2015:11:KCS:15111002,0,0,4154,12000,0,0,0,CALCASIEU,11/10/2015 0:00,17:15,2015,2016,"T103,","KCS,",1,"T1,","T,",INDUSTRY,Louisiana,30.239659,-93.269415,"Louisiana
(30.239659, -93.269415)"
Other impacts,2013:08:BNSF:TC0813118,0,0,15000,21472,0,0,0,HENNEPIN,8/19/2013 0:00,11:50,2013,2013,"S007,","BNSF,",78,"S0,","S,",YARD,Minnesota,45.027705,-93.268712,"Minnesota
(45.027705, -93.268712)"
Other events,2014:10:BNSF:TC1014120,0,0,17609,0,0,0,0,HENNEPIN,10/26/2014 0:00,2:15,2014,2015,"H018,","BNSF,",6,"H0,","H,",YARD,Minnesota,45.027705,-93.268712,"Minnesota
(45.027705, -93.268712)"
Other impacts,2015:03:BNSF:TC0315121,0,0,0,37299,0,0,0,HENNEPIN,3/16/2015 0:00,19:19,2015,2015,"M407,","BNSF,",7,"M4,","M,",YARD,Minnesota,45.027705,-93.268712,"Minnesota
(45.027705, -93.268712)"
Derailments,2015:05:BNSF:TC0515116,0,0,376865,90358,3,3,0,HENNEPIN,5/30/2015 0:00,5:41,2015,2015,"M411,","BNSF,",7,"M4,","M,",YARD,Minnesota,45.027705,-93.268712,"Minnesota
(45.027705, -93.268712)"
Other events,2016:05:BNSF:TC0516108,0,0,23000,0,0,0,0,HENNEPIN,5/16/2016 0:00,9:15,2016,2016,"H307,H702,","BNSF,",8,"H3,H7,","H,",YARD,Minnesota,45.028868,-93.268639,"Minnesota
(45.028868, -93.268639)"
Other impacts,2015:09:KCS:15091201,0,1,0,91690,1,1,0,CALCASIEU,9/12/2015 0:00,12:15,2015,2015,"H318,H021,","KCS,",6,"H3,H0,","H,",INDUSTRY,Louisiana,30.239855,-93.268347,"Louisiana
(30.239855, -93.268347)"
Derailments,2015:08:BNSF:TC0815106,0,0,197084,25000,13,0,0,HENNEPIN,8/14/2015 0:00,22:50,2015,2015,"H506,","BNSF,",1,"H5,","H,",YARD,Minnesota,45.028251,-93.267846,"Minnesota
(45.028251, -93.267846)"
Other impacts,2012:01:UP:0112TC010,0,0,0,33689,0,0,0,HENNEPIN,1/19/2012 0:00,7:00,2012,2012,"E35L,","UP,",8,"E3,","E,",YARD,Minnesota,45.025997,-93.267529,"Minnesota
(45.025997, -93.267529)"
Derailments,2014:03:KCS:14031501,0,0,6276,9005,26,0,0,VERNON,3/15/2014 0:00,21:30,2014,2014,"E4BC,","KCS,",1,"E4,","E,",YARD,Louisiana,31.124452,-93.266456,"Louisiana
(31.124452, -93.266456)"
Derailments,2012:03:BNSF:TC0312121,0,0,2500,91624,1,0,0,HENNEPIN,3/12/2012 0:00,2:30,2012,2012,"T111,","BNSF,",7,"T1,","T,",YARD,Minnesota,45.024233,-93.266217,"Minnesota
(45.024233, -93.266217)"
Derailments,2013:03:BNSF:TC0313125,0,0,22000,40258,11,1,0,HENNEPIN,3/17/2013 0:00,1:50,2013,2013,"M202,","BNSF,",7,"M2,","M,",YARD,Minnesota,45.020394,-93.263427,"Minnesota
(45.020394, -93.263427)"
Other events,2015:09:BNSF:TC0915116,0,0,75640,0,0,0,0,HENNEPIN,9/25/2015 0:00,4:30,2015,2015,"H704,","BNSF,",NA,"H7,","H,",YARD,Minnesota,45.020335,-93.263184,"Minnesota
(45.020335, -93.263184)"
Derailments,2015:03:BNSF:TC0315110,0,0,329231,33473,0,0,0,HENNEPIN,3/8/2015 0:00,4:30,2015,2015,"T206,","BNSF,",7,"T2,","T,",YARD,Minnesota,45.019747,-93.26282,"Minnesota
(45.019747, -93.26282)"
Derailments,2011:10:XJRP:INDUSTRY,0,0,1000,23646,0,0,0,GREENE,10/21/2011 0:00,6:20,2011,2012,"T110,","BNSF,",1,"T1,","T,",INDUSTRY,Missouri,37.104859,-93.261296,"Missouri
(37.104859, -93.261296)"
Other events,2015:04:BNSF:TC0415123,0,0,0,15000,0,0,0,HENNEPIN,4/21/2015 0:00,11:30,2015,2015,"H997,","BNSF,",NA,"H9,","H,",MAIN,Minnesota,45.006171,-93.251816,"Minnesota
(45.006171, -93.251816)"
Derailments,2012:02:FCOZ:INDUSTRY,0,0,10000,34590,0,0,0,FRANKLIN,2/17/2012 0:00,20:00,2012,2012,"T221,","UP,",1,"T2,","T,",INDUSTRY,Iowa,42.632675,-93.24759,"Iowa
(42.632675, -93.24759)"
Derailments,2011:09:FCOZ:INDUSTRY,0,1,23000,61542,0,0,0,FRANKLIN,9/16/2011 0:00,12:05,2011,2011,"T110,","UP,",1,"T1,","T,",INDUSTRY,Iowa,42.629986,-93.247077,"Iowa
(42.629986, -93.247077)"
Derailments,2014:08:PGR:08252014,0,0,4529,12290,0,0,0,DAKOTA,8/25/2014 0:00,16:00,2014,2014,"T110,","PGR,",1,"T1,","T,",INDUSTRY,Minnesota,44.634252,-93.239528,"Minnesota
(44.634252, -93.239528)"
Derailments,2016:03:RWQ:INDUSTRY,0,0,12298,0,0,0,0,HENNEPIN,3/17/2016 0:00,9:20,2016,2016,"T110,","MNNR,",7,"T1,","T,",INDUSTRY,Minnesota,44.950182,-93.238844,"Minnesota
(44.950182, -93.238844)"
Raking collision,2011:11:MNNR:NOV11001,0,0,0,41000,1,1,0,HENNEPIN,11/6/2011 0:00,8:45,2011,2012,"H018,","MNNR,",7,"H0,","H,",YARD,Minnesota,44.979773,-93.237716,"Minnesota
(44.979773, -93.237716)"
Derailments,2014:12:UP:1214KC003,0,0,0,49836,0,0,0,MARION,12/9/2014 0:00,3:28,2014,2015,"H601,","UP,",1,"H6,","H,",MAIN,Iowa,41.185097,-93.234133,"Iowa
(41.185097, -93.234133)"
Derailments,2012:04:KCS:12040702,0,0,9570,40225,23,0,0,CALCASIEU,4/7/2012 0:00,19:45,2012,2012,"M501,H704,","KCS,",7,"M5,H7,","M,H,",YARD,Louisiana,30.240073,-93.231642,"Louisiana
(30.240073, -93.231642)"
Derailments,2011:12:KCS:11123001,0,0,0,182583,2,2,0,NATCHITOCHES,12/30/2011 0:00,18:03,2011,2012,"H503,","KCS,",1,"H5,","H,",MAIN,Louisiana,31.927153,-93.230755,"Louisiana
(31.927153, -93.230755)"
Derailments,2015:06:MNNR:0615001,0,0,1707,19000,0,0,0,HENNEPIN,6/4/2015 0:00,9:05,2015,2015,"E0HC,","MNNR,",5,"E0,","E,",INDUSTRY,Minnesota,44.98049,-93.230286,"Minnesota
(44.98049, -93.230286)"
Derailments,2012:06:UP:0612TC004,0,0,3645,8901,0,0,0,HENNEPIN,6/8/2012 0:00,10:11,2012,2012,"T111,","UP,",7,"T1,","T,",YARD,Minnesota,44.938812,-93.229474,"Minnesota
(44.938812, -93.229474)"
Derailments,2013:07:BNSF:TC0713100,0,0,93466,10805,0,0,0,RAMSEY,7/4/2013 0:00,2:30,2013,2013,"M501,","BNSF,",7,"M5,","M,",YARD,Minnesota,44.982714,-93.227877,"Minnesota
(44.982714, -93.227877)"
Other impacts,2011:10:UP:1011TC009,0,0,11534,532,0,0,0,HENNEPIN,10/21/2011 0:00,9:58,2011,2012,"H306,","UP,",76,"H3,","H,",YARD,Minnesota,44.982112,-93.224959,"Minnesota
(44.982112, -93.224959)"
Derailments,2014:08:BNSF:TC0814110,0,0,1200,14939,0,0,0,RAMSEY,8/22/2014 0:00,16:00,2014,2014,"H704,","BNSF,",7,"H7,","H,",YARD,Minnesota,44.980854,-93.224526,"Minnesota
(44.980854, -93.224526)"
Derailments,2012:05:BNSF:SF0512108,0,0,3500,20666,0,0,0,GREENE,5/12/2012 0:00,13:42,2012,2012,"M504,","BNSF,",6,"M5,","M,",INDUSTRY,Missouri,37.233679,-93.224232,"Missouri
(37.233679, -93.224232)"
Derailments,2013:03:BNSF:SF0313101,0,0,5300,10445,0,0,0,GREENE,3/1/2013 0:00,18:00,2013,2013,"T403,","BNSF,",7,"T4,","T,",INDUSTRY,Missouri,37.233639,-93.223912,"Missouri
(37.233639, -93.223912)"
Derailments,2016:07:XAVN:INDUSTRY,0,0,50000,1500,0,0,0,FRANKLIN,7/10/2016 0:00,18:20,2016,2016,"T110,","UP,",1,"T1,","T,",INDUSTRY,Iowa,42.840142,-93.222538,"Iowa
(42.840142, -93.222538)"
Other impacts,2013:11:UP:1113TC010,0,0,0,14191,0,0,0,CERRO GORDO,11/30/2013 0:00,5:11,2013,2014,"H302,","UP,",76,"H3,","H,",YARD,Iowa,43.174414,-93.218804,"Iowa
(43.174414, -93.218804)"
Derailments,2011:11:BNSF:TC1111115,0,0,42200,24274,2,0,0,RAMSEY,11/25/2011 0:00,4:10,2011,2012,"T111,T110,","BNSF,UP,",1,"T1,","T,",YARD,Minnesota,45.028659,-93.218116,"Minnesota
(45.028659, -93.218116)"
Fire/violent rupture,2011:11:MNA:IF110550,0,0,0,110000,0,0,0,TANEY,11/7/2011 0:00,3:00,2011,2012,"E74L,","MNA,",1,"E7,","E,",MAIN,Missouri,36.623611,-93.216112,"Missouri
(36.623611, -93.216112)"
Derailments,2012:06:UP:0612TC010,0,0,2556,11087,0,0,0,CERRO GORDO,6/30/2012 0:00,4:47,2012,2012,"H704,","UP,",15,"H7,","H,",YARD,Iowa,43.170037,-93.215453,"Iowa
(43.170037, -93.215453)"
Derailments,2015:03:MNA:MNA705315D,0,0,4737,15000,0,0,0,TANEY,3/6/2015 0:00,9:58,2015,2015,"M204,","MNA,",1,"M2,","M,",MAIN,Missouri,36.640717,-93.214188,"Missouri
(36.640717, -93.214188)"
Derailments,2013:12:UP:1213TC001,0,0,17257,3809,16,0,0,CERRO GORDO,12/3/2013 0:00,23:45,2013,2014,"M405,","UP,",1,"M4,","M,",YARD,Iowa,43.16124,-93.210839,"Iowa
(43.16124, -93.210839)"
Side collision,2012:08:UP:0812TC001,0,0,4972,37582,0,0,0,CERRO GORDO,8/1/2012 0:00,21:45,2012,2012,"H605,H211,H307,H603,","DME,UP,",17,"H6,H2,H3,H6,","H,",MAIN,Iowa,43.15251,-93.210025,"Iowa
(43.15251, -93.210025)"
Derailments,2011:08:UP:0811LK042,0,0,15925,1885,11,0,0,COLUMBIA,8/29/2011 0:00,16:50,2011,2011,"T220,","LNW,UP,",1,"T2,","T,",INDUSTRY,Arkansas,33.347731,-93.208304,"Arkansas
(33.347731, -93.208304)"
Derailments,2012:12:MNNR:1212001,0,0,7443,27600,3,0,0,RAMSEY,12/9/2012 0:00,11:35,2012,2013,"H301,M101,","MNNR,",7,"H3,M1,","H,M,",INDUSTRY,Minnesota,45.005138,-93.208007,"Minnesota
(45.005138, -93.208007)"
Derailments,2016:03:XWFP:INDUSTRY,0,0,15000,8840,0,0,0,HENNEPIN,3/21/2016 0:00,22:45,2016,2016,"T110,","MNNR,",7,"T1,","T,",INDUSTRY,Minnesota,44.985021,-93.206919,"Minnesota
(44.985021, -93.206919)"
Derailments,2012:09:DME:233505,0,0,260000,37089,0,0,0,CERRO GORDO,9/15/2012 0:00,2:40,2012,2012,"T207,","DME,",7,"T2,","T,",YARD,Iowa,43.143,-93.20657,"Iowa
(43.143, -93.20657)"
Highway-rail impact,2013:12:MNNR:DEC1301G,0,2,0,11000,8,1,0,RAMSEY,12/6/2013 0:00,12:10,2013,2014,"M304,","MNNR,",7,"M3,","M,",INDUSTRY,Minnesota,44.980647,-93.206031,"Minnesota
(44.980647, -93.206031)"
Derailments,2014:02:IANR:MAD0219141,0,0,910,14552,0,0,0,WORTH,2/19/2014 0:00,9:45,2014,2014,"M101,","IANR,",7,"M1,","M,",YARD,Iowa,43.319361,-93.205558,"Iowa
(43.319361, -93.205558)"
Derailments,2015:02:IANR:MAD0214151,0,0,7198,41015,0,0,0,WORTH,2/14/2015 0:00,11:55,2015,2015,"H505,","IANR,",7,"H5,","H,",YARD,Iowa,43.310342,-93.204986,"Iowa
(43.310342, -93.204986)"
Other impacts,2015:05:IANR:MAD0503152,0,0,0,147567,0,0,0,WORTH,5/3/2015 0:00,12:30,2015,2015,"H302,","IANR,",7,"H3,","H,",YARD,Iowa,43.296512,-93.204803,"Iowa
(43.296512, -93.204803)"
Other impacts,2014:05:IANR:MAD0503143,0,0,7474,110000,3,3,0,WORTH,5/3/2014 0:00,1:30,2014,2014,"H020,","IANR,",7,"H0,","H,",YARD,Iowa,43.302919,-93.204733,"Iowa
(43.302919, -93.204733)"
Other impacts,2013:09:UP:0913TC002,0,0,1380,22419,0,0,0,HENNEPIN,9/8/2013 0:00,17:35,2013,2013,"H099,","UP,",57,"H0,","H,",YARD,Minnesota,44.974358,-93.204329,"Minnesota
(44.974358, -93.204329)"
Derailments,2014:09:BNSF:TC0914109,0,0,0,166672,109,16,0,RAMSEY,9/24/2014 0:00,3:25,2014,2014,"H307,H601,","BNSF,",71,"H3,H6,H3,H6,","H,",MAIN,Minnesota,44.974302,-93.203556,"Minnesota
(44.974302, -93.203556)"
Other impacts,2013:10:CP:238871,0,1,0,17000,0,0,0,CERRO GORDO,10/20/2013 0:00,4:48,2013,2014,"H699,","CP,",86,"H6,","H,",YARD,Iowa,43.142171,-93.199722,"Iowa
(43.142171, -93.199722)"
Other events,2013:09:MNNR:0913001,0,0,15193,0,0,0,0,RAMSEY,9/19/2013 0:00,13:50,2013,2013,"E99L,","MNNR,UP,",7,"E9,","E,",YARD,Minnesota,44.973136,-93.197595,"Minnesota
(44.973136, -93.197595)"
Derailments,2012:08:UP:0812LV018,0,0,22233,3109,29,3,0,CALCASIEU,8/29/2012 0:00,10:00,2012,2012,"T202,","UP,",1,"T2,","T,",YARD,Louisiana,30.238398,-93.197084,"Louisiana
(30.238398, -93.197084)"
Derailments,2012:12:MNNR:1212002,0,0,8767,15775,1,0,0,RAMSEY,12/10/2012 0:00,15:55,2012,2013,"H306,H702,","MNNR,WC,",1,"H3,H7,H3,H7,","H,",YARD,Minnesota,45.053544,-93.195385,"Minnesota
(45.053544, -93.195385)"
Derailments,2016:07:IANR:MAD0707161,0,0,1374,30765,0,0,0,WORTH,7/7/2016 0:00,1:30,2016,2016,"M105,","IANR,",6,"M1,","M,",SIDING,Iowa,43.27745,-93.194191,"Iowa
(43.27745, -93.194191)"
Highway-rail impact,2012:01:BNSF:TC0112201,0,1,1000,15000,4,0,0,ISANTI,1/30/2012 0:00,10:55,2012,2012,"M302,","BNSF,",1,"M3,","M,",MAIN,Minnesota,45.637785,-93.193548,"Minnesota
(45.637785, -93.193548)"
Derailments,2012:06:LRWN:LRW242612,0,0,116300,20074,0,0,0,YELL,6/25/2012 0:00,17:45,2012,2012,"T109,","LRWN,",1,"T1,","T,",MAIN,Arkansas,35.024005,-93.192569,"Arkansas
(35.024005, -93.192569)"
Derailments,2013:09:PGR:9252013,0,0,22701,1250,1,0,0,RICE,9/25/2013 0:00,3:00,2013,2013,"T311,","PGR,UP,",1,"T3,","T,",INDUSTRY,Minnesota,44.445745,-93.188848,"Minnesota
(44.445745, -93.188848)"
Other impacts,2013:04:UP:0413TC003,0,0,730,30047,0,0,0,HENNEPIN,4/12/2013 0:00,18:50,2013,2013,"H702,","UP,",81,"H7,","H,",YARD,Minnesota,44.974286,-93.186467,"Minnesota
(44.974286, -93.186467)"
Derailments,2012:02:MNNR:021202,0,0,11205,12240,11,0,0,RAMSEY,2/20/2012 0:00,1:10,2012,2012,"T210,","MNNR,",7,"T2,","T,",YARD,Minnesota,44.966281,-93.184611,"Minnesota
(44.966281, -93.184611)"
Derailments,2015:01:BNSF:SF0115114,0,0,2000,17000,0,0,0,GREENE,1/25/2015 0:00,19:15,2015,2015,"T301,","BNSF,",8,"T3,","T,",YARD,Missouri,37.134536,-93.184286,"Missouri
(37.134536, -93.184286)"
Derailments,2014:07:BNSF:TC0714103,0,0,29477,2500,0,0,0,HENNEPIN,7/14/2014 0:00,1:30,2014,2014,"H307,H702,","BNSF,",1,"H3,H7,","H,",YARD,Minnesota,44.971647,-93.17891,"Minnesota
(44.971647, -93.17891)"
Derailments,2012:05:UP:0512LV010,0,0,2015,9569,19,1,0,CALCASIEU,5/17/2012 0:00,21:15,2012,2012,"M599,","UP,",1,"M5,","M,",YARD,Louisiana,30.238307,-93.174988,"Louisiana
(30.238307, -93.174988)"
Derailments,2014:04:LAS:D641214,0,0,15000,87000,5,1,0,WEBSTER,4/8/2014 0:00,15:15,2014,2014,"T299,","LAS,",1,"T2,","T,",MAIN,Louisiana,32.353411,-93.173311,"Louisiana
(32.353411, -93.173311)"
Highway-rail impact,2011:08:UP:0811LV013,0,0,0,13586,4,0,0,BEAUREGARD,8/23/2011 0:00,9:50,2011,2011,"M302,","UP,",1,"M3,","M,",MAIN,Louisiana,30.514614,-93.171509,"Louisiana
(30.514614, -93.171509)"
Derailments,2013:07:BNSF:TC0713104,0,0,4500,7137,0,0,0,RAMSEY,7/7/2013 0:00,4:08,2013,2013,"H307,H303,","BNSF,",7,"H3,","H,",YARD,Minnesota,44.969933,-93.164776,"Minnesota
(44.969933, -93.164776)"
Derailments,2016:02:BNSF:TC0216113,0,0,75940,58266,2,0,0,RAMSEY,2/29/2016 0:00,19:47,2016,2016,"H703,","BNSF,",7,"H7,","H,",YARD,Minnesota,44.969286,-93.160946,"Minnesota
(44.969286, -93.160946)"
Derailments,2014:10:BNSF:TC1014111,0,0,29000,200,0,0,0,RAMSEY,10/11/2014 0:00,23:01,2014,2015,"H702,","BNSF,",1,"H7,","H,",MAIN,Minnesota,44.969394,-93.160919,"Minnesota
(44.969394, -93.160919)"
Fire/violent rupture,2016:01:UP:0116CB005,0,0,0,20530,0,0,0,MARSHALL,1/6/2016 0:00,7:38,2016,2016,"E74L,","UP,",1,"E7,","E,",MAIN,Iowa,42.01755,-93.160664,"Iowa
(42.01755, -93.160664)"
Derailments,2012:02:BNSF:TC0212114,0,0,22000,14721,0,0,0,HENNEPIN,2/9/2012 0:00,23:00,2012,2012,"H307,H702,","BNSF,",1,"H3,H7,","H,",YARD,Minnesota,44.969127,-93.159032,"Minnesota
(44.969127, -93.159032)"
Derailments,2014:06:UP:0614TC007,0,0,49612,6853,0,0,0,RAMSEY,6/16/2014 0:00,14:15,2014,2014,"M405,","UP,",7,"M4,","M,",YARD,Minnesota,44.969015,-93.158364,"Minnesota
(44.969015, -93.158364)"
Derailments,2013:12:KCS:13122702,0,0,0,53000,0,0,0,CALCASIEU,12/27/2013 0:00,17:00,2013,2014,"T101,","KCS,",1,"T1,","T,",INDUSTRY,Louisiana,30.238115,-93.15823,"Louisiana
(30.238115, -93.15823)"
Derailments,2013:05:UP:0513LV011,0,0,1250,9066,1,0,0,CALCASIEU,5/10/2013 0:00,19:00,2013,2013,"H019,","UP,",7,"H0,","H,",YARD,Louisiana,30.204256,-93.158044,"Louisiana
(30.204256, -93.158044)"
Derailments,2015:10:BNSF:TC1015128,0,0,4800,10020,8,0,0,RAMSEY,10/24/2015 0:00,5:30,2015,2016,"H607,H303,","BNSF,",1,"H6,H3,","H,",YARD,Minnesota,44.968824,-93.157612,"Minnesota
(44.968824, -93.157612)"
Derailments,2015:06:BNSF:SF0615114,0,0,0,82900,0,0,0,GREENE,6/19/2015 0:00,8:44,2015,2015,"M103,","BNSF,",1,"M1,","M,",MAIN,Missouri,37.180443,-93.14941,"Missouri
(37.180443, -93.14941)"
Derailments,2013:09:UP:0913TC008,0,0,4198,49418,0,0,0,RAMSEY,9/16/2013 0:00,5:13,2013,2013,"E64C,","UP,",81,"E6,","E,",YARD,Minnesota,44.967095,-93.144312,"Minnesota
(44.967095, -93.144312)"
Derailments,2015:06:MNNR:0615002,0,0,12375,1600,0,0,0,HENNEPIN,6/6/2015 0:00,11:30,2015,2015,"T110,","MNNR,",7,"T1,","T,",INDUSTRY,Minnesota,44.570242,-93.142137,"Minnesota
(44.570242, -93.142137)"
Derailments,2015:07:KCS:15070806,0,0,3442,18600,18,1,0,RANKIN,7/8/2015 0:00,18:35,2015,2015,"H704,","KCS,",7,"H7,","H,",MAIN,Mississippi,32.251702,-93.139828,"Mississippi
(32.251702, -93.139828)"
Derailments,2015:08:MNNR:0815001,0,0,17343,837,0,0,0,HENNEPIN,8/1/2015 0:00,9:00,2015,2015,"T105,T106,","MNNR,",7,"T1,","T,",INDUSTRY,Minnesota,44.583174,-93.125456,"Minnesota
(44.583174, -93.125456)"
Other impacts,2015:05:MNNR:0515001,0,0,2398,17425,0,0,0,RAMSEY,5/12/2015 0:00,1:30,2015,2015,"H306,H301,","MNNR,",7,"H3,","H,",INDUSTRY,Minnesota,45.002021,-93.122853,"Minnesota
(45.002021, -93.122853)"
Other impacts,2013:12:IANR:MAD1223133,0,0,0,50000,14,2,0,WORTH,12/23/2013 0:00,3:30,2013,2014,"H020,","IANR,",6,"H0,","H,",YARD,Iowa,43.181001,-93.1217,"Iowa
(43.181001, -93.1217)"
Derailments,2012:09:LNW:ID120042,0,0,12000,340000,6,4,1,CLAIBORNE,9/17/2012 0:00,14:10,2012,2012,"T220,","LNW,",1,"T2,","T,",MAIN,Louisiana,32.898908,-93.109975,"Louisiana
(32.898908, -93.109975)"
Derailments,2011:06:UP:0611TC004,0,0,5620,11780,8,0,0,RAMSEY,6/13/2011 0:00,1:53,2011,2011,"E10L,","UP,",1,"E1,","E,",MAIN,Minnesota,44.944964,-93.087926,"Minnesota
(44.944964, -93.087926)"
Derailments,2015:10:BNSF:TC1015121,0,0,38200,991,62,0,0,RAMSEY,10/23/2015 0:00,24:58:00,2015,2016,"H504,","BNSF,CP,",1,"H5,","H,",MAIN,Minnesota,44.965515,-93.087474,"Minnesota
(44.965515, -93.087474)"
Derailments,2012:07:TIRZ:INDUSTRY,0,0,8900,1887,0,0,0,CLARK,7/11/2012 0:00,21:00,2012,2012,"T399,","UP,",7,"T3,","T,",INDUSTRY,Arkansas,34.051382,-93.086922,"Arkansas
(34.051382, -93.086922)"
Derailments,2015:03:UP:0315TC008,0,0,9317,5742,0,0,0,RAMSEY,3/18/2015 0:00,20:40,2015,2015,"T001,","UP,",7,"T0,","T,",YARD,Minnesota,44.936661,-93.082702,"Minnesota
(44.936661, -93.082702)"
Derailments,2011:12:BNSF:TC1211113,0,0,0,15050,0,0,0,ITASCA,12/20/2011 0:00,17:45,2011,2012,"H995,","BNSF,",1,"H9,","H,",INDUSTRY,Minnesota,47.392734,-93.07919,"Minnesota
(47.392734, -93.07919)"
Fire/violent rupture,2013:05:KCS:13052701,0,0,0,62685,14,0,0,BIENVILLE,5/27/2013 0:00,9:13,2013,2013,"E73L,","KCS,",1,"E7,","E,",MAIN,Louisiana,32.547302,-93.072544,"Louisiana
(32.547302, -93.072544)"
Derailments,2014:08:UP:0814LK018,0,0,73100,5470,5,0,0,OUACHITA,8/19/2014 0:00,15:40,2014,2014,"T303,T316,","UP,",1,"T3,","T,",SIDING,Arkansas,33.413471,-93.066718,"Arkansas
(33.413471, -93.066718)"
Derailments,2013:07:BNSF:TC0713115,0,0,157640,71492,33,0,0,RAMSEY,7/20/2013 0:00,19:00,2013,2013,"T399,","BNSF,",1,"T3,","T,",YARD,Minnesota,44.945733,-93.060837,"Minnesota
(44.945733, -93.060837)"