AccidentType,inckey,Fatalities,Injuries,TrackDamage,EquipmentDamage,HazmatCars,HazmatCarsDerailed,HazmatCarsReleasing,County,DisplayDate,DisplayTime,calendar,Fiscal,AccidentCause,RailroadCodes,RAILEQUIPMENT_TYPE,CauseGroup,CauseDiscipline,TYPE_OF_TRACK,StateName,latitude,longitude,GeoLocation
Raking collision,2013:09:BNSF:TC0913125,0,0,301400,132080,20,0,0,RAMSEY,9/22/2013 0:00,10:15,2013,2013,"H508,H599,","BNSF,CP,",11,"H5,","H,",MAIN,Minnesota,44.945733,-93.060837,"Minnesota
(44.945733, -93.060837)"
Derailments,2015:08:UP:0815LV005,0,0,12440,1687,26,0,0,CALCASIEU,8/18/2015 0:00,8:25,2015,2015,"E53C,","UP,",1,"E5,","E,",MAIN,Louisiana,30.23817,-93.060479,"Louisiana
(30.23817, -93.060479)"
Derailments,2013:08:KCS:13081901,0,0,47501,20575,1,0,0,BIENVILLE,8/19/2013 0:00,6:08,2013,2013,"H519,","KCS,",1,"H5,","H,",MAIN,Louisiana,32.546606,-93.055438,"Louisiana
(32.546606, -93.055438)"
Derailments,2012:03:UP:0312TC006,0,0,5284,16173,0,0,0,DAKOTA,3/31/2012 0:00,22:30,2012,2012,"H701,H307,","UP,",7,"H7,H3,","H,",YARD,Minnesota,44.916055,-93.055354,"Minnesota
(44.916055, -93.055354)"
Derailments,2012:08:BNSF:TC0812113,0,0,6500,27063,24,0,0,RAMSEY,8/25/2012 0:00,24:58:00,2012,2012,"H508,M405,","BNSF,UP,",1,"H5,M4,","H,M,",MAIN,Minnesota,44.9522,-93.055,"Minnesota
(44.9522, -93.055)"
Derailments,2011:08:UP:0811TC008,0,0,3429,26586,0,0,0,DAKOTA,8/9/2011 0:00,24:25:00,2011,2011,"M405,","UP,",7,"M4,","M,",YARD,Minnesota,44.913762,-93.052967,"Minnesota
(44.913762, -93.052967)"
Derailments,2013:03:UP:0313TC003,0,0,44713,2746,0,0,0,RAMSEY,3/6/2013 0:00,6:50,2013,2013,"T112,","UP,",1,"T1,","T,",YARD,Minnesota,44.943318,-93.052654,"Minnesota
(44.943318, -93.052654)"
Derailments,2013:08:UP:0813TC001,0,0,4262,10296,0,0,0,RAMSEY,8/8/2013 0:00,21:00,2013,2013,"T110,","TCWR,UP,",1,"T1,","T,",YARD,Minnesota,44.943318,-93.052654,"Minnesota
(44.943318, -93.052654)"
Derailments,2015:08:UP:0815TC006,0,0,82709,32787,0,0,0,RAMSEY,8/16/2015 0:00,8:24,2015,2015,"H703,","UP,",1,"H7,","H,",YARD,Minnesota,44.943352,-93.052639,"Minnesota
(44.943352, -93.052639)"
Derailments,2014:07:UP:0714TC012,0,0,47139,14442,1,1,0,RAMSEY,7/19/2014 0:00,1:55,2014,2014,"T110,","UP,",7,"T1,","T,",YARD,Minnesota,44.941739,-93.052473,"Minnesota
(44.941739, -93.052473)"
Derailments,2014:04:UP:0414TC019,0,0,60500,18271,0,0,0,DAKOTA,4/25/2014 0:00,16:05,2014,2014,"T206,","UP,",7,"T2,","T,",INDUSTRY,Minnesota,44.769775,-93.04976,"Minnesota
(44.769775, -93.04976)"
Raking collision,2013:05:UP:0513TC017,0,0,0,14380,1,1,0,DAKOTA,5/24/2013 0:00,24:05:00,2013,2013,"H021,","UP,",76,"H0,","H,",INDUSTRY,Minnesota,44.772794,-93.049662,"Minnesota
(44.772794, -93.049662)"
Other events,2014:10:UP:1014TC012,0,0,0,44047,0,0,0,DAKOTA,10/16/2014 0:00,23:45,2014,2015,"E22L,","UP,",7,"E2,","E,",INDUSTRY,Minnesota,44.780246,-93.049144,"Minnesota
(44.780246, -93.049144)"
Derailments,2012:03:UP:0312TC003,0,0,57,14595,1,0,0,DAKOTA,3/17/2012 0:00,14:25,2012,2012,"H310,","UP,",76,"H3,","H,",YARD,Minnesota,44.904733,-93.044305,"Minnesota
(44.904733, -93.044305)"
Other impacts,2016:08:UP:0816TC001,0,0,0,12820,5,1,0,DAKOTA,8/1/2016 0:00,1:40,2016,2016,"H310,","UP,",86,"H3,","H,",YARD,Minnesota,44.904578,-93.044218,"Minnesota
(44.904578, -93.044218)"
Derailments,2011:07:LRWN:LRW148511,0,0,18000,10000,0,0,0,PERRY,7/13/2011 0:00,14:50,2011,2011,"T109,","LRWN,",1,"T1,","T,",MAIN,Arkansas,35.024514,-93.0442,"Arkansas
(35.024514, -93.0442)"
Other impacts,2013:03:UP:0313TC015,0,0,11548,27804,0,0,0,DAKOTA,3/30/2013 0:00,19:45,2013,2013,"H307,","UP,",716,"H3,","H,",YARD,Minnesota,44.904197,-93.043491,"Minnesota
(44.904197, -93.043491)"
Broken train collision,2013:12:CP:239640,0,0,4800,102200,0,0,0,RAMSEY,12/23/2013 0:00,16:35,2013,2014,"E39C,","CP,",7,"E3,","E,",YARD,Minnesota,44.939698,-93.043245,"Minnesota
(44.939698, -93.043245)"
Other events,2015:08:UP:0815TC021,0,0,0,30000,0,0,0,DAKOTA,8/28/2015 0:00,10:00,2015,2015,"M507,","UP,",8,"M5,","M,",YARD,Minnesota,44.903145,-93.042389,"Minnesota
(44.903145, -93.042389)"
Derailments,2013:07:UP:0713TC002,0,0,272287,62515,0,0,0,DAKOTA,7/3/2013 0:00,21:14,2013,2013,"T110,","UP,",1,"T1,","T,",YARD,Minnesota,44.903001,-93.042232,"Minnesota
(44.903001, -93.042232)"
Obstruction impact,2015:03:UP:0315LV010,0,0,8310,3297,0,0,0,NATCHITOCHES,3/20/2015 0:00,2:50,2015,2015,"M402,","UP,",1,"M4,","M,",MAIN,Louisiana,31.620284,-93.042102,"Louisiana
(31.620284, -93.042102)"
Other events,2012:09:UP:0912TC006,0,0,0,140427,0,0,0,RAMSEY,9/13/2012 0:00,17:00,2012,2012,"E99L,","UP,",7,"E9,","E,",YARD,Minnesota,44.930197,-93.041819,"Minnesota
(44.930197, -93.041819)"
Derailments,2011:06:UP:0611SL003,0,0,89388,557907,0,0,0,SALINE,6/5/2011 0:00,8:00,2011,2011,"T207,","UP,",1,"T2,","T,",MAIN,Missouri,39.005635,-93.039904,"Missouri
(39.005635, -93.039904)"
Derailments,2011:11:BNSF:TC1111114,0,0,1400,16000,0,0,0,RAMSEY,11/23/2011 0:00,5:05,2011,2012,"H704,","BNSF,",1,"H7,","H,",YARD,Minnesota,44.937734,-93.038291,"Minnesota
(44.937734, -93.038291)"
Other impacts,2012:09:SOO:233457,0,0,0,18390,0,0,0,RAMSEY,9/11/2012 0:00,13:45,2012,2012,"M105,","SOO,TCWR,",61,"M1,","M,",YARD,Minnesota,44.936581,-93.037953,"Minnesota
(44.936581, -93.037953)"
Derailments,2012:02:LAS:D640212,0,0,32960,110300,0,0,0,BIENVILLE,2/7/2012 0:00,2:50,2012,2012,"T001,","LAS,",1,"T0,","T,",MAIN,Louisiana,32.540916,-93.036775,"Louisiana
(32.540916, -93.036775)"
Other impacts,2016:07:CP:1000423399,0,0,0,31562,0,0,0,RAMSEY,7/14/2016 0:00,17:15,2016,2016,"H607,","CP,",17,"H6,","H,",INDUSTRY,Minnesota,44.935557,-93.036428,"Minnesota
(44.935557, -93.036428)"
Other events,2011:09:PGR:9192011,0,0,0,65000,0,0,0,HENNEPIN,9/19/2011 0:00,13:00,2011,2011,"M502,E09C,","PGR,",1,"M5,E0,","M,E,",SIDING,Minnesota,44.089372,-93.02869,"Minnesota
(44.089372, -93.02869)"
Derailments,2012:03:BNSF:TC0312136,0,0,16000,18000,0,0,0,RAMSEY,3/26/2012 0:00,23:30,2012,2012,"H704,","BNSF,",1,"H7,","H,",YARD,Minnesota,44.928265,-93.023645,"Minnesota
(44.928265, -93.023645)"
Other impacts,2015:11:CP:1000298233,0,0,250,17284,117,2,0,RAMSEY,11/6/2015 0:00,22:45,2015,2016,"H212,","CP,",17,"H2,","H,",YARD,Minnesota,44.926569,-93.022442,"Minnesota
(44.926569, -93.022442)"
Derailments,2016:08:CP:1000438442,0,0,271280,99760,6,6,0,RAMSEY,8/19/2016 0:00,6:20,2016,2016,"H523,","CP,",676,"H5,","H,",YARD,Minnesota,44.924666,-93.020521,"Minnesota
(44.924666, -93.020521)"
Derailments,2015:04:IAIS:2015049,0,0,1835,19110,0,0,0,JASPER,4/27/2015 0:00,8:25,2015,2015,"T309,","IAIS,",7,"T3,","T,",YARD,Iowa,41.727461,-93.019472,"Iowa
(41.727461, -93.019472)"
Derailments,2011:06:LRWN:LRW137811,0,0,48000,337000,0,0,0,PERRY,6/7/2011 0:00,13:00,2011,2011,"E4BC,","LRWN,",1,"E4,","E,",MAIN,Arkansas,35.02353,-93.006477,"Arkansas
(35.02353, -93.006477)"
Derailments,2012:04:CFI:INDUSTRY,0,0,14715,200,0,0,0,DAKOTA,4/24/2012 0:00,17:10,2012,2012,"T110,","UP,",1,"T1,","T,",INDUSTRY,Minnesota,44.759903,-93.00199,"Minnesota
(44.759903, -93.00199)"
Derailments,2013:03:BNSF:TC0313111,0,0,1000,16930,1,0,0,HENNEPIN,3/8/2013 0:00,4:15,2013,2013,"T306,","BNSF,",7,"T3,","T,",YARD,Minnesota,45,-93,"Minnesota
(45, -93)"
Derailments,2013:11:BNSF:TC1113103,0,0,120000,24500,22,0,0,HENNEPIN,11/6/2013 0:00,15:00,2013,2014,"T319,","BNSF,",1,"T3,","T,",YARD,Minnesota,45,-93,"Minnesota
(45, -93)"
Derailments,2016:04:UP:0416WH005,0,0,230357,7069,0,0,0,CONWAY,4/26/2016 0:00,22:08,2016,2016,"E62C,","UP,",1,"E6,","E,",MAIN,Arkansas,35.240896,-92.997681,"Arkansas
(35.240896, -92.997681)"
Highway-rail impact,2015:06:BNSF:TC0615201,0,1,6000,7700,105,0,0,WASHINGTON,6/7/2015 0:00,24:05:00,2015,2015,"M302,","BNSF,",1,"M3,","M,",MAIN,Minnesota,44.855148,-92.996634,"Minnesota
(44.855148, -92.996634)"
Other events,2014:03:UP:0314CB016,0,0,0,15358,18,0,0,MARSHALL,3/28/2014 0:00,12:30,2014,2014,"E51C,","UP,",1,"E5,","E,",MAIN,Iowa,42.030212,-92.994373,"Iowa
(42.030212, -92.994373)"
Derailments,2012:08:UP:0812HO005,0,0,33820,500,0,0,0,LIBERTY,8/2/2012 0:00,11:00,2012,2012,"T221,","BNSF,UP,",7,"T2,","T,",MAIN,Texas,30.238067,-92.989317,"Texas
(30.238067, -92.989317)"
Derailments,2015:06:BNSF:NE0615110,0,1,41000,159676,0,0,0,MONROE,6/26/2015 0:00,17:54,2015,2015,"H305,H307,","BNSF,",1,"H3,","H,",MAIN,Iowa,40.972975,-92.985969,"Iowa
(40.972975, -92.985969)"
Derailments,2015:08:BNSF:CH0815110,0,0,85222,22500,0,0,0,LINN,8/28/2015 0:00,7:40,2015,2015,"T314,","BNSF,",1,"T3,","T,",YARD,Missouri,39.69974,-92.962252,"Missouri
(39.69974, -92.962252)"
Derailments,2014:02:XAPE:INDUSTRY,0,0,10900,14353,1,0,0,JEFFERSON DAVIS,2/5/2014 0:00,17:00,2014,2014,"H602,","BNSF,",1,"H6,","H,",INDUSTRY,Louisiana,30.237993,-92.952153,"Louisiana
(30.237993, -92.952153)"
Derailments,2016:04:XAPE:INDUSTRY,0,0,56000,46700,0,0,0,JEFFERSON,4/14/2016 0:00,17:30,2016,2016,"T110,","BNSF,",1,"T1,","T,",INDUSTRY,Louisiana,30.238411,-92.948977,"Louisiana
(30.238411, -92.948977)"
Derailments,2016:03:BNSF:GC0316104,0,0,0,10800,8,8,0,JEFFERSON,3/8/2016 0:00,10:20,2016,2016,"H318,H018,","BNSF,",7,"H3,H0,","H,",YARD,Louisiana,30.237793,-92.936824,"Louisiana
(30.237793, -92.936824)"
Derailments,2014:09:BNSF:GC0914112,0,0,14000,14919,0,0,0,JEFFERSON DAVIS,9/25/2014 0:00,17:15,2014,2014,"T301,","BNSF,UP,",1,"T3,","T,",MAIN,Louisiana,30.237948,-92.930382,"Louisiana
(30.237948, -92.930382)"
Highway-rail impact,2013:09:UP:0913LV007,0,0,0,50000,0,0,0,NATCHITOCHES,9/18/2013 0:00,10:30,2013,2013,"M302,","UP,",NA,"M3,","M,",MAIN,Louisiana,31.521642,-92.920834,"Louisiana
(31.521642, -92.920834)"
Derailments,2014:06:WC:816546,0,0,497997,1432,11,0,0,ST LOUIS,6/13/2014 0:00,22:00,2014,2014,"T102,","WC,",1,"T1,","T,",MAIN,Minnesota,48.221267,-92.920609,"Minnesota
(48.221267, -92.920609)"
Derailments,2015:03:AKMD:AKM706215D,0,0,20000,16601,0,0,0,HOT SPRING,3/6/2015 0:00,24:39:00,2015,2015,"T110,","AKMD,",1,"T1,","T,",MAIN,Arkansas,34.461297,-92.916538,"Arkansas
(34.461297, -92.916538)"
Derailments,2014:12:UP:1214CB002,0,0,4643,14267,5,0,0,MARSHALL,12/1/2014 0:00,13:40,2014,2015,"E44C,","UP,",1,"E4,","E,",YARD,Iowa,42.042058,-92.914465,"Iowa
(42.042058, -92.914465)"
Derailments,2015:06:UP:0615CB011,0,0,20081,19121,0,0,0,MARSHALL,6/20/2015 0:00,18:10,2015,2015,"H508,","UP,",7,"H5,","H,",YARD,Iowa,42.041853,-92.914402,"Iowa
(42.041853, -92.914402)"
Highway-rail impact,2014:07:IAIS:2014030,0,1,1177,32660,2,0,0,JASPER,7/7/2014 0:00,16:30,2014,2014,"M303,","IAIS,",1,"M3,","M,",MAIN,Iowa,41.717547,-92.911788,"Iowa
(41.717547, -92.911788)"
Derailments,2016:06:UP:0616CB002,0,0,11609,175,0,0,0,MARSHALL,6/9/2016 0:00,3:51,2016,2016,"M507,","UP,",1,"M5,","M,",YARD,Iowa,42.042629,-92.907876,"Iowa
(42.042629, -92.907876)"
Other events,2015:06:BNSF:NE0615111,0,0,0,24995,0,0,0,MONROE,6/24/2015 0:00,18:00,2015,2015,"M103,","BNSF,",1,"M1,","M,",MAIN,Iowa,41.003613,-92.901491,"Iowa
(41.003613, -92.901491)"
Obstruction impact,2013:09:KCS:13090701,0,0,16660,0,0,0,0,GRANT,9/7/2013 0:00,15:11,2013,2013,"H997,","KCS,",NA,"H9,","H,",MAIN,Louisiana,31.690588,-92.900746,"Louisiana
(31.690588, -92.900746)"
Derailments,2015:03:UP:0315CB001,0,0,3704,7249,1,0,0,MARSHALL,3/11/2015 0:00,2:45,2015,2015,"E67C,","UP,",7,"E6,","E,",YARD,Iowa,42.043085,-92.900417,"Iowa
(42.043085, -92.900417)"
Highway-rail impact,2015:06:CC:855659,0,0,795,24951,78,0,0,BUTLER,6/18/2015 0:00,14:50,2015,2015,"M308,M302,","CC,",1,"M3,","M,",MAIN,Iowa,42.585303,-92.884576,"Iowa
(42.585303, -92.884576)"
Other impacts,2012:03:BNSF:NE0312111,0,0,0,26060,0,0,0,MARION,3/22/2012 0:00,11:00,2012,2012,"H997,","BNSF,",9,"H9,","H,",MAIN,Iowa,41.223344,-92.878995,"Iowa
(41.223344, -92.878995)"
Highway-rail impact,2016:05:BNSF:GC0516200,0,2,0,11343,0,0,0,JEFFERSON DAVIS,5/2/2016 0:00,13:38,2016,2016,"M302,","ATK,BNSF,",2,"M3,","M,",MAIN,Louisiana,30.237854,-92.878161,"Louisiana
(30.237854, -92.878161)"
Derailments,2013:03:LAS:D640513,0,0,30000,115000,0,0,0,BIENVILLE,3/1/2013 0:00,15:02,2013,2013,"T207,","LAS,",1,"T2,","T,",MAIN,Louisiana,32.262951,-92.872807,"Louisiana
(32.262951, -92.872807)"
Derailments,2013:05:LAS:D640513,0,0,30000,115000,0,0,0,BIENVILLE,5/13/2013 0:00,15:02,2013,2013,"T207,","LAS,",1,"T2,","T,",MAIN,Louisiana,32.262951,-92.872807,"Louisiana
(32.262951, -92.872807)"
Other events,2012:07:UP:0712SL017,0,0,0,44194,0,0,0,COOPER,7/24/2012 0:00,11:30,2012,2012,"E29C,","UP,",1,"E2,","E,",MAIN,Missouri,38.957935,-92.864239,"Missouri
(38.957935, -92.864239)"
Obstruction impact,2013:09:UP:0913LK013,0,2,12800,1648,0,0,0,OUACHITA,9/18/2013 0:00,4:25,2013,2013,"M402,","UP,",1,"M4,","M,",MAIN,Arkansas,33.536064,-92.858203,"Arkansas
(33.536064, -92.858203)"
Derailments,2013:12:LAS:D642213,0,0,36059,12300,0,0,0,BIENVILLE,12/7/2013 0:00,13:47,2013,2014,"T202,","LAS,",1,"T2,","T,",MAIN,Louisiana,32.233539,-92.853806,"Louisiana
(32.233539, -92.853806)"
Derailments,2013:07:UP:0713LV001,0,0,2087,15408,45,2,0,ALLEN,7/2/2013 0:00,6:00,2013,2013,"H701,","UP,",1,"H7,","H,",YARD,Louisiana,30.492025,-92.844895,"Louisiana
(30.492025, -92.844895)"
Raking collision,2012:05:UP:0512ES007,0,1,0,50000,0,0,0,OUACHITA,5/21/2012 0:00,10:15,2012,2012,"M599,","UP,",NA,"M5,","M,",MAIN,Arkansas,33.55323,-92.836397,"Arkansas
(33.55323, -92.836397)"
Highway-rail impact,2015:12:UP:1215SL014,0,0,0,21342,0,0,0,MONITEAU,12/17/2015 0:00,10:35,2015,2016,"M302,","ATK,UP,",2,"M3,","M,",MAIN,Missouri,38.663051,-92.815779,"Missouri
(38.663051, -92.815779)"
Derailments,2014:01:UP:0114LK005,0,0,21123,7196,15,5,0,HOT SPRING,1/9/2014 0:00,14:15,2014,2014,"T110,","UP,",1,"T1,","T,",YARD,Arkansas,34.364216,-92.815374,"Arkansas
(34.364216, -92.815374)"
Highway-rail impact,2012:07:BNSF:SF0712204,0,0,16600,1000,4,0,0,WEBSTER,7/20/2012 0:00,7:50,2012,2012,"M302,M303,","BNSF,",1,"M3,","M,",MAIN,Missouri,37.168573,-92.813664,"Missouri
(37.168573, -92.813664)"
Derailments,2013:12:BNSF:NE1213101,0,0,60250,20899,0,0,0,MONROE,12/1/2013 0:00,22:50,2013,2014,"T110,","BNSF,",1,"T1,","T,",YARD,Iowa,41.031461,-92.807039,"Iowa
(41.031461, -92.807039)"
Derailments,2013:02:UP:0213TC014,0,0,12213,14487,0,0,0,WASHINGTON,2/16/2013 0:00,18:00,2013,2013,"E27C,","UP,",1,"E2,","E,",MAIN,Minnesota,45.003824,-92.790185,"Minnesota
(45.003824, -92.790185)"
Derailments,2016:08:UP:0816TC005,0,0,37733,19616,0,0,0,WASHINGTON,8/11/2016 0:00,12:51,2016,2016,"T002,","UP,",1,"T0,","T,",INDUSTRY,Minnesota,44.991931,-92.776662,"Minnesota
(44.991931, -92.776662)"
Derailments,2011:07:UP:0711TC008,0,0,3115,33652,30,0,0,WASHINGTON,7/6/2011 0:00,20:07,2011,2011,"H599,","UP,",1,"H5,","H,",MAIN,Minnesota,44.982178,-92.773658,"Minnesota
(44.982178, -92.773658)"
Other impacts,2014:11:KCS:14111102,0,0,16183,0,0,0,0,GRANT,11/11/2014 0:00,11:06,2014,2015,"H997,","KCS,",NA,"H9,","H,",MAIN,Louisiana,31.58298,-92.77254,"Louisiana
(31.58298, -92.77254)"
Derailments,2011:03:UP:0311CB007,0,0,369439,926543,17,6,0,TAMA,3/13/2011 0:00,6:09,2011,2011,"E61C,","UP,",1,"E6,","E,",MAIN,Iowa,41.996211,-92.756047,"Iowa
(41.996211, -92.756047)"
Derailments,2011:11:WC:728399,0,0,2000,21600,0,0,0,JACKSON,11/24/2011 0:00,8:45,2011,2012,"T220,","WC,",1,"T2,","T,",INDUSTRY,Wisconsin,45.29123,-92.75166,"Wisconsin
(45.29123, -92.75166)"
Derailments,2011:06:BNSF:CH0611100,0,0,1286,8600,21,0,0,MACON,6/1/2011 0:00,11:35,2011,2011,"E22C,","BNSF,",1,"E2,","E,",MAIN,Missouri,39.77498,-92.7503,"Missouri
(39.77498, -92.7503)"
Fire/violent rupture,2015:01:UP:0115CB003,0,0,0,138528,0,0,0,TAMA,1/5/2015 0:00,17:10,2015,2015,"E99L,","UP,",1,"E9,","E,",MAIN,Iowa,41.992093,-92.747807,"Iowa
(41.992093, -92.747807)"
Derailments,2016:05:UP:0516LK016,0,0,44789,22000,0,0,0,HOT SPRING,5/10/2016 0:00,24:20:00,2016,2016,"S011,","ATK,UP,",2,"S0,","S,",MAIN,Arkansas,34.383966,-92.725584,"Arkansas
(34.383966, -92.725584)"
Derailments,2011:12:DME:229644,0,0,115822,512156,5,0,0,FLOYD,12/17/2011 0:00,24:50:00,2011,2012,"T299,","DME,",1,"T2,","T,",MAIN,Iowa,43.086601,-92.72081,"Iowa
(43.086601, -92.72081)"
Highway-rail impact,2015:03:KCS:15033102,0,0,0,11718,0,0,0,GRANT,3/31/2015 0:00,7:30,2015,2015,"M302,","KCS,",NA,"M3,","M,",MAIN,Louisiana,31.53294,-92.71737,"Louisiana
(31.53294, -92.71737)"
Derailments,2012:10:CCP:INDUSTRY,0,0,175,11556,0,0,0,RAPIDES,10/14/2012 0:00,20:12,2012,2013,"H306,","UP,",1,"H3,","H,",INDUSTRY,Louisiana,31.406703,-92.699304,"Louisiana
(31.406703, -92.699304)"
Derailments,2012:04:UP:0412CB011,0,0,10240,2300,0,0,0,TAMA,4/23/2012 0:00,14:20,2012,2012,"H503,","BNSF,UP,",1,"H5,","H,",YARD,Iowa,41.980653,-92.695349,"Iowa
(41.980653, -92.695349)"
Derailments,2014:10:CP:1000137114,0,0,16159,12000,52,1,0,GOODHUE,10/25/2014 0:00,24:24:00,2014,2015,"E53C,","CP,",1,"E5,","E,",MAIN,Minnesota,44.646416,-92.681884,"Minnesota
(44.646416, -92.681884)"
Highway-rail impact,2016:01:UP:0116LV004,0,1,15500,44297,28,0,0,ALLEN,1/9/2016 0:00,21:19,2016,2016,"M303,","UP,",1,"M3,","M,",MAIN,Louisiana,30.787575,-92.677632,"Louisiana
(30.787575, -92.677632)"
Highway-rail impact,2015:03:KCS:15032702,0,0,19083,1284,8,0,0,LINCOLN,3/27/2015 0:00,7:00,2015,2015,"M304,","KCS,",1,"M3,","M,",MAIN,Louisiana,32.528793,-92.675278,"Louisiana
(32.528793, -92.675278)"
Derailments,2012:09:BNSF:TC0912104,0,0,1000,15654,0,0,0,ST LOUIS,9/7/2012 0:00,18:30,2012,2012,"H503,","BNSF,",7,"H5,","H,",INDUSTRY,Minnesota,46.4617,-92.673,"Minnesota
(46.4617, -92.673)"
Derailments,2012:01:IANR:CLD0131121,0,0,10758,9780,0,0,0,BUTLER,1/31/2012 0:00,16:17,2012,2012,"T314,","IANR,",1,"T3,","T,",INDUSTRY,Iowa,42.780141,-92.663905,"Iowa
(42.780141, -92.663905)"
Derailments,2011:09:CRIZ:INDUSTRY,0,0,150000,25400,0,0,0,WAPELLO,9/18/2011 0:00,9:50,2011,2011,"T110,","BNSF,",1,"T1,","T,",INDUSTRY,Iowa,41.092603,-92.643113,"Iowa
(41.092603, -92.643113)"
Derailments,2011:09:CRIZ:INDUSTRY1,0,0,0,23426,0,0,0,WAPELLO,9/22/2011 0:00,3:00,2011,2011,"H524,","BNSF,",1,"H5,","H,",INDUSTRY,Iowa,41.092603,-92.643113,"Iowa
(41.092603, -92.643113)"
Derailments,2015:11:CGIZ:INDUSTRY,0,0,0,56853,0,0,0,MONROE,11/21/2015 0:00,24:43:00,2015,2016,"H524,","BNSF,",1,"H5,","H,",INDUSTRY,Iowa,41.092172,-92.639999,"Iowa
(41.092172, -92.639999)"
Obstruction impact,2014:03:WC:827916,0,0,0,74163,0,0,0,ST LOUIS,3/30/2014 0:00,23:55,2014,2014,"M404,M504,","WC,",1,"M4,M5,","M,",INDUSTRY,Minnesota,47.529517,-92.626698,"Minnesota
(47.529517, -92.626698)"
Highway-rail impact,2016:02:BNSF:CH0216200,0,1,13000,500,0,0,0,PIERCE,2/12/2016 0:00,24:30:00,2016,2016,"M302,","BNSF,",1,"M3,","M,",MAIN,Wisconsin,44.648402,-92.623935,"Wisconsin
(44.648402, -92.623935)"
Highway-rail impact,2014:05:BNSF:SF0514202,0,0,21000,5000,28,0,0,LACLEDE,5/21/2014 0:00,19:15,2014,2014,"M302,","BNSF,",1,"M3,","M,",MAIN,Missouri,37.760189,-92.593694,"Missouri
(37.760189, -92.593694)"
Derailments,2013:11:LAS:D641913,0,0,30000,160000,0,0,0,BIENVILLE,11/3/2013 0:00,17:50,2013,2014,"H025,","LAS,",1,"H0,","H,",MAIN,Louisiana,32.282,-92.591,"Louisiana
(32.282, -92.591)"
Derailments,2012:07:WC:750533,0,0,18525,20770,0,0,0,ST LOUIS,7/1/2012 0:00,6:00,2012,2012,"T222,","WC,",1,"T2,","T,",INDUSTRY,Minnesota,47.351843,-92.588557,"Minnesota
(47.351843, -92.588557)"
Derailments,2014:03:IANR:SRD0307142,0,0,7550,44372,0,0,0,BUTLER,3/7/2014 0:00,12:48,2014,2014,"H303,","IANR,",1,"H3,","H,",INDUSTRY,Iowa,42.705505,-92.586244,"Iowa
(42.705505, -92.586244)"
Other events,2014:11:WC:831709,0,0,22352,0,0,0,0,ST LOUIS,11/6/2014 0:00,6:27,2014,2015,"H220,","WC,",1,"H2,","H,",MAIN,Minnesota,46.975524,-92.577775,"Minnesota
(46.975524, -92.577775)"
Fire/violent rupture,2014:12:LAS:M644214,0,0,2800,100000,0,0,0,BIENVILLE,12/1/2014 0:00,20:30,2014,2015,"E74L,","LAS,",7,"E7,","E,",MAIN,Louisiana,32.233545,-92.574165,"Louisiana
(32.233545, -92.574165)"
Derailments,2015:08:MNA:MNA782915D,0,0,169000,5000,1,0,0,BAXTER,8/7/2015 0:00,11:30,2015,2015,"E07C,","MNA,",1,"E0,","E,",MAIN,Arkansas,36.274851,-92.56026,"Arkansas
(36.274851, -92.56026)"
Derailments,2013:05:CP:237127,0,0,1139000,1851260,80,4,3,FLOYD,5/20/2013 0:00,23:00,2013,2013,"M103,","CP,",1,"M1,","M,",MAIN,Iowa,43.076176,-92.558945,"Iowa
(43.076176, -92.558945)"
Derailments,2015:03:BNSF:TC0315116,0,0,24745,6500,0,0,0,ST LOUIS,3/13/2015 0:00,10:55,2015,2015,"E53C,","BNSF,",1,"E5,","E,",MAIN,Minnesota,46.827665,-92.554843,"Minnesota
(46.827665, -92.554843)"
Derailments,2012:04:BNSF:SF0412106,0,0,5500,14000,0,0,0,TULSA,4/19/2012 0:00,6:30,2012,2012,"H308,","BNSF,",7,"H3,","H,",YARD,Oklahoma,41.091376,-92.55,"Oklahoma
(41.091376, -92.55)"
Highway-rail impact,2014:10:BNSF:TC1014203,0,1,250,12325,1,0,0,PINE,10/16/2014 0:00,13:35,2014,2015,"M308,M304,","BNSF,UP,",1,"M3,","M,",MAIN,Minnesota,46.374595,-92.547019,"Minnesota
(46.374595, -92.547019)"
Derailments,2015:07:XINP:INDUSTRY,0,0,130000,356820,0,0,0,WAPELLO,7/24/2015 0:00,22:34,2015,2015,"T001,T102,","BNSF,",1,"T0,T1,","T,",INDUSTRY,Iowa,41.096226,-92.543873,"Iowa
(41.096226, -92.543873)"
Derailments,2012:02:SOO:230310,0,0,31216,114718,5,4,0,GOODHUE,2/5/2012 0:00,9:40,2012,2012,"T208,","SOO,",1,"T2,","T,",MAIN,Minnesota,44.564186,-92.542474,"Minnesota
(44.564186, -92.542474)"
Derailments,2013:03:KCS:13032101,0,2,130000,537790,10,1,0,RAPIDES,3/21/2013 0:00,17:11,2013,2013,"M506,","KCS,",1,"M5,","M,",MAIN,Louisiana,31.376954,-92.540253,"Louisiana
(31.376954, -92.540253)"
Derailments,2014:10:XFMM:INDUSTRY,0,0,16000,121766,0,0,0,PIERCE,10/27/2014 0:00,21:50,2014,2015,"H307,H303,","BNSF,",1,"H3,","H,",INDUSTRY,Wisconsin,44.598456,-92.530549,"Wisconsin
(44.598456, -92.530549)"
Highway-rail impact,2012:07:BNSF:CH0712200,0,1,0,15085,0,0,0,MACON,7/18/2012 0:00,6:40,2012,2012,"M303,M302,","BNSF,UP,",1,"M3,","M,",MAIN,Missouri,40.01743,-92.528922,"Missouri
(40.01743, -92.528922)"
Derailments,2014:05:LAS:D641514,0,0,2620,13429,0,0,0,BIENVILLE,5/27/2014 0:00,14:35,2014,2014,"T210,","LAS,",1,"T2,","T,",MAIN,Louisiana,32.161659,-92.521208,"Louisiana
(32.161659, -92.521208)"