AccidentType,inckey,Fatalities,Injuries,TrackDamage,EquipmentDamage,HazmatCars,HazmatCarsDerailed,HazmatCarsReleasing,County,DisplayDate,DisplayTime,calendar,Fiscal,AccidentCause,RailroadCodes,RAILEQUIPMENT_TYPE,CauseGroup,CauseDiscipline,TYPE_OF_TRACK,StateName,latitude,longitude,GeoLocation
Derailments,2013:12:BNSF:CH1213104,0,0,362000,257217,11,0,0,MACON,12/13/2013 0:00,19:20,2013,2014,"M201,","BNSF,",1,"M2,","M,",MAIN,Missouri,40.027739,-92.498973,"Missouri
(40.027739, -92.498973)"
Highway-rail impact,2014:02:UP:0214TC002,1,0,0,43281,26,0,0,ST CROIX,2/3/2014 0:00,10:51,2014,2014,"M308,","UP,",1,"M3,","M,",MAIN,Wisconsin,44.98351,-92.497071,"Wisconsin
(44.98351, -92.497071)"
Derailments,2014:06:UP:0614ES006,0,0,0,600000,0,0,0,RAPIDES,6/5/2014 0:00,16:15,2014,2014,"E99C,","UP,",NA,"E9,","E,",YARD,Louisiana,31.318361,-92.461156,"Louisiana
(31.318361, -92.461156)"
Derailments,2014:12:CP:1000155175,0,0,3540,26819,0,0,0,WAPELLO,12/20/2014 0:00,3:25,2014,2015,"T221,","CP,",1,"T2,","T,",YARD,Iowa,41.01937,-92.45025,"Iowa
(41.01937, -92.45025)"
Highway-rail impact,2014:01:CP:240008,0,1,27050,0,0,0,0,GOODHUE,1/25/2014 0:00,14:25,2014,2014,"M302,","CP,",1,"M3,","M,",MAIN,Minnesota,44.544805,-92.446635,"Minnesota
(44.544805, -92.446635)"
Derailments,2011:07:DME:227291,0,0,6500,20753,6,0,0,WAPELLO,7/22/2011 0:00,12:01,2011,2011,"H702,","DME,",1,"H7,","H,",YARD,Iowa,41.020071,-92.445993,"Iowa
(41.020071, -92.445993)"
Obstruction impact,2013:10:IAIS:2013042,0,0,0,22500,0,0,0,POWESHIEK,10/2/2013 0:00,17:49,2013,2014,"M404,","IAIS,",1,"M4,","M,",MAIN,Iowa,41.727989,-92.445471,"Iowa
(41.727989, -92.445471)"
Other events,2016:02:LAS:201602071,0,1,0,0,0,0,0,JACKSON,2/7/2016 0:00,7:45,2016,2016,"M599,","LAS,",1,"M5,","M,",INDUSTRY,Louisiana,32.164373,-92.440092,"Louisiana
(32.164373, -92.440092)"
Derailments,2014:05:UP:0514LV027,0,0,78451,28189,0,0,0,RAPIDES,5/31/2014 0:00,3:45,2014,2014,"M409,","UP,",7,"M4,","M,",YARD,Louisiana,31.270368,-92.439753,"Louisiana
(31.270368, -92.439753)"
Derailments,2013:07:UP:0713LV006,0,0,78840,28765,1,0,0,RAPIDES,7/2/2013 0:00,17:00,2013,2013,"T101,","UP,",7,"T1,","T,",YARD,Louisiana,31.273465,-92.439518,"Louisiana
(31.273465, -92.439518)"
Derailments,2013:09:UP:0913LV002,0,0,825,17194,0,0,0,RAPIDES,9/10/2013 0:00,14:30,2013,2013,"T199,","UP,",8,"T1,","T,",YARD,Louisiana,31.273465,-92.439518,"Louisiana
(31.273465, -92.439518)"
Derailments,2013:10:UP:1013LV008,0,0,68112,6632,9,0,0,RAPIDES,10/16/2013 0:00,8:50,2013,2014,"E86C,","UP,",7,"E8,","E,",YARD,Louisiana,31.273465,-92.439518,"Louisiana
(31.273465, -92.439518)"
Derailments,2014:06:UP:0614LV003,0,0,222202,139,0,0,0,RAPIDES,6/1/2014 0:00,4:30,2014,2014,"T217,","UP,",7,"T2,","T,",YARD,Louisiana,31.273451,-92.439514,"Louisiana
(31.273451, -92.439514)"
Derailments,2016:05:UP:0516LV006,0,0,10262,19370,0,0,0,RAPIDES,5/6/2016 0:00,16:30,2016,2016,"H702,","UP,",7,"H7,","H,",YARD,Louisiana,31.273451,-92.439514,"Louisiana
(31.273451, -92.439514)"
Derailments,2012:11:UP:1112LV026,0,0,20162,1898,6,6,0,RAPIDES,11/29/2012 0:00,5:00,2012,2013,"H312,","UP,",75,"H3,","H,",YARD,Louisiana,31.273469,-92.439449,"Louisiana
(31.273469, -92.439449)"
Derailments,2013:05:UP:0513LV017,0,0,21165,2085,0,0,0,RAPIDES,5/30/2013 0:00,3:00,2013,2013,"H307,","UP,",8,"H3,","H,",YARD,Louisiana,31.273456,-92.439448,"Louisiana
(31.273456, -92.439448)"
Obstruction impact,2015:03:BNSF:CH0315107,0,1,0,58000,0,0,0,PIERCE,3/31/2015 0:00,15:45,2015,2015,"H997,","BNSF,",9,"H9,","H,",MAIN,Wisconsin,44.584854,-92.43944,"Wisconsin
(44.584854, -92.43944)"
Other impacts,2016:01:UP:0116LV006,0,0,0,12113,0,0,0,RAPIDES,1/13/2016 0:00,2:15,2016,2016,"E35C,","UP,",7,"E3,","E,",YARD,Louisiana,31.261705,-92.437634,"Louisiana
(31.261705, -92.437634)"
Derailments,2012:11:UP:1112LV009,0,0,9462,2549,2,0,0,RAPIDES,11/12/2012 0:00,2:30,2012,2013,"H312,","UP,",75,"H3,","H,",YARD,Louisiana,31.259164,-92.436331,"Louisiana
(31.259164, -92.436331)"
Derailments,2015:09:UP:0915LV010,0,0,4990,116371,0,0,0,RAPIDES,9/11/2015 0:00,10:45,2015,2015,"H511,","UP,",16,"H5,","H,",MAIN,Louisiana,31.372648,-92.435949,"Louisiana
(31.372648, -92.435949)"
Derailments,2014:11:LRWN:LRW652014D,0,0,20000,100000,0,0,0,PULASKI,11/10/2014 0:00,16:15,2014,2015,"E46C,T206,","LRWN,",1,"E4,T2,","E,T,",YARD,Arkansas,34.81271,-92.43553,"Arkansas
(34.81271, -92.43553)"
Derailments,2014:12:LAS:D644314,0,0,3184,37378,0,0,0,JACKSON,12/7/2014 0:00,11:00,2014,2015,"T102,","LAS,",7,"T1,","T,",YARD,Louisiana,32.16442,-92.435121,"Louisiana
(32.16442, -92.435121)"
Derailments,2014:12:UP:1214LV018,0,0,252067,4925,0,0,0,RAPIDES,12/28/2014 0:00,17:45,2014,2015,"T207,","UP,",18,"T2,","T,",YARD,Louisiana,31.251786,-92.434819,"Louisiana
(31.251786, -92.434819)"
Derailments,2015:01:LAS:D640215,0,0,15700,0,0,0,0,JACKSON,1/1/2015 0:00,13:55,2015,2015,"H503,","LAS,",1,"H5,","H,",MAIN,Louisiana,32.164453,-92.434642,"Louisiana
(32.164453, -92.434642)"
Derailments,2012:11:UP:1112LV005,0,0,17132,2357,0,0,0,RAPIDES,11/7/2012 0:00,19:30,2012,2013,"H799,","UP,",8,"H7,","H,",YARD,Louisiana,31.250447,-92.43443,"Louisiana
(31.250447, -92.43443)"
Derailments,2013:12:LAS:D642413,0,0,8000,12775,0,0,0,JACKSON,12/24/2013 0:00,18:14,2013,2014,"H503,","LAS,",7,"H5,","H,",MAIN,Louisiana,32.164406,-92.433859,"Louisiana
(32.164406, -92.433859)"
Derailments,2014:04:WC:810967,0,0,232005,6723,19,0,0,ST LOUIS,4/18/2014 0:00,15:50,2014,2014,"E67C,","WC,",1,"E6,","E,",MAIN,Minnesota,46.850508,-92.430524,"Minnesota
(46.850508, -92.430524)"
Derailments,2011:09:KCS:11091801,0,0,300000,966036,24,1,0,LINCOLN,9/18/2011 0:00,18:55,2011,2011,"T221,","KCS,",1,"T2,","T,",MAIN,Louisiana,32.516299,-92.425405,"Louisiana
(32.516299, -92.425405)"
Derailments,2014:03:LAS:D640914,0,0,12000,2500,0,0,0,JACKSON,3/10/2014 0:00,14:52,2014,2014,"T308,","LAS,",7,"T3,","T,",INDUSTRY,Louisiana,32.165312,-92.420521,"Louisiana
(32.165312, -92.420521)"
Derailments,2012:03:BNSF:CH0312117,0,0,0,10000,0,0,0,ADAIR,3/25/2012 0:00,19:00,2012,2012,"M599,","BNSF,",9,"M5,","M,",MAIN,Missouri,40.11501,-92.393044,"Missouri
(40.11501, -92.393044)"
Derailments,2016:03:KCS:16032901,0,0,3800,12000,0,0,0,BEAUREGARD,3/29/2016 0:00,12:01,2016,2016,"T102,","KCS,",7,"T1,","T,",INDUSTRY,Louisiana,31.245137,-92.389324,"Louisiana
(31.245137, -92.389324)"
Other impacts,2014:04:UP:0414SL001,0,0,200,125340,0,0,0,COLE,4/2/2014 0:00,7:25,2014,2014,"M101,","UP,",1,"M1,","M,",MAIN,Missouri,38.700499,-92.370357,"Missouri
(38.700499, -92.370357)"
Derailments,2012:01:KCS:12011003,0,0,16444,55000,16,4,0,RAPIDES,1/10/2012 0:00,21:45,2012,2012,"T205,","KCS,",1,"T2,","T,",YARD,Louisiana,31.210935,-92.366986,"Louisiana
(31.210935, -92.366986)"
Highway-rail impact,2016:04:UP:0416LK022,0,0,0,12120,0,0,0,PULASKI,4/29/2016 0:00,13:00,2016,2016,"M304,","UP,",NA,"M3,","M,",MAIN,Arkansas,34.672238,-92.361678,"Arkansas
(34.672238, -92.361678)"
Fire/violent rupture,2015:06:UP:0615TC011,0,0,0,195427,0,0,0,ST CROIX,6/25/2015 0:00,20:53,2015,2015,"E79L,","UP,",1,"E7,","E,",MAIN,Wisconsin,44.965601,-92.355321,"Wisconsin
(44.965601, -92.355321)"
Derailments,2015:02:WC:841815,0,0,339954,770019,6,3,0,ST LOUIS,2/25/2015 0:00,2:53,2015,2015,"T207,","WC,",1,"T2,","T,",MAIN,Minnesota,47.081564,-92.348875,"Minnesota
(47.081564, -92.348875)"
Derailments,2013:01:KCS:13012401,0,0,9337,37510,0,0,0,RAPIDES,1/24/2013 0:00,9:25,2013,2013,"H702,","KCS,",7,"H7,","H,",YARD,Louisiana,31.193239,-92.346444,"Louisiana
(31.193239, -92.346444)"
Derailments,2012:05:AKDN:051,0,0,12861,13600,0,0,0,ACADIA,5/2/2012 0:00,4:30,2012,2012,"H306,","AKDN,BNSF,",1,"H3,","H,",YARD,Louisiana,30.219744,-92.345408,"Louisiana
(30.219744, -92.345408)"
Side collision,2011:11:KCS:11111605,0,0,0,38700,1,1,0,RAPIDES,11/16/2011 0:00,15:30,2011,2012,"H302,","KCS,",75,"H3,","H,",YARD,Louisiana,31.189739,-92.342281,"Louisiana
(31.189739, -92.342281)"
Derailments,2013:12:BNSF:TC1213118,0,0,200000,3817,0,0,0,CARLTON,12/17/2013 0:00,14:45,2013,2014,"E62C,","BNSF,",1,"E6,","E,",MAIN,Minnesota,46.623146,-92.342037,"Minnesota
(46.623146, -92.342037)"
Derailments,2011:06:UP:0611LV018,0,0,60582,786020,14,4,0,LA SALLE,6/28/2011 0:00,14:15,2011,2011,"T109,","UP,",1,"T1,","T,",MAIN,Louisiana,31.810808,-92.341827,"Louisiana
(31.810808, -92.341827)"
Rear end collision,2016:07:WC:894019,0,0,0,38432,0,0,0,ST LOUIS,7/7/2016 0:00,10:15,2016,2016,"H997,H607,","WC,",9,"H9,H6,","H,",MAIN,Minnesota,47.021639,-92.340944,"Minnesota
(47.021639, -92.340944)"
Derailments,2012:07:CC:752181,0,0,2486,7973,1,1,0,BLACK HAWK,7/17/2012 0:00,16:30,2012,2012,"T319,","CC,",1,"T3,","T,",YARD,Iowa,42.506222,-92.329642,"Iowa
(42.506222, -92.329642)"
Highway-rail impact,2012:11:UP:1112LK018,0,0,87934,13049,36,0,0,PULASKI,11/26/2012 0:00,15:12,2012,2013,"M303,","UP,",1,"M3,","M,",MAIN,Arkansas,34.823945,-92.325499,"Arkansas
(34.823945, -92.325499)"
Other events,2011:07:DWP:715635,0,0,700,11202,0,0,0,ST LOUIS,7/17/2011 0:00,2:12,2011,2011,"E27C,","DWP,",1,"E2,","E,",MAIN,Minnesota,47.361235,-92.3245,"Minnesota
(47.361235, -92.3245)"
Other impacts,2011:07:CC:715189,0,0,25,11500,0,0,0,BLACK HAWK,7/15/2011 0:00,12:45,2011,2011,"H018,H318,","CC,",71,"H0,H3,H0,H3,","H,",YARD,Iowa,42.501804,-92.3236,"Iowa
(42.501804, -92.3236)"
Derailments,2012:08:CT:12001,0,0,54020,8325,0,0,0,BOONE,8/22/2012 0:00,7:35,2012,2012,"T402,","CT,",7,"T4,","T,",INDUSTRY,Missouri,38.964416,-92.316869,"Missouri
(38.964416, -92.316869)"
Other impacts,2014:04:BNSF:CH0414101,0,0,100,258957,0,0,0,PIERCE,4/6/2014 0:00,23:50,2014,2014,"H307,H302,","BNSF,",1,"H3,","H,",MAIN,Wisconsin,44.550768,-92.300909,"Wisconsin
(44.550768, -92.300909)"
Derailments,2016:04:LRWN:LRW952016R,0,0,18851,1429,0,0,0,PULASKI,4/22/2016 0:00,10:31,2016,2016,"T206,","LRWN,UP,",1,"T2,","T,",INDUSTRY,Arkansas,34.754066,-92.292549,"Arkansas
(34.754066, -92.292549)"
Other impacts,2012:11:UP:1112SL009,0,0,0,14000,0,0,0,COLE,11/28/2012 0:00,15:30,2012,2013,"H402,","UP,",NA,"H4,","H,",MAIN,Missouri,38.647003,-92.288946,"Missouri
(38.647003, -92.288946)"
Derailments,2011:12:UP:1211LK023,0,0,6244,6600,0,0,0,PULASKI,12/21/2011 0:00,22:00,2011,2012,"E64C,T314,","BNSF,UP,",1,"E6,T3,","E,T,",INDUSTRY,Arkansas,34.713897,-92.283725,"Arkansas
(34.713897, -92.283725)"
Highway-rail impact,2016:03:KCS:16032803,0,1,1167,11324,8,0,0,OUACHITA,3/28/2016 0:00,9:05,2016,2016,"M302,","KCS,",1,"M3,","M,",MAIN,Louisiana,32.50411,-92.28352,"Louisiana
(32.50411, -92.28352)"
Derailments,2015:05:UP:0515LK007,0,0,56029,270267,0,0,0,PULASKI,5/7/2015 0:00,21:00,2015,2015,"T314,","BNSF,UP,",1,"T3,","T,",MAIN,Arkansas,34.752757,-92.282916,"Arkansas
(34.752757, -92.282916)"
Fire/violent rupture,2015:10:UP:1015LK033,0,0,0,33461,0,0,0,PULASKI,10/15/2015 0:00,18:35,2015,2016,"E73L,","UP,",8,"E7,","E,",YARD,Arkansas,34.76195,-92.275658,"Arkansas
(34.76195, -92.275658)"
Other impacts,2012:02:SOO:230352,0,0,2138,70620,0,0,0,GOODHUE,2/9/2012 0:00,16:50,2012,2012,"M504,","SOO,",17,"M5,","M,",YARD,Minnesota,44.440491,-92.268679,"Minnesota
(44.440491, -92.268679)"
Derailments,2015:06:IANR:CED0610151,0,0,15393,10325,0,0,0,BLACK HAWK,6/10/2015 0:00,24:40:00,2015,2015,"M503,","IANR,",7,"M5,","M,",INDUSTRY,Iowa,42.313617,-92.267059,"Iowa
(42.313617, -92.267059)"
Derailments,2014:11:UP:1114LK011,0,0,95636,256707,51,1,0,PULASKI,11/15/2014 0:00,1:30,2014,2015,"M405,","UP,",71,"M4,","M,",YARD,Arkansas,34.763845,-92.263033,"Arkansas
(34.763845, -92.263033)"
Derailments,2012:05:UP:0512LK019,0,0,61856,193101,0,0,0,PULASKI,5/18/2012 0:00,12:15,2012,2012,"M409,","UP,",7,"M4,","M,",YARD,Arkansas,34.763836,-92.26184,"Arkansas
(34.763836, -92.26184)"
Derailments,2013:06:UP:0613LK024,0,0,10657,9341,0,0,0,PULASKI,6/20/2013 0:00,20:40,2013,2013,"T311,","UP,",7,"T3,","T,",YARD,Arkansas,34.763836,-92.26184,"Arkansas
(34.763836, -92.26184)"
Derailments,2013:06:UP:0613LK035,0,0,3890,53870,6,0,0,PULASKI,6/28/2013 0:00,10:30,2013,2013,"T314,","UP,",1,"T3,","T,",YARD,Arkansas,34.763836,-92.26184,"Arkansas
(34.763836, -92.26184)"
Side collision,2013:12:UP:1213LK014,0,0,33,10346,16,0,0,PULASKI,12/12/2013 0:00,14:22,2013,2014,"H307,","UP,",71,"H3,","H,",YARD,Arkansas,34.763836,-92.26184,"Arkansas
(34.763836, -92.26184)"
Derailments,2014:02:UP:0214LK007,0,0,3547,67396,0,0,0,PULASKI,2/9/2014 0:00,5:30,2014,2014,"H602,","UP,",7,"H6,","H,",YARD,Arkansas,34.763836,-92.26184,"Arkansas
(34.763836, -92.26184)"
Derailments,2014:03:UP:0314LK012,0,0,82291,49971,1,0,0,PULASKI,3/8/2014 0:00,8:15,2014,2014,"T207,","UP,",7,"T2,","T,",YARD,Arkansas,34.763836,-92.26184,"Arkansas
(34.763836, -92.26184)"
Derailments,2012:02:UP:0212LK023,0,0,98081,2898,6,0,0,PULASKI,2/29/2012 0:00,17:55,2012,2012,"T314,","UP,",7,"T3,","T,",YARD,Arkansas,34.763797,-92.261644,"Arkansas
(34.763797, -92.261644)"
Derailments,2013:06:UP:0613LK031,0,0,59426,17458,0,0,0,PULASKI,6/25/2013 0:00,19:30,2013,2013,"E7AL,","UP,",7,"E7,","E,",YARD,Arkansas,34.763944,-92.261396,"Arkansas
(34.763944, -92.261396)"
Derailments,2013:05:UP:0513LK001,0,0,44973,463,0,0,0,PULASKI,5/3/2013 0:00,7:25,2013,2013,"S099,","UP,",7,"S0,","S,",YARD,Arkansas,34.763906,-92.261132,"Arkansas
(34.763906, -92.261132)"
Side collision,2012:04:UP:0412LK028,0,0,200,78629,20,2,0,PULASKI,4/25/2012 0:00,16:35,2012,2012,"H702,","UP,",7,"H7,","H,",YARD,Arkansas,34.763862,-92.260979,"Arkansas
(34.763862, -92.260979)"
Derailments,2012:01:UP:0112LK032,0,0,38467,75967,0,0,0,PULASKI,1/27/2012 0:00,9:45,2012,2012,"M405,H508,","UP,",7,"M4,H5,","M,H,",YARD,Arkansas,34.763855,-92.260409,"Arkansas
(34.763855, -92.260409)"
Other impacts,2011:10:UP:1011LK009,0,0,30116,719,0,0,0,PULASKI,10/11/2011 0:00,12:50,2011,2012,"S016,","UP,",57,"S0,","S,",YARD,Arkansas,34.763825,-92.260395,"Arkansas
(34.763825, -92.260395)"
Derailments,2011:11:UP:1111LK001,0,0,3188,8711,1,0,0,PULASKI,11/1/2011 0:00,2:15,2011,2012,"M405,","UP,",7,"M4,","M,",YARD,Arkansas,34.763825,-92.260395,"Arkansas
(34.763825, -92.260395)"
Derailments,2011:11:UP:1111LK014,0,0,5869,10718,0,0,0,PULASKI,11/13/2011 0:00,5:15,2011,2012,"E07C,","UP,",7,"E0,","E,",YARD,Arkansas,34.763825,-92.260395,"Arkansas
(34.763825, -92.260395)"
Other events,2011:11:UP:1111LK032,0,0,200,12010,0,0,0,PULASKI,11/28/2011 0:00,15:00,2011,2012,"H402,","UP,",NA,"H4,","H,",MAIN,Arkansas,34.763825,-92.260395,"Arkansas
(34.763825, -92.260395)"
Derailments,2012:01:UP:0112LK014,0,0,4113,5623,0,0,0,PULASKI,1/17/2012 0:00,13:15,2012,2012,"T311,","UP,",7,"T3,","T,",YARD,Arkansas,34.763825,-92.260395,"Arkansas
(34.763825, -92.260395)"
Derailments,2014:06:UP:0614LK048,0,0,61804,7582,0,0,0,PULASKI,6/30/2014 0:00,24:15:00,2014,2014,"M411,","UP,",7,"M4,","M,",YARD,Arkansas,34.763821,-92.260122,"Arkansas
(34.763821, -92.260122)"
Raking collision,2014:07:UP:0714LK024,0,0,0,10847,0,0,0,PULASKI,7/26/2014 0:00,21:10,2014,2014,"H307,","UP,",87,"H3,","H,",YARD,Arkansas,34.763821,-92.260122,"Arkansas
(34.763821, -92.260122)"
Other events,2014:08:UP:0814LK029,0,0,0,13593,1,1,0,PULASKI,8/26/2014 0:00,9:00,2014,2014,"M507,","UP,",5,"M5,","M,",YARD,Arkansas,34.763821,-92.260122,"Arkansas
(34.763821, -92.260122)"
Derailments,2014:11:UP:1114LK012,0,0,18070,1747,0,0,0,PULASKI,11/17/2014 0:00,14:15,2014,2015,"M411,","UP,",7,"M4,","M,",YARD,Arkansas,34.763821,-92.260122,"Arkansas
(34.763821, -92.260122)"
Derailments,2015:04:UP:0415LK004,0,0,11140,111026,1,1,0,PULASKI,4/4/2015 0:00,17:30,2015,2015,"T311,","UP,",7,"T3,","T,",YARD,Arkansas,34.763821,-92.260122,"Arkansas
(34.763821, -92.260122)"
Derailments,2015:04:UP:0415LK012,0,0,21877,225,0,0,0,PULASKI,4/11/2015 0:00,18:45,2015,2015,"S006,","UP,",7,"S0,","S,",YARD,Arkansas,34.763821,-92.260122,"Arkansas
(34.763821, -92.260122)"
Derailments,2015:04:UP:0415LK013,0,0,18562,300,0,0,0,PULASKI,4/10/2015 0:00,20:25,2015,2015,"S006,","UP,",7,"S0,","S,",YARD,Arkansas,34.763821,-92.260122,"Arkansas
(34.763821, -92.260122)"
Derailments,2015:08:UP:0815LK018,0,0,17391,3031,3,0,0,PULASKI,8/21/2015 0:00,5:15,2015,2015,"E49C,","UP,",7,"E4,","E,",YARD,Arkansas,34.763821,-92.260122,"Arkansas
(34.763821, -92.260122)"
Derailments,2015:08:UP:0815LK027,0,0,2065,54093,0,0,0,PULASKI,8/30/2015 0:00,17:30,2015,2015,"T111,","UP,",8,"T1,","T,",YARD,Arkansas,34.763821,-92.260122,"Arkansas
(34.763821, -92.260122)"
Other impacts,2016:01:UP:0116LK020,0,0,40000,2580,0,0,0,PULASKI,1/22/2016 0:00,9:40,2016,2016,"M411,","UP,",75,"M4,","M,",YARD,Arkansas,34.763821,-92.260122,"Arkansas
(34.763821, -92.260122)"
Raking collision,2016:03:UP:0316LK012,0,0,0,12622,2,2,0,PULASKI,3/15/2016 0:00,15:00,2016,2016,"S016,","UP,",75,"S0,","S,",YARD,Arkansas,34.763821,-92.260122,"Arkansas
(34.763821, -92.260122)"
Derailments,2015:09:UP:0915LK009,0,0,20161,11368,28,0,0,PULASKI,9/6/2015 0:00,2:00,2015,2015,"M507,","UP,",7,"M5,","M,",YARD,Arkansas,34.764185,-92.258873,"Arkansas
(34.764185, -92.258873)"
Derailments,2014:05:UP:0514LK014,0,0,13517,692,0,0,0,PULASKI,5/16/2014 0:00,8:45,2014,2014,"T220,","UP,",7,"T2,","T,",INDUSTRY,Arkansas,34.743107,-92.258579,"Arkansas
(34.743107, -92.258579)"
Derailments,2015:05:UP:0515CB007,0,0,179753,555887,4,0,0,BENTON,5/22/2015 0:00,23:14,2015,2015,"E29C,","UP,",1,"E2,","E,",MAIN,Iowa,41.897496,-92.257651,"Iowa
(41.897496, -92.257651)"
Derailments,2016:01:UP:0116LK015,0,0,0,18597,0,0,0,PULASKI,1/18/2016 0:00,17:15,2016,2016,"T311,","UP,",8,"T3,","T,",YARD,Arkansas,34.764605,-92.255971,"Arkansas
(34.764605, -92.255971)"
Derailments,2012:07:WC:751668,0,0,40000,45300,0,0,0,ST LOUIS,7/12/2012 0:00,23:00,2012,2012,"T221,","WC,",1,"T2,","T,",YARD,Minnesota,46.763913,-92.252841,"Minnesota
(46.763913, -92.252841)"
Highway-rail impact,2014:09:WC:826821,0,1,33,20244,0,0,0,ST LOUIS,9/18/2014 0:00,18:10,2014,2014,"M303,","WC,",1,"M3,","M,",MAIN,Minnesota,47.523756,-92.248033,"Minnesota
(47.523756, -92.248033)"
Derailments,2014:02:BNSF:TC0214107,0,0,220827,1605,1,1,0,DOUGLAS,2/16/2014 0:00,12:08,2014,2014,"E61C,","BNSF,UP,",1,"E6,","E,",MAIN,Wisconsin,46.504132,-92.244805,"Wisconsin
(46.504132, -92.244805)"
Derailments,2011:09:DMIR:722487,0,0,54000,36900,5,3,0,ST LOUIS,9/25/2011 0:00,24:14:00,2011,2011,"M599,","DMIR,",1,"M5,","M,",YARD,Minnesota,46.75635,-92.24458,"Minnesota
(46.75635, -92.24458)"
Obstruction impact,2016:04:UP:0416LK006,0,0,0,15344,1,1,0,PULASKI,4/15/2016 0:00,14:00,2016,2016,"M105,","UP,",6,"M1,","M,",YARD,Arkansas,34.766295,-92.242543,"Arkansas
(34.766295, -92.242543)"
Other events,2012:04:BNSF:TC0412106,0,0,350,15135,1,0,0,DOUGLAS,4/14/2012 0:00,1:00,2012,2012,"E02C,","BNSF,",1,"E0,","E,",MAIN,Wisconsin,46.569359,-92.240455,"Wisconsin
(46.569359, -92.240455)"
Derailments,2016:07:LRPA:2016001,0,0,14210,6082,0,0,0,PULASKI,7/21/2016 0:00,4:55,2016,2016,"H524,T107,","LRPA,UP,",7,"H5,T1,","H,T,",INDUSTRY,Arkansas,34.717825,-92.2374,"Arkansas
(34.717825, -92.2374)"
Side collision,2012:08:UP:0812LK018,0,0,33,13535,0,0,0,PULASKI,8/18/2012 0:00,4:45,2012,2012,"H302,","UP,",76,"H3,","H,",MAIN,Arkansas,34.714708,-92.235313,"Arkansas
(34.714708, -92.235313)"
Derailments,2012:12:UP:1212LK006,0,0,191500,25371,3,1,0,CLEVELAND,12/9/2012 0:00,18:05,2012,2013,"M404,","UP,",7,"M4,","M,",YARD,Arkansas,33.892023,-92.233497,"Arkansas
(33.892023, -92.233497)"
Derailments,2011:07:UP:0711LK013,0,0,10648,325,0,0,0,PULASKI,7/18/2011 0:00,4:40,2011,2011,"T319,","UP,",8,"T3,","T,",YARD,Arkansas,34.771864,-92.230825,"Arkansas
(34.771864, -92.230825)"
Raking collision,2013:12:UP:1213LK005,0,0,12869,92374,8,0,0,PULASKI,12/2/2013 0:00,10:30,2013,2014,"H702,","UP,",87,"H7,","H,",YARD,Arkansas,34.771864,-92.230825,"Arkansas
(34.771864, -92.230825)"
Derailments,2014:07:UP:0714LK034,0,0,10430,1777,0,0,0,PULASKI,7/31/2014 0:00,11:30,2014,2014,"S006,","UP,",7,"S0,","S,",YARD,Arkansas,34.771864,-92.230825,"Arkansas
(34.771864, -92.230825)"
Derailments,2014:08:UP:0814LK023,0,0,2800,10459,0,0,0,PULASKI,8/23/2014 0:00,23:15,2014,2014,"M411,","UP,",7,"M4,","M,",YARD,Arkansas,34.771864,-92.230825,"Arkansas
(34.771864, -92.230825)"
Derailments,2011:07:UP:0711LK008,0,0,21499,250000,0,0,0,PULASKI,7/6/2011 0:00,22:00,2011,2011,"M599,","UP,",NA,"M5,","M,",MAIN,Arkansas,34.771864,-92.23082,"Arkansas
(34.771864, -92.23082)"
Derailments,2013:05:UP:0513LK007,0,0,1536,17319,0,0,0,PULASKI,5/11/2013 0:00,18:15,2013,2013,"T403,E4TL,","UP,",1,"T4,E4,","T,E,",YARD,Arkansas,34.770578,-92.230647,"Arkansas
(34.770578, -92.230647)"
Other impacts,2012:07:UP:0712LK029,0,0,1000,17136,0,0,0,PULASKI,7/28/2012 0:00,4:20,2012,2012,"S016,","UP,",67,"S0,","S,",YARD,Arkansas,34.770817,-92.228845,"Arkansas
(34.770817, -92.228845)"
Obstruction impact,2014:07:UP:0714LK031,0,0,33,13622,0,0,0,PULASKI,7/29/2014 0:00,1:02,2014,2014,"M402,","UP,",8,"M4,","M,",YARD,Arkansas,34.771091,-92.228725,"Arkansas
(34.771091, -92.228725)"
Derailments,2016:02:UP:0216LK008,0,0,26246,258,0,0,0,PULASKI,2/6/2016 0:00,1:36,2016,2016,"S007,","UP,",7,"S0,","S,",YARD,Arkansas,34.77093,-92.227792,"Arkansas
(34.77093, -92.227792)"
Obstruction impact,2014:05:UP:0514LK003,0,0,33,22959,10,0,0,PULASKI,5/4/2014 0:00,22:40,2014,2014,"E33C,","UP,",7,"E3,","E,",YARD,Arkansas,34.770962,-92.227491,"Arkansas
(34.770962, -92.227491)"
Derailments,2014:03:WC:808323,0,0,10100,11375,6,3,0,ST LOUIS,3/21/2014 0:00,18:50,2014,2014,"M599,M101,","WC,",7,"M5,M1,","M,",YARD,Minnesota,46.744166,-92.226796,"Minnesota
(46.744166, -92.226796)"
Derailments,2013:02:WC:771171,0,0,2500,12820,0,0,0,ST LOUIS,2/19/2013 0:00,12:30,2013,2013,"H020,M105,","WC,",7,"H0,M1,","H,M,",YARD,Minnesota,46.744267,-92.226776,"Minnesota
(46.744267, -92.226776)"
Other impacts,2011:07:UP:0711LK007,0,0,15471,13226,4,2,0,PULASKI,7/6/2011 0:00,3:20,2011,2011,"M411,","UP,",76,"M4,","M,",YARD,Arkansas,34.773616,-92.226544,"Arkansas
(34.773616, -92.226544)"
Derailments,2011:06:DMIR:710826,0,0,8944,19125,25,1,0,ST LOUIS,6/3/2011 0:00,16:45,2011,2011,"E30C,","DMIR,",1,"E3,","E,",MAIN,Minnesota,46.665931,-92.226448,"Minnesota
(46.665931, -92.226448)"