AccidentType,inckey,Fatalities,Injuries,TrackDamage,EquipmentDamage,HazmatCars,HazmatCarsDerailed,HazmatCarsReleasing,County,DisplayDate,DisplayTime,calendar,Fiscal,AccidentCause,RailroadCodes,RAILEQUIPMENT_TYPE,CauseGroup,CauseDiscipline,TYPE_OF_TRACK,StateName,latitude,longitude,GeoLocation
Derailments,2015:04:UP:0415LK016,0,0,19230,300,0,0,0,PULASKI,4/14/2015 0:00,4:34,2015,2015,"M411,","UP,",57,"M4,","M,",YARD,Arkansas,34.774303,-92.226251,"Arkansas
(34.774303, -92.226251)"
Derailments,2013:02:UP:0213LK018,0,0,20735,482,2,2,0,PULASKI,2/22/2013 0:00,4:37,2013,2013,"S011,","UP,",75,"S0,","S,",YARD,Arkansas,34.77104,-92.226121,"Arkansas
(34.77104, -92.226121)"
Raking collision,2012:10:UP:1012LK020,0,0,33,14798,4,0,0,PULASKI,10/25/2012 0:00,13:10,2012,2013,"M407,S007,","UP,",76,"M4,S0,M4,S0,","M,S,M,S,",YARD,Arkansas,34.771445,-92.222977,"Arkansas
(34.771445, -92.222977)"
Derailments,2015:04:UP:0415LK017,0,0,25000,150,0,0,0,PULASKI,4/14/2015 0:00,14:04,2015,2015,"M404,","UP,",7,"M4,","M,",YARD,Arkansas,34.774445,-92.222539,"Arkansas
(34.774445, -92.222539)"
Derailments,2012:02:XEGC:INDUSTRY,0,0,20000,700,0,0,0,JEFFERSON,2/2/2012 0:00,24:25:00,2012,2012,"T205,","BNSF,",1,"T2,","T,",INDUSTRY,Arkansas,34.219882,-92.219882,"Arkansas
(34.219882, -92.219882)"
Other impacts,2013:06:WC:783562,0,0,0,39316,0,0,0,ST LOUIS,6/20/2013 0:00,16:52,2013,2013,"E01C,","WC,",9,"E0,","E,",YARD,Minnesota,46.674333,-92.218728,"Minnesota
(46.674333, -92.218728)"
Derailments,2012:08:UP:0812LK038,0,0,2425,15613,0,0,0,PULASKI,8/31/2012 0:00,12:45,2012,2012,"S006,","UP,",7,"S0,","S,",YARD,Arkansas,34.773137,-92.21739,"Arkansas
(34.773137, -92.21739)"
Derailments,2012:10:UP:1012LK009,0,0,1920,12854,0,0,0,PULASKI,10/10/2012 0:00,2:47,2012,2013,"M405,","UP,",7,"M4,","M,",YARD,Arkansas,34.773106,-92.217358,"Arkansas
(34.773106, -92.217358)"
Derailments,2015:01:UP:0115LK021,0,0,7998,12372,0,0,0,PULASKI,1/24/2015 0:00,11:55,2015,2015,"S013,","UP,",7,"S0,","S,",YARD,Arkansas,34.773479,-92.216891,"Arkansas
(34.773479, -92.216891)"
Derailments,2012:06:LRPA:2012,0,0,70000,25780,0,0,0,PULASKI,6/22/2012 0:00,21:00,2012,2012,"H525,","BNSF,LRPA,",1,"H5,","H,",MAIN,Arkansas,34.714101,-92.211942,"Arkansas
(34.714101, -92.211942)"
Derailments,2012:06:CC:747955,0,0,39725,60200,0,0,0,BLACK HAWK,6/6/2012 0:00,20:30,2012,2012,"T109,","CC,",1,"T1,","T,",YARD,Iowa,42.30079,-92.190759,"Iowa
(42.30079, -92.190759)"
Derailments,2015:01:UP:0115LK011,0,0,238738,467906,0,0,0,CLEVELAND,1/17/2015 0:00,17:20,2015,2015,"E61C,","UP,",4,"E6,","E,",MAIN,Arkansas,33.965569,-92.184529,"Arkansas
(33.965569, -92.184529)"
Derailments,2016:08:KCS:16081902,0,0,19131,4550,1,0,0,CADDO,8/19/2016 0:00,24:22:00,2016,2016,"H702,","KCS,",7,"H7,","H,",YARD,Louisiana,32.527116,-92.173555,"Louisiana
(32.527116, -92.173555)"
Highway-rail impact,2013:04:BNSF:NE0413200,2,2,54274,500,0,0,0,JEFFERSON,4/1/2013 0:00,16:05,2013,2013,"M302,","BNSF,",8,"M3,","M,",MAIN,Iowa,40.99197,-92.168538,"Iowa
(40.99197, -92.168538)"
Derailments,2013:08:UP:0813LV003,0,1,1207571,1646685,20,15,2,ST LANDRY,8/4/2013 0:00,15:27,2013,2013,"T109,","UP,",1,"T1,","T,",MAIN,Louisiana,30.520965,-92.167809,"Louisiana
(30.520965, -92.167809)"
Other events,2015:05:BNSF:CH0515114,0,0,0,13558,0,0,0,PEPIN,5/5/2015 0:00,15:00,2015,2015,"M599,","BNSF,",NA,"M5,","M,",MAIN,Wisconsin,44.442803,-92.165088,"Wisconsin
(44.442803, -92.165088)"
Derailments,2013:10:UP:1013SL011,0,0,500,41667,0,0,0,COLE,10/17/2013 0:00,11:00,2013,2014,"H607,","UP,",1,"H6,","H,",YARD,Missouri,38.571632,-92.149999,"Missouri
(38.571632, -92.149999)"
Derailments,2015:04:KCS:15042201,0,0,6574,100000,1,0,0,OUACHITA,4/22/2015 0:00,3:55,2015,2015,"T102,T001,","KCS,",1,"T1,T0,","T,",INDUSTRY,Louisiana,32.483931,-92.144219,"Louisiana
(32.483931, -92.144219)"
Highway-rail impact,2013:01:CC:769264,0,1,156,12070,87,0,0,BLACK HAWK,1/28/2013 0:00,9:45,2013,2013,"M302,","CC,",1,"M3,","M,",MAIN,Iowa,42.473261,-92.140266,"Iowa
(42.473261, -92.140266)"
Highway-rail impact,2013:10:WC:795723,0,1,4738,10000,0,0,0,ST CROIX,10/28/2013 0:00,24:50:00,2013,2014,"M302,","WC,",1,"M3,","M,",MAIN,Wisconsin,45.075363,-92.138985,"Wisconsin
(45.075363, -92.138985)"
Derailments,2012:03:AKDN:052,0,0,12000,0,0,0,0,AVOYELLES,3/29/2012 0:00,17:00,2012,2012,"T101,","AKDN,",1,"T1,","T,",YARD,Louisiana,30.533886,-92.135274,"Louisiana
(30.533886, -92.135274)"
Derailments,2013:10:BNSF:TC1013105,0,0,1000,12415,0,0,0,ST LOUIS,10/14/2013 0:00,14:30,2013,2014,"H503,","BNSF,",1,"H5,","H,",YARD,Minnesota,46.765883,-92.117336,"Minnesota
(46.765883, -92.117336)"
Derailments,2016:07:BNSF:TC0716106,0,0,1500,20809,0,0,0,ST LOUIS,7/12/2016 0:00,20:40,2016,2016,"T001,T110,","BNSF,CP,",7,"T0,T1,T0,T1,","T,",YARD,Minnesota,46.765371,-92.11718,"Minnesota
(46.765371, -92.11718)"
Derailments,2011:06:BNSF:TC0611117,0,0,40000,25850,0,0,0,DOUGLAS,6/25/2011 0:00,16:50,2011,2011,"H703,","BNSF,",1,"H7,","H,",YARD,Wisconsin,46.708669,-92.113963,"Wisconsin
(46.708669, -92.113963)"
Derailments,2011:10:BNSF:TC1011111,0,0,5500,9160,0,0,0,DOUGLAS,10/11/2011 0:00,18:37,2011,2012,"H704,","BNSF,",7,"H7,","H,",YARD,Wisconsin,46.708669,-92.113963,"Wisconsin
(46.708669, -92.113963)"
Derailments,2012:06:BNSF:TC0612125,0,0,5500,26684,0,0,0,DOUGLAS,6/30/2012 0:00,22:00,2012,2012,"H318,","BNSF,",7,"H3,","H,",YARD,Wisconsin,46.670438,-92.113795,"Wisconsin
(46.670438, -92.113795)"
Derailments,2014:11:BNSF:TC1114107,0,0,100000,19587,0,0,0,DOUGLAS,11/7/2014 0:00,20:30,2014,2015,"M204,","BNSF,",7,"M2,","M,",YARD,Wisconsin,46.70623,-92.113211,"Wisconsin
(46.70623, -92.113211)"
Derailments,2014:08:WC:824075,0,0,56259,35249,37,0,0,DOUGLAS,8/24/2014 0:00,11:48,2014,2014,"T102,","WC,",1,"T1,","T,",MAIN,Wisconsin,46.639058,-92.11062,"Wisconsin
(46.639058, -92.11062)"
Obstruction impact,2015:10:UP:1015LV005,0,0,0,510867,0,0,0,CALDWELL,10/8/2015 0:00,16:27,2015,2016,"H997,","UP,",NA,"H9,","H,",SIDING,Louisiana,32.051457,-92.108317,"Louisiana
(32.051457, -92.108317)"
Derailments,2012:08:UP:0812LK019,0,0,1905,10947,0,0,0,OUACHITA,8/17/2012 0:00,9:15,2012,2012,"M503,","UP,",1,"M5,","M,",YARD,Louisiana,32.484593,-92.107789,"Louisiana
(32.484593, -92.107789)"
Derailments,2015:10:KCS:15100301,0,0,900,12796,0,0,0,OUACHITA,10/3/2015 0:00,8:05,2015,2016,"E64L,","KCS,",8,"E6,","E,",YARD,Louisiana,32.50407,-92.10688,"Louisiana
(32.50407, -92.10688)"
Derailments,2015:09:ZAZC:INDUSTRY,0,0,6000,9000,0,0,0,ST LOUIS,9/23/2015 0:00,10:25,2015,2015,"T110,","BNSF,",7,"T1,","T,",INDUSTRY,Minnesota,46.760954,-92.106766,"Minnesota
(46.760954, -92.106766)"
Derailments,2012:08:UP:0812LK007,0,0,97610,7358,0,0,0,OUACHITA,8/7/2012 0:00,14:20,2012,2012,"T314,","UP,",1,"T3,","T,",YARD,Louisiana,32.47305,-92.106755,"Louisiana
(32.47305, -92.106755)"
Derailments,2013:09:UP:0913LK010,0,0,45129,1144,0,0,0,OUACHITA,9/14/2013 0:00,5:15,2013,2013,"T110,","UP,",1,"T1,","T,",YARD,Louisiana,32.468531,-92.106265,"Louisiana
(32.468531, -92.106265)"
Derailments,2011:12:UP:1211LK001,0,0,4982,71191,61,6,0,OUACHITA,12/1/2011 0:00,15:18,2011,2012,"T110,","UP,",1,"T1,","T,",YARD,Louisiana,32.468483,-92.106258,"Louisiana
(32.468483, -92.106258)"
Highway-rail impact,2016:04:UP:0416LV008,0,1,98418,184,28,0,0,OUACHITA,4/11/2016 0:00,7:14,2016,2016,"M304,","UP,",1,"M3,","M,",MAIN,Louisiana,32.351031,-92.105543,"Louisiana
(32.351031, -92.105543)"
Other events,2016:02:BNSF:SF0216110,0,0,0,27550,10,0,0,TEXAS,2/18/2016 0:00,1:00,2016,2016,"E33C,","BNSF,",1,"E3,","E,",MAIN,Missouri,37.120746,-92.103791,"Missouri
(37.120746, -92.103791)"
Derailments,2016:02:XCHS:INDUSTRY,0,0,10000,800,0,0,0,DOUGLAS,2/1/2016 0:00,13:39,2016,2016,"T308,","BNSF,",7,"T3,","T,",INDUSTRY,Wisconsin,46.737771,-92.10286,"Wisconsin
(46.737771, -92.10286)"
Other events,2014:03:UP:0314LK007,0,0,0,12268,22,0,0,JEFFERSON,3/3/2014 0:00,12:40,2014,2014,"E29C,E27C,","UP,",1,"E2,","E,",MAIN,Arkansas,34.113394,-92.099701,"Arkansas
(34.113394, -92.099701)"
Derailments,2014:10:UP:1014LK016,0,0,116099,629042,2,1,0,JEFFERSON,10/10/2014 0:00,6:25,2014,2015,"E34C,","UP,",1,"E3,","E,",MAIN,Arkansas,34.114675,-92.098867,"Arkansas
(34.114675, -92.098867)"
Highway-rail impact,2014:09:UP:0914TC008,0,1,51054,24725,0,0,0,DUNN,9/16/2014 0:00,13:05,2014,2014,"M302,","UP,",1,"M3,","M,",MAIN,Wisconsin,44.954315,-92.095779,"Wisconsin
(44.954315, -92.095779)"
Other impacts,2016:03:KCS:16031901,0,0,4652,161683,2,1,0,OUACHITA,3/19/2016 0:00,11:50,2016,2016,"H318,","KCS,",765,"H3,","H,",YARD,Louisiana,32.497775,-92.094517,"Louisiana
(32.497775, -92.094517)"
Highway-rail impact,2011:09:UP:0911LV011,0,1,200,9316,0,0,0,CALDWELL,9/13/2011 0:00,10:28,2011,2011,"M303,","UP,",1,"M3,","M,",MAIN,Louisiana,32.173103,-92.093391,"Louisiana
(32.173103, -92.093391)"
Derailments,2014:01:UP:0114LV019,0,0,274066,222347,14,1,0,ST LANDRY,1/25/2014 0:00,21:30,2014,2014,"T220,","UP,",1,"T2,","T,",MAIN,Louisiana,30.83057,-92.085332,"Louisiana
(30.83057, -92.085332)"
Derailments,2012:08:UP:0812TC019,0,0,17850,2551,0,0,0,DOUGLAS,8/29/2012 0:00,6:00,2012,2012,"T314,","BNSF,UP,",7,"T3,","T,",YARD,Wisconsin,46.734714,-92.083797,"Wisconsin
(46.734714, -92.083797)"
Derailments,2011:06:UP:0611TC001,0,0,3247,30414,0,0,0,DOUGLAS,6/5/2011 0:00,13:46,2011,2011,"T110,","UP,",7,"T1,","T,",INDUSTRY,Wisconsin,46.721486,-92.075504,"Wisconsin
(46.721486, -92.075504)"
Derailments,2015:10:UP:1015LK014,0,0,53760,763,33,0,0,JEFFERSON,10/10/2015 0:00,21:25,2015,2016,"T001,","UP,",1,"T0,","T,",SIDING,Arkansas,34.28348,-92.07313,"Arkansas
(34.28348, -92.07313)"
Obstruction impact,2012:03:UP:0312LK024,0,0,0,24807,0,0,0,JEFFERSON,3/21/2012 0:00,10:10,2012,2012,"M101,","UP,",1,"M1,","M,",MAIN,Arkansas,34.151564,-92.072675,"Arkansas
(34.151564, -92.072675)"
Derailments,2016:04:BNSF:GC0416106,0,0,260000,127077,5,5,0,LAFAYETTE,4/13/2016 0:00,10:41,2016,2016,"E46C,","BNSF,",1,"E4,","E,",YARD,Louisiana,30.234942,-92.0707,"Louisiana
(30.234942, -92.0707)"
Derailments,2012:02:BNSF:GC0212121,0,0,16600,30400,5,5,0,LAFAYETTE,2/19/2012 0:00,22:30,2012,2012,"H704,","BNSF,",7,"H7,","H,",YARD,Louisiana,30.234967,-92.070003,"Louisiana
(30.234967, -92.070003)"
Derailments,2015:02:BNSF:GC0215105,0,0,12000,500,0,0,0,LAFAYETTE,2/11/2015 0:00,3:35,2015,2015,"H701,","BNSF,",1,"H7,","H,",MAIN,Louisiana,30.234967,-92.070003,"Louisiana
(30.234967, -92.070003)"
Derailments,2014:01:BNSF:CH0114117,0,0,7000,3500,0,0,0,SCOTLAND,1/23/2014 0:00,24:30:00,2014,2014,"E52C,","BNSF,",1,"E5,","E,",MAIN,Missouri,40.32925,-92.066981,"Missouri
(40.32925, -92.066981)"
Fire/violent rupture,2016:02:UP:0216SL004,0,0,0,300000,0,0,0,COLE,2/9/2016 0:00,7:45,2016,2016,"E73L,","UP,",1,"E7,","E,",MAIN,Missouri,38.546792,-92.059143,"Missouri
(38.546792, -92.059143)"
Derailments,2016:03:BNSF:GC0316113,0,0,135937,61008,0,0,0,LAFAYETTE,3/23/2016 0:00,23:15,2016,2016,"E04C,","BNSF,",7,"E0,","E,",YARD,Louisiana,30.235442,-92.058321,"Louisiana
(30.235442, -92.058321)"
Derailments,2016:01:BNSF:GC0116101,0,0,19500,34500,0,0,0,LAFAYETTE,1/1/2016 0:00,7:35,2016,2016,"T311,","BNSF,",7,"T3,","T,",YARD,Louisiana,30.235143,-92.053598,"Louisiana
(30.235143, -92.053598)"
Derailments,2012:06:BNSF:TC0612106,0,0,4000,11828,0,0,0,DOUGLAS,6/7/2012 0:00,23:30,2012,2012,"H704,","BNSF,",1,"H7,","H,",YARD,Wisconsin,46.6594,-92.05208,"Wisconsin
(46.6594, -92.05208)"
Derailments,2014:01:BNSF:TC0114115,0,0,500,13910,0,0,0,DOUGLAS,1/14/2014 0:00,16:00,2014,2014,"H318,","BNSF,",7,"H3,","H,",YARD,Wisconsin,46.660133,-92.052024,"Wisconsin
(46.660133, -92.052024)"
Derailments,2011:06:BNSF:GC0611113,0,0,300,15626,0,0,0,LAFAYETTE,6/19/2011 0:00,6:05,2011,2011,"H306,","BNSF,",7,"H3,","H,",YARD,Louisiana,30.235456,-92.049954,"Louisiana
(30.235456, -92.049954)"
Derailments,2011:10:BNSF:GC1011114,0,0,6500,5500,1,1,0,LAFAYETTE,10/14/2011 0:00,2:20,2011,2012,"H307,H702,","BNSF,",7,"H3,H7,","H,",YARD,Louisiana,30.235456,-92.049954,"Louisiana
(30.235456, -92.049954)"
Other impacts,2012:07:BNSF:GC0712105,0,0,0,18000,0,0,0,LAFAYETTE,7/20/2012 0:00,5:10,2012,2012,"H021,","BNSF,",76,"H0,","H,",YARD,Louisiana,30.235456,-92.049954,"Louisiana
(30.235456, -92.049954)"
Derailments,2013:05:BNSF:GC0513101,0,0,0,16187,16,0,0,LAFAYETTE,5/5/2013 0:00,17:30,2013,2013,"E4AC,","BNSF,",7,"E4,","E,",YARD,Louisiana,30.235456,-92.049954,"Louisiana
(30.235456, -92.049954)"
Raking collision,2013:11:BNSF:GC1113104,0,0,0,60627,0,0,0,LAFAYETTE,11/6/2013 0:00,4:30,2013,2014,"H310,","BNSF,",67,"H3,","H,",YARD,Louisiana,30.235456,-92.049954,"Louisiana
(30.235456, -92.049954)"
Derailments,2016:03:BNSF:GC0316108,0,0,0,13862,0,0,0,LAFAYETTE,3/13/2016 0:00,15:00,2016,2016,"E34C,","BNSF,",7,"E3,","E,",YARD,Louisiana,30.235261,-92.049682,"Louisiana
(30.235261, -92.049682)"
Other impacts,2011:09:BNSF:TC0911112,0,0,250,27502,0,0,0,DOUGLAS,9/8/2011 0:00,21:00,2011,2011,"E08C,E09C,","BNSF,",7,"E0,","E,",INDUSTRY,Wisconsin,46.70965,-92.046646,"Wisconsin
(46.70965, -92.046646)"
Derailments,2012:08:BNSF:GC0812117,0,0,81000,24196,3,3,0,LAFAYETTE,8/23/2012 0:00,6:33,2012,2012,"H701,","BNSF,",1,"H7,","H,",YARD,Louisiana,30.234813,-92.034949,"Louisiana
(30.234813, -92.034949)"
Derailments,2011:12:BNSF:GC1211114,0,0,10500,450,0,0,0,LAFAYETTE,12/22/2011 0:00,21:00,2011,2012,"T113,","BNSF,",7,"T1,","T,",YARD,Louisiana,30.234793,-92.033276,"Louisiana
(30.234793, -92.033276)"
Other events,2012:02:BNSF:GC0212112,0,0,0,16384,0,0,0,LAFAYETTE,2/9/2012 0:00,10:45,2012,2012,"E30C,","BNSF,",7,"E3,","E,",YARD,Louisiana,30.234793,-92.033276,"Louisiana
(30.234793, -92.033276)"
Derailments,2015:01:BNSF:GC0115108,0,0,19200,45000,3,3,0,LAFAYETTE,1/28/2015 0:00,6:49,2015,2015,"H307,H702,","BNSF,",7,"H3,H7,","H,",YARD,Louisiana,30.234793,-92.033276,"Louisiana
(30.234793, -92.033276)"
Derailments,2014:07:AKMD:W1814,0,0,12000,11000,0,0,0,BRADLEY,7/14/2014 0:00,9:30,2014,2014,"E46C,","AKMD,",7,"E4,","E,",YARD,Arkansas,33.62178,-92.02334,"Arkansas
(33.62178, -92.02334)"
Derailments,2016:06:UP:0616TC010,0,0,70563,24100,35,0,0,DOUGLAS,6/26/2016 0:00,9:02,2016,2016,"H525,T113,","UP,WC,",1,"H5,T1,","H,T,",YARD,Wisconsin,46.679489,-92.013305,"Wisconsin
(46.679489, -92.013305)"
Derailments,2011:10:UP:1011TC001,0,0,6240,5439,5,1,0,DOUGLAS,10/3/2011 0:00,8:40,2011,2012,"T313,T319,","UP,",7,"T3,","T,",YARD,Wisconsin,46.673304,-92.009496,"Wisconsin
(46.673304, -92.009496)"
Other impacts,2012:05:UP:0512TC001,0,0,1045,26907,5,0,0,DOUGLAS,5/1/2012 0:00,18:30,2012,2012,"T220,","UP,",76,"T2,","T,",YARD,Wisconsin,46.67135,-92.008923,"Wisconsin
(46.67135, -92.008923)"
Derailments,2016:04:UP:0416TC005,0,0,190001,117663,27,5,0,DOUGLAS,4/25/2016 0:00,21:59,2016,2016,"T210,","UP,",7,"T2,","T,",YARD,Wisconsin,46.67095,-92.008663,"Wisconsin
(46.67095, -92.008663)"
Derailments,2011:12:UP:1211LK016,0,0,4000,17548,0,0,0,JEFFERSON,12/17/2011 0:00,12:30,2011,2012,"M202,","UP,",7,"M2,","M,",YARD,Arkansas,34.225895,-91.997392,"Arkansas
(34.225895, -91.997392)"
Fire/violent rupture,2015:07:WC:858204,0,0,0,25618,42,0,0,DOUGLAS,7/3/2015 0:00,7:30,2015,2015,"E73L,","WC,",1,"E7,","E,",MAIN,Wisconsin,46.618993,-91.988336,"Wisconsin
(46.618993, -91.988336)"
Derailments,2012:09:UP:0912LK029,0,0,85601,109091,0,0,0,OUACHITA,9/24/2012 0:00,5:50,2012,2012,"T210,","UP,",1,"T2,","T,",MAIN,Louisiana,32.565086,-91.988163,"Louisiana
(32.565086, -91.988163)"
Derailments,2013:03:UP:0313LK004,0,0,95202,684547,0,0,0,OUACHITA,3/5/2013 0:00,7:22,2013,2013,"M405,","UP,",1,"M4,","M,",MAIN,Louisiana,32.565456,-91.987885,"Louisiana
(32.565456, -91.987885)"
Derailments,2012:04:XPTI:INDUSTRY,0,1,15650,873,0,0,0,JEFFERSON,4/9/2012 0:00,21:50,2012,2012,"T110,","UP,",7,"T1,","T,",YARD,Arkansas,34.226747,-91.9667,"Arkansas
(34.226747, -91.9667)"
Derailments,2012:05:UP:0512LK023,0,0,0,20000,0,0,0,JEFFERSON,5/28/2012 0:00,10:00,2012,2012,"M101,","UP,",8,"M1,","M,",YARD,Arkansas,34.2281,-91.963309,"Arkansas
(34.2281, -91.963309)"
Derailments,2011:12:UP:1211LK009,0,0,1160,13907,2,0,0,JEFFERSON,12/14/2011 0:00,21:00,2011,2012,"M409,","UP,",7,"M4,","M,",YARD,Arkansas,34.228298,-91.962869,"Arkansas
(34.228298, -91.962869)"
Derailments,2012:09:UP:0912LK020,0,0,9136,11865,104,5,0,JEFFERSON,9/16/2012 0:00,6:55,2012,2012,"T202,","UP,",1,"T2,","T,",YARD,Arkansas,34.22849,-91.962299,"Arkansas
(34.22849, -91.962299)"
Derailments,2012:03:UP:0312LK021,0,0,5625,6624,43,1,0,JEFFERSON,3/18/2012 0:00,22:50,2012,2012,"T101,","UP,",1,"T1,","T,",YARD,Arkansas,34.22543,-91.96102,"Arkansas
(34.22543, -91.96102)"
Derailments,2013:08:UP:0813LK026,0,0,70316,59171,22,4,0,JEFFERSON,8/18/2013 0:00,2:30,2013,2013,"T221,","UP,",7,"T2,","T,",YARD,Arkansas,34.230668,-91.96088,"Arkansas
(34.230668, -91.96088)"
Raking collision,2013:05:UP:0513LK008,0,0,33,13016,19,0,0,JEFFERSON,5/10/2013 0:00,21:55,2013,2013,"H607,","UP,",87,"H6,","H,",YARD,Arkansas,34.22974,-91.960636,"Arkansas
(34.22974, -91.960636)"
Derailments,2012:11:UP:1112LK020,0,0,28003,9429,3,1,0,JEFFERSON,11/22/2012 0:00,4:00,2012,2013,"E64C,","UP,",7,"E6,","E,",YARD,Arkansas,34.231894,-91.959694,"Arkansas
(34.231894, -91.959694)"
Derailments,2013:03:UP:0313LK022,0,0,996,14792,0,0,0,JEFFERSON,3/20/2013 0:00,23:20,2013,2013,"M201,","UP,",7,"M2,","M,",YARD,Arkansas,34.232692,-91.958885,"Arkansas
(34.232692, -91.958885)"
Derailments,2012:04:UP:0412LK001,0,0,1610,9287,0,0,0,JEFFERSON,4/1/2012 0:00,4:35,2012,2012,"E39C,","UP,",1,"E3,","E,",YARD,Arkansas,34.232668,-91.958848,"Arkansas
(34.232668, -91.958848)"
Raking collision,2011:08:UP:0811LK004,0,1,0,65823,0,0,0,JEFFERSON,8/3/2011 0:00,20:30,2011,2011,"H210,","UP,",8,"H2,","H,",YARD,Arkansas,34.232617,-91.958758,"Arkansas
(34.232617, -91.958758)"
Side collision,2011:08:UP:0811LK015,0,0,100,26729,2,2,0,JEFFERSON,8/10/2011 0:00,19:45,2011,2011,"M408,","UP,",75,"M4,","M,",YARD,Arkansas,34.232617,-91.958758,"Arkansas
(34.232617, -91.958758)"
Raking collision,2012:11:UP:1112LK016,0,0,0,15479,3,0,0,JEFFERSON,11/20/2012 0:00,16:40,2012,2013,"H602,","UP,",71,"H6,","H,",YARD,Arkansas,34.232617,-91.958758,"Arkansas
(34.232617, -91.958758)"
Side collision,2013:07:UP:0713LK028,0,0,792,28513,2,0,0,JEFFERSON,7/31/2013 0:00,2:15,2013,2013,"H307,","UP,",716,"H3,","H,",YARD,Arkansas,34.232617,-91.958758,"Arkansas
(34.232617, -91.958758)"
Other events,2013:10:UP:1013LK020,0,0,0,19456,0,0,0,JEFFERSON,10/1/2013 0:00,15:00,2013,2014,"M507,","UP,",5,"M5,","M,",YARD,Arkansas,34.232617,-91.958758,"Arkansas
(34.232617, -91.958758)"
Raking collision,2015:01:UP:0115LK001,0,0,528,14776,6,0,0,JEFFERSON,1/5/2015 0:00,8:30,2015,2015,"H607,","UP,",78,"H6,","H,",YARD,Arkansas,34.232617,-91.958758,"Arkansas
(34.232617, -91.958758)"
Derailments,2015:11:UP:1115LK007,0,0,42926,3292,0,0,0,JEFFERSON,11/10/2015 0:00,12:05,2015,2016,"E64C,","UP,",7,"E6,","E,",YARD,Arkansas,34.233468,-91.957819,"Arkansas
(34.233468, -91.957819)"
Derailments,2013:06:UP:0613LK017,0,0,1816,8149,1,0,0,JEFFERSON,6/15/2013 0:00,4:00,2013,2013,"E86C,","UP,",7,"E8,","E,",YARD,Arkansas,34.23154,-91.957459,"Arkansas
(34.23154, -91.957459)"
Derailments,2012:08:FP:FPR258112,0,0,5000,10000,0,0,0,ASHLEY,8/20/2012 0:00,2:15,2012,2012,"M599,","FP,",1,"M5,","M,",MAIN,Arkansas,33.137884,-91.957321,"Arkansas
(33.137884, -91.957321)"
Derailments,2012:06:UP:0612LK015,0,0,6476,5611,2,2,0,JEFFERSON,6/7/2012 0:00,11:30,2012,2012,"M409,","UP,",75,"M4,","M,",YARD,Arkansas,34.234074,-91.957057,"Arkansas
(34.234074, -91.957057)"
Other impacts,2012:10:UP:1012LK013,0,0,1850,26290,17,1,0,JEFFERSON,10/16/2012 0:00,17:00,2012,2013,"H310,","UP,",75,"H3,","H,",YARD,Arkansas,34.234363,-91.956763,"Arkansas
(34.234363, -91.956763)"
Other impacts,2012:06:UP:0612LK020,0,0,5786,6609,0,0,0,JEFFERSON,6/13/2012 0:00,19:40,2012,2012,"M411,","UP,",76,"M4,","M,",YARD,Arkansas,34.237416,-91.954028,"Arkansas
(34.237416, -91.954028)"
Highway-rail impact,2013:11:UP:1113LV003,0,0,0,19395,15,0,0,ST LANDRY,11/12/2013 0:00,11:00,2013,2014,"M303,","UP,",1,"M3,","M,",MAIN,Louisiana,30.546641,-91.948077,"Louisiana
(30.546641, -91.948077)"
Derailments,2012:09:UP:0912LK017,0,0,50226,74,5,0,0,JEFFERSON,9/15/2012 0:00,2:00,2012,2012,"T212,","UP,",7,"T2,","T,",YARD,Arkansas,34.244129,-91.946854,"Arkansas
(34.244129, -91.946854)"
Side collision,2014:08:UP:0814LK011,0,0,0,12683,0,0,0,JEFFERSON,8/12/2014 0:00,15:30,2014,2014,"H306,","UP,",7,"H3,","H,",YARD,Arkansas,34.244457,-91.946828,"Arkansas
(34.244457, -91.946828)"
Other impacts,2011:06:UP:0611LK022,0,0,0,24796,0,0,0,JEFFERSON,6/18/2011 0:00,14:00,2011,2011,"M408,","UP,",75,"M4,","M,",YARD,Arkansas,34.24457,-91.946828,"Arkansas
(34.24457, -91.946828)"
Derailments,2012:01:UP:0112LK020,0,0,5300,4598,0,0,0,JEFFERSON,1/18/2012 0:00,10:00,2012,2012,"M202,","UP,",6,"M2,","M,",YARD,Arkansas,34.24457,-91.946828,"Arkansas
(34.24457, -91.946828)"
Other impacts,2012:04:UP:0412LK002,0,0,1150,16279,42,3,0,JEFFERSON,4/1/2012 0:00,15:30,2012,2012,"M411,","UP,",57,"M4,","M,",YARD,Arkansas,34.24457,-91.946828,"Arkansas
(34.24457, -91.946828)"
Raking collision,2014:03:UP:0314LK026,0,0,0,68331,0,0,0,JEFFERSON,3/21/2014 0:00,21:45,2014,2014,"M411,","UP,",57,"M4,","M,",YARD,Arkansas,34.24457,-91.946828,"Arkansas
(34.24457, -91.946828)"
Raking collision,2014:10:UP:1014LK017,0,0,1850,97599,0,0,0,JEFFERSON,10/11/2014 0:00,15:35,2014,2015,"H306,","UP,",17,"H3,","H,",YARD,Arkansas,34.24457,-91.946828,"Arkansas
(34.24457, -91.946828)"
Derailments,2015:12:UP:1215LK007,0,0,177685,132819,0,0,0,JEFFERSON,12/11/2015 0:00,21:30,2015,2016,"T299,","UP,",7,"T2,","T,",YARD,Arkansas,34.244484,-91.945683,"Arkansas
(34.244484, -91.945683)"
Derailments,2013:09:UP:0913LK007,0,0,1880,10947,1,0,0,JEFFERSON,9/12/2013 0:00,6:35,2013,2013,"S006,","UP,",75,"S0,","S,",YARD,Arkansas,34.25037,-91.939196,"Arkansas
(34.25037, -91.939196)"