AccidentType,inckey,Fatalities,Injuries,TrackDamage,EquipmentDamage,HazmatCars,HazmatCarsDerailed,HazmatCarsReleasing,County,DisplayDate,DisplayTime,calendar,Fiscal,AccidentCause,RailroadCodes,RAILEQUIPMENT_TYPE,CauseGroup,CauseDiscipline,TYPE_OF_TRACK,StateName,latitude,longitude,GeoLocation
Other impacts,2012:07:UP:0712LK017,0,0,0,15497,0,0,0,JEFFERSON,7/16/2012 0:00,9:00,2012,2012,"H301,","UP,",78,"H3,","H,",YARD,Arkansas,34.25041,-91.939047,"Arkansas
(34.25041, -91.939047)"
Derailments,2011:12:UP:1211LK010,0,0,39967,38774,0,0,0,JEFFERSON,12/13/2011 0:00,8:05,2011,2012,"T207,","UP,",1,"T2,","T,",YARD,Arkansas,34.25407,-91.937181,"Arkansas
(34.25407, -91.937181)"
Derailments,2012:06:WGIJ:INDUSTRY,0,0,6270,6784,0,0,0,JEFFERSON,6/5/2012 0:00,20:05,2012,2012,"M405,","UP,",7,"M4,","M,",INDUSTRY,Arkansas,34.25407,-91.937181,"Arkansas
(34.25407, -91.937181)"
Derailments,2015:11:BNSF:CH1115104,0,0,1216069,1013716,20,13,5,BUFFALO,11/7/2015 0:00,8:45,2015,2016,"H519,H504,","BNSF,",1,"H5,","H,",MAIN,Wisconsin,44.350032,-91.935645,"Wisconsin
(44.350032, -91.935645)"
Derailments,2011:06:UP:0611LK006,0,0,10,16997,0,0,0,JEFFERSON,6/6/2011 0:00,21:15,2011,2011,"S011,","UP,",7,"S0,","S,",YARD,Arkansas,34.257006,-91.93352,"Arkansas
(34.257006, -91.93352)"
Derailments,2013:06:UP:0613LK034,0,0,2952,7556,0,0,0,JEFFERSON,6/24/2013 0:00,19:20,2013,2013,"T217,","UP,",7,"T2,","T,",MAIN,Arkansas,34.25886,-91.931783,"Arkansas
(34.25886, -91.931783)"
Derailments,2014:02:WC:805789,0,1,552504,3526458,0,0,0,ST LOUIS,2/24/2014 0:00,18:17,2014,2014,"H220,T319,","WC,",1,"H2,T3,","H,T,",MAIN,Minnesota,47.380959,-91.931235,"Minnesota
(47.380959, -91.931235)"
Other events,2013:12:UP:1213LK016,0,0,1816,9269,0,0,0,JEFFERSON,12/10/2013 0:00,5:45,2013,2014,"E21C,","UP,",7,"E2,","E,",YARD,Arkansas,34.26062,-91.927749,"Arkansas
(34.26062, -91.927749)"
Derailments,2012:03:IANR:OLD0328121,0,0,13170,40500,0,0,0,FAYETTE,3/28/2012 0:00,2:35,2012,2012,"T311,","IANR,",1,"T3,","T,",YARD,Iowa,42.673853,-91.914796,"Iowa
(42.673853, -91.914796)"
Derailments,2011:12:CIC:D201118,0,0,22939,7834,0,0,0,IOWA,12/31/2011 0:00,18:10,2011,2012,"T199,","CIC,IAIS,",1,"T1,","T,",MAIN,Iowa,41.769295,-91.908145,"Iowa
(41.769295, -91.908145)"
Highway-rail impact,2013:06:BNSF:GC0613201,1,1,0,21867,0,0,0,ST MARTIN,6/26/2013 0:00,24:30:00,2013,2013,"M302,","ATK,BNSF,",2,"M3,","M,",MAIN,Louisiana,30.088577,-91.906391,"Louisiana
(30.088577, -91.906391)"
Derailments,2012:05:SOO:231805,0,0,2345,14269,34,0,0,WABASHA,5/19/2012 0:00,19:11,2012,2012,"E67C,","SOO,",1,"E6,","E,",MAIN,Minnesota,44.20069,-91.89199,"Minnesota
(44.20069, -91.89199)"
Highway-rail impact,2014:09:UP:0914LV012,0,2,180242,23983,0,0,0,ST LANDRY,9/16/2014 0:00,7:40,2014,2014,"M303,","UP,",1,"M3,","M,",MAIN,Louisiana,30.717587,-91.890098,"Louisiana
(30.717587, -91.890098)"
Derailments,2014:12:KCS:14121602,0,0,1271,10625,1,1,0,AUDRAIN,12/16/2014 0:00,24:30:00,2014,2015,"T202,","KCS,",7,"T2,","T,",INDUSTRY,Missouri,39.173065,-91.887271,"Missouri
(39.173065, -91.887271)"
Highway-rail impact,2014:02:UP:0214LK009,0,0,1345,21461,48,0,0,WHITE,2/10/2014 0:00,10:55,2014,2014,"M303,","UP,",1,"M3,","M,",MAIN,Arkansas,35.069556,-91.880395,"Arkansas
(35.069556, -91.880395)"
Derailments,2012:12:ALM:ALM286412,0,0,20647,1000,0,0,0,ASHLEY,12/19/2012 0:00,17:40,2012,2013,"E46C,","ALM,",1,"E4,","E,",MAIN,Arkansas,33.124488,-91.87377,"Arkansas
(33.124488, -91.87377)"
Derailments,2013:04:ALM:FPR356613D,0,0,15000,0,0,0,0,ASHLEY,4/12/2013 0:00,18:50,2013,2013,"E46C,T110,","ALM,",1,"E4,T1,","E,T,",MAIN,Arkansas,33.124488,-91.87377,"Arkansas
(33.124488, -91.87377)"
Derailments,2016:08:ALM:ALM053116D,0,0,38050,0,0,0,0,MOREHOUSE,8/12/2016 0:00,11:48,2016,2016,"E46C,E42C,","ALM,",1,"E4,","E,",YARD,Louisiana,32.690328,-91.870598,"Louisiana
(32.690328, -91.870598)"
Derailments,2012:09:AKMD:W3012,0,0,6000,34405,0,0,0,DREW,9/14/2012 0:00,7:34,2012,2012,"E24C,E07C,","AKMD,",1,"E2,E0,","E,",MAIN,Arkansas,33.631057,-91.848363,"Arkansas
(33.631057, -91.848363)"
Derailments,2013:04:LDRR:LDR345913,0,0,10000,8000,0,0,0,IBERIA,4/24/2013 0:00,18:45,2013,2013,"T202,","LDRR,",7,"T2,","T,",YARD,Louisiana,30.01908,-91.82032,"Louisiana
(30.01908, -91.82032)"
Derailments,2013:05:LDRR:LDR358513,0,0,7000,3000,0,0,0,IBERIA,5/23/2013 0:00,22:30,2013,2013,"T202,","LDRR,",7,"T2,","T,",YARD,Louisiana,30.01919,-91.82001,"Louisiana
(30.01919, -91.82001)"
Raking collision,2013:03:UP:0313LK025,0,1,261978,1447186,5,4,0,WHITE,3/23/2013 0:00,14:00,2013,2013,"T201,","UP,",18,"T2,","T,",MAIN,Arkansas,35.128359,-91.802879,"Arkansas
(35.128359, -91.802879)"
Derailments,2015:06:KCS:15061004,0,0,69030,5500,38,0,0,AVOYELLES,6/10/2015 0:00,10:50,2015,2015,"H505,","KCS,",1,"H5,","H,",MAIN,Louisiana,30.984862,-91.800468,"Louisiana
(30.984862, -91.800468)"
Highway-rail impact,2014:10:UP:1014LK008,0,2,87566,3241044,56,2,2,MOREHOUSE,10/5/2014 0:00,13:10,2014,2015,"M304,","UP,",1,"M3,","M,",MAIN,Louisiana,32.77545,-91.79232,"Louisiana
(32.77545, -91.79232)"
Highway-rail impact,2014:06:UP:0614LK036,1,0,0,12590,0,0,0,MOREHOUSE,6/21/2014 0:00,6:45,2014,2014,"M303,","UP,",1,"M3,","M,",MAIN,Louisiana,32.780203,-91.789083,"Louisiana
(32.780203, -91.789083)"
Highway-rail impact,2016:05:KCS:16050501,0,1,20886,18063,2,0,0,RICHLAND,5/5/2016 0:00,8:23,2016,2016,"M304,","KCS,",1,"M3,","M,",MAIN,Louisiana,32.47893,-91.77799,"Louisiana
(32.47893, -91.77799)"
Derailments,2011:12:AKMD:W6111,0,0,1120,34400,0,0,0,DREW,12/2/2011 0:00,2:30,2011,2012,"T221,","AKMD,",1,"T2,","T,",MAIN,Arkansas,33.627555,-91.771308,"Arkansas
(33.627555, -91.771308)"
Other impacts,2012:10:XCEP:INDUSTRY,0,0,0,18431,0,0,0,OSAGE,10/7/2012 0:00,18:20,2012,2013,"H302,","UP,",61,"H3,","H,",INDUSTRY,Missouri,38.676412,-91.76967,"Missouri
(38.676412, -91.76967)"
Derailments,2016:02:AKMD:AKM887016D,0,0,9000,25000,0,0,0,DREW,2/5/2016 0:00,14:36,2016,2016,"E46C,","AKMD,",7,"E4,","E,",YARD,Arkansas,33.627906,-91.769073,"Arkansas
(33.627906, -91.769073)"
Highway-rail impact,2014:10:KCS:14102502,0,0,18363,6150,22,0,0,RICHLAND,10/25/2014 0:00,13:10,2014,2015,"M304,","KCS,",1,"M3,","M,",MAIN,Louisiana,32.47731,-91.75585,"Louisiana
(32.47731, -91.75585)"
Derailments,2013:11:UP:1113CB004,0,0,33785,72163,0,0,0,LINN,11/13/2013 0:00,20:50,2013,2014,"T220,","UP,",7,"T2,","T,",YARD,Iowa,41.929358,-91.725384,"Iowa
(41.929358, -91.725384)"
Derailments,2012:01:XMPT:INDUSTRY,0,0,12000,14798,0,0,0,IBERIA,1/24/2012 0:00,13:00,2012,2012,"T110,","LDRR,",1,"T1,","T,",MAIN,Louisiana,29.90387,-91.722657,"Louisiana
(29.90387, -91.722657)"
Derailments,2016:06:CIC:D201604,0,0,0,30000,0,0,0,LINN,6/24/2016 0:00,21:00,2016,2016,"H318,H699,","CIC,",6,"H3,H6,","H,",YARD,Iowa,41.92691,-91.717374,"Iowa
(41.92691, -91.717374)"
Other events,2014:06:CIC:D201499,0,0,36732,235848,21,21,0,LINN,6/30/2014 0:00,8:00,2014,2014,"M103,","CIC,",6,"M1,","M,",YARD,Iowa,41.927261,-91.716554,"Iowa
(41.927261, -91.716554)"
Derailments,2013:12:WC:798870,0,3,1057623,6016509,0,0,0,LAKE,12/5/2013 0:00,13:15,2013,2014,"M199,","WC,",61,"M1,","M,",YARD,Minnesota,47.018462,-91.68991,"Minnesota
(47.018462, -91.68991)"
Derailments,2014:10:WC:828390,0,0,4380,15200,0,0,0,LAKE,10/4/2014 0:00,17:30,2014,2015,"E51L,","WC,",7,"E5,","E,",YARD,Minnesota,47.018879,-91.686039,"Minnesota
(47.018879, -91.686039)"
Other impacts,2013:05:CIC:D201305,0,0,10000,6000,8,0,0,LINN,5/3/2013 0:00,17:55,2013,2013,"H702,","CIC,",1,"H7,","H,",YARD,Iowa,41.929628,-91.685736,"Iowa
(41.929628, -91.685736)"
Derailments,2013:04:CIC:D201399,0,0,18695,47527,0,0,0,LINN,4/15/2013 0:00,3:30,2013,2013,"T312,","CIC,IANR,",1,"T3,","T,",YARD,Iowa,41.96451,-91.68354,"Iowa
(41.96451, -91.68354)"
Other events,2013:03:CC:774769,0,0,0,47312,2,2,0,LINN,3/13/2013 0:00,5:00,2013,2013,"M103,","CC,",6,"M1,","M,",YARD,Iowa,41.991809,-91.673441,"Iowa
(41.991809, -91.673441)"
Derailments,2012:06:CIC:D201205,0,0,0,9704,1,0,0,LINN,6/19/2012 0:00,15:35,2012,2012,"T317,","CIC,",7,"T3,","T,",INDUSTRY,Iowa,41.969637,-91.665973,"Iowa
(41.969637, -91.665973)"
Other impacts,2013:06:CC:783180,0,0,0,49197,0,0,0,LINN,6/21/2013 0:00,11:50,2013,2013,"H302,","CC,",7,"H3,","H,",YARD,Iowa,41.97464,-91.659066,"Iowa
(41.97464, -91.659066)"
Obstruction impact,2015:08:UP:0815ES025,0,0,0,20533,0,0,0,MOREHOUSE,8/13/2015 0:00,15:30,2015,2015,"H995,","UP,",NA,"H9,","H,",MAIN,Louisiana,32.941736,-91.658613,"Louisiana
(32.941736, -91.658613)"
Derailments,2015:09:WN:09052015,0,0,12500,90,0,0,0,BARRON,9/6/2015 0:00,22:30,2015,2015,"T110,","WN,",8,"T1,","T,",INDUSTRY,Wisconsin,45.314238,-91.65499,"Wisconsin
(45.314238, -91.65499)"
Derailments,2013:11:UP:1113LK021,0,0,1330,24689,0,0,0,WHITE,11/26/2013 0:00,17:15,2013,2014,"M204,M202,","BNSF,UP,",1,"M2,","M,",MAIN,Arkansas,35.270179,-91.635639,"Arkansas
(35.270179, -91.635639)"
Derailments,2015:06:KCS:15062504,0,0,3000,15000,1,0,0,AUDRAIN,6/25/2015 0:00,20:00,2015,2015,"M105,","KCS,",1,"M1,","M,",SIDING,Missouri,39.247194,-91.634353,"Missouri
(39.247194, -91.634353)"
Derailments,2014:12:WN:12132014,0,0,1500,18808,0,0,0,BARRON,12/14/2014 0:00,2:00,2014,2015,"H306,","WN,",1,"H3,","H,",INDUSTRY,Wisconsin,45.249601,-91.596567,"Wisconsin
(45.249601, -91.596567)"
Highway-rail impact,2016:07:UP:0716LK014,0,0,61165,9830,0,0,0,ASHLEY,7/18/2016 0:00,9:12,2016,2016,"M303,","UP,",1,"M3,","M,",MAIN,Arkansas,33.059868,-91.573379,"Arkansas
(33.059868, -91.573379)"
Fire/violent rupture,2015:09:UP:0915LV011,0,0,66,11733,0,0,0,POINTE COUPEE,9/12/2015 0:00,16:22,2015,2015,"E71L,","UP,",7,"E7,","E,",YARD,Louisiana,30.548112,-91.5724,"Louisiana
(30.548112, -91.5724)"
Derailments,2013:05:UP:0513LK036,0,0,19800,250,0,0,0,ARKANSAS,5/31/2013 0:00,10:15,2013,2013,"T106,","UP,",8,"T1,","T,",YARD,Arkansas,34.487663,-91.571929,"Arkansas
(34.487663, -91.571929)"
Derailments,2014:07:UP:0714LV012,0,0,6526,5000,0,0,0,POINTE COUPEE,7/21/2014 0:00,24:15:00,2014,2014,"H702,","UP,",8,"H7,","H,",YARD,Louisiana,30.544302,-91.569089,"Louisiana
(30.544302, -91.569089)"
Derailments,2016:08:UP:0816LV001,0,0,64426,8652,0,0,0,POINTE COUPEE,8/1/2016 0:00,18:00,2016,2016,"T107,","UP,",7,"T1,","T,",YARD,Louisiana,30.544368,-91.568988,"Louisiana
(30.544368, -91.568988)"
Raking collision,2011:08:UP:0811LV006,0,0,0,26509,0,0,0,POINTE COUPEE,8/6/2011 0:00,15:53,2011,2011,"H307,","UP,",71,"H3,","H,",YARD,Louisiana,30.544363,-91.568979,"Louisiana
(30.544363, -91.568979)"
Side collision,2013:11:UP:1113LV012,0,0,2243,147568,15,5,0,POINTE COUPEE,11/23/2013 0:00,6:02,2013,2014,"H306,","UP,",1,"H3,","H,",YARD,Louisiana,30.544363,-91.568979,"Louisiana
(30.544363, -91.568979)"
Derailments,2014:11:UP:1114LV008,0,0,0,12555,36,0,0,POINTE COUPEE,11/16/2014 0:00,23:20,2014,2015,"E34C,","UP,",7,"E3,","E,",YARD,Louisiana,30.544363,-91.568979,"Louisiana
(30.544363, -91.568979)"
Raking collision,2012:06:UP:0612LV002,0,0,0,161557,0,0,0,POINTE COUPEE,6/2/2012 0:00,9:25,2012,2012,"H301,","UP,",18,"H3,","H,",YARD,Louisiana,30.537723,-91.565606,"Louisiana
(30.537723, -91.565606)"
Derailments,2016:07:UP:0716LV008,0,0,62603,9366,12,1,0,POINTE COUPEE,7/10/2016 0:00,4:40,2016,2016,"T107,","UP,",7,"T1,","T,",YARD,Louisiana,30.539812,-91.564895,"Louisiana
(30.539812, -91.564895)"
Other events,2013:11:UP:1113ES005,0,0,0,10000,0,0,0,ASHLEY,11/12/2013 0:00,16:35,2013,2014,"H402,","UP,",NA,"H4,","H,",MAIN,Arkansas,33.07511,-91.564185,"Arkansas
(33.07511, -91.564185)"
Derailments,2015:09:UP:0915LV007,0,0,47842,5295,0,0,0,POINTE COUPEE,9/5/2015 0:00,20:01,2015,2015,"M402,","UP,",7,"M4,","M,",YARD,Louisiana,30.538683,-91.563864,"Louisiana
(30.538683, -91.563864)"
Derailments,2012:10:UP:1012LV022,0,0,99,33846,0,0,0,POINTE COUPEE,10/22/2012 0:00,21:30,2012,2013,"H306,","UP,",16,"H3,","H,",YARD,Louisiana,30.531428,-91.561452,"Louisiana
(30.531428, -91.561452)"
Other events,2012:08:UP:0812ES022,0,0,0,11522,0,0,0,LINCOLN,8/23/2012 0:00,13:30,2012,2012,"H402,","UP,",NA,"H4,","H,",MAIN,Arkansas,33.9833,-91.561016,"Arkansas
(33.9833, -91.561016)"
Derailments,2015:01:WN:1312015,0,0,187000,51301,0,0,0,CHIPPEWA,1/31/2015 0:00,18:15,2015,2015,"H399,","WN,",1,"H3,","H,",INDUSTRY,Wisconsin,45.197493,-91.559997,"Wisconsin
(45.197493, -91.559997)"
Derailments,2013:01:UP:0113LV017,0,0,1882,9780,0,0,0,POINTE COUPEE,1/20/2013 0:00,17:20,2013,2013,"H307,","UP,",75,"H3,","H,",YARD,Louisiana,30.532541,-91.559282,"Louisiana
(30.532541, -91.559282)"
Derailments,2016:08:UP:0816LV015,0,0,14592,232,0,0,0,POINTE COUPEE,8/22/2016 0:00,24:00:00,2016,2016,"H303,","UP,",7,"H3,","H,",YARD,Louisiana,30.53304,-91.55872,"Louisiana
(30.53304, -91.55872)"
Derailments,2014:02:UP:0214LV010,0,0,1782,42422,0,0,0,POINTE COUPEE,2/13/2014 0:00,4:32,2014,2014,"H702,","UP,",8,"H7,","H,",YARD,Louisiana,30.533035,-91.558712,"Louisiana
(30.533035, -91.558712)"
Raking collision,2013:02:UP:0213LV012,0,0,66,12856,3,2,0,POINTE COUPEE,2/25/2013 0:00,16:43,2013,2013,"S006,","UP,",51,"S0,","S,",YARD,Louisiana,30.530327,-91.557165,"Louisiana
(30.530327, -91.557165)"
Side collision,2013:01:UP:0113LV023,0,0,396,54478,0,0,0,POINTE COUPEE,1/30/2013 0:00,4:00,2013,2013,"H702,","UP,",87,"H7,","H,",YARD,Louisiana,30.524265,-91.553707,"Louisiana
(30.524265, -91.553707)"
Raking collision,2012:04:UP:0412LV007,0,0,0,44825,0,0,0,POINTE COUPEE,4/10/2012 0:00,12:40,2012,2012,"M408,","UP,",85,"M4,","M,",YARD,Louisiana,30.518805,-91.552154,"Louisiana
(30.518805, -91.552154)"
Derailments,2015:04:UP:0415LV008,0,0,56034,161580,47,5,0,POINTE COUPEE,4/9/2015 0:00,22:30,2015,2015,"T319,","UP,",1,"T3,","T,",YARD,Louisiana,30.518984,-91.551751,"Louisiana
(30.518984, -91.551751)"
Derailments,2014:05:UP:0514LV013,0,0,0,11485,28,0,0,POINTE COUPEE,5/17/2014 0:00,18:15,2014,2014,"S011,","UP,",7,"S0,","S,",YARD,Louisiana,30.521789,-91.549475,"Louisiana
(30.521789, -91.549475)"
Other impacts,2011:09:UP:0911LV022,0,0,1749,18532,0,0,0,POINTE COUPEE,9/25/2011 0:00,17:50,2011,2011,"H306,","UP,",75,"H3,","H,",YARD,Louisiana,30.521695,-91.548314,"Louisiana
(30.521695, -91.548314)"
Side collision,2011:11:UP:1111LV013,0,0,100,32592,6,6,1,POINTE COUPEE,11/21/2011 0:00,8:25,2011,2012,"H702,","UP,",7,"H7,","H,",YARD,Louisiana,30.521695,-91.548314,"Louisiana
(30.521695, -91.548314)"
Other events,2012:02:KCS:12021901,0,0,600,15500,14,0,0,RICHLAND,2/19/2012 0:00,17:38,2012,2012,"E33C,","KCS,",1,"E3,","E,",MAIN,Louisiana,32.460914,-91.545289,"Louisiana
(32.460914, -91.545289)"
Derailments,2013:02:WN:02102013,0,0,110000,1000,1,0,0,CHIPPEWA,2/10/2013 0:00,12:30,2013,2013,"E69C,T299,","WN,",1,"E6,T2,","E,T,",INDUSTRY,Wisconsin,45.177249,-91.532013,"Wisconsin
(45.177249, -91.532013)"
Derailments,2011:11:CC:727188,0,0,85024,321998,1,1,0,LINN,11/10/2011 0:00,16:00,2011,2012,"T203,","CC,",1,"T2,","T,",MAIN,Iowa,42.22974,-91.5243,"Iowa
(42.22974, -91.5243)"
Derailments,2015:01:WN:1112015,0,0,175000,117760,0,0,0,CHIPPEWA,1/11/2015 0:00,18:00,2015,2015,"H503,","WN,",1,"H5,","H,",INDUSTRY,Wisconsin,45.160843,-91.51607,"Wisconsin
(45.160843, -91.51607)"
Derailments,2014:09:CC:826748,0,0,135260,253925,1,0,0,LINN,9/18/2014 0:00,11:35,2014,2014,"T204,T001,","CC,",1,"T2,T0,","T,",MAIN,Iowa,42.209342,-91.512235,"Iowa
(42.209342, -91.512235)"
Derailments,2013:11:WN:11212013,0,0,50000,78000,0,0,0,CHIPPEWA,11/21/2013 0:00,23:00,2013,2014,"T211,","WN,",1,"T2,","T,",INDUSTRY,Wisconsin,45.141083,-91.511292,"Wisconsin
(45.141083, -91.511292)"
Derailments,2013:11:WN:11302013,0,0,72000,3000,0,0,0,CHIPPEWA,11/30/2013 0:00,15:45,2013,2014,"T210,","WN,",1,"T2,","T,",INDUSTRY,Wisconsin,45.140639,-91.508553,"Wisconsin
(45.140639, -91.508553)"
Derailments,2015:03:WN:03282015,0,0,295000,563650,0,0,0,CHIPPEWA,3/28/2015 0:00,15:30,2015,2015,"T308,T499,","WN,",1,"T3,T4,","T,",INDUSTRY,Wisconsin,45.135994,-91.50812,"Wisconsin
(45.135994, -91.50812)"
Derailments,2013:08:KCS:13082902,0,0,8475,16491,0,0,0,AUDRAIN,8/29/2013 0:00,13:40,2013,2013,"T314,","KCS,",1,"T3,","T,",INDUSTRY,Missouri,39.304537,-91.499055,"Missouri
(39.304537, -91.499055)"
Derailments,2014:06:WN:06232014,0,0,33900,1918,0,0,0,CHIPPEWA,6/23/2014 0:00,14:00,2014,2014,"T101,","WN,",1,"T1,","T,",INDUSTRY,Wisconsin,45.089816,-91.473461,"Wisconsin
(45.089816, -91.473461)"
Derailments,2012:02:BNSF:SF0212103,0,0,28000,12200,20,0,0,MARION,2/10/2012 0:00,19:40,2012,2012,"T207,","BNSF,",1,"T2,","T,",YARD,Missouri,39.910362,-91.444466,"Missouri
(39.910362, -91.444466)"
Other impacts,2011:11:BNSF:SF1111103,0,0,0,30511,7,0,0,MARION,11/10/2011 0:00,3:30,2011,2012,"H307,","BNSF,",61,"H3,","H,",YARD,Missouri,39.922049,-91.442824,"Missouri
(39.922049, -91.442824)"
Derailments,2013:02:BNSF:SF0213102,0,0,23400,11009,2,0,0,MARION,2/5/2013 0:00,10:15,2013,2013,"T207,","BNSF,",1,"T2,","T,",YARD,Missouri,39.914297,-91.441949,"Missouri
(39.914297, -91.441949)"
Derailments,2015:03:BNSF:SF0315116,0,0,500,25318,2,2,0,MARION,3/20/2015 0:00,13:00,2015,2015,"H309,","BNSF,",17,"H3,","H,",YARD,Missouri,39.920786,-91.440468,"Missouri
(39.920786, -91.440468)"
Side collision,2011:08:BNSF:SF0811112,0,0,400,65000,5,1,0,LEWIS,8/6/2011 0:00,19:36,2011,2011,"H306,","BNSF,",17,"H3,","H,",YARD,Missouri,39.919915,-91.440234,"Missouri
(39.919915, -91.440234)"
Derailments,2016:06:BNSF:SF0616125,0,0,105000,25125,5,0,0,MARION,6/25/2016 0:00,21:05,2016,2016,"H702,T319,","BNSF,",1,"H7,T3,","H,T,",YARD,Missouri,39.921396,-91.440019,"Missouri
(39.921396, -91.440019)"
Other impacts,2011:11:BNSF:SF1111113,0,0,1000,10304,0,0,0,MARION,11/17/2011 0:00,24:15:00,2011,2012,"H318,","BNSF,",67,"H3,","H,",YARD,Missouri,39.921283,-91.439661,"Missouri
(39.921283, -91.439661)"
Derailments,2012:07:BNSF:SF0712112,0,0,26000,3443,0,0,0,MARION,7/20/2012 0:00,24:00:00,2012,2012,"T311,","BNSF,",1,"T3,","T,",YARD,Missouri,39.92257,-91.4393,"Missouri
(39.92257, -91.4393)"
Derailments,2012:12:BNSF:SF1212108,0,0,20000,16257,17,0,0,MARION,12/23/2012 0:00,12:21,2012,2013,"T111,","BNSF,",1,"T1,","T,",YARD,Missouri,39.92258,-91.43929,"Missouri
(39.92258, -91.43929)"
Derailments,2014:11:BNSF:SF1114119,0,0,316337,51400,0,0,0,MARION,11/30/2014 0:00,2:30,2014,2015,"H702,","BNSF,",8,"H7,","H,",YARD,Missouri,39.92405,-91.438257,"Missouri
(39.92405, -91.438257)"
Derailments,2012:12:UP:1212TC001,0,0,14603,1600,0,0,0,EAU CLAIRE,12/4/2012 0:00,6:58,2012,2013,"M101,","UP,",7,"M1,","M,",YARD,Wisconsin,44.807935,-91.437353,"Wisconsin
(44.807935, -91.437353)"
Derailments,2014:08:BNSF:SF0814119,0,0,275000,206958,10,3,0,MARION,8/27/2014 0:00,4:44,2014,2014,"H306,","BNSF,",17,"H3,","H,",YARD,Missouri,39.928269,-91.436748,"Missouri
(39.928269, -91.436748)"
Derailments,2013:04:XSRI:INDUSTRY,0,0,1500,27721,5,5,0,MARION,4/15/2013 0:00,12:50,2013,2013,"T110,","BNSF,",1,"T1,","T,",INDUSTRY,Missouri,39.808301,-91.4363,"Missouri
(39.808301, -91.4363)"
Derailments,2011:11:BNSF:SF1111108,0,0,0,14200,13,0,0,MARION,11/14/2011 0:00,19:50,2011,2012,"H307,H702,","BNSF,",1,"H3,H7,","H,",YARD,Missouri,39.930068,-91.436059,"Missouri
(39.930068, -91.436059)"
Other impacts,2014:04:UP:0414TC015,0,0,0,15166,0,0,0,EAU CLAIRE,4/20/2014 0:00,4:00,2014,2014,"H301,","UP,",71,"H3,","H,",YARD,Wisconsin,44.808095,-91.434877,"Wisconsin
(44.808095, -91.434877)"
Derailments,2015:02:BNSF:SF0215111,0,0,707584,11979,14,0,0,MARION,2/26/2015 0:00,5:30,2015,2015,"H607,H702,","BNSF,",1,"H6,H7,","H,",MAIN,Missouri,39.92993,-91.434119,"Missouri
(39.92993, -91.434119)"
Highway-rail impact,2011:10:UP:1011LK031,0,1,0,30172,0,0,0,PRAIRIE,10/31/2011 0:00,15:05,2011,2012,"M304,M302,","UP,",1,"M3,","M,",MAIN,Arkansas,34.597528,-91.430378,"Arkansas
(34.597528, -91.430378)"
Highway-rail impact,2015:09:UP:0915TC012,0,1,0,11430,2,0,0,CHIPPEWA,9/11/2015 0:00,10:18,2015,2015,"M304,","UP,",4,"M3,","M,",MAIN,Wisconsin,44.886224,-91.42977,"Wisconsin
(44.886224, -91.42977)"
Derailments,2014:11:UP:1114TC003,0,0,2181,19022,0,0,0,EAU CLAIRE,11/5/2014 0:00,21:00,2014,2015,"H306,","UP,",7,"H3,","H,",YARD,Wisconsin,44.806349,-91.428788,"Wisconsin
(44.806349, -91.428788)"
Derailments,2014:06:BNSF:NE0614100,0,0,72500,38803,0,0,0,WAPELLO,6/1/2014 0:00,20:22,2014,2014,"H503,H508,","BNSF,CP,",1,"H5,","H,",MAIN,Iowa,41.024915,-91.423492,"Iowa
(41.024915, -91.423492)"
Derailments,2015:09:UP:0915TC001,0,0,1137,10086,0,0,0,EAU CLAIRE,9/3/2015 0:00,10:45,2015,2015,"H312,","UP,",7,"H3,","H,",YARD,Wisconsin,44.803893,-91.419168,"Wisconsin
(44.803893, -91.419168)"
Derailments,2014:01:BJRY:0113141,0,0,15000,32892,0,0,0,ADAMS,1/13/2014 0:00,19:30,2014,2014,"T314,","BJRY,BNSF,",7,"T3,","T,",YARD,Illinois,39.952082,-91.418262,"Illinois
(39.952082, -91.418262)"
Derailments,2016:01:BJRY:ZZZZZZZZZZ,0,0,0,16000,0,0,0,ADAMS,1/16/2016 0:00,24:13:00,2016,2016,"H702,","ATK,",2,"H7,","H,",MAIN,Illinois,39.94912,-91.415769,"Illinois
(39.94912, -91.415769)"
Highway-rail impact,2012:09:UP:0912CB012,1,0,0,19256,0,0,0,LINN,9/28/2012 0:00,8:30,2012,2012,"M302,","UP,",1,"M3,","M,",MAIN,Iowa,41.92926,-91.400482,"Iowa
(41.92926, -91.400482)"
Derailments,2011:12:BNSF:SF1211108,0,0,209000,1258034,0,0,0,LEE,12/11/2011 0:00,1:30,2011,2012,"T202,","BNSF,",1,"T2,","T,",MAIN,Iowa,40.447204,-91.389579,"Iowa
(40.447204, -91.389579)"
Derailments,2016:08:NS:121683,0,0,1200,12600,0,0,0,MARION,8/16/2016 0:00,1:00,2016,2016,"H702,","NS,",1,"H7,","H,",MAIN,Missouri,39.687748,-91.387157,"Missouri
(39.687748, -91.387157)"
Derailments,2013:04:BNSF:SF0413111,0,0,40000,72690,12,1,0,LEE,4/15/2013 0:00,17:48,2013,2013,"T113,","BNSF,",1,"T1,","T,",YARD,Iowa,40.390715,-91.380515,"Iowa
(40.390715, -91.380515)"
Derailments,2015:12:BNSF:SF1215111,0,0,300,17148,1,1,0,LEE,12/29/2015 0:00,10:15,2015,2016,"T202,","BNSF,",7,"T2,","T,",YARD,Iowa,40.390715,-91.380515,"Iowa
(40.390715, -91.380515)"
Derailments,2011:10:BNSF:SF1011106,0,0,4600,8345,0,0,0,LEE,10/14/2011 0:00,9:30,2011,2012,"T210,","BNSF,",7,"T2,","T,",YARD,Iowa,40.390713,-91.380513,"Iowa
(40.390713, -91.380513)"