AccidentType,inckey,Fatalities,Injuries,TrackDamage,EquipmentDamage,HazmatCars,HazmatCarsDerailed,HazmatCarsReleasing,County,DisplayDate,DisplayTime,calendar,Fiscal,AccidentCause,RailroadCodes,RAILEQUIPMENT_TYPE,CauseGroup,CauseDiscipline,TYPE_OF_TRACK,StateName,latitude,longitude,GeoLocation
Derailments,2015:01:WN:1092015,0,0,90000,17509,0,0,0,CHIPPEWA,1/9/2015 0:00,9:05,2015,2015,"H399,E64C,","WN,",1,"H3,E6,","H,E,",INDUSTRY,Wisconsin,44.980798,-91.380007,"Wisconsin
(44.980798, -91.380007)"
Rear end collision,2013:11:BNSF:SF1113100,1,1,0,166096,16,0,0,CRAWFORD,11/5/2013 0:00,14:34,2013,2014,"H402,","BNSF,",19,"H4,","H,",MAIN,Missouri,38.110669,-91.377355,"Missouri
(38.110669, -91.377355)"
Rear end collision,2014:09:UP:0914LK020,0,1,0,17178,0,0,0,JACKSON,9/19/2014 0:00,20:30,2014,2014,"H607,","UP,",81,"H6,","H,",MAIN,Arkansas,35.531233,-91.374274,"Arkansas
(35.531233, -91.374274)"
Derailments,2011:12:XHRL:INDUSTRY,0,0,0,58700,0,0,0,LEE,12/16/2011 0:00,6:15,2011,2012,"M204,","BNSF,",1,"M2,","M,",INDUSTRY,Iowa,40.495198,-91.373222,"Iowa
(40.495198, -91.373222)"
Derailments,2016:03:XHRL:INDUSTRY,0,0,250000,56007,0,0,0,LEE,3/25/2016 0:00,8:50,2016,2016,"T101,","BNSF,",1,"T1,","T,",INDUSTRY,Iowa,40.487948,-91.372461,"Iowa
(40.487948, -91.372461)"
Side collision,2015:09:WN:09112015,0,0,24800,2591,0,0,0,CHIPPEWA,9/11/2015 0:00,10:10,2015,2015,"H018,","WN,",15,"H0,","H,",INDUSTRY,Wisconsin,44.951834,-91.369965,"Wisconsin
(44.951834, -91.369965)"
Rear end collision,2012:02:BNSF:CH0212107,0,1,500,170513,8,0,0,LEE,2/13/2012 0:00,24:27:00,2012,2012,"H221,","BNSF,UP,",11,"H2,","H,",MAIN,Iowa,40.616005,-91.367529,"Iowa
(40.616005, -91.367529)"
Derailments,2013:01:BNSF:SF0113118,0,0,480000,1370013,3,3,0,SHARP,1/23/2013 0:00,2:10,2013,2013,"T207,","BNSF,",1,"T2,","T,",SIDING,Arkansas,36.247563,-91.365627,"Arkansas
(36.247563, -91.365627)"
Obstruction impact,2015:09:KCS:15091003,0,0,0,72536,0,0,0,PIKE,9/10/2015 0:00,14:00,2015,2015,"H099,H699,","KCS,",NA,"H0,H6,","H,",MAIN,Missouri,39.343239,-91.364782,"Missouri
(39.343239, -91.364782)"
Derailments,2012:06:BNSF:CH0612110,0,0,3500,63695,4,1,0,LEE,6/18/2012 0:00,4:10,2012,2012,"H307,H702,","BNSF,",7,"H3,H7,","H,",YARD,Iowa,40.6207,-91.3594,"Iowa
(40.6207, -91.3594)"
Other impacts,2012:06:NS:100270,0,0,0,26568,1,1,0,MARION,6/26/2012 0:00,3:45,2012,2012,"H018,H021,","BNSF,NS,",15,"H0,","H,",YARD,Missouri,39.709974,-91.35341,"Missouri
(39.709974, -91.35341)"
Other impacts,2014:04:WC:809926,0,0,0,39130,0,0,0,TREMPEALEAU,4/4/2014 0:00,6:30,2014,2014,"H310,","WC,",1,"H3,","H,",SIDING,Wisconsin,44.373605,-91.34354,"Wisconsin
(44.373605, -91.34354)"
Highway-rail impact,2015:11:BNSF:NE1115201,0,1,270000,1051057,0,0,0,DES MOINES,11/9/2015 0:00,8:00,2015,2016,"M302,","BNSF,",1,"M3,","M,",MAIN,Iowa,40.88139,-91.33368,"Iowa
(40.88139, -91.33368)"
Derailments,2016:08:BNSF:NE0816108,0,0,0,28983,0,0,0,DES MOINES,8/29/2016 0:00,14:15,2016,2016,"T109,T001,","BNSF,",1,"T1,T0,","T,",MAIN,Iowa,40.87916,-91.330702,"Iowa
(40.87916, -91.330702)"
Derailments,2014:05:BNSF:CH0514107,0,0,4044,19800,0,0,0,LEE,5/20/2014 0:00,12:40,2014,2014,"H607,H303,","BNSF,",8,"H6,H3,","H,",YARD,Iowa,40.623395,-91.329013,"Iowa
(40.623395, -91.329013)"
Derailments,2015:05:UP:0515LV010,0,0,412849,341821,4,4,0,WEST BATON ROUGE,5/19/2015 0:00,24:45:00,2015,2015,"E40C,","UP,",1,"E4,","E,",YARD,Louisiana,30.395018,-91.322137,"Louisiana
(30.395018, -91.322137)"
Derailments,2014:01:BNSF:SF0114113,0,0,40000,240991,0,0,0,MARION,1/9/2014 0:00,12:35,2014,2014,"T113,","BNSF,",1,"T1,","T,",SIDING,Missouri,39.684562,-91.315045,"Missouri
(39.684562, -91.315045)"
Other events,2012:09:BNSF:NE0912109,0,0,0,14500,0,0,0,DES MOINES,9/26/2012 0:00,10:00,2012,2012,"H997,","BNSF,",9,"H9,","H,",MAIN,Iowa,40.863936,-91.310258,"Iowa
(40.863936, -91.310258)"
Derailments,2013:03:CP:236277,0,0,85000,49164,15,0,0,CLAYTON,3/24/2013 0:00,16:00,2013,2013,"T199,","CP,",1,"T1,","T,",MAIN,Iowa,43.03297,-91.30757,"Iowa
(43.03297, -91.30757)"
Derailments,2015:05:NLA:002,0,1,5000,10000,0,0,0,CHICOT,5/21/2015 0:00,8:15,2015,2015,"T002,","NLA,",1,"T0,","T,",MAIN,Arkansas,33.336402,-91.28232,"Arkansas
(33.336402, -91.28232)"
Derailments,2014:04:SHTQ:INDUSTRY,0,0,165,151867,0,0,0,IBERVILLE,4/15/2014 0:00,8:23,2014,2014,"T222,","UP,",1,"T2,","T,",INDUSTRY,Louisiana,30.330139,-91.279038,"Louisiana
(30.330139, -91.279038)"
Derailments,2016:01:CP:1000338729,0,0,145490,852463,9,3,1,HOUSTON,1/26/2016 0:00,21:43,2016,2016,"T299,","CP,",1,"T2,","T,",MAIN,Minnesota,43.65296,-91.27495,"Minnesota
(43.65296, -91.27495)"
Highway-rail impact,2014:11:CC:831531,0,0,1628,19589,81,0,0,DELAWARE,11/5/2014 0:00,10:00,2014,2015,"M302,M304,","CC,",1,"M3,","M,",MAIN,Iowa,42.481877,-91.262559,"Iowa
(42.481877, -91.262559)"
Derailments,2011:08:UP:0811LV003,0,0,3808,51770,0,0,0,WEST BATON ROUGE,8/4/2011 0:00,5:45,2011,2011,"H306,","UP,",1,"H3,","H,",SIDING,Louisiana,30.329626,-91.256283,"Louisiana
(30.329626, -91.256283)"
Derailments,2014:03:BNSF:SF0314109,0,0,28500,104074,22,2,0,CRAWFORD,3/26/2014 0:00,19:29,2014,2014,"T106,T108,","BNSF,",1,"T1,","T,",MAIN,Missouri,38.145134,-91.253124,"Missouri
(38.145134, -91.253124)"
Raking collision,2011:06:AKMD:CB3411,0,0,0,15200,0,0,0,DESHA,6/14/2011 0:00,15:20,2011,2011,"H018,","AKMD,",7,"H0,","H,",INDUSTRY,Arkansas,33.7151,-91.249,"Arkansas
(33.7151, -91.249)"
Derailments,2014:11:BNSF:CH1114100,0,0,120000,38825,0,0,0,LA CROSSE,11/3/2014 0:00,14:15,2014,2015,"T319,","BNSF,",1,"T3,","T,",YARD,Wisconsin,43.81611,-91.24553,"Wisconsin
(43.81611, -91.24553)"
Derailments,2013:10:BRS:D410613,0,0,2790,72690,0,0,0,EAST BATON ROUGE,10/2/2013 0:00,1:45,2013,2014,"T220,","BRS,",7,"T2,","T,",YARD,Louisiana,30.578739,-91.236208,"Louisiana
(30.578739, -91.236208)"
Derailments,2014:08:BRS:D410514,0,0,24936,140750,0,0,0,EAST BATON ROUGE,8/25/2014 0:00,23:50,2014,2014,"T202,","BRS,",7,"T2,","T,",YARD,Louisiana,30.578739,-91.236208,"Louisiana
(30.578739, -91.236208)"
Derailments,2016:03:BRS:160329003,0,0,15800,9600,0,0,0,EAST BATON ROUGE,3/29/2016 0:00,5:30,2016,2016,"H704,","BRS,",7,"H7,","H,",YARD,Louisiana,30.579386,-91.235562,"Louisiana
(30.579386, -91.235562)"
Side collision,2013:07:BRS:M410413,0,0,5000,10000,0,0,0,EAST BATON ROUGE,7/27/2013 0:00,5:58,2013,2013,"H017,","BRS,",78,"H0,","H,",YARD,Louisiana,30.578734,-91.2346,"Louisiana
(30.578734, -91.2346)"
Derailments,2011:11:BNSF:CH1111112,0,0,36000,166416,0,0,0,LA CROSSE,11/16/2011 0:00,22:05,2011,2012,"T207,","BNSF,",1,"T2,","T,",YARD,Wisconsin,43.85891,-91.230529,"Wisconsin
(43.85891, -91.230529)"
Derailments,2011:07:SOO:227247,0,0,4977,9343,0,0,0,LA CROSSE,7/16/2011 0:00,10:45,2011,2011,"T110,","SOO,",1,"T1,","T,",YARD,Wisconsin,43.844533,-91.230393,"Wisconsin
(43.844533, -91.230393)"
Other events,2013:10:BNSF:CH1013110,0,0,20000,0,7,0,0,JEFFERSON,10/26/2013 0:00,12:40,2013,2014,"H605,H702,","BNSF,",1,"H6,H7,","H,",MAIN,Wisconsin,43.867483,-91.230321,"Wisconsin
(43.867483, -91.230321)"
Derailments,2015:04:BNSF:CH0415101,0,0,1500,16164,0,0,0,LA CROSSE,4/5/2015 0:00,1:26,2015,2015,"E20C,","BNSF,",1,"E2,","E,",MAIN,Wisconsin,43.84688,-91.230158,"Wisconsin
(43.84688, -91.230158)"
Derailments,2012:03:BNSF:CH0312102,0,0,10800,4700,0,0,0,LA CROSSE,3/8/2012 0:00,24:10:00,2012,2012,"T319,","BNSF,",7,"T3,","T,",YARD,Wisconsin,43.846834,-91.230156,"Wisconsin
(43.846834, -91.230156)"
Derailments,2013:03:BNSF:CH0313101,0,0,6600,23400,1,0,0,LA CROSSE,3/7/2013 0:00,22:45,2013,2013,"T111,","BNSF,",1,"T1,","T,",MAIN,Wisconsin,43.846838,-91.230155,"Wisconsin
(43.846838, -91.230155)"
Derailments,2012:02:BRS:D4105012,0,0,8500,12000,0,0,0,EAST BATON ROUGE,2/21/2012 0:00,6:30,2012,2012,"T299,","BRS,",1,"T2,","T,",YARD,Louisiana,30.577729,-91.227463,"Louisiana
(30.577729, -91.227463)"
Other impacts,2012:03:PGBX:RAI209812,0,0,0,15000,0,0,0,WEST BATON ROUGE,3/5/2012 0:00,14:10,2012,2012,"T205,","PGBX,",7,"T2,","T,",INDUSTRY,Louisiana,30.430812,-91.216704,"Louisiana
(30.430812, -91.216704)"
Derailments,2014:01:BRS:D410214,0,0,0,11000,0,0,0,EAST BATON ROUGE,1/25/2014 0:00,9:15,2014,2014,"H307,","BRS,",7,"H3,","H,",YARD,Louisiana,30.576533,-91.211791,"Louisiana
(30.576533, -91.211791)"
Derailments,2014:02:UP:0214TC018,0,0,1290,10513,0,0,0,EAU CLAIRE,2/23/2014 0:00,23:30,2014,2014,"H701,","UP,",1,"H7,","H,",MAIN,Wisconsin,44.743852,-91.211764,"Wisconsin
(44.743852, -91.211764)"
Derailments,2013:01:UP:0113LV009,0,0,10709,57233,91,4,0,WEST BATON ROUGE,1/13/2013 0:00,13:00,2013,2013,"H303,","UP,",1,"H3,","H,",YARD,Louisiana,30.483151,-91.210905,"Louisiana
(30.483151, -91.210905)"
Derailments,2014:10:KCS:14102103,0,0,11810,4110,5,0,0,PIKE,10/21/2014 0:00,18:23,2014,2015,"T102,","KCS,",1,"T1,","T,",MAIN,Missouri,39.264363,-91.2039,"Missouri
(39.264363, -91.2039)"
Derailments,2011:09:BNSF:CH0911102,0,0,5000,8000,29,0,0,VERNON,9/4/2011 0:00,14:15,2011,2011,"E4TC,","BNSF,",1,"E4,","E,",MAIN,Wisconsin,43.424812,-91.202721,"Wisconsin
(43.424812, -91.202721)"
Derailments,2012:07:NLA:01,0,0,0,10000,0,0,0,DESHA,7/31/2012 0:00,10:00,2012,2012,"T102,","NLA,",1,"T1,","T,",YARD,Arkansas,33.345175,-91.193327,"Arkansas
(33.345175, -91.193327)"
Derailments,2016:07:UP:0716LK005,0,0,85069,387,0,0,0,MONROE,7/10/2016 0:00,13:45,2016,2016,"T110,","UP,",NA,"T1,","T,",INDUSTRY,Arkansas,34.880656,-91.191373,"Arkansas
(34.880656, -91.191373)"
Derailments,2014:03:IC:806463,0,0,2502,13680,0,0,0,EAST BATON ROUGE,3/3/2014 0:00,22:30,2014,2014,"M405,","IC,",7,"M4,","M,",YARD,Louisiana,30.450692,-91.190656,"Louisiana
(30.450692, -91.190656)"
Derailments,2012:12:UP:1212LK002,0,0,13997,576,0,0,0,MONROE,12/3/2012 0:00,10:00,2012,2013,"H507,","UP,",NA,"H5,","H,",YARD,Arkansas,34.887846,-91.190513,"Arkansas
(34.887846, -91.190513)"
Derailments,2013:01:CP:235442,0,0,2228,19454,0,0,0,CLAYTON,1/29/2013 0:00,2:45,2013,2013,"T207,","CP,",16,"T2,","T,",YARD,Iowa,43.04293,-91.19032,"Iowa
(43.04293, -91.19032)"
Side collision,2015:05:IC:851394,0,0,25,115448,58,4,0,EAST BATON ROUGE,5/27/2015 0:00,4:30,2015,2015,"H307,","IC,",1,"H3,","H,",YARD,Louisiana,30.469647,-91.189297,"Louisiana
(30.469647, -91.189297)"
Derailments,2012:02:IC:735630,0,0,28304,14000,0,0,0,EAST BATON ROUGE,2/12/2012 0:00,18:30,2012,2012,"T108,","IC,",15,"T1,","T,",YARD,Louisiana,30.47022,-91.18905,"Louisiana
(30.47022, -91.18905)"
Derailments,2011:06:DME:226466,0,0,213000,492950,2,1,0,CLAYTON,6/5/2011 0:00,16:40,2011,2011,"E46C,","DME,",1,"E4,","E,",MAIN,Iowa,43.159106,-91.180846,"Iowa
(43.159106, -91.180846)"
Derailments,2013:11:IC:796462,0,0,12000,115980,0,0,0,EAST BATON ROUGE,11/5/2013 0:00,1:28,2013,2014,"E40C,","IC,",1,"E4,","E,",INDUSTRY,Louisiana,30.544036,-91.17695,"Louisiana
(30.544036, -91.17695)"
Highway-rail impact,2016:05:IAIS:2016024,0,3,159,53000,33,0,0,MUSCATINE,5/5/2016 0:00,19:25,2016,2016,"M302,","IAIS,",1,"M3,","M,",MAIN,Iowa,41.569411,-91.169032,"Iowa
(41.569411, -91.169032)"
Derailments,2011:12:WSOR:11123001D,0,0,8147,5352,0,0,0,CRAWFORD,12/30/2011 0:00,15:42,2011,2012,"T110,","WSOR,",1,"T1,","T,",YARD,Wisconsin,43.049442,-91.157907,"Wisconsin
(43.049442, -91.157907)"
Derailments,2015:07:KCS:15072702,0,0,3701,7980,10,0,0,MADISON,7/27/2015 0:00,9:50,2015,2015,"E53C,","KCS,",1,"E5,","E,",MAIN,Louisiana,32.392657,-91.154148,"Louisiana
(32.392657, -91.154148)"
Highway-rail impact,2014:10:UP:1014LV004,3,0,26200,79,0,0,0,IBERVILLE,10/12/2014 0:00,1:35,2014,2015,"M308,","UP,",1,"M3,","M,",MAIN,Louisiana,30.169907,-91.146642,"Louisiana
(30.169907, -91.146642)"
Derailments,2013:11:BNSF:CH1113103,0,1,0,189172,0,0,0,CRAWFORD,11/11/2013 0:00,16:30,2013,2014,"H307,H207,","BNSF,",1,"H3,H2,","H,",MAIN,Wisconsin,43.05487,-91.142376,"Wisconsin
(43.05487, -91.142376)"
Derailments,2011:09:BRS:D412411,0,0,7300,13000,0,0,0,EAST BATON ROUGE,9/21/2011 0:00,3:40,2011,2011,"T210,","BRS,",7,"T2,","T,",YARD,Louisiana,30.344302,-91.141017,"Louisiana
(30.344302, -91.141017)"
Side collision,2012:10:BRS:D411412,0,0,250,21478,0,0,0,EAST BATON ROUGE,10/24/2012 0:00,18:56,2012,2013,"H306,","BRS,",7,"H3,","H,",YARD,Louisiana,30.344064,-91.132341,"Louisiana
(30.344064, -91.132341)"
Derailments,2013:07:BRS:D410313,0,0,17200,18455,0,0,0,EAST BATON ROUGE,7/18/2013 0:00,14:12,2013,2013,"T308,","BRS,",7,"T3,","T,",YARD,Louisiana,30.34464,-91.132341,"Louisiana
(30.34464, -91.132341)"
Raking collision,2011:08:BRS:M412111,0,0,0,24000,0,0,0,EAST BATON ROUGE,8/8/2011 0:00,16:30,2011,2011,"H318,","BRS,",7,"H3,","H,",YARD,Louisiana,30.343963,-91.132081,"Louisiana
(30.343963, -91.132081)"
Derailments,2015:08:BNSF:CH0815111,0,0,48000,97200,0,0,0,CRAWFORD,8/30/2015 0:00,17:55,2015,2015,"T221,","BNSF,",1,"T2,","T,",YARD,Wisconsin,43.015417,-91.131787,"Wisconsin
(43.015417, -91.131787)"
Other impacts,2015:07:MAQZ:INDUSTRY,0,0,100,78479,0,0,0,MUSCATINE,7/4/2015 0:00,14:40,2015,2015,"H017,H399,","CP,",8,"H0,H3,","H,",INDUSTRY,Iowa,41.33813,-91.12991,"Iowa
(41.33813, -91.12991)"
Other impacts,2011:11:BNSF:CH1111103,0,1,0,13000,0,0,0,CRAWFORD,11/8/2011 0:00,11:30,2011,2012,"H997,","BNSF,",9,"H9,","H,",MAIN,Wisconsin,43.19059,-91.119746,"Wisconsin
(43.19059, -91.119746)"
Derailments,2015:07:CP:1000239033,0,0,13805,172746,4,1,0,MUSCATINE,7/17/2015 0:00,1:20,2015,2015,"H503,H218,","CP,",1,"H5,H2,","H,",MAIN,Iowa,41.36539,-91.11581,"Iowa
(41.36539, -91.11581)"
Derailments,2014:06:WC:815571,0,0,56360,23279,18,0,0,RUSK,6/4/2014 0:00,5:00,2014,2014,"E34C,","WC,",1,"E3,","E,",MAIN,Wisconsin,45.463035,-91.10433,"Wisconsin
(45.463035, -91.10433)"
Derailments,2012:01:BNSF:NE0112110,0,0,2000,124400,0,0,0,DES MOINES,1/26/2012 0:00,6:00,2012,2012,"T110,E65C,","BNSF,",1,"T1,E6,","T,E,",YARD,Iowa,40.802891,-91.100667,"Iowa
(40.802891, -91.100667)"
Other impacts,2012:12:ZTAM:INDUSTRY,0,4,75,60855,9,2,1,IBERVILLE,12/19/2012 0:00,24:36:00,2012,2013,"H318,H312,","IC,",6,"H3,","H,",INDUSTRY,Louisiana,30.24874,-91.092597,"Louisiana
(30.24874, -91.092597)"
Derailments,2011:06:XMPW:INDUSTRY,0,0,15000,50966,0,0,0,MUSCATINE,6/27/2011 0:00,15:20,2011,2011,"T110,","DME,",7,"T1,","T,",INDUSTRY,Iowa,41.393858,-91.080945,"Iowa
(41.393858, -91.080945)"
Fire/violent rupture,2015:10:CP:1000287397,0,0,0,500000,0,0,0,LA CROSSE,10/19/2015 0:00,20:20,2015,2016,"E74L,","CP,",1,"E7,","E,",MAIN,Wisconsin,43.894904,-91.079622,"Wisconsin
(43.894904, -91.079622)"
Derailments,2013:01:XMPW:INDUSTRY,0,0,0,17000,0,0,0,MUSCATINE,1/1/2013 0:00,17:30,2013,2013,"M101,","CP,",1,"M1,","M,",INDUSTRY,Iowa,41.3918,-91.06702,"Iowa
(41.3918, -91.06702)"
Derailments,2014:08:IC:821795,0,0,150000,264876,32,1,0,EAST BATON ROUGE,8/1/2014 0:00,9:45,2014,2014,"T102,","IC,",1,"T1,","T,",MAIN,Louisiana,30.472414,-91.066559,"Louisiana
(30.472414, -91.066559)"
Highway-rail impact,2014:03:UP:0314SL017,0,0,0,19665,0,0,0,FRANKLIN,3/19/2014 0:00,24:42:00,2014,2014,"M304,","ATK,UP,",2,"M3,","M,",MAIN,Missouri,38.598873,-91.063815,"Missouri
(38.598873, -91.063815)"
Other impacts,2014:02:IC:806164,0,0,300,16995,14,2,0,ASCENSION,2/28/2014 0:00,7:45,2014,2014,"H020,","IC,",7,"H0,","H,",YARD,Louisiana,30.211194,-91.035942,"Louisiana
(30.211194, -91.035942)"
Derailments,2013:01:UP:0113LK002,0,0,11575,17523,0,0,0,CROSS,1/2/2013 0:00,20:35,2013,2013,"T110,","UP,",1,"T1,","T,",YARD,Arkansas,35.239453,-91.032066,"Arkansas
(35.239453, -91.032066)"
Highway-rail impact,2013:08:UP:0813LK032,0,0,146798,15003,0,0,0,CROSS,8/27/2013 0:00,8:01,2013,2013,"M303,","UP,",1,"M3,","M,",MAIN,Arkansas,35.251919,-91.029289,"Arkansas
(35.251919, -91.029289)"
Derailments,2012:10:IC:759414,0,0,1650,40052,19,3,0,ASCENSION,10/1/2012 0:00,10:30,2012,2013,"T110,","IC,",1,"T1,","T,",YARD,Louisiana,30.206174,-91.026372,"Louisiana
(30.206174, -91.026372)"
Other impacts,2012:02:RUBI:INDUSTRY,0,0,25,15000,2,2,0,ASCENSION,2/12/2012 0:00,5:15,2012,2012,"H302,","IC,",7,"H3,","H,",SIDING,Louisiana,30.195215,-91.0057,"Louisiana
(30.195215, -91.0057)"
Fire/violent rupture,2016:03:UP:0316LK016,0,0,0,74276,0,0,0,CROSS,3/17/2016 0:00,21:20,2016,2016,"E99L,","UP,",1,"E9,","E,",MAIN,Arkansas,35.24131,-91.005593,"Arkansas
(35.24131, -91.005593)"
Derailments,2011:12:BNSF:CH1211100,0,0,230000,2000,0,0,0,ADAMS,12/2/2011 0:00,3:35,2011,2012,"E61C,","BNSF,",1,"E6,","E,",MAIN,Illinois,40.140892,-91.004183,"Illinois
(40.140892, -91.004183)"
Head on collision,2014:08:UP:0814LK013,2,2,862935,5347162,25,1,1,LAWRENCE,8/17/2014 0:00,2:28,2014,2014,"M505,","UP,",1,"M5,","M,",MAIN,Arkansas,36.023544,-90.993491,"Arkansas
(36.023544, -90.993491)"
Other events,2013:09:UP:0913LK003,0,0,500,14252,12,0,0,POINSETT,9/2/2013 0:00,9:20,2013,2013,"E33C,","UP,",1,"E3,","E,",MAIN,Arkansas,35.452387,-90.984472,"Arkansas
(35.452387, -90.984472)"
Derailments,2013:06:UP:0613LV037,0,0,2150,16683,6,3,0,ASCENSION,6/24/2013 0:00,23:35,2013,2013,"M507,","UP,",7,"M5,","M,",YARD,Louisiana,30.09372,-90.982481,"Louisiana
(30.09372, -90.982481)"
Derailments,2013:10:IC:794912,0,0,11800,120756,42,1,0,ASCENSION,10/17/2013 0:00,20:00,2013,2014,"T314,","IC,",76,"T3,","T,",YARD,Louisiana,30.180571,-90.979419,"Louisiana
(30.180571, -90.979419)"
Other impacts,2011:12:IC:731129,0,0,20,11500,1,1,0,ASCENSION,12/24/2011 0:00,24:15:00,2011,2012,"H318,","IC,",7,"H3,","H,",YARD,Louisiana,30.1796,-90.9791,"Louisiana
(30.1796, -90.9791)"
Side collision,2011:07:IC:716076,0,0,60,40906,1,1,0,ASCENSION,7/24/2011 0:00,2:25,2011,2011,"H301,","IC,",87,"H3,","H,",YARD,Louisiana,30.178751,-90.9777,"Louisiana
(30.178751, -90.9777)"
Other impacts,2014:05:IC:812812,0,0,0,15966,9,2,0,ASCENSION,5/7/2014 0:00,13:57,2014,2014,"H318,","IC,",7,"H3,","H,",YARD,Louisiana,30.178349,-90.977251,"Louisiana
(30.178349, -90.977251)"
Other impacts,2013:09:IC:792394,0,0,0,13011,18,3,0,ASCENSION,9/21/2013 0:00,6:15,2013,2013,"H318,","IC,",7,"H3,","H,",YARD,Louisiana,30.17873,-90.9772,"Louisiana
(30.17873, -90.9772)"
Derailments,2015:08:UP:0815CB016,0,0,198821,6464,2,0,0,CEDAR,8/31/2015 0:00,1:45,2015,2015,"E61C,","UP,",1,"E6,","E,",MAIN,Iowa,41.874157,-90.974515,"Iowa
(41.874157, -90.974515)"
Other impacts,2011:08:IC:718680,0,0,20,15000,2,2,0,ASCENSION,8/19/2011 0:00,19:30,2011,2011,"H318,","IC,",7,"H3,","H,",YARD,Louisiana,30.169914,-90.967827,"Louisiana
(30.169914, -90.967827)"
Other impacts,2015:03:IC:844674,0,0,0,15200,4,2,0,ASCENSION,3/23/2015 0:00,21:30,2015,2015,"M599,","IC,",7,"M5,","M,",YARD,Louisiana,30.169339,-90.966847,"Louisiana
(30.169339, -90.966847)"
Other events,2011:11:BNSF:SF1111123,0,0,1000,10287,0,0,0,PIKE,11/23/2011 0:00,14:00,2011,2012,"H997,","BNSF,",9,"H9,","H,",MAIN,Missouri,39.39962,-90.965423,"Missouri
(39.39962, -90.965423)"
Derailments,2014:09:KCS:14091302,0,0,98025,19967,13,0,0,MADISON,9/13/2014 0:00,23:30,2014,2014,"E51C,","KCS,",1,"E5,","E,",MAIN,Louisiana,32.32493,-90.96307,"Louisiana
(32.32493, -90.96307)"
Highway-rail impact,2015:08:UP:0815LK014,0,1,0,34048,34,0,0,ST FRANCIS,8/18/2015 0:00,15:15,2015,2015,"M302,","UP,",1,"M3,","M,",MAIN,Arkansas,34.961659,-90.942703,"Arkansas
(34.961659, -90.942703)"
Other events,2012:05:BNSF:CH0512117,0,0,0,25000,1,1,0,GRANT,5/26/2012 0:00,23:50,2012,2012,"M204,","BNSF,",1,"M2,","M,",MAIN,Wisconsin,42.699459,-90.931751,"Wisconsin
(42.699459, -90.931751)"
Highway-rail impact,2011:12:UP:1211LK026,0,1,0,15000,29,0,0,POINSETT,12/21/2011 0:00,13:05,2011,2012,"M304,","UP,",1,"M3,","M,",MAIN,Arkansas,35.565368,-90.930521,"Arkansas
(35.565368, -90.930521)"
Highway-rail impact,2013:03:UP:0313LK026,1,3,0,15664,0,0,0,POINSETT,3/26/2013 0:00,9:17,2013,2013,"M302,","UP,",1,"M3,","M,",MAIN,Arkansas,35.608847,-90.905491,"Arkansas
(35.608847, -90.905491)"
Highway-rail impact,2012:11:BNSF:SF1112206,0,0,6674,4360,0,0,0,PIKE,11/19/2012 0:00,13:35,2012,2013,"M302,","BNSF,",1,"M3,","M,",MAIN,Missouri,39.371956,-90.904818,"Missouri
(39.371956, -90.904818)"
Derailments,2015:08:NS:116774,0,0,8874,10450,0,0,0,ST CHARLES,8/2/2015 0:00,6:00,2015,2015,"T206,","NS,",1,"T2,","T,",YARD,Missouri,38.803896,-90.890533,"Missouri
(38.803896, -90.890533)"
Other impacts,2012:11:IC:764673,0,0,114,51010,0,0,0,ST JAMES,11/30/2012 0:00,17:45,2012,2013,"H020,","IC,",7,"H0,","H,",MAIN,Louisiana,30.07861,-90.89028,"Louisiana
(30.07861, -90.89028)"
Derailments,2013:04:TRRA:13016,0,0,55242,243336,0,0,0,MADISON,4/17/2013 0:00,21:00,2013,2013,"T110,","TRRA,",7,"T1,","T,",YARD,Illinois,38.385,-90.88,"Illinois
(38.385, -90.88)"
Derailments,2011:11:UP:1111CB011,0,0,0,19747,0,0,0,CLINTON,11/15/2011 0:00,22:30,2011,2012,"H503,E21C,","UP,",1,"H5,E2,","H,E,",MAIN,Iowa,41.838621,-90.876171,"Iowa
(41.838621, -90.876171)"
Derailments,2014:11:KCS:14111902,0,0,13898,39000,0,0,0,WARREN,11/19/2014 0:00,18:00,2014,2015,"T110,","KCS,",NA,"T1,","T,",INDUSTRY,Mississippi,32.345688,-90.872804,"Mississippi
(32.345688, -90.872804)"
Derailments,2013:03:BNSF:SF0313116,0,1,255000,71116,8,6,0,LINCOLN,3/26/2013 0:00,3:15,2013,2013,"T110,","BNSF,",1,"T1,","T,",MAIN,Missouri,39.320806,-90.865777,"Missouri
(39.320806, -90.865777)"
Derailments,2016:05:WSOR:IN160517,0,0,125000,175000,0,0,0,CRAWFORD,5/17/2016 0:00,18:12,2016,2016,"T108,","WSOR,",1,"T1,","T,",MAIN,Wisconsin,43.087305,-90.859806,"Wisconsin
(43.087305, -90.859806)"
Derailments,2011:09:CC:720616,0,0,15769,158100,76,6,0,DUBUQUE,9/7/2011 0:00,12:20,2011,2011,"T207,","CC,",1,"T2,","T,",YARD,Iowa,42.67972,-90.85889,"Iowa
(42.67972, -90.85889)"
Other events,2014:09:BNSF:CH0914100,0,0,600,31500,0,0,0,MCDONOUGH,9/9/2014 0:00,5:02,2014,2014,"M203,","BNSF,",1,"M2,","M,",MAIN,Illinois,40.402879,-90.857588,"Illinois
(40.402879, -90.857588)"
Highway-rail impact,2015:03:UP:0315LK008,0,0,600,20827,0,0,0,CRAIGHEAD,3/9/2015 0:00,11:22,2015,2015,"M302,","UP,",1,"M3,","M,",MAIN,Arkansas,35.70558,-90.84959,"Arkansas
(35.70558, -90.84959)"
Derailments,2015:02:CP:1000170207,0,0,10911,954289,80,14,7,DUBUQUE,2/4/2015 0:00,11:20,2015,2015,"T220,","CP,",1,"T2,","T,",MAIN,Iowa,42.66187,-90.84879,"Iowa
(42.66187, -90.84879)"