AccidentType,inckey,Fatalities,Injuries,TrackDamage,EquipmentDamage,HazmatCars,HazmatCarsDerailed,HazmatCarsReleasing,County,DisplayDate,DisplayTime,calendar,Fiscal,AccidentCause,RailroadCodes,RAILEQUIPMENT_TYPE,CauseGroup,CauseDiscipline,TYPE_OF_TRACK,StateName,latitude,longitude,GeoLocation
Highway-rail impact,2011:12:WC:729625,0,0,150,20000,0,0,0,ASHLAND,12/8/2011 0:00,9:55,2011,2012,"M302,","WC,",8,"M3,","M,",MAIN,Wisconsin,46.471825,-90.838926,"Wisconsin
(46.471825, -90.838926)"
Derailments,2014:06:UP:0614LK011,0,0,911308,1691181,29,1,1,CRAIGHEAD,6/5/2014 0:00,24:46:00,2014,2014,"M105,","UP,",1,"M1,","M,",MAIN,Arkansas,35.729762,-90.835992,"Arkansas
(35.729762, -90.835992)"
Derailments,2015:01:XRHO:INDUSTRY,0,0,5261,128716,0,0,0,ST JAMES,1/7/2015 0:00,1:40,2015,2015,"T309,","IC,",1,"T3,","T,",INDUSTRY,Louisiana,30.048791,-90.833347,"Louisiana
(30.048791, -90.833347)"
Derailments,2012:12:XCVT:INDUSTRY,0,0,150,93750,0,0,0,ST JAMES,12/3/2012 0:00,6:20,2012,2013,"M504,","IC,",1,"M5,","M,",INDUSTRY,Louisiana,30.045671,-90.830295,"Louisiana
(30.045671, -90.830295)"
Side collision,2012:05:XSSB:INDUSTRY,0,0,900,15700,0,0,0,MUSCATINE,5/29/2012 0:00,1:30,2012,2012,"H306,","DME,",71,"H3,","H,",INDUSTRY,Iowa,41.47974,-90.82984,"Iowa
(41.47974, -90.82984)"
Derailments,2016:06:XCVT:INDUSTRY,0,0,9040,174000,0,0,0,ST JAMES,6/3/2016 0:00,7:12,2016,2016,"T221,","IC,",1,"T2,","T,",INDUSTRY,Louisiana,30.048187,-90.829634,"Louisiana
(30.048187, -90.829634)"
Derailments,2016:01:UP:0116CB011,0,0,78041,9325,0,0,0,CLINTON,1/14/2016 0:00,22:51,2016,2016,"E61C,","UP,",1,"E6,","E,",MAIN,Iowa,41.826944,-90.815143,"Iowa
(41.826944, -90.815143)"
Other events,2012:03:BNSF:GC0312115,0,0,0,12000,0,0,0,TERREBONNE,3/16/2012 0:00,13:42,2012,2012,"H997,","BNSF,",NA,"H9,","H,",MAIN,Louisiana,29.748038,-90.812191,"Louisiana
(29.748038, -90.812191)"
Derailments,2016:07:UP:0716LK017,0,0,135525,15297,0,0,0,ST FRANCIS,7/21/2016 0:00,14:58,2016,2016,"T108,","UP,",1,"T1,","T,",MAIN,Arkansas,34.921557,-90.791264,"Arkansas
(34.921557, -90.791264)"
Other events,2015:03:BNSF:CH0315108,0,0,0,15000,0,0,0,WARREN,3/26/2015 0:00,13:00,2015,2015,"H997,","BNSF,",NA,"H9,","H,",MAIN,Illinois,40.800641,-90.757885,"Illinois
(40.800641, -90.757885)"
Highway-rail impact,2014:01:UP:0114LK013,0,1,4065,134654,8,0,0,CROSS,1/16/2014 0:00,17:05,2014,2014,"M302,","UP,",1,"M3,","M,",MAIN,Arkansas,35.222943,-90.754429,"Arkansas
(35.222943, -90.754429)"
Derailments,2013:03:WC:773686,0,0,221629,917868,0,0,0,JACKSON,3/16/2013 0:00,17:45,2013,2013,"T221,","WC,",1,"T2,","T,",MAIN,Wisconsin,44.422314,-90.752664,"Wisconsin
(44.422314, -90.752664)"
Derailments,2011:11:WC:726268,0,0,40000,144054,0,0,0,JACKSON,11/1/2011 0:00,1:45,2011,2012,"T216,","WC,",1,"T2,","T,",MAIN,Wisconsin,44.414511,-90.732283,"Wisconsin
(44.414511, -90.732283)"
Derailments,2015:11:XRIC:INDUSTRY,0,0,10560,500,0,0,0,CRAIGHEAD,11/12/2015 0:00,14:05,2015,2016,"T110,","UP,",8,"T1,","T,",INDUSTRY,Arkansas,35.842495,-90.724698,"Arkansas
(35.842495, -90.724698)"
Derailments,2016:08:BNSF:SF0816113,0,0,23500,4500,0,0,0,CRAIGHEAD,8/24/2016 0:00,19:05,2016,2016,"H307,","BNSF,",7,"H3,","H,",YARD,Arkansas,35.843425,-90.705397,"Arkansas
(35.843425, -90.705397)"
Other impacts,2011:06:UP:0611SL008,0,0,200,31849,0,0,0,WASHINGTON,6/16/2011 0:00,10:00,2011,2011,"H699,","UP,",NA,"H6,","H,",MAIN,Missouri,37.983436,-90.700783,"Missouri
(37.983436, -90.700783)"
Derailments,2016:05:UP:0516SL010,0,0,412402,77735,0,0,0,WAYNE,5/26/2016 0:00,4:21,2016,2016,"M501,","UP,",4,"M5,","M,",INDUSTRY,Missouri,37.242472,-90.689675,"Missouri
(37.242472, -90.689675)"
Highway-rail impact,2015:04:IC:847843,0,0,170,19535,14,3,0,LIVINGSTON,4/24/2015 0:00,20:40,2015,2015,"M308,","IC,",1,"M3,","M,",MAIN,Louisiana,30.503889,-90.687019,"Louisiana
(30.503889, -90.687019)"
Derailments,2012:08:UP:0812LK010,0,0,45179,3722,0,0,0,CRAIGHEAD,8/9/2012 0:00,16:45,2012,2012,"T109,","UP,",1,"T1,","T,",MAIN,Arkansas,35.791696,-90.664493,"Arkansas
(35.791696, -90.664493)"
Derailments,2015:06:CC:857184,0,0,33675,19142,11,0,0,DUBUQUE,6/30/2015 0:00,24:00:00,2015,2015,"H704,H702,","CC,",1,"H7,","H,",YARD,Iowa,42.490544,-90.660193,"Iowa
(42.490544, -90.660193)"
Derailments,2013:12:XIMT:INDUSTRY,0,0,200,12768,0,0,0,ST FRANCOIS,12/20/2013 0:00,3:30,2013,2014,"H307,","UP,",1,"H3,","H,",INDUSTRY,Missouri,37.706453,-90.642656,"Missouri
(37.706453, -90.642656)"
Derailments,2013:11:XIMT:INDUSTRY,0,0,17750,4853,0,0,0,ST FRANCOIS,11/8/2013 0:00,20:25,2013,2014,"T110,","UP,",1,"T1,","T,",INDUSTRY,Missouri,37.699273,-90.642116,"Missouri
(37.699273, -90.642116)"
Derailments,2015:10:BNSF:CH1015101,0,0,2500,15000,2,0,0,JO DAVIESS,10/2/2015 0:00,3:55,2015,2016,"H607,H702,","BNSF,",1,"H6,H7,","H,",MAIN,Illinois,42.489866,-90.641108,"Illinois
(42.489866, -90.641108)"
Derailments,2012:06:DME:232081,0,0,15000,8475,0,0,0,SCOTT,6/13/2012 0:00,20:00,2012,2012,"H312,","DME,",75,"H3,","H,",YARD,Iowa,41.490494,-90.634085,"Iowa
(41.490494, -90.634085)"
Obstruction impact,2013:08:IAIS:2013034,0,2,0,232000,0,0,0,SCOTT,8/5/2013 0:00,11:02,2013,2013,"H993,","CP,IAIS,",NA,"H9,","H,",MAIN,Iowa,41.554384,-90.629577,"Iowa
(41.554384, -90.629577)"
Other events,2011:07:BNSF:SF0711104,0,0,19219,0,0,0,0,ST LOUIS,7/7/2011 0:00,19:49,2011,2011,"H605,","BNSF,",8,"H6,","H,",MAIN,Missouri,38.502687,-90.629,"Missouri
(38.502687, -90.629)"
Other impacts,2014:05:NALC:INDUSTRY,0,0,750,74980,10,5,0,ST JOHN THE BAPTIST,5/9/2014 0:00,23:50,2014,2014,"H018,","IC,",15,"H0,","H,",INDUSTRY,Louisiana,30.05693,-90.62888,"Louisiana
(30.05693, -90.62888)"
Derailments,2011:10:DME:228587,0,0,1091,46000,0,0,0,SCOTT,10/11/2011 0:00,18:50,2011,2012,"M405,","DME,",1,"M4,","M,",YARD,Iowa,41.498606,-90.624666,"Iowa
(41.498606, -90.624666)"
Other events,2015:04:BNSF:SF0415103,0,0,5000,42467,5,0,0,FRANKLIN,4/4/2015 0:00,17:10,2015,2015,"E29C,","BNSF,",1,"E2,","E,",MAIN,Missouri,38.502572,-90.623339,"Missouri
(38.502572, -90.623339)"
Other events,2014:01:BNSF:CH0114125,0,0,40000,0,4,0,0,WARREN,1/24/2014 0:00,2:00,2014,2014,"H221,H104,","BNSF,",1,"H2,H1,","H,",MAIN,Illinois,40.854296,-90.616142,"Illinois
(40.854296, -90.616142)"
Other impacts,2015:02:KCS:15020402,0,0,35800,112021,0,0,0,PIKE,2/4/2015 0:00,8:30,2015,2015,"E69L,","KCS,",1,"E6,","E,",MAIN,Illinois,39.457646,-90.611947,"Illinois
(39.457646, -90.611947)"
Derailments,2015:06:UP:0615SL005,0,0,368307,1573535,0,0,0,ST LOUIS,6/9/2015 0:00,13:30,2015,2015,"T109,","UP,",1,"T1,","T,",MAIN,Missouri,38.529152,-90.60552,"Missouri
(38.529152, -90.60552)"
Highway-rail impact,2011:11:UP:1111LK012,1,0,0,25402,47,0,0,CRAIGHEAD,11/10/2011 0:00,8:33,2011,2012,"M302,","UP,",1,"M3,","M,",MAIN,Arkansas,35.873378,-90.603051,"Arkansas
(35.873378, -90.603051)"
Highway-rail impact,2016:08:UP:0816LK023,0,0,0,50000,52,0,0,CRAIGHEAD,8/24/2016 0:00,8:19,2016,2016,"M304,","UP,",1,"M3,","M,",MAIN,Arkansas,35.873588,-90.602891,"Arkansas
(35.873588, -90.602891)"
Derailments,2013:10:IC:793598,0,0,1000,16582,0,0,0,ST JOHN THE BAPTIST,10/3/2013 0:00,21:50,2013,2014,"M503,","IC,",1,"M5,","M,",YARD,Louisiana,30.059492,-90.592763,"Louisiana
(30.059492, -90.592763)"
Derailments,2012:12:KCS:12121705,0,0,6510,19000,0,0,0,ST JOHN THE BAPTIST,12/17/2012 0:00,22:50,2012,2013,"T313,","KCS,",7,"T3,","T,",YARD,Louisiana,30.071507,-90.581731,"Louisiana
(30.071507, -90.581731)"
Highway-rail impact,2016:08:UP:0816LK032,0,0,161023,305000,24,0,0,CLAY,8/31/2016 0:00,6:45,2016,2016,"M303,","UP,",1,"M3,","M,",MAIN,Arkansas,36.407885,-90.579824,"Arkansas
(36.407885, -90.579824)"
Highway-rail impact,2015:01:IAIS:2015003,0,0,0,20000,0,0,0,ROCK ISLAND,1/6/2015 0:00,9:28,2015,2015,"M302,","IAIS,",1,"M3,","M,",MAIN,Illinois,41.457802,-90.577202,"Illinois
(41.457802, -90.577202)"
Derailments,2012:01:IAIS:2012001,0,0,32323,14018,0,0,0,SCOTT,1/7/2012 0:00,22:20,2012,2012,"T207,","IAIS,",1,"T2,","T,",MAIN,Iowa,41.524531,-90.575215,"Iowa
(41.524531, -90.575215)"
Highway-rail impact,2013:04:BNSF:CH0413200,0,2,0,26796,0,0,0,MCDONOUGH,4/6/2013 0:00,10:55,2013,2013,"M302,","ATK,BNSF,",2,"M3,","M,",MAIN,Illinois,40.490098,-90.570389,"Illinois
(40.490098, -90.570389)"
Derailments,2012:04:UP:0412SL013,0,0,34082,64473,0,0,0,JEFFERSON,4/24/2012 0:00,9:40,2012,2012,"T314,","UP,",1,"T3,","T,",SIDING,Missouri,38.138051,-90.553919,"Missouri
(38.138051, -90.553919)"
Raking collision,2014:02:IAIS:2014013,0,0,1490,24508,0,0,0,ROCK ISLAND,2/8/2014 0:00,10:05,2014,2014,"H306,","IAIS,",7,"H3,","H,",YARD,Illinois,41.507388,-90.551818,"Illinois
(41.507388, -90.551818)"
Derailments,2012:03:IC:738360,0,0,8372,39779,0,0,0,SHELBY,3/12/2012 0:00,5:00,2012,2012,"H704,","IC,",7,"H7,","H,",YARD,Tennessee,35.456,-90.53228,"Tennessee
(35.456, -90.53228)"
Derailments,2012:11:NS:102311,0,0,1000,9700,0,0,0,SCOTT,11/25/2012 0:00,11:05,2012,2013,"E49C,","NS,",1,"E4,","E,",MAIN,Illinois,39.748589,-90.524834,"Illinois
(39.748589, -90.524834)"
Derailments,2013:01:UP:0113SL005,0,1,332250,8358,0,0,0,WAYNE,1/14/2013 0:00,19:05,2013,2013,"T002,","UP,",1,"T0,","T,",MAIN,Missouri,36.935943,-90.517556,"Missouri
(36.935943, -90.517556)"
Derailments,2015:09:ZSMS:INDUSTRY,0,0,6838,56965,3,3,0,TANGIPAHOA,9/27/2015 0:00,18:35,2015,2015,"T111,","IC,",1,"T1,","T,",INDUSTRY,Louisiana,30.773982,-90.509569,"Louisiana
(30.773982, -90.509569)"
Highway-rail impact,2015:05:IC:849530,1,15,994,510025,0,0,0,TANGIPAHOA,5/10/2015 0:00,13:34,2015,2015,"M302,","ATK,IC,",2,"M3,","M,",MAIN,Louisiana,30.739826,-90.508937,"Louisiana
(30.739826, -90.508937)"
Highway-rail impact,2014:07:IC:819857,0,9,8080,250000,0,0,0,TANGIPAHOA,7/14/2014 0:00,13:20,2014,2014,"M302,","ATK,IC,",2,"M3,","M,",MAIN,Louisiana,30.641941,-90.502815,"Louisiana
(30.641941, -90.502815)"
Derailments,2016:07:CMR:07252016,0,0,65838,13429,0,0,0,ST LOUIS,7/25/2016 0:00,14:15,2016,2016,"T110,","CMR,",1,"T1,","T,",INDUSTRY,Missouri,38.691827,-90.500737,"Missouri
(38.691827, -90.500737)"
Other events,2011:12:BNSF:SF1211105,0,2,0,150000,0,0,0,ST LOUIS,12/7/2011 0:00,20:30,2011,2012,"H997,","BNSF,",NA,"H9,","H,",MAIN,Missouri,38.552057,-90.490448,"Missouri
(38.552057, -90.490448)"
Obstruction impact,2016:03:UP:0316LK027,0,0,84434,100,38,0,0,GREENE,3/24/2016 0:00,6:40,2016,2016,"M402,","UP,",1,"M4,","M,",MAIN,Arkansas,36.049362,-90.488243,"Arkansas
(36.049362, -90.488243)"
Derailments,2013:05:UP:0513SL002,0,0,3136,12999,0,0,0,ST FRANCOIS,5/1/2013 0:00,11:20,2013,2013,"T110,","UP,",1,"T1,","T,",INDUSTRY,Missouri,37.850931,-90.487429,"Missouri
(37.850931, -90.487429)"
Obstruction impact,2015:03:IC:846126,0,0,25,25258,0,0,0,PIKE,3/2/2015 0:00,13:40,2015,2015,"M404,","ATK,IC,",2,"M4,","M,",MAIN,Mississippi,31.227353,-90.449173,"Mississippi
(31.227353, -90.449173)"
Derailments,2013:09:CC:791869,0,0,46694,735387,13,0,0,JO DAVIESS,9/17/2013 0:00,2:55,2013,2013,"T202,","CC,",1,"T2,","T,",MAIN,Illinois,42.380992,-90.448551,"Illinois
(42.380992, -90.448551)"
Derailments,2011:05:NS:095002,0,0,0,11099,0,0,0,ORLEANS,5/18/2011 0:00,21:15,2011,2011,"H312,","NS,",7,"H3,","H,",YARD,Louisiana,29.975485,-90.44748,"Louisiana
(29.975485, -90.44748)"
Highway-rail impact,2013:09:IC:792953,0,0,11422,420,0,0,0,LINCOLN,9/26/2013 0:00,20:00,2013,2013,"M308,","IC,",1,"M3,","M,",MAIN,Mississippi,31.568624,-90.446679,"Mississippi
(31.568624, -90.446679)"
Derailments,2015:03:BNSF:CH0315100,0,0,2169305,2043165,103,21,10,JO DAVIESS,3/5/2015 0:00,13:24,2015,2015,"E61C,","BNSF,",1,"E6,","E,",MAIN,Illinois,42.374843,-90.444164,"Illinois
(42.374843, -90.444164)"
Derailments,2013:06:DOWC:INDUSTRY,0,0,100,23880,52,4,0,ST CHARLES,6/11/2013 0:00,1:20,2013,2013,"H306,","UP,",7,"H3,","H,",INDUSTRY,Louisiana,29.968985,-90.438354,"Louisiana
(29.968985, -90.438354)"
Derailments,2014:11:IC:832092,0,0,3000,130253,0,0,0,LINCOLN,11/9/2014 0:00,4:40,2014,2015,"T212,","IC,",16,"T2,","T,",YARD,Mississippi,31.591587,-90.438166,"Mississippi
(31.591587, -90.438166)"
Derailments,2011:08:IPC:INDUSTRY,0,0,1195,8209,0,0,0,YAZOO,8/19/2011 0:00,1:10,2011,2011,"M101,","IC,",7,"M1,","M,",INDUSTRY,Mississippi,32.854125,-90.432114,"Mississippi
(32.854125, -90.432114)"
Derailments,2015:03:IAIS:2015031,0,0,10272,1462,0,0,0,ROCK ISLAND,3/12/2015 0:00,2:50,2015,2015,"T314,","IAIS,",7,"T3,","T,",YARD,Illinois,41.515816,-90.424989,"Illinois
(41.515816, -90.424989)"
Other events,2012:07:BNSF:SF0712107,0,0,17000,0,0,0,0,POINSETT,7/6/2012 0:00,21:20,2012,2012,"H607,H702,","BNSF,",8,"H6,H7,","H,",SIDING,Arkansas,35.536102,-90.424139,"Arkansas
(35.536102, -90.424139)"
Highway-rail impact,2012:11:BNSF:SF1112205,0,1,100300,600,0,0,0,FULTON,11/16/2012 0:00,22:50,2012,2013,"M302,M304,","BNSF,",1,"M3,","M,",MAIN,Illinois,40.319842,-90.423393,"Illinois
(40.319842, -90.423393)"
Derailments,2012:07:UP:0712SL012,0,0,82401,1672532,105,26,0,BUTLER,7/14/2012 0:00,12:55,2012,2012,"T215,","UP,",1,"T2,","T,",MAIN,Missouri,36.836176,-90.42278,"Missouri
(36.836176, -90.42278)"
Other events,2015:01:UP:0115SL003,0,0,0,12557,0,0,0,BUTLER,1/6/2015 0:00,9:15,2015,2015,"E22L,","UP,",1,"E2,","E,",YARD,Missouri,36.727394,-90.419765,"Missouri
(36.727394, -90.419765)"
Derailments,2014:05:BNSF:CH0514103,0,0,160000,6500,0,0,0,KNOX,5/10/2014 0:00,5:00,2014,2014,"T308,","BNSF,",1,"T3,","T,",MAIN,Illinois,40.919922,-90.40764,"Illinois
(40.919922, -90.40764)"
Derailments,2015:06:KCS:15063003,0,0,8000,473994,0,0,0,ST CHARLES,6/30/2015 0:00,21:05,2015,2015,"H702,","KCS,",7,"H7,","H,",INDUSTRY,Louisiana,30.010794,-90.405953,"Louisiana
(30.010794, -90.405953)"
Raking collision,2014:01:IAIS:2014001,0,0,1764,10383,0,0,0,ROCK ISLAND,1/7/2014 0:00,10:55,2014,2014,"H021,","IAIS,",7,"H0,","H,",YARD,Illinois,41.512914,-90.403725,"Illinois
(41.512914, -90.403725)"
Other events,2015:02:IC:850511,0,0,34795,0,0,0,0,ST JOHN THE BAPTIST,2/2/2015 0:00,13:30,2015,2015,"H999,","IC,",NA,"H9,","H,",MAIN,Louisiana,30.250456,-90.402043,"Louisiana
(30.250456, -90.402043)"
Derailments,2013:02:UP:0213SL009,0,0,185319,17371,0,0,0,BUTLER,2/14/2013 0:00,15:15,2013,2013,"T110,","UP,",7,"T1,","T,",YARD,Missouri,36.749253,-90.399295,"Missouri
(36.749253, -90.399295)"
Highway-rail impact,2014:01:UP:0114SL004,0,2,81950,7770,0,0,0,ST LOUIS,1/7/2014 0:00,16:45,2014,2014,"M306,M399,","ATK,UP,",2,"M3,","M,",MAIN,Missouri,38.577372,-90.398769,"Missouri
(38.577372, -90.398769)"
Derailments,2016:07:IAIS:2016040,0,0,5536,9000,15,0,0,ROCK ISLAND,7/23/2016 0:00,10:26,2016,2016,"E36L,","IAIS,",7,"E3,","E,",YARD,Illinois,41.510198,-90.398732,"Illinois
(41.510198, -90.398732)"
Other impacts,2016:08:IAIS:2016041,0,0,0,60000,0,0,0,ROCK ISLAND,8/5/2016 0:00,17:45,2016,2016,"H017,","IAIS,",8,"H0,","H,",YARD,Illinois,41.510209,-90.398697,"Illinois
(41.510209, -90.398697)"
Raking collision,2011:08:UP:0811SL013,0,0,200,22708,0,0,0,BUTLER,8/15/2011 0:00,11:15,2011,2011,"H021,","UP,",75,"H0,","H,",YARD,Missouri,36.752627,-90.395302,"Missouri
(36.752627, -90.395302)"
Derailments,2015:07:BNSF:CH0715113,0,0,164000,39000,0,0,0,KNOX,7/18/2015 0:00,4:30,2015,2015,"H504,","BNSF,",7,"H5,","H,",YARD,Illinois,40.870288,-90.394751,"Illinois
(40.870288, -90.394751)"
Highway-rail impact,2012:01:IC:734103,1,3,25,36436,0,0,0,YAZOO,1/28/2012 0:00,9:57,2012,2012,"M308,","ATK,IC,",2,"M3,","M,",MAIN,Mississippi,32.877392,-90.392116,"Mississippi
(32.877392, -90.392116)"
Derailments,2013:04:BNSF:CH0413112,0,0,28000,133700,0,0,0,KNOX,4/25/2013 0:00,5:20,2013,2013,"H504,","BNSF,",7,"H5,","H,",YARD,Illinois,40.8913,-90.391,"Illinois
(40.8913, -90.391)"
Derailments,2016:02:CMR:02182016,0,0,15100,68752,0,0,0,ST LOUIS,2/18/2016 0:00,10:30,2016,2016,"T221,T110,","CMR,",1,"T2,T1,","T,",YARD,Missouri,38.685562,-90.390051,"Missouri
(38.685562, -90.390051)"
Derailments,2012:06:BNSF:SF0612102,0,0,223000,34640,105,4,0,CASS,6/7/2012 0:00,16:30,2012,2012,"T109,","BNSF,",1,"T1,","T,",MAIN,Illinois,39.90968,-90.389276,"Illinois
(39.90968, -90.389276)"
Obstruction impact,2015:11:KCS:15111705,0,0,0,15500,2,0,0,HINDS,11/17/2015 0:00,18:50,2015,2016,"M404,","KCS,",1,"M4,","M,",MAIN,Mississippi,32.358932,-90.389018,"Mississippi
(32.358932, -90.389018)"
Derailments,2016:08:BNSF:CH0816115,0,0,15802,10600,1,0,0,KNOX,8/21/2016 0:00,16:35,2016,2016,"M505,","BNSF,",7,"M5,","M,",YARD,Illinois,40.899706,-90.387777,"Illinois
(40.899706, -90.387777)"
Other events,2012:11:BNSF:CH1112106,0,0,15000,0,0,0,0,KNOX,11/5/2012 0:00,21:30,2012,2013,"H997,","BNSF,",9,"H9,","H,",YARD,Illinois,40.90095,-90.38752,"Illinois
(40.90095, -90.38752)"
Derailments,2012:08:BNSF:CH0812111,0,0,40000,8200,14,0,0,KNOX,8/26/2012 0:00,23:40,2012,2012,"H507,","BNSF,",7,"H5,","H,",YARD,Illinois,40.90559,-90.38592,"Illinois
(40.90559, -90.38592)"
Derailments,2012:08:BNSF:CH0812108,0,0,0,70310,0,0,0,KNOX,8/19/2012 0:00,4:35,2012,2012,"M407,","BNSF,",7,"M4,","M,",YARD,Illinois,40.90594,-90.38588,"Illinois
(40.90594, -90.38588)"
Other events,2012:11:BNSF:CH1112110,0,0,0,22100,0,0,0,KNOX,11/13/2012 0:00,13:12,2012,2013,"M407,","BNSF,",7,"M4,","M,",YARD,Illinois,40.90379,-90.38579,"Illinois
(40.90379, -90.38579)"
Derailments,2014:07:BNSF:CH0714106,0,0,5500,6050,0,0,0,KNOX,7/25/2014 0:00,6:34,2014,2014,"M409,","BNSF,",7,"M4,","M,",YARD,Illinois,40.903824,-90.385719,"Illinois
(40.903824, -90.385719)"
Derailments,2015:01:BNSF:CH0115126,0,0,10000,33071,2,2,0,KNOX,1/31/2015 0:00,4:00,2015,2015,"M101,","BNSF,",7,"M1,","M,",YARD,Illinois,40.903989,-90.385694,"Illinois
(40.903989, -90.385694)"
Other impacts,2014:11:BNSF:CH1114117,0,0,0,15498,0,0,0,KNOX,11/28/2014 0:00,18:10,2014,2015,"M407,","BNSF,",7,"M4,","M,",YARD,Illinois,40.9032,-90.38554,"Illinois
(40.9032, -90.38554)"
Other events,2015:12:BNSF:CH1215105,0,0,0,56995,0,0,0,KNOX,12/10/2015 0:00,24:15:00,2015,2016,"M407,","BNSF,",7,"M4,","M,",YARD,Illinois,40.906904,-90.38498,"Illinois
(40.906904, -90.38498)"
Other events,2013:02:BNSF:CH0213105,0,0,0,10000,0,0,0,KNOX,2/13/2013 0:00,10:25,2013,2013,"M407,","BNSF,",7,"M4,","M,",YARD,Illinois,40.906331,-90.384851,"Illinois
(40.906331, -90.384851)"
Derailments,2013:09:BNSF:CH0913110,0,0,5000,23549,3,3,0,KNOX,9/28/2013 0:00,11:15,2013,2013,"H702,H307,","BNSF,",7,"H7,H3,","H,",YARD,Illinois,40.90577,-90.38462,"Illinois
(40.90577, -90.38462)"
Other events,2013:02:BNSF:CH0213104,0,0,0,20100,0,0,0,KNOX,2/10/2013 0:00,3:11,2013,2013,"M407,","BNSF,",7,"M4,","M,",YARD,Illinois,40.908981,-90.384241,"Illinois
(40.908981, -90.384241)"
Other impacts,2012:05:BNSF:CH0512106,0,0,0,10120,1,1,0,KNOX,5/10/2012 0:00,18:20,2012,2012,"E06C,","BNSF,",7,"E0,","E,",YARD,Illinois,40.909461,-90.383954,"Illinois
(40.909461, -90.383954)"
Highway-rail impact,2012:01:BNSF:CH0112200,0,0,40000,0,0,0,0,KNOX,1/12/2012 0:00,4:30,2012,2012,"M302,M399,","BNSF,UP,",1,"M3,","M,",MAIN,Illinois,40.945902,-90.383482,"Illinois
(40.945902, -90.383482)"
Derailments,2012:12:BNSF:CH1212108,0,0,0,85510,5,0,0,HENRY,12/14/2012 0:00,5:05,2012,2013,"E27C,","BNSF,",1,"E2,","E,",MAIN,Illinois,41.213916,-90.382476,"Illinois
(41.213916, -90.382476)"
Other impacts,2013:04:CP:236603,0,0,5800,38250,10,0,0,SCOTT,4/16/2013 0:00,24:40:00,2013,2013,"H018,","CP,",75,"H0,","H,",YARD,Iowa,41.2925,-90.38218,"Iowa
(41.2925, -90.38218)"
Side collision,2015:05:BNSF:CH0515109,0,0,0,13600,1,1,0,KNOX,5/24/2015 0:00,19:45,2015,2015,"M408,","BNSF,",7,"M4,","M,",YARD,Illinois,40.914709,-90.3807,"Illinois
(40.914709, -90.3807)"
Derailments,2012:09:BNSF:CH0912106,0,0,200,28938,0,0,0,KNOX,9/9/2012 0:00,24:25:00,2012,2012,"E46C,T316,","BNSF,",7,"E4,T3,","E,T,",YARD,Illinois,40.91291,-90.38065,"Illinois
(40.91291, -90.38065)"
Side collision,2015:06:CMR:06252015,0,0,4000,9746,0,0,0,ST LOUIS,6/25/2015 0:00,11:30,2015,2015,"H307,","CMR,",1,"H3,","H,",YARD,Missouri,38.68424,-90.38059,"Missouri
(38.68424, -90.38059)"
Derailments,2015:03:BNSF:CH0315101,0,0,4000,17306,0,0,0,KNOX,3/8/2015 0:00,4:15,2015,2015,"H307,H702,","BNSF,",7,"H3,H7,","H,",YARD,Illinois,40.915761,-90.38059,"Illinois
(40.915761, -90.38059)"
Derailments,2014:12:BNSF:CH1214115,0,0,600,40096,0,0,0,KNOX,12/26/2014 0:00,20:30,2014,2015,"H307,H704,","BNSF,",7,"H3,H7,","H,",YARD,Illinois,40.91583,-90.38059,"Illinois
(40.91583, -90.38059)"
Derailments,2015:11:BNSF:CH1115113,0,0,4000,113250,1,1,0,KNOX,11/30/2015 0:00,1:25,2015,2016,"T202,","BNSF,",7,"T2,","T,",YARD,Illinois,40.911323,-90.380463,"Illinois
(40.911323, -90.380463)"
Derailments,2015:12:BNSF:CH1215111,0,0,3000,10864,0,0,0,KNOX,12/14/2015 0:00,8:40,2015,2016,"H702,","BNSF,",7,"H7,","H,",YARD,Illinois,40.914911,-90.380065,"Illinois
(40.914911, -90.380065)"
Derailments,2015:06:BNSF:CH0615101,0,0,139247,64883,0,0,0,KNOX,6/6/2015 0:00,1:00,2015,2015,"E07C,","BNSF,",7,"E0,","E,",YARD,Illinois,40.917074,-90.38003,"Illinois
(40.917074, -90.38003)"
Derailments,2011:07:BNSF:CH0711114,0,0,489000,2092469,0,0,0,JO DAVIESS,7/27/2011 0:00,23:50,2011,2011,"T002,","BNSF,",1,"T0,","T,",MAIN,Illinois,42.26912,-90.379239,"Illinois
(42.26912, -90.379239)"
Highway-rail impact,2011:12:IC:730092,0,0,13015,13000,22,0,0,TALLAHATCHIE,12/13/2011 0:00,10:32,2011,2012,"M308,","IC,",1,"M3,","M,",MAIN,Mississippi,34.04726,-90.378487,"Mississippi
(34.04726, -90.378487)"
Highway-rail impact,2012:06:UP:0612SL003,2,1,0,9805,0,0,0,BUTLER,6/5/2012 0:00,12:25,2012,2012,"M399,","ATK,UP,",2,"M3,","M,",MAIN,Missouri,36.78982,-90.377426,"Missouri
(36.78982, -90.377426)"
Derailments,2013:01:BNSF:SF0113107,0,0,388657,298462,10,3,0,JEFFERSON,1/11/2013 0:00,14:25,2013,2013,"E53C,","BNSF,",1,"E5,","E,",MAIN,Missouri,38.368199,-90.376801,"Missouri
(38.368199, -90.376801)"
Derailments,2015:05:UP:0515SL009,0,0,11410,3943,0,0,0,JEFFERSON,5/21/2015 0:00,15:40,2015,2015,"T314,","UP,",1,"T3,","T,",INDUSTRY,Missouri,38.259675,-90.375575,"Missouri
(38.259675, -90.375575)"
Side collision,2013:07:BNSF:CH0713114,0,0,1400,23024,0,0,0,KNOX,7/29/2013 0:00,22:25,2013,2013,"M408,","BNSF,",7,"M4,","M,",YARD,Illinois,40.92294,-90.37445,"Illinois
(40.92294, -90.37445)"