AccidentType,inckey,Fatalities,Injuries,TrackDamage,EquipmentDamage,HazmatCars,HazmatCarsDerailed,HazmatCarsReleasing,County,DisplayDate,DisplayTime,calendar,Fiscal,AccidentCause,RailroadCodes,RAILEQUIPMENT_TYPE,CauseGroup,CauseDiscipline,TYPE_OF_TRACK,StateName,latitude,longitude,GeoLocation
Other impacts,2015:11:KCS:15110603,0,0,700,20200,0,0,0,RANKIN,11/6/2015 0:00,16:00,2015,2016,"H302,","KCS,",75,"H3,","H,",YARD,Mississippi,32.257733,-90.149275,"Mississippi
(32.257733, -90.149275)"
Derailments,2011:06:ALS:061411,0,0,654,177827,0,0,0,ST CLAIR,6/14/2011 0:00,7:15,2011,2011,"M405,","ALS,",7,"M4,","M,",YARD,Illinois,38.599763,-90.149187,"Illinois
(38.599763, -90.149187)"
Raking collision,2011:06:ALS:062411,0,0,965,36000,0,0,0,ST CLAIR,6/24/2011 0:00,18:50,2011,2011,"H607,","ALS,",7,"H6,","H,",YARD,Illinois,38.599763,-90.149187,"Illinois
(38.599763, -90.149187)"
Other events,2011:07:ALS:072211,0,0,9756,78050,0,0,0,ST CLAIR,7/22/2011 0:00,20:00,2011,2011,"M599,","ALS,",7,"M5,","M,",YARD,Illinois,38.599763,-90.149187,"Illinois
(38.599763, -90.149187)"
Other impacts,2011:09:ALS:091411,0,0,175,10750,0,0,0,ST CLAIR,9/14/2011 0:00,14:28,2011,2011,"M411,","ALS,",6,"M4,","M,",YARD,Illinois,38.599763,-90.149187,"Illinois
(38.599763, -90.149187)"
Other impacts,2011:11:ALS:113011A,0,0,0,20000,0,0,0,ST CLAIR,11/30/2011 0:00,3:57,2011,2012,"M599,","ALS,",5,"M5,","M,",YARD,Illinois,38.599763,-90.149187,"Illinois
(38.599763, -90.149187)"
Other impacts,2011:11:ALS:113011B,0,0,199,53450,0,0,0,ST CLAIR,11/30/2011 0:00,21:45,2011,2012,"M599,","ALS,",7,"M5,","M,",YARD,Illinois,38.599763,-90.149187,"Illinois
(38.599763, -90.149187)"
Side collision,2013:09:KCS:13092602,0,0,0,36000,0,0,0,RANKIN,9/26/2013 0:00,10:05,2013,2013,"H307,H702,","KCS,",67,"H3,H7,H3,H7,","H,",YARD,Mississippi,32.256794,-90.148717,"Mississippi
(32.256794, -90.148717)"
Highway-rail impact,2014:12:IC:834788,0,1,17739,2700,0,0,0,HINDS,12/9/2014 0:00,18:10,2014,2015,"M308,","ATK,IC,",2,"M3,","M,",MAIN,Mississippi,32.401409,-90.148422,"Mississippi
(32.401409, -90.148422)"
Derailments,2015:11:ALS:20151101,0,0,66485,22425,0,0,0,ST CLAIR,11/1/2015 0:00,15:00,2015,2016,"T299,","ALS,",7,"T2,","T,",YARD,Illinois,38.59659,-90.14821,"Illinois
(38.59659, -90.14821)"
Derailments,2014:04:ALS:20140414,0,0,14910,22100,0,0,0,ST CLAIR,4/14/2014 0:00,23:05,2014,2014,"T202,","ALS,",1,"T2,","T,",YARD,Illinois,38.598058,-90.147987,"Illinois
(38.598058, -90.147987)"
Highway-rail impact,2011:10:BNSF:SF1011204,0,2,2882,7516,0,0,0,MISSISSIPPI,10/20/2011 0:00,9:55,2011,2012,"M302,","BNSF,",1,"M3,","M,",MAIN,Arkansas,35.509296,-90.147894,"Arkansas
(35.509296, -90.147894)"
Derailments,2014:09:ALS:20140929,0,0,227738,7000,0,0,0,ST CLAIR,9/29/2014 0:00,17:45,2014,2014,"M411,","ALS,",6,"M4,","M,",YARD,Illinois,38.59545,-90.147675,"Illinois
(38.59545, -90.147675)"
Derailments,2015:03:ALS:20150325,0,0,8531,10250,0,0,0,ST CLAIR,3/25/2015 0:00,21:30,2015,2015,"M408,","ALS,",6,"M4,","M,",YARD,Illinois,38.595088,-90.147473,"Illinois
(38.595088, -90.147473)"
Raking collision,2015:02:ALS:20150202,0,0,58,18300,0,0,0,ST CLAIR,2/2/2015 0:00,23:00,2015,2015,"M408,","ALS,",6,"M4,","M,",YARD,Illinois,38.596145,-90.147392,"Illinois
(38.596145, -90.147392)"
Other impacts,2012:05:ALS:051112,0,0,2062,68900,1,1,0,ST CLAIR,5/11/2012 0:00,21:00,2012,2012,"H302,","ALS,",7,"H3,","H,",YARD,Illinois,38.593461,-90.147371,"Illinois
(38.593461, -90.147371)"
Derailments,2014:11:ALS:20141110,0,0,14021,56000,0,0,0,ST CLAIR,11/10/2014 0:00,18:00,2014,2015,"M408,","ALS,",6,"M4,","M,",YARD,Illinois,38.595599,-90.14724,"Illinois
(38.595599, -90.14724)"
Other impacts,2013:02:ALS:021113,0,0,0,14000,0,0,0,ST CLAIR,2/11/2013 0:00,9:00,2013,2013,"M599,","ALS,",5,"M5,","M,",YARD,Illinois,38.59504,-90.146802,"Illinois
(38.59504, -90.146802)"
Other impacts,2013:03:ALS:030413,0,0,0,14770,0,0,0,ST CLAIR,3/4/2013 0:00,5:30,2013,2013,"S007,","ALS,",6,"S0,","S,",YARD,Illinois,38.394847,-90.146542,"Illinois
(38.394847, -90.146542)"
Derailments,2015:06:NS:116207,0,0,24848,1350,0,0,0,MADISON,6/19/2015 0:00,16:50,2015,2015,"T110,","NS,",1,"T1,","T,",YARD,Illinois,38.717141,-90.146225,"Illinois
(38.717141, -90.146225)"
Derailments,2014:02:NS:109244,0,0,36561,13000,0,0,0,ST CLAIR,2/19/2014 0:00,17:25,2014,2014,"T221,","NS,",1,"T2,","T,",SIDING,Illinois,38.609229,-90.145743,"Illinois
(38.609229, -90.145743)"
Other impacts,2014:02:ALS:20140208A,0,0,1150,54100,0,0,0,ST CLAIR,2/8/2014 0:00,12:30,2014,2014,"S016,","ALS,",6,"S0,","S,",YARD,Illinois,38.59361,-90.14528,"Illinois
(38.59361, -90.14528)"
Side collision,2011:10:KCS:11102004,0,0,0,11000,1,1,0,HINDS,10/20/2011 0:00,13:30,2011,2012,"H302,","KCS,",75,"H3,","H,",YARD,Mississippi,32.25408,-90.144089,"Mississippi
(32.25408, -90.144089)"
Derailments,2015:04:ALS:20150416,0,0,3179,37000,0,0,0,ST CLAIR,4/16/2015 0:00,18:15,2015,2015,"M405,","ALS,",7,"M4,","M,",YARD,Illinois,38.582142,-90.143714,"Illinois
(38.582142, -90.143714)"
Derailments,2013:08:ALS:080913,0,0,3926,7200,0,0,0,ST CLAIR,8/9/2013 0:00,24:30:00,2013,2013,"M405,","ALS,",7,"M4,","M,",YARD,Illinois,38.591829,-90.142783,"Illinois
(38.591829, -90.142783)"
Derailments,2015:07:NS:116466,0,0,7443,6315,0,0,0,MADISON,7/10/2015 0:00,15:10,2015,2015,"T205,","NS,",1,"T2,","T,",YARD,Illinois,38.722764,-90.142584,"Illinois
(38.722764, -90.142584)"
Other impacts,2013:12:ALS:122713,0,0,0,14000,0,0,0,ST CLAIR,12/27/2013 0:00,2:30,2013,2014,"S016,","ALS,",6,"S0,","S,",YARD,Illinois,38.589175,-90.141673,"Illinois
(38.589175, -90.141673)"
Derailments,2014:09:ALS:20140912,0,0,13623,20500,0,0,0,ST CLAIR,9/12/2014 0:00,3:30,2014,2014,"M411,","ALS,",6,"M4,","M,",YARD,Illinois,38.590025,-90.14109,"Illinois
(38.590025, -90.14109)"
Derailments,2014:09:ALS:20140910,0,0,58,20600,0,0,0,ST CLAIR,9/9/2014 0:00,6:45,2014,2014,"M411,","ALS,",6,"M4,","M,",YARD,Illinois,38.595604,-90.14109,"Illinois
(38.595604, -90.14109)"
Other impacts,2015:01:KCS:15013101,0,0,0,19000,2,1,0,RANKIN,1/31/2015 0:00,4:00,2015,2015,"H318,","KCS,",75,"H3,","H,",YARD,Mississippi,32.253303,-90.140729,"Mississippi
(32.253303, -90.140729)"
Other impacts,2013:11:ALS:111113,0,0,0,21442,0,0,0,ST CLAIR,11/11/2013 0:00,8:45,2013,2014,"S016,","ALS,",6,"S0,","S,",YARD,Illinois,38.589384,-90.140683,"Illinois
(38.589384, -90.140683)"
Other impacts,2014:01:ALS:20140126A,0,0,78,20600,0,0,0,ST CLAIR,1/26/2014 0:00,20:45,2014,2014,"S016,","ALS,",6,"S0,","S,",YARD,Illinois,38.589384,-90.140683,"Illinois
(38.589384, -90.140683)"
Raking collision,2015:06:ALS:20150601,0,0,28,12000,0,0,0,ST CLAIR,6/1/2015 0:00,21:30,2015,2015,"S011,","ALS,",6,"S0,","S,",YARD,Illinois,38.58925,-90.140482,"Illinois
(38.58925, -90.140482)"
Raking collision,2015:08:ALS:20150805,0,0,0,15750,0,0,0,ST CLAIR,8/5/2015 0:00,2:30,2015,2015,"S016,","ALS,",6,"S0,","S,",YARD,Illinois,38.58925,-90.140482,"Illinois
(38.58925, -90.140482)"
Derailments,2016:01:ALS:20160117,0,0,8427,4050,0,0,0,ST CLAIR,1/17/2016 0:00,14:45,2016,2016,"M411,","ALS,",6,"M4,","M,",YARD,Illinois,38.589614,-90.140266,"Illinois
(38.589614, -90.140266)"
Other impacts,2013:03:ALS:031013,0,0,78,41850,0,0,0,ST CLAIR,3/10/2013 0:00,10:37,2013,2013,"M407,","ALS,",5,"M4,","M,",YARD,Illinois,38.589451,-90.140163,"Illinois
(38.589451, -90.140163)"
Other impacts,2014:02:ALS:20140206,0,0,0,25000,0,0,0,ST CLAIR,2/6/2014 0:00,12:30,2014,2014,"M407,","ALS,",5,"M4,","M,",YARD,Illinois,38.589891,-90.139971,"Illinois
(38.589891, -90.139971)"
Derailments,2011:12:ALS:120911,0,0,741,66500,0,0,0,ST CLAIR,12/9/2011 0:00,6:30,2011,2012,"T220,","ALS,",7,"T2,","T,",YARD,Illinois,38.590728,-90.139496,"Illinois
(38.590728, -90.139496)"
Other impacts,2012:02:ALS:022512,0,0,0,50000,0,0,0,ST CLAIR,2/25/2012 0:00,3:19,2012,2012,"S016,","ALS,",6,"S0,","S,",YARD,Illinois,38.588899,-90.138788,"Illinois
(38.588899, -90.138788)"
Derailments,2014:08:ALS:20140819A,0,0,55000,7000,0,0,0,ST CLAIR,8/19/2014 0:00,19:50,2014,2014,"S006,","ALS,",5,"S0,","S,",YARD,Illinois,38.587913,-90.138258,"Illinois
(38.587913, -90.138258)"
Other impacts,2014:02:ALS:20140224,0,0,0,11635,0,0,0,ST CLAIR,2/24/2014 0:00,22:52,2014,2014,"M407,","ALS,",5,"M4,","M,",YARD,Illinois,38.586349,-90.1376,"Illinois
(38.586349, -90.1376)"
Derailments,2012:07:ALS:072312,0,0,71921,15019,15,0,0,ST CLAIR,7/23/2012 0:00,13:00,2012,2012,"H505,","ALS,UP,",1,"H5,","H,",YARD,Illinois,38.582481,-90.136822,"Illinois
(38.582481, -90.136822)"
Derailments,2013:09:ALS:090413,0,0,1111,28913,1,0,0,ST CLAIR,9/4/2013 0:00,2:35,2013,2013,"T202,","ALS,UP,",1,"T2,","T,",YARD,Illinois,38.588808,-90.136639,"Illinois
(38.588808, -90.136639)"
Derailments,2014:04:ALS:20140417,0,0,291000,34898,0,0,0,ST CLAIR,4/17/2014 0:00,19:45,2014,2014,"S011,","ALS,UP,",1,"S0,","S,",YARD,Illinois,38.588232,-90.136077,"Illinois
(38.588232, -90.136077)"
Derailments,2015:10:ALS:20151020,0,0,149016,65243,1,0,0,ST CLAIR,10/20/2015 0:00,20:15,2015,2016,"H503,","ALS,UP,",1,"H5,","H,",YARD,Illinois,38.582855,-90.135948,"Illinois
(38.582855, -90.135948)"
Derailments,2015:01:ALS:20150129,0,0,133113,7500,0,0,0,ST CLAIR,1/29/2015 0:00,6:00,2015,2015,"T199,","ALS,",7,"T1,","T,",YARD,Illinois,38.58795,-90.135809,"Illinois
(38.58795, -90.135809)"
Derailments,2015:09:ALS:20150901,0,0,668,26350,0,0,0,ST CLAIR,9/1/2015 0:00,12:00,2015,2015,"H503,","ALS,",7,"H5,","H,",YARD,Illinois,38.583509,-90.135516,"Illinois
(38.583509, -90.135516)"
Raking collision,2014:05:ALS:20140505,0,0,115,46524,9,0,0,ST CLAIR,5/5/2014 0:00,9:20,2014,2014,"H307,","ALS,UP,",81,"H3,","H,",YARD,Illinois,38.587699,-90.135325,"Illinois
(38.587699, -90.135325)"
Derailments,2013:05:TRRA:13017,0,0,384,110000,0,0,0,ST LOUIS CITY,5/2/2013 0:00,20:24,2013,2013,"H996,H404,","BNSF,TRRA,",1,"H9,H4,","H,",MAIN,Missouri,38.421761,-90.134672,"Missouri
(38.421761, -90.134672)"
Highway-rail impact,2011:11:IC:730823,0,0,0,12000,0,0,0,JEFFERSON,11/30/2011 0:00,7:38,2011,2012,"M302,","IC,NOPB,",8,"M3,","M,",SIDING,Louisiana,29.966902,-90.132599,"Louisiana
(29.966902, -90.132599)"
Derailments,2016:03:CSX:000158236,0,0,500,12887,132,0,0,ST CLAIR,3/17/2016 0:00,6:10,2016,2016,"T207,","CSX,UP,",1,"T2,","T,",YARD,Illinois,38.637647,-90.131042,"Illinois
(38.637647, -90.131042)"
Derailments,2013:05:ALS:050713,0,0,969,28599,0,0,0,ST CLAIR,5/7/2013 0:00,7:50,2013,2013,"H503,","ALS,UP,",1,"H5,","H,",YARD,Illinois,38.586913,-90.130184,"Illinois
(38.586913, -90.130184)"
Side collision,2013:10:KCS:13102701,0,0,0,35000,0,0,0,RANKIN,10/27/2013 0:00,4:36,2013,2014,"H302,","KCS,",51,"H3,","H,",YARD,Mississippi,32.247902,-90.130135,"Mississippi
(32.247902, -90.130135)"
Derailments,2013:01:USSQ:INDUSTRY,0,0,6822,6632,0,0,0,MADISON,1/3/2013 0:00,4:15,2013,2013,"T314,","ALS,UP,",7,"T3,","T,",INDUSTRY,Illinois,38.691422,-90.129277,"Illinois
(38.691422, -90.129277)"
Derailments,2015:06:ALS:20150628,0,0,241018,69336,0,0,0,ST CLAIR,6/28/2015 0:00,16:15,2015,2015,"S011,","ALS,UP,",1,"S0,","S,",YARD,Illinois,38.588576,-90.127867,"Illinois
(38.588576, -90.127867)"
Side collision,2014:09:CSX:000134919,0,0,500,19602,0,0,0,ST CLAIR,9/16/2014 0:00,1:00,2014,2014,"H306,","CSX,",71,"H3,","H,",YARD,Illinois,38.638725,-90.125876,"Illinois
(38.638725, -90.125876)"
Derailments,2015:07:NOPB:D20150702T,0,0,19406,9791,0,0,0,ORLEANS,7/2/2015 0:00,2:18,2015,2015,"H702,","NOPB,",7,"H7,","H,",INDUSTRY,Louisiana,29.914576,-90.125299,"Louisiana
(29.914576, -90.125299)"
Side collision,2013:01:KCS:13012702,0,0,0,17842,0,0,0,RANKIN,1/27/2013 0:00,21:30,2013,2013,"H318,","KCS,",57,"H3,","H,",YARD,Mississippi,32.247298,-90.124635,"Mississippi
(32.247298, -90.124635)"
Other impacts,2011:08:IC:719607,0,0,20,47250,4,4,0,SHELBY,8/28/2011 0:00,21:35,2011,2011,"H306,H302,","IC,",67,"H3,","H,",YARD,Tennessee,35.082414,-90.124231,"Tennessee
(35.082414, -90.124231)"
Derailments,2015:03:IC:844355,0,0,318,32800,4,0,0,SHELBY,3/21/2015 0:00,4:55,2015,2015,"M201,M204,","IC,",1,"M2,","M,",MAIN,Tennessee,35.069133,-90.123933,"Tennessee
(35.069133, -90.123933)"
Derailments,2013:09:CP:238592,0,0,15159,14772,0,0,0,CARROLL,9/22/2013 0:00,17:45,2013,2013,"H702,","CP,",1,"H7,","H,",YARD,Illinois,42.08716,-90.12019,"Illinois
(42.08716, -90.12019)"
Broken train collision,2015:09:NOPB:D20150907T,0,0,216,69458,26,0,0,ORLEANS,9/7/2015 0:00,5:15,2015,2015,"H307,","NOPB,",7,"H3,","H,",YARD,Louisiana,29.915541,-90.11827,"Louisiana
(29.915541, -90.11827)"
Side collision,2012:04:NOPB:P42112,0,0,0,35000,1,1,0,ORLEANS,4/21/2012 0:00,3:55,2012,2012,"H318,H302,","NOPB,",76,"H3,","H,",YARD,Louisiana,29.915513,-90.116472,"Louisiana
(29.915513, -90.116472)"
Derailments,2013:02:KCS:13020701,0,0,850,9856,0,0,0,ST CLAIR,2/7/2013 0:00,8:10,2013,2013,"T110,","KCS,",7,"T1,","T,",YARD,Illinois,38.741165,-90.115834,"Illinois
(38.741165, -90.115834)"
Derailments,2013:10:BNSF:CH1013107,0,0,70000,552315,0,0,0,CARROLL,10/22/2013 0:00,7:20,2013,2014,"T207,","BNSF,",1,"T2,","T,",SIDING,Illinois,41.913694,-90.115025,"Illinois
(41.913694, -90.115025)"
Derailments,2011:11:KCS:11111803,0,0,6000,14680,0,0,0,ST CLAIR,11/18/2011 0:00,17:20,2011,2012,"T201,","KCS,",4,"T2,","T,",YARD,Illinois,38.589769,-90.11484,"Illinois
(38.589769, -90.11484)"
Derailments,2016:07:NOPB:D20160702E,0,0,10000,58000,0,0,0,ORLEANS,7/2/2016 0:00,12:50,2016,2016,"H704,","NOPB,",7,"H7,","H,",YARD,Louisiana,29.914863,-90.114366,"Louisiana
(29.914863, -90.114366)"
Highway-rail impact,2015:12:IC:873949,0,0,25,12995,2,0,0,SHELBY,12/14/2015 0:00,18:45,2015,2016,"M302,","IC,",7,"M3,","M,",YARD,Tennessee,35.08838,-90.111633,"Tennessee
(35.08838, -90.111633)"
Derailments,2012:02:USSQ:INDUSTRY,0,0,200,13349,0,0,0,MADISON,2/11/2012 0:00,19:00,2012,2012,"T110,","UP,",7,"T1,","T,",INDUSTRY,Illinois,38.703378,-90.110757,"Illinois
(38.703378, -90.110757)"
Fire/violent rupture,2016:02:UP:0216SL012,0,0,0,34111,2,0,0,MADISON,2/28/2016 0:00,20:30,2016,2016,"E73L,","UP,",1,"E7,","E,",MAIN,Illinois,38.872132,-90.109772,"Illinois
(38.872132, -90.109772)"
Derailments,2014:01:KCS:14010901,0,0,2126,25000,0,0,0,MADISON,1/9/2014 0:00,7:41,2014,2014,"H702,","ATK,KCS,",2,"H7,","H,",MAIN,Illinois,38.871052,-90.109307,"Illinois
(38.871052, -90.109307)"
Other impacts,2011:07:NOPB:P71711,0,0,0,24547,0,0,0,ORLEANS,7/17/2011 0:00,17:30,2011,2011,"H306,","NOPB,",7,"H3,","H,",YARD,Louisiana,29.915513,-90.107631,"Louisiana
(29.915513, -90.107631)"
Other impacts,2015:04:NOPB:020150405T,0,0,0,11074,2,1,0,ORLEANS,4/5/2015 0:00,19:00,2015,2015,"H018,","NOPB,",7,"H0,","H,",YARD,Louisiana,29.915593,-90.106228,"Louisiana
(29.915593, -90.106228)"
Fire/violent rupture,2014:07:UP:0714SL007,0,0,0,24736,4,0,0,MACOUPIN,7/8/2014 0:00,19:40,2014,2014,"E79L,","UP,",1,"E7,","E,",MAIN,Illinois,39.071745,-90.105265,"Illinois
(39.071745, -90.105265)"
Derailments,2012:01:NOPB:P012312,0,0,5000,7541,0,0,0,ORLEANS,1/23/2012 0:00,23:00,2012,2012,"T314,","NOPB,",1,"T3,","T,",YARD,Louisiana,29.91581,-90.103833,"Louisiana
(29.91581, -90.103833)"
Derailments,2013:07:NOPB:2013070106,0,0,2607,8573,11,0,0,ORLEANS,7/25/2013 0:00,16:30,2013,2013,"E29C,","NOPB,",1,"E2,","E,",YARD,Louisiana,29.915871,-90.103806,"Louisiana
(29.915871, -90.103806)"
Derailments,2016:06:CSX:000160673,0,0,7150,27248,14,0,0,ST CLAIR,6/19/2016 0:00,13:30,2016,2016,"E24C,","CSX,",1,"E2,","E,",YARD,Illinois,38.642253,-90.098853,"Illinois
(38.642253, -90.098853)"
Derailments,2016:08:CSX:000162507,0,0,2586,16655,1,1,0,ST CLAIR,8/30/2016 0:00,13:00,2016,2016,"H306,M501,","CSX,",7,"H3,M5,","H,M,",YARD,Illinois,38.642253,-90.098853,"Illinois
(38.642253, -90.098853)"
Derailments,2013:11:IC:796685,0,0,5026,10283,7,0,0,SHELBY,11/7/2013 0:00,8:00,2013,2014,"H702,","IC,",7,"H7,","H,",YARD,Tennessee,35.062537,-90.098535,"Tennessee
(35.062537, -90.098535)"
Derailments,2011:11:IC:726950,0,0,2455,7675,10,0,0,SHELBY,11/7/2011 0:00,10:45,2011,2012,"H704,","IC,",7,"H7,","H,",YARD,Tennessee,35.06708,-90.095766,"Tennessee
(35.06708, -90.095766)"
Derailments,2012:09:NOPB:P92112,0,1,14900,5600,37,1,0,ORLEANS,9/21/2012 0:00,8:15,2012,2012,"M501,M402,","NOPB,",1,"M5,M4,","M,",MAIN,Louisiana,29.917968,-90.094585,"Louisiana
(29.917968, -90.094585)"
Derailments,2012:05:IC:744899,0,0,3764,27240,4,4,0,SHELBY,5/8/2012 0:00,2:15,2012,2012,"T311,","CSX,IC,",167,"T3,","T,",YARD,Tennessee,35.067624,-90.094575,"Tennessee
(35.067624, -90.094575)"
Fire/violent rupture,2015:04:UP:0415LK006,0,0,0,22011,0,0,0,DUNKLIN,4/1/2015 0:00,22:40,2015,2015,"E99L,","UP,",1,"E9,","E,",MAIN,Missouri,36.483385,-90.089958,"Missouri
(36.483385, -90.089958)"
Derailments,2011:08:TRSZ:INDUSTRY,0,0,0,37000,0,0,0,MADISON,8/18/2011 0:00,23:10,2011,2011,"H210,","NS,",1,"H2,","H,",INDUSTRY,Illinois,38.764426,-90.088964,"Illinois
(38.764426, -90.088964)"
Derailments,2013:02:IC:770050,0,0,29860,56147,7,3,0,SHELBY,2/6/2013 0:00,16:45,2013,2013,"E07C,","IC,",7,"E0,","E,",YARD,Tennessee,35.069742,-90.088229,"Tennessee
(35.069742, -90.088229)"
Derailments,2012:06:VLR:INDUSTRY,0,0,1150,13053,0,0,0,SHELBY,6/26/2012 0:00,11:30,2012,2012,"H307,","IC,",7,"H3,","H,",INDUSTRY,Tennessee,35.085483,-90.088062,"Tennessee
(35.085483, -90.088062)"
Other impacts,2012:08:IC:755268,0,0,25,20100,1,1,0,SHELBY,8/18/2012 0:00,12:04,2012,2012,"M408,","IC,",76,"M4,","M,",YARD,Tennessee,35.069893,-90.087763,"Tennessee
(35.069893, -90.087763)"
Other impacts,2015:11:IC:871186,0,0,25,23877,10,2,0,SHELBY,11/12/2015 0:00,23:30,2015,2016,"H306,H302,","IC,",7,"H3,","H,",YARD,Tennessee,35.06965,-90.085602,"Tennessee
(35.06965, -90.085602)"
Derailments,2012:02:INDU:INDUSTRY,0,0,0,20000,0,0,0,MASON,2/16/2012 0:00,15:55,2012,2012,"M507,","IMRR,",1,"M5,","M,",INDUSTRY,Illinois,40.278248,-90.082075,"Illinois
(40.278248, -90.082075)"
Derailments,2015:11:ATK:139959,0,0,15500,9400,0,0,0,ORLEANS,11/9/2015 0:00,17:35,2015,2016,"T113,","ATK,",7,"T1,","T,",YARD,Louisiana,29.94766,-90.081423,"Louisiana
(29.94766, -90.081423)"
Derailments,2014:02:ALS:20140222,0,0,16210,66908,1,0,0,ST CLAIR,2/22/2014 0:00,5:20,2014,2014,"S011,","ALS,UP,",1,"S0,","S,",MAIN,Illinois,38.643156,-90.079914,"Illinois
(38.643156, -90.079914)"
Raking collision,2013:01:IC:768039,0,0,25,16642,12,4,0,SHELBY,1/13/2013 0:00,18:21,2013,2013,"H316,","IC,",76,"H3,","H,",YARD,Tennessee,35.072434,-90.078715,"Tennessee
(35.072434, -90.078715)"
Derailments,2012:09:NS:101389,0,0,0,14093,0,0,0,MADISON,9/13/2012 0:00,12:10,2012,2012,"H307,","NS,",1,"H3,","H,",YARD,Illinois,38.771077,-90.078695,"Illinois
(38.771077, -90.078695)"
Other impacts,2013:04:IC:776549,0,0,25,46132,16,1,0,SHELBY,4/16/2013 0:00,17:36,2013,2013,"S016,","IC,",7,"S0,","S,",YARD,Tennessee,35.070937,-90.07819,"Tennessee
(35.070937, -90.07819)"
Other impacts,2013:05:IC:780670,0,0,25,30500,0,0,0,SHELBY,5/25/2013 0:00,9:58,2013,2013,"S006,","IC,",7,"S0,","S,",YARD,Tennessee,39.07114,-90.07786,"Tennessee
(39.07114, -90.07786)"
Other impacts,2012:04:IC:743358,0,0,25,18750,7,1,0,SHELBY,4/24/2012 0:00,17:45,2012,2012,"E04C,","IC,",7,"E0,","E,",YARD,Tennessee,35.071822,-90.077126,"Tennessee
(35.071822, -90.077126)"
Other impacts,2012:05:IC:745521,0,0,25,30700,2,0,0,SHELBY,5/15/2012 0:00,11:24,2012,2012,"S006,","IC,",7,"S0,","S,",YARD,Tennessee,35.071822,-90.077126,"Tennessee
(35.071822, -90.077126)"
Other impacts,2012:08:IC:754602,0,0,481,46500,12,0,0,SHELBY,8/10/2012 0:00,14:40,2012,2012,"H307,","IC,",67,"H3,","H,",YARD,Tennessee,35.071822,-90.077126,"Tennessee
(35.071822, -90.077126)"
Other impacts,2013:12:IC:800061,0,0,0,19160,7,2,0,SHELBY,12/20/2013 0:00,9:30,2013,2014,"H317,","IC,",7,"H3,","H,",YARD,Tennessee,35.072563,-90.077126,"Tennessee
(35.072563, -90.077126)"
Other impacts,2013:03:IC:773920,0,0,25,12710,7,2,0,SHELBY,3/19/2013 0:00,5:30,2013,2013,"S015,","IC,",7,"S0,","S,",YARD,Tennessee,35.071992,-90.075677,"Tennessee
(35.071992, -90.075677)"
Derailments,2011:06:IC:711719,0,0,3620,16000,5,0,0,SHELBY,6/11/2011 0:00,19:20,2011,2011,"H308,","IC,",7,"H3,","H,",YARD,Tennessee,35.072686,-90.0735,"Tennessee
(35.072686, -90.0735)"
Other impacts,2013:05:IC:780543,0,0,25,53849,5,1,0,SHELBY,5/23/2013 0:00,6:45,2013,2013,"M408,","IC,",76,"M4,","M,",YARD,Tennessee,35.073501,-90.073306,"Tennessee
(35.073501, -90.073306)"
Other impacts,2013:03:IC:774090,0,0,25,46175,0,0,0,SHELBY,3/2/2013 0:00,12:08,2013,2013,"H317,","IC,",7,"H3,","H,",YARD,Tennessee,35.042518,-90.073282,"Tennessee
(35.042518, -90.073282)"
Side collision,2014:04:IC:810486,0,0,3992,122599,73,2,0,SHELBY,4/14/2014 0:00,5:00,2014,2014,"H706,H307,","IC,",71,"H7,H3,H7,H3,","H,",YARD,Tennessee,35.071974,-90.071457,"Tennessee
(35.071974, -90.071457)"
Derailments,2016:06:NOPB:D20160613F,0,0,18500,532,46,2,0,JEFFERSON,6/13/2016 0:00,11:18,2016,2016,"H605,S011,","IC,NOPB,UP,",1,"H6,S0,","H,S,",MAIN,Louisiana,29.923203,-90.071409,"Louisiana
(29.923203, -90.071409)"
Head on collision,2008:02:NOPB:P8576,0,3,0,245000,0,0,0,ORLEANS,2/12/2008 0:00,19:43,2008,2008,"H607,H599,","NOPB,",1,"H6,H5,","H,",MAIN,Louisiana,29.922901,-90.070999,"Louisiana
(29.922901, -90.070999)"
Other impacts,2013:06:IC:782423,0,0,25,27332,3,2,0,SHELBY,6/12/2013 0:00,21:30,2013,2013,"H316,S016,","IC,",7,"H3,S0,","H,S,",YARD,Tennessee,35.07,-90.07,"Tennessee
(35.07, -90.07)"
Side collision,2014:10:NOPB:D20141016T,0,0,5736,33500,13,0,0,ORLEANS,10/16/2014 0:00,15:45,2014,2015,"H607,H401,","NOPB,",7,"H6,H4,","H,",YARD,Louisiana,29.933927,-90.069197,"Louisiana
(29.933927, -90.069197)"
Derailments,2011:09:NS:096350,0,0,2000,22650,0,0,0,ORLEANS,9/19/2011 0:00,7:15,2011,2011,"T221,","NS,",1,"T2,","T,",YARD,Louisiana,29.953238,-90.069003,"Louisiana
(29.953238, -90.069003)"
Derailments,2015:11:IC:870654,0,0,10484,98700,8,2,0,SHELBY,11/7/2015 0:00,19:40,2015,2016,"T202,","IC,",71,"T2,","T,",YARD,Tennessee,35.072608,-90.068208,"Tennessee
(35.072608, -90.068208)"