AccidentType,inckey,Fatalities,Injuries,TrackDamage,EquipmentDamage,HazmatCars,HazmatCarsDerailed,HazmatCarsReleasing,County,DisplayDate,DisplayTime,calendar,Fiscal,AccidentCause,RailroadCodes,RAILEQUIPMENT_TYPE,CauseGroup,CauseDiscipline,TYPE_OF_TRACK,StateName,latitude,longitude,GeoLocation
Side collision,2013:06:IC:783898,0,0,2455,178806,89,0,0,SHELBY,6/28/2013 0:00,1:10,2013,2013,"H702,H306,","IC,",17,"H7,H3,H7,H3,","H,",YARD,Tennessee,35.072963,-90.066873,"Tennessee
(35.072963, -90.066873)"
Rear end collision,2014:08:XMSL:INDUSTRY,0,0,0,12708,0,0,0,STE GENEVIEVE,8/31/2014 0:00,1:15,2014,2014,"M501,","UP,",87,"M5,","M,",INDUSTRY,Missouri,37.973194,-90.065421,"Missouri
(37.973194, -90.065421)"
Derailments,2015:11:IC:870859,0,0,21836,223443,13,0,0,SHELBY,11/10/2015 0:00,4:30,2015,2016,"H599,T220,","IC,",1,"H5,T2,","H,T,",YARD,Tennessee,35.073631,-90.062607,"Tennessee
(35.073631, -90.062607)"
Derailments,2014:11:UP:1114SL009,0,0,21200,22121,0,0,0,STE GENEVIEVE,11/17/2014 0:00,10:00,2014,2015,"T314,","UP,",7,"T3,","T,",YARD,Missouri,38.00463,-90.060582,"Missouri
(38.00463, -90.060582)"
Derailments,2016:05:BNSF:SF0516106,0,0,26500,5000,0,0,0,SHELBY,5/9/2016 0:00,17:35,2016,2016,"H501,","BNSF,",7,"H5,","H,",MAIN,Tennessee,35.126873,-90.059809,"Tennessee
(35.126873, -90.059809)"
Derailments,2012:12:BNSF:SF1212110,0,0,800136,890449,0,0,0,SHELBY,12/27/2012 0:00,4:50,2012,2013,"T399,","BNSF,",1,"T3,","T,",MAIN,Tennessee,35.126873,-90.059577,"Tennessee
(35.126873, -90.059577)"
Head on collision,2014:04:IC:811043,0,0,1936,282435,32,1,0,SHELBY,4/19/2014 0:00,12:45,2014,2014,"H403,","IC,",71,"H4,","H,",YARD,Tennessee,35.074636,-90.057919,"Tennessee
(35.074636, -90.057919)"
Derailments,2013:09:IC:791991,0,0,2676,106807,18,0,0,SHELBY,9/18/2013 0:00,8:30,2013,2013,"T208,","IC,",71,"T2,","T,",YARD,Tennessee,35.074003,-90.057879,"Tennessee
(35.074003, -90.057879)"
Derailments,2014:09:CSX:000134949,0,0,40000,368570,12,4,0,SHELBY,9/14/2014 0:00,2:45,2014,2014,"H503,T215,","CSX,UP,",1,"H5,T2,","H,T,",MAIN,Tennessee,35.126933,-90.057788,"Tennessee
(35.126933, -90.057788)"
Derailments,2012:03:CSQZ:INDUSTRY,0,0,3500,25895,0,0,0,ORLEANS,3/29/2012 0:00,16:15,2012,2012,"M506,","CSX,",7,"M5,","M,",YARD,Louisiana,29.98587,-90.053938,"Louisiana
(29.98587, -90.053938)"
Derailments,2012:03:CSX:000101527,0,0,800,20897,0,0,0,ORLEANS,3/7/2012 0:00,13:30,2012,2012,"H999,","CSX,",75,"H9,","H,",YARD,Louisiana,29.98587,-90.053938,"Louisiana
(29.98587, -90.053938)"
Other impacts,2012:04:CSX:000102773,0,0,0,41590,0,0,0,ORLEANS,4/17/2012 0:00,5:54,2012,2012,"H704,","CSX,",76,"H7,","H,",YARD,Louisiana,29.98587,-90.053938,"Louisiana
(29.98587, -90.053938)"
Derailments,2013:05:CSX:000115889,0,0,4200,15465,64,0,0,ORLEANS,5/6/2013 0:00,5:02,2013,2013,"H503,","CSX,",1,"H5,","H,",MAIN,Louisiana,29.98587,-90.053938,"Louisiana
(29.98587, -90.053938)"
Derailments,2013:05:CSX:000116592,0,0,66000,49913,10,1,0,ORLEANS,5/26/2013 0:00,6:53,2013,2013,"E02C,","CSX,",7,"E0,","E,",YARD,Louisiana,29.98587,-90.053938,"Louisiana
(29.98587, -90.053938)"
Side collision,2014:06:CSX:000131106,0,0,5650,96901,1,1,0,ORLEANS,6/18/2014 0:00,11:42,2014,2014,"H702,","CSX,",7,"H7,","H,",MAIN,Louisiana,29.98587,-90.053938,"Louisiana
(29.98587, -90.053938)"
Derailments,2014:06:CSX:000131211,0,0,200,12954,62,0,0,ORLEANS,6/22/2014 0:00,3:22,2014,2014,"H301,","CSX,",71,"H3,","H,",YARD,Louisiana,29.98587,-90.053938,"Louisiana
(29.98587, -90.053938)"
Derailments,2013:10:IC:794285,0,0,33000,239325,30,0,0,SHELBY,10/11/2013 0:00,9:45,2013,2014,"E76L,","IC,",17,"E7,","E,",YARD,Tennessee,35.075706,-90.051496,"Tennessee
(35.075706, -90.051496)"
Derailments,2016:07:NS:121134,0,0,17000,0,1,1,0,ORLEANS,7/6/2016 0:00,4:00,2016,2016,"H522,H508,H524,","NOPB,NS,",1,"H5,","H,",YARD,Louisiana,29.962434,-90.048934,"Louisiana
(29.962434, -90.048934)"
Derailments,2014:06:NS:110990,0,0,13243,10000,0,0,0,ORLEANS,6/24/2014 0:00,12:30,2014,2014,"T207,","NS,",7,"T2,","T,",YARD,Louisiana,29.965122,-90.047939,"Louisiana
(29.965122, -90.047939)"
Derailments,2014:09:NS:112338,0,0,6876,3900,0,0,0,ORLEANS,9/27/2014 0:00,3:50,2014,2014,"T110,","NS,",7,"T1,","T,",YARD,Louisiana,29.966544,-90.047579,"Louisiana
(29.966544, -90.047579)"
Derailments,2016:06:NS:120743,0,0,6000,32000,0,0,0,ORLEANS,6/5/2016 0:00,11:30,2016,2016,"T110,","BNSF,NS,",1,"T1,","T,",YARD,Louisiana,29.966544,-90.047579,"Louisiana
(29.966544, -90.047579)"
Derailments,2014:11:UP:1114LK016,0,0,97594,153072,0,0,0,SHELBY,11/24/2014 0:00,5:00,2014,2015,"M409,","UP,",1,"M4,","M,",MAIN,Tennessee,35.126632,-90.047175,"Tennessee
(35.126632, -90.047175)"
Rear end collision,2012:12:NS:102595,0,1,0,17500,0,0,0,MORGAN,12/17/2012 0:00,15:00,2012,2013,"H997,","NS,",NA,"H9,","H,",MAIN,Illinois,39.723945,-90.046797,"Illinois
(39.723945, -90.046797)"
Derailments,2015:10:NS:117942,0,0,4500,12800,0,0,0,ORLEANS,10/27/2015 0:00,24:25:00,2015,2016,"T207,","NS,",1,"T2,","T,",YARD,Louisiana,29.974938,-90.044895,"Louisiana
(29.974938, -90.044895)"
Derailments,2012:08:NS:100962,0,0,32194,0,0,0,0,ORLEANS,8/14/2012 0:00,4:30,2012,2012,"E89C,","NS,",7,"E8,","E,",YARD,Louisiana,29.989479,-90.044335,"Louisiana
(29.989479, -90.044335)"
Obstruction impact,2013:05:BNSF:SF0513128,0,0,0,16645,0,0,0,STE GENEVIEVE,5/29/2013 0:00,22:15,2013,2013,"M404,M101,","BNSF,UP,",1,"M4,M1,","M,",MAIN,Missouri,37.98165,-90.04117,"Missouri
(37.98165, -90.04117)"
Derailments,2014:04:NS:109987,0,0,36816,39750,0,0,0,ORLEANS,4/10/2014 0:00,21:48,2014,2014,"H525,","NS,",1,"H5,","H,",YARD,Louisiana,29.985177,-90.040342,"Louisiana
(29.985177, -90.040342)"
Highway-rail impact,2014:04:IC:810102,0,1,0,12382,0,0,0,RANKIN,4/9/2014 0:00,18:45,2014,2014,"M302,","IC,",1,"M3,","M,",MAIN,Mississippi,32.084,-90.039757,"Mississippi
(32.084, -90.039757)"
Other events,2014:09:BNSF:SF0914115,0,0,250,44057,0,0,0,STE GENEVIEVE,9/18/2014 0:00,17:00,2014,2014,"H997,","BNSF,",9,"H9,","H,",MAIN,Missouri,37.977245,-90.038034,"Missouri
(37.977245, -90.038034)"
Derailments,2013:01:NS:103210,0,0,15000,18900,0,0,0,MADISON,1/31/2013 0:00,23:50,2013,2013,"H999,","NS,",1,"H9,","H,",MAIN,Illinois,38.798533,-90.036389,"Illinois
(38.798533, -90.036389)"
Derailments,2013:08:KELX:INDUSTRY,0,0,10000,5250,0,0,0,SHELBY,8/26/2013 0:00,24:30:00,2013,2013,"H306,","BNSF,",7,"H3,","H,",INDUSTRY,Tennessee,35.12444,-90.031916,"Tennessee
(35.12444, -90.031916)"
Derailments,2011:07:WSOR:11071001D,0,0,18953,112580,0,0,0,DANE,7/10/2011 0:00,17:22,2011,2011,"T109,","WSOR,",1,"T1,","T,",MAIN,Wisconsin,43.173875,-90.031162,"Wisconsin
(43.173875, -90.031162)"
Derailments,2011:12:UP:1211LK005,0,0,6326,7409,0,0,0,SHELBY,12/12/2011 0:00,22:00,2011,2012,"T316,","UP,",1,"T3,","T,",YARD,Tennessee,35.124455,-90.029931,"Tennessee
(35.124455, -90.029931)"
Derailments,2015:05:BNSF:SF0515112,0,0,658007,20155,0,0,0,FULTON,5/30/2015 0:00,8:45,2015,2015,"T111,","BNSF,",1,"T1,","T,",YARD,Illinois,40.505756,-90.029843,"Illinois
(40.505756, -90.029843)"
Derailments,2015:09:UP:0915LK037,0,0,5600,7924,0,0,0,SHELBY,9/23/2015 0:00,18:05,2015,2015,"H503,H525,","UP,",7,"H5,","H,",YARD,Tennessee,35.124457,-90.029622,"Tennessee
(35.124457, -90.029622)"
Derailments,2016:07:CSX:000161116,0,0,800,35000,0,0,0,ORLEANS,7/4/2016 0:00,12:09,2016,2016,"M505,","CSX,NOPB,",1,"M5,","M,",MAIN,Louisiana,30.004227,-90.027526,"Louisiana
(30.004227, -90.027526)"
Derailments,2013:11:BNSF:SF1113102,0,0,22700,4687,0,0,0,SHELBY,11/6/2013 0:00,6:16,2013,2014,"M411,","BNSF,",7,"M4,","M,",YARD,Tennessee,35.12248,-90.02268,"Tennessee
(35.12248, -90.02268)"
Derailments,2015:03:NOPB:D20150301E,0,0,16337,45868,107,2,0,ORLEANS,3/1/2015 0:00,18:15,2015,2015,"M507,","NOPB,",1,"M5,","M,",INDUSTRY,Louisiana,30.00468,-90.02233,"Louisiana
(30.00468, -90.02233)"
Derailments,2013:07:UP:0713LK015,0,0,8668,12008,0,0,0,SHELBY,7/14/2013 0:00,21:48,2013,2013,"M503,","UP,",1,"M5,","M,",YARD,Tennessee,35.122324,-90.019843,"Tennessee
(35.122324, -90.019843)"
Derailments,2015:12:CSX:000155628,0,0,2020,24448,0,0,0,ORLEANS,12/28/2015 0:00,14:20,2015,2016,"H523,H507,","CSX,",7,"H5,","H,",YARD,Louisiana,30.005989,-90.019452,"Louisiana
(30.005989, -90.019452)"
Side collision,2015:12:CSX:000155656,0,0,0,6000,0,0,0,ORLEANS,12/29/2015 0:00,23:15,2015,2016,"H995,","CSX,",81,"H9,","H,",YARD,Louisiana,30.005989,-90.019452,"Louisiana
(30.005989, -90.019452)"
Side collision,2016:01:CSX:000155821,0,0,814,229776,55,3,0,ORLEANS,1/7/2016 0:00,3:38,2016,2016,"H607,","CSX,",1,"H6,","H,",YARD,Louisiana,30.005989,-90.019452,"Louisiana
(30.005989, -90.019452)"
Side collision,2015:01:CSX:000140278,0,0,942,14498,9,1,0,ORLEANS,1/19/2015 0:00,9:20,2015,2015,"H399,","CSX,",57,"H3,","H,",YARD,Louisiana,30.006007,-90.01937,"Louisiana
(30.006007, -90.01937)"
Derailments,2013:11:UP:1113LK003,0,0,51094,4328,0,0,0,SHELBY,11/5/2013 0:00,10:40,2013,2014,"T314,","UP,",1,"T3,","T,",YARD,Tennessee,35.122362,-90.018034,"Tennessee
(35.122362, -90.018034)"
Derailments,2014:08:UP:0814LK027,0,0,28643,12022,6,1,0,SHELBY,8/24/2014 0:00,16:14,2014,2014,"H702,","UP,",1,"H7,","H,",YARD,Tennessee,35.12295,-90.017547,"Tennessee
(35.12295, -90.017547)"
Obstruction impact,2013:06:BNSF:SF0613126,0,0,0,80000,0,0,0,SHELBY,6/6/2013 0:00,13:00,2013,2013,"H997,","BNSF,",9,"H9,","H,",MAIN,Tennessee,35.11229,-90.013108,"Tennessee
(35.11229, -90.013108)"
Derailments,2015:11:CSX:000154642,0,0,2114,12860,71,2,0,ORLEANS,11/21/2015 0:00,20:30,2015,2016,"M101,","CSX,",1,"M1,","M,",YARD,Louisiana,30.007423,-90.012966,"Louisiana
(30.007423, -90.012966)"
Derailments,2013:07:NOPB:2013071103,0,0,20170,8267,61,5,0,ORLEANS,7/19/2013 0:00,15:25,2013,2013,"T199,","NOPB,",1,"T1,","T,",YARD,Louisiana,29.999692,-90.006887,"Louisiana
(29.999692, -90.006887)"
Fire/violent rupture,2014:06:UP:0614LK022,0,0,3670,8156,0,0,0,SHELBY,6/11/2014 0:00,6:00,2014,2014,"M406,","UP,",1,"M4,","M,",YARD,Tennessee,35.123796,-90.003611,"Tennessee
(35.123796, -90.003611)"
Derailments,2015:07:NOGC:OP072715NO,0,0,2000,54000,1,1,0,PLAQUEMINES,7/27/2015 0:00,23:30,2015,2015,"T223,","NOGC,",7,"T2,","T,",YARD,Louisiana,29.833,-90,"Louisiana
(29.833, -90)"
Derailments,2015:09:ATK:139186,0,0,5000,12800,0,0,0,ORLEANS,9/11/2015 0:00,17:38,2015,2015,"T110,","ATK,",8,"T1,","T,",YARD,Louisiana,29.951978,-89.998713,"Louisiana
(29.951978, -89.998713)"
Derailments,2013:03:BNSF:SF0313110,0,0,83000,512522,0,0,0,MORGAN,3/17/2013 0:00,20:35,2013,2013,"T210,","BNSF,",1,"T2,","T,",MAIN,Illinois,39.59489,-89.998258,"Illinois
(39.59489, -89.998258)"
Derailments,2014:11:NS:113066,0,0,125386,214050,0,0,0,SHELBY,11/18/2014 0:00,6:45,2014,2015,"T310,","BNSF,NS,",1,"T3,","T,",MAIN,Tennessee,35.115945,-89.990493,"Tennessee
(35.115945, -89.990493)"
Derailments,2016:05:UP:0516PR005,0,0,264118,11713,0,0,0,WHITESIDE,5/12/2016 0:00,1:35,2016,2016,"E51C,","UP,",1,"E5,","E,",MAIN,Illinois,41.815937,-89.987447,"Illinois
(41.815937, -89.987447)"
Derailments,2013:02:BNSF:SF0213119,0,0,32800,25048,0,0,0,SHELBY,2/24/2013 0:00,4:00,2013,2013,"M411,","BNSF,",7,"M4,","M,",YARD,Tennessee,35.104,-89.979,"Tennessee
(35.104, -89.979)"
Derailments,2015:06:NS:115957,0,0,13592,0,0,0,0,SHELBY,6/7/2015 0:00,11:58,2015,2015,"T108,","NS,",7,"T1,","T,",YARD,Tennessee,35.115575,-89.974209,"Tennessee
(35.115575, -89.974209)"
Rear end collision,2014:07:IC:823075,0,0,25,12000,0,0,0,SHELBY,7/29/2014 0:00,11:15,2014,2014,"M504,","IC,",9,"M5,","M,",MAIN,Tennessee,35.261944,-89.970469,"Tennessee
(35.261944, -89.970469)"
Derailments,2013:12:XPMB:INDUSTRY,0,0,3650,37572,0,0,0,SHELBY,12/31/2013 0:00,16:05,2013,2014,"H210,H307,","IC,",1,"H2,H3,","H,",INDUSTRY,Tennessee,35.172962,-89.966124,"Tennessee
(35.172962, -89.966124)"
Other impacts,2013:10:IC:794490,0,0,500,33450,0,0,0,SHELBY,10/14/2013 0:00,9:45,2013,2014,"H021,","IC,",7,"H0,","H,",YARD,Tennessee,35.171208,-89.965716,"Tennessee
(35.171208, -89.965716)"
Side collision,2012:03:XSCN:INDUSTRY,0,0,25,88000,0,0,0,SHELBY,3/29/2012 0:00,13:35,2012,2012,"M504,","IC,",76,"M5,","M,",INDUSTRY,Tennessee,35.174289,-89.965367,"Tennessee
(35.174289, -89.965367)"
Derailments,2013:08:IC:789595,0,0,25,96862,0,0,0,SHELBY,8/23/2013 0:00,11:50,2013,2013,"H318,","IC,",7,"H3,","H,",YARD,Tennessee,35.178126,-89.964987,"Tennessee
(35.178126, -89.964987)"
Derailments,2012:05:BNSF:CH0512101,0,0,126000,919851,0,0,0,HENRY,5/3/2012 0:00,23:37,2012,2012,"M105,","BNSF,",1,"M1,","M,",MAIN,Illinois,41.22384,-89.96113,"Illinois
(41.22384, -89.96113)"
Derailments,2014:02:TFTZ:INDUSTRY,0,0,3605,23955,0,0,0,STODDARD,2/18/2014 0:00,11:00,2014,2014,"T110,","UP,",1,"T1,","T,",INDUSTRY,Missouri,36.801014,-89.936313,"Missouri
(36.801014, -89.936313)"
Derailments,2014:04:BNSF:CH0414106,0,0,419500,2379109,4,2,0,PEORIA,4/28/2014 0:00,16:50,2014,2014,"M105,","BNSF,",1,"M1,","M,",MAIN,Illinois,40.920367,-89.934798,"Illinois
(40.920367, -89.934798)"
Derailments,2014:07:UP:0714SL013,0,0,227502,810537,6,1,0,STODDARD,7/24/2014 0:00,3:08,2014,2014,"T314,","UP,",1,"T3,","T,",MAIN,Missouri,36.811826,-89.932204,"Missouri
(36.811826, -89.932204)"
Derailments,2014:06:BNSF:SF0614108,0,0,0,17700,0,0,0,SHELBY,6/20/2014 0:00,24:15:00,2014,2014,"H504,","BNSF,",7,"H5,","H,",YARD,Tennessee,35.051258,-89.928536,"Tennessee
(35.051258, -89.928536)"
Derailments,2015:04:CSX:000144850,0,0,1140,39966,0,0,0,ST CLAIR,4/13/2015 0:00,11:55,2015,2015,"E34C,","CSX,",1,"E3,","E,",SIDING,Illinois,38.592601,-89.92508,"Illinois
(38.592601, -89.92508)"
Derailments,2012:02:LSRC:D120208,0,0,5852,50000,11,1,0,SAGINAW,2/8/2012 0:00,21:45,2012,2012,"H702,H021,","LSRC,",1,"H7,H0,","H,",YARD,Michigan,43.436,-89.916,"Michigan
(43.436, -89.916)"
Derailments,2015:06:BNSF:SF0615100,0,0,152212,25934,41,7,0,SHELBY,6/1/2015 0:00,7:00,2015,2015,"H704,","BNSF,",1,"H7,","H,",YARD,Tennessee,35.03772,-89.911898,"Tennessee
(35.03772, -89.911898)"
Derailments,2014:01:UP:0114PR032,0,0,11000,12902,4,0,0,WHITESIDE,1/25/2014 0:00,11:50,2014,2014,"H995,","UP,",1,"H9,","H,",MAIN,Illinois,41.793448,-89.907251,"Illinois
(41.793448, -89.907251)"
Other events,2013:04:BNSF:SF0413123,0,0,12000,0,6,0,0,MISSISSIPPI,4/29/2013 0:00,20:30,2013,2013,"H307,H702,","BNSF,",1,"H3,H7,","H,",MAIN,Arkansas,35.924,-89.907,"Arkansas
(35.924, -89.907)"
Other impacts,2011:08:BNSF:SF0811120,0,0,0,15960,0,0,0,SHELBY,8/13/2011 0:00,11:45,2011,2011,"M199,","BNSF,",5,"M1,","M,",YARD,Tennessee,35.033486,-89.906609,"Tennessee
(35.033486, -89.906609)"
Derailments,2011:10:BNSF:SF1011103,0,0,89500,30000,0,0,0,MISSISSIPPI,10/6/2011 0:00,22:18,2011,2012,"H307,H702,","BNSF,",7,"H3,H7,","H,",MAIN,Arkansas,35.913467,-89.905512,"Arkansas
(35.913467, -89.905512)"
Raking collision,2013:10:BNSF:SF1013119,0,0,0,23558,0,0,0,MISSISSIPPI,10/23/2013 0:00,12:30,2013,2014,"H607,H302,","BNSF,",86,"H6,H3,H6,H3,","H,",YARD,Arkansas,35.912226,-89.905478,"Arkansas
(35.912226, -89.905478)"
Derailments,2015:09:BNSF:SF0915110,0,0,120838,20000,0,0,0,MISSISSIPPI,9/22/2015 0:00,1:31,2015,2015,"H607,H702,","BNSF,",1,"H6,H7,","H,",MAIN,Arkansas,35.912226,-89.905478,"Arkansas
(35.912226, -89.905478)"
Derailments,2014:06:BNSF:SF0614110,0,0,20500,60200,0,0,0,MISSISSIPPI,6/22/2014 0:00,13:50,2014,2014,"H607,","BNSF,",1,"H6,","H,",MAIN,Arkansas,35.927212,-89.905433,"Arkansas
(35.927212, -89.905433)"
Derailments,2014:05:BNSF:SF0514111,0,0,228000,5500,0,0,0,MISSISSIPPI,5/29/2014 0:00,2:15,2014,2014,"E4BC,","BNSF,",7,"E4,","E,",YARD,Arkansas,35.899006,-89.905374,"Arkansas
(35.899006, -89.905374)"
Derailments,2012:02:NS:097924,0,0,61000,50000,0,0,0,SHELBY,2/5/2012 0:00,5:45,2012,2012,"T207,","NS,",1,"T2,","T,",MAIN,Tennessee,35.114712,-89.904785,"Tennessee
(35.114712, -89.904785)"
Derailments,2015:08:BNSF:SF0815103,0,0,559867,77648,0,0,0,SHELBY,8/10/2015 0:00,12:10,2015,2015,"H508,","BNSF,",7,"H5,","H,",YARD,Tennessee,35.031057,-89.901077,"Tennessee
(35.031057, -89.901077)"
Highway-rail impact,2016:08:CSX:000161982,0,2,20000,0,0,0,0,ORLEANS,8/9/2016 0:00,17:45,2016,2016,"M302,","CSX,",1,"M3,","M,",MAIN,Louisiana,30.040302,-89.896742,"Louisiana
(30.040302, -89.896742)"
Derailments,2015:07:BNSF:SF0715104,0,0,2000,22911,0,0,0,SHELBY,7/15/2015 0:00,22:30,2015,2015,"H312,","BNSF,",7,"H3,","H,",YARD,Tennessee,35.027698,-89.896264,"Tennessee
(35.027698, -89.896264)"
Side collision,2011:10:BNSF:SF1011113,0,0,0,41353,0,0,0,SHELBY,10/21/2011 0:00,1:55,2011,2012,"H607,H702,","BNSF,",17,"H6,H7,H6,H7,","H,",YARD,Tennessee,35.023244,-89.893977,"Tennessee
(35.023244, -89.893977)"
Derailments,2011:12:BNSF:SF1211106,0,0,0,28590,1,1,0,SHELBY,12/7/2011 0:00,11:00,2011,2012,"S016,","BNSF,",7,"S0,","S,",YARD,Tennessee,35.023244,-89.893977,"Tennessee
(35.023244, -89.893977)"
Other events,2012:05:BNSF:SF0512106,0,0,22000,0,0,0,0,SHELBY,5/9/2012 0:00,8:30,2012,2012,"H307,H303,","BNSF,",1,"H3,","H,",YARD,Tennessee,35.023244,-89.893977,"Tennessee
(35.023244, -89.893977)"
Other impacts,2014:08:BNSF:SF0814110,0,0,0,92009,1,0,0,SHELBY,8/19/2014 0:00,12:01,2014,2014,"H318,","BNSF,",7,"H3,","H,",YARD,Tennessee,35.023151,-89.893863,"Tennessee
(35.023151, -89.893863)"
Derailments,2014:09:BNSF:SF0914107,0,0,500,12250,0,0,0,SHELBY,9/3/2014 0:00,2:00,2014,2014,"M411,","BNSF,",7,"M4,","M,",YARD,Tennessee,35.023151,-89.893863,"Tennessee
(35.023151, -89.893863)"
Derailments,2015:09:BNSF:SF0915102,0,0,0,33000,0,0,0,SHELBY,9/2/2015 0:00,17:09,2015,2015,"H503,T112,","BNSF,CSX,",1,"H5,T1,","H,T,",MAIN,Tennessee,35.023151,-89.893863,"Tennessee
(35.023151, -89.893863)"
Derailments,2016:08:BNSF:SF0816112,0,0,5100,19157,0,0,0,SHELBY,8/22/2016 0:00,16:55,2016,2016,"T111,","BNSF,",7,"T1,","T,",YARD,Tennessee,35.028665,-89.893236,"Tennessee
(35.028665, -89.893236)"
Derailments,2016:01:BNSF:SF0116103,0,0,15000,20106,0,0,0,SHELBY,1/8/2016 0:00,12:15,2016,2016,"T110,","BNSF,",7,"T1,","T,",YARD,Tennessee,35.026386,-89.892894,"Tennessee
(35.026386, -89.892894)"
Derailments,2013:03:BNSF:SF0313108,0,0,2500,12427,6,3,0,SHELBY,3/17/2013 0:00,10:00,2013,2013,"M411,","BNSF,",7,"M4,","M,",YARD,Tennessee,35.022121,-89.892591,"Tennessee
(35.022121, -89.892591)"
Derailments,2014:05:BNSF:SF0514109,0,0,10000,50000,0,0,0,SHELBY,5/16/2014 0:00,8:30,2014,2014,"H318,","BNSF,",7,"H3,","H,",YARD,Tennessee,35.022121,-89.892591,"Tennessee
(35.022121, -89.892591)"
Derailments,2016:08:BNSF:SF0816116,0,0,500,12199,0,0,0,SHELBY,8/29/2016 0:00,9:45,2016,2016,"M411,","BNSF,",7,"M4,","M,",YARD,Tennessee,35.028031,-89.892153,"Tennessee
(35.028031, -89.892153)"
Derailments,2013:04:BNSF:SF0413109,0,0,0,40165,0,0,0,SHELBY,4/7/2013 0:00,21:25,2013,2013,"S016,","BNSF,",6,"S0,","S,",YARD,Tennessee,35.02672,-89.89145,"Tennessee
(35.02672, -89.89145)"
Derailments,2014:09:BNSF:SF0914101,0,0,21783,12293,1,1,0,SHELBY,9/21/2014 0:00,13:00,2014,2014,"H607,H702,","BNSF,",7,"H6,H7,","H,",YARD,Tennessee,35.02109,-89.89132,"Tennessee
(35.02109, -89.89132)"
Derailments,2016:02:BNSF:SF0216108,0,0,4000,20000,0,0,0,SHELBY,2/11/2016 0:00,17:30,2016,2016,"M201,","BNSF,",7,"M2,","M,",YARD,Tennessee,35.023594,-89.889139,"Tennessee
(35.023594, -89.889139)"
Derailments,2012:11:BNSF:SF1112104,0,0,2400,21060,1,1,0,SHELBY,11/10/2012 0:00,3:00,2012,2013,"M411,","BNSF,",7,"M4,","M,",YARD,Tennessee,35.019006,-89.888807,"Tennessee
(35.019006, -89.888807)"
Other impacts,2015:01:BNSF:SF0115105,0,0,0,25510,0,0,0,SHELBY,1/5/2015 0:00,17:20,2015,2015,"H607,H302,","BNSF,",7,"H6,H3,","H,",YARD,Tennessee,35.019006,-89.888807,"Tennessee
(35.019006, -89.888807)"
Derailments,2016:03:BNSF:SF0316118,0,0,0,14000,0,0,0,SHELBY,3/25/2016 0:00,12:50,2016,2016,"H316,","BNSF,",7,"H3,","H,",YARD,Tennessee,35.024095,-89.88837,"Tennessee
(35.024095, -89.88837)"
Derailments,2015:10:BNSF:SF1015109,0,0,0,10571,0,0,0,SHELBY,10/19/2015 0:00,19:00,2015,2016,"H316,","BNSF,",7,"H3,","H,",YARD,Tennessee,35.023196,-89.888152,"Tennessee
(35.023196, -89.888152)"
Derailments,2015:04:BNSF:SF0415105,0,0,12500,15737,0,0,0,SHELBY,4/8/2015 0:00,3:00,2015,2015,"T403,","BNSF,",7,"T4,","T,",YARD,Tennessee,35.024239,-89.887985,"Tennessee
(35.024239, -89.887985)"
Other events,2015:09:BNSF:SF0915106,0,0,0,45000,0,0,0,SHELBY,9/15/2015 0:00,15:25,2015,2015,"S014,","BNSF,",7,"S0,","S,",YARD,Tennessee,35.023153,-89.887361,"Tennessee
(35.023153, -89.887361)"
Other impacts,2012:07:ZEWW:INDUSTRY,0,0,0,39400,5,1,0,WOOD,7/8/2012 0:00,15:10,2012,2012,"H307,M504,","WC,",16,"H3,M5,H3,M5,","H,M,H,M,",INDUSTRY,Wisconsin,44.342757,-89.886961,"Wisconsin
(44.342757, -89.886961)"
Derailments,2015:04:BNSF:SF0415119,0,0,5215,12000,1,1,0,SHELBY,4/25/2015 0:00,3:40,2015,2015,"E07C,","BNSF,",7,"E0,","E,",YARD,Tennessee,35.022296,-89.886821,"Tennessee
(35.022296, -89.886821)"
Derailments,2016:01:BNSF:SF0116109,0,0,1250,9386,0,0,0,SHELBY,1/19/2016 0:00,13:15,2016,2016,"S006,","BNSF,",7,"S0,","S,",YARD,Tennessee,35.021932,-89.88637,"Tennessee
(35.021932, -89.88637)"
Side collision,2012:09:BNSF:SF0912106,0,0,0,24883,1,0,0,SHELBY,9/7/2012 0:00,22:00,2012,2012,"M408,","BNSF,",76,"M4,","M,",YARD,Tennessee,35.016892,-89.886329,"Tennessee
(35.016892, -89.886329)"
Other events,2014:12:BNSF:SF1214117,0,0,500,38600,0,0,0,SHELBY,12/17/2014 0:00,22:09,2014,2015,"M411,","BNSF,",7,"M4,","M,",YARD,Tennessee,35.016892,-89.886329,"Tennessee
(35.016892, -89.886329)"
Derailments,2015:08:BNSF:SF0815102,0,0,6950,37299,0,0,0,SHELBY,8/7/2015 0:00,18:05,2015,2015,"E76L,","BNSF,",7,"E7,","E,",YARD,Tennessee,35.016892,-89.886329,"Tennessee
(35.016892, -89.886329)"
Side collision,2012:11:BNSF:SF1112100,0,0,0,48847,2,1,0,SHELBY,11/3/2012 0:00,5:35,2012,2013,"M206,","BNSF,",67,"M2,","M,",YARD,Tennessee,35.02159,-89.885975,"Tennessee
(35.02159, -89.885975)"
Derailments,2012:12:BNSF:SF1212107,0,0,515000,9302,0,0,0,SHELBY,12/26/2012 0:00,8:45,2012,2013,"M101,","BNSF,",7,"M1,","M,",YARD,Tennessee,35.020934,-89.882843,"Tennessee
(35.020934, -89.882843)"
Derailments,2014:07:BNSF:SF0714110,0,0,1800,23707,0,0,0,SHELBY,7/23/2014 0:00,19:47,2014,2014,"S102,H312,","BNSF,",7,"S1,H3,","S,H,",YARD,Tennessee,35.012613,-89.881444,"Tennessee
(35.012613, -89.881444)"