AccidentType,inckey,Fatalities,Injuries,TrackDamage,EquipmentDamage,HazmatCars,HazmatCarsDerailed,HazmatCarsReleasing,County,DisplayDate,DisplayTime,calendar,Fiscal,AccidentCause,RailroadCodes,RAILEQUIPMENT_TYPE,CauseGroup,CauseDiscipline,TYPE_OF_TRACK,StateName,latitude,longitude,GeoLocation
Derailments,2014:02:BNSF:SF0214105,0,0,500,12285,0,0,0,DE SOTO,2/7/2014 0:00,1:00,2014,2014,"H307,","BNSF,",58,"H3,","H,",YARD,Mississippi,35.009061,-89.878279,"Mississippi
(35.009061, -89.878279)"
Derailments,2011:12:BNSF:CH1211105,0,0,725000,1619682,14,0,0,JO DAVIESS,12/6/2011 0:00,19:45,2011,2012,"E61C,","BNSF,",1,"E6,","E,",MAIN,Illinois,42.000822,-89.867893,"Illinois
(42.000822, -89.867893)"
Derailments,2016:07:UP:0716SL003,0,0,539389,61888,0,0,0,STODDARD,7/7/2016 0:00,1:35,2016,2016,"H306,","UP,",1,"H3,","H,",MAIN,Missouri,36.937589,-89.863186,"Missouri
(36.937589, -89.863186)"
Derailments,2014:02:XCHS:INDUSTRY,0,2,0,59796,0,0,0,SANGAMON,2/13/2014 0:00,2:00,2014,2014,"M101,","BNSF,",1,"M1,","M,",INDUSTRY,Illinois,39.552968,-89.850711,"Illinois
(39.552968, -89.850711)"
Derailments,2013:05:XLOW:INDUSTRY,0,0,0,117035,0,0,0,SANGAMON,5/30/2013 0:00,20:20,2013,2013,"M105,","BNSF,",6,"M1,","M,",INDUSTRY,Illinois,39.552187,-89.849126,"Illinois
(39.552187, -89.849126)"
Other events,2013:09:BNSF:SF0913119,0,0,46959,0,101,0,0,SANGAMON,9/28/2013 0:00,3:15,2013,2013,"H702,","BNSF,",1,"H7,","H,",SIDING,Illinois,39.550302,-89.845832,"Illinois
(39.550302, -89.845832)"
Side collision,2013:02:BNSF:SF0213121,0,0,2800,12860,0,0,0,MISSISSIPPI,2/25/2013 0:00,20:30,2013,2013,"M105,","BNSF,",67,"M1,","M,",YARD,Arkansas,35.9216,-89.844,"Arkansas
(35.9216, -89.844)"
Highway-rail impact,2011:12:BNSF:SF1211201,0,0,22500,20670,0,0,0,PERRY,12/26/2011 0:00,2:40,2011,2012,"M308,","BNSF,",1,"M3,","M,",SIDING,Missouri,37.833678,-89.841439,"Missouri
(37.833678, -89.841439)"
Derailments,2013:02:BNSF:SF0213116,0,0,3500,33810,0,0,0,MISSISSIPPI,2/22/2013 0:00,9:30,2013,2013,"T207,","BNSF,",1,"T2,","T,",YARD,Arkansas,35.921,-89.8381,"Arkansas
(35.921, -89.8381)"
Other impacts,2012:07:UP:0712TC002,0,0,297,18220,0,0,0,ADAMS,7/8/2012 0:00,16:10,2012,2012,"H309,","UP,",76,"H3,","H,",YARD,Wisconsin,43.956127,-89.834002,"Wisconsin
(43.956127, -89.834002)"
Derailments,2015:08:UP:0815TC008,0,0,3810,63526,0,0,0,ADAMS,8/18/2015 0:00,14:49,2015,2015,"T310,","UP,",1,"T3,","T,",YARD,Wisconsin,43.95556,-89.83213,"Wisconsin
(43.95556, -89.83213)"
Derailments,2014:11:BNSF:SF1114105,0,0,12000,26448,11,3,1,MISSISSIPPI,11/11/2014 0:00,11:30,2014,2015,"T207,","BNSF,",7,"T2,","T,",YARD,Arkansas,35.92091,-89.82489,"Arkansas
(35.92091, -89.82489)"
Fire/violent rupture,2016:03:UP:0316TC013,0,0,0,18000,0,0,0,ADAMS,3/28/2016 0:00,14:50,2016,2016,"E71L,","UP,",1,"E7,","E,",MAIN,Wisconsin,43.950794,-89.817469,"Wisconsin
(43.950794, -89.817469)"
Derailments,2012:10:KRRC:1,0,0,12500,39200,0,0,0,ST CLAIR,10/16/2012 0:00,14:48,2012,2013,"T210,","IC,KRRC,",1,"T2,","T,",INDUSTRY,Illinois,38.28995,-89.816696,"Illinois
(38.28995, -89.816696)"
Derailments,2015:06:XDGY:INDUSTRY,0,0,7570,48047,0,0,0,ST CLAIR,6/14/2015 0:00,24:30:00,2015,2015,"T215,T001,","IC,",1,"T2,T0,","T,",INDUSTRY,Illinois,38.264102,-89.814945,"Illinois
(38.264102, -89.814945)"
Highway-rail impact,2012:01:UP:0112SL017,0,2,150400,14927,41,0,0,RANDOLPH,1/25/2012 0:00,9:14,2012,2012,"M304,","UP,",1,"M3,","M,",MAIN,Illinois,37.892412,-89.814385,"Illinois
(37.892412, -89.814385)"
Highway-rail impact,2012:09:UP:0912SL012,0,0,13903,5814,0,0,0,RANDOLPH,9/28/2012 0:00,17:05,2012,2012,"M304,","UP,",1,"M3,","M,",MAIN,Illinois,37.892412,-89.814385,"Illinois
(37.892412, -89.814385)"
Highway-rail impact,2012:07:KCS:12070602,0,0,10000,5000,0,0,0,RANKIN,7/6/2012 0:00,20:19,2012,2012,"M302,","KCS,",1,"M3,","M,",MAIN,Mississippi,32.3114,-89.80425,"Mississippi
(32.3114, -89.80425)"
Derailments,2014:03:UP:0314SL025,0,0,100,22834,0,0,0,RANDOLPH,3/30/2014 0:00,4:30,2014,2014,"S103,","UP,",1,"S1,","S,",SIDING,Illinois,37.884952,-89.799036,"Illinois
(37.884952, -89.799036)"
Other events,2012:01:UP:0112SL007,0,0,19246,0,0,0,0,RANDOLPH,1/13/2012 0:00,2:00,2012,2012,"H607,","UP,",1,"H6,","H,",MAIN,Illinois,37.882279,-89.790861,"Illinois
(37.882279, -89.790861)"
Other events,2016:06:GRYR:GR160606A,0,0,225000,0,0,0,0,GRENADA,6/6/2016 0:00,24:10:00,2016,2016,"T401,","GRYR,",8,"T4,","T,",YARD,Mississippi,33.890085,-89.775458,"Mississippi
(33.890085, -89.775458)"
Other events,2012:05:UP:0512ES009,0,1,0,10534,0,0,0,MACOUPIN,5/21/2012 0:00,14:00,2012,2012,"M599,","UP,",NA,"M5,","M,",MAIN,Illinois,39.475199,-89.770192,"Illinois
(39.475199, -89.770192)"
Obstruction impact,2012:05:UP:0512ES011,0,0,0,38069,0,0,0,MACOUPIN,5/22/2012 0:00,14:00,2012,2012,"M404,","UP,",NA,"M4,","M,",MAIN,Illinois,39.488816,-89.767152,"Illinois
(39.488816, -89.767152)"
Derailments,2014:05:TR:TRL572814O,0,0,22666,662,0,0,0,LINCOLN,5/29/2014 0:00,5:00,2014,2014,"H601,","TR,WC,",1,"H6,","H,",YARD,Wisconsin,45.486087,-89.753151,"Wisconsin
(45.486087, -89.753151)"
Derailments,2012:06:BNSF:SF0612116,0,0,134500,1620634,0,0,0,PEMISCOT,6/21/2012 0:00,2:54,2012,2012,"T216,","BNSF,",1,"T2,","T,",MAIN,Missouri,36.380228,-89.725552,"Missouri
(36.380228, -89.725552)"
Other events,2013:10:BNSF:SF1013129,0,0,0,12000,0,0,0,MACOUPIN,10/8/2013 0:00,11:00,2013,2014,"H997,","BNSF,",NA,"H9,","H,",MAIN,Illinois,39.332324,-89.724531,"Illinois
(39.332324, -89.724531)"
Fire/violent rupture,2014:02:UP:0214SL001,0,0,0,15000,0,0,0,CAPE GIRARDEAU,2/1/2014 0:00,19:00,2014,2014,"E71L,","UP,",1,"E7,","E,",MAIN,Missouri,37.199334,-89.722322,"Missouri
(37.199334, -89.722322)"
Derailments,2015:04:UP:0415PR005,0,0,3101,11070,0,0,0,WHITESIDE,4/10/2015 0:00,13:15,2015,2015,"E64C,","UP,",7,"E6,","E,",YARD,Illinois,41.787903,-89.715009,"Illinois
(41.787903, -89.715009)"
Derailments,2011:09:UP:0911PR004,0,0,21138,151686,2,0,0,WHITESIDE,9/3/2011 0:00,19:35,2011,2011,"H307,","UP,",1,"H3,","H,",YARD,Illinois,41.787697,-89.711454,"Illinois
(41.787697, -89.711454)"
Derailments,2013:04:UP:0413SL009,0,0,306553,1520169,0,0,0,MACOUPIN,4/20/2013 0:00,12:30,2013,2013,"T201,","UP,",1,"T2,","T,",MAIN,Illinois,39.002796,-89.706793,"Illinois
(39.002796, -89.706793)"
Derailments,2014:04:UP:0414SL006,0,0,59550,12441,0,0,0,RANDOLPH,4/9/2014 0:00,22:00,2014,2014,"E61C,","UP,",1,"E6,","E,",MAIN,Illinois,37.841716,-89.704973,"Illinois
(37.841716, -89.704973)"
Derailments,2013:01:IMRR:IMR309813O,0,0,5800,108314,0,0,0,TAZEWELL,1/15/2013 0:00,16:20,2013,2013,"T220,T202,","IMRR,UP,",1,"T2,","T,",INDUSTRY,Illinois,40.53788,-89.703279,"Illinois
(40.53788, -89.703279)"
Derailments,2016:08:UP:0816SL008,0,0,75911,629396,1,1,0,RANDOLPH,8/11/2016 0:00,8:44,2016,2016,"T207,","UP,",1,"T2,","T,",MAIN,Illinois,37.99238,-89.689537,"Illinois
(37.99238, -89.689537)"
Derailments,2012:05:IC:745037,0,0,800000,1446906,0,0,0,COVINGTON,5/9/2012 0:00,7:25,2012,2012,"M507,","IC,",1,"M5,","M,",MAIN,Mississippi,31.7375,-89.6725,"Mississippi
(31.7375, -89.6725)"
Derailments,2014:11:NS:113054,0,0,187102,36500,0,0,0,MONTGOMERY,11/17/2014 0:00,10:05,2014,2015,"T110,","NS,",1,"T1,","T,",SIDING,Illinois,39.14564,-89.667606,"Illinois
(39.14564, -89.667606)"
Derailments,2013:05:UP:0513PR016,0,0,48767,190876,0,0,0,PEORIA,5/16/2013 0:00,17:15,2013,2013,"T001,","UP,",1,"T0,","T,",MAIN,Illinois,40.681256,-89.655669,"Illinois
(40.681256, -89.655669)"
Derailments,2016:03:XGWM:INDUSTRY,0,0,7500,80119,0,0,0,RANDOLPH,3/6/2016 0:00,3:40,2016,2016,"M101,","UP,",1,"M1,","M,",INDUSTRY,Illinois,38.161208,-89.654309,"Illinois
(38.161208, -89.654309)"
Derailments,2013:10:XCM1:INDUSTRY,0,0,105460,4638,0,0,0,MONTGOMERY,10/12/2013 0:00,18:45,2013,2014,"M504,M101,","IC,",1,"M5,M1,","M,",INDUSTRY,Illinois,39.434,-89.653153,"Illinois
(39.434, -89.653153)"
Other impacts,2013:11:IC:796529,0,0,250,104557,0,0,0,TAZEWELL,11/5/2013 0:00,4:00,2013,2014,"H702,","IC,",1,"H7,","H,",SIDING,Illinois,40.50368,-89.651846,"Illinois
(40.50368, -89.651846)"
Derailments,2013:10:BNSF:SF1013104,0,0,16600,15716,0,0,0,SCOTT,10/11/2013 0:00,9:10,2013,2014,"T319,","BNSF,",1,"T3,","T,",YARD,Missouri,37.187788,-89.649046,"Missouri
(37.187788, -89.649046)"
Side collision,2011:08:XWPS:INDUSTRY,0,0,0,16000,0,0,0,MARATHON,8/7/2011 0:00,1:40,2011,2011,"M501,","WC,",87,"M5,","M,",INDUSTRY,Wisconsin,44.85669,-89.64641,"Wisconsin
(44.85669, -89.64641)"
Derailments,2015:03:UP:0315SL021,0,0,22644,36453,0,0,0,RANDOLPH,3/31/2015 0:00,15:05,2015,2015,"H607,","UP,",1,"H6,","H,",MAIN,Illinois,38.165091,-89.646276,"Illinois
(38.165091, -89.646276)"
Derailments,2015:07:XWPS:INDUSTRY,0,0,70338,33000,0,0,0,MARATHON,7/4/2015 0:00,16:30,2015,2015,"T313,T314,","WC,",1,"T3,","T,",INDUSTRY,Wisconsin,44.8572,-89.64621,"Wisconsin
(44.8572, -89.64621)"
Derailments,2015:07:CC:858570,0,0,14794,10375,35,0,0,STEPHENSON,7/12/2015 0:00,2:50,2015,2015,"H511,H522,","CC,",1,"H5,","H,",YARD,Illinois,42.305127,-89.638278,"Illinois
(42.305127, -89.638278)"
Other impacts,2013:12:XGWM:INDUSTRY,0,0,0,12302,0,0,0,RANDOLPH,12/3/2013 0:00,9:00,2013,2014,"M501,","UP,",1,"M5,","M,",INDUSTRY,Illinois,38.168186,-89.637875,"Illinois
(38.168186, -89.637875)"
Derailments,2015:11:BNSF:CH1115111,0,0,8000,104549,0,0,0,PEORIA,11/25/2015 0:00,13:28,2015,2016,"T111,","BNSF,",1,"T1,","T,",SIDING,Illinois,40.659622,-89.636076,"Illinois
(40.659622, -89.636076)"
Derailments,2013:01:UP:0113SL008,0,0,283970,2614633,0,0,0,SCOTT,1/29/2013 0:00,21:20,2013,2013,"M105,","UP,",1,"M1,","M,",MAIN,Missouri,37.204798,-89.633106,"Missouri
(37.204798, -89.633106)"
Derailments,2013:04:UP:0413SL010,0,0,122056,127040,0,0,0,SCOTT,4/22/2013 0:00,16:05,2013,2013,"E4TL,","BNSF,UP,",1,"E4,","E,",MAIN,Missouri,37.204754,-89.633104,"Missouri
(37.204754, -89.633104)"
Side collision,2013:05:UP:0513SL011,0,7,4221368,4465401,0,0,0,SCOTT,5/25/2013 0:00,2:35,2013,2013,"H221,H605,","BNSF,UP,",11,"H2,H6,H2,H6,","H,",MAIN,Missouri,41.255759,-89.633104,"Missouri
(41.255759, -89.633104)"
Derailments,2013:01:IMRR:IMR310413R,0,0,4000,48000,0,0,0,SANGAMON,1/20/2013 0:00,1:05,2013,2013,"T220,","IMRR,",1,"T2,","T,",YARD,Illinois,39.597264,-89.632882,"Illinois
(39.597264, -89.632882)"
Derailments,2011:10:UP:1011PR002,0,0,41759,1049702,2,2,0,WHITESIDE,10/2/2011 0:00,7:54,2011,2012,"T207,","UP,",1,"T2,","T,",MAIN,Illinois,41.652581,-89.63099,"Illinois
(41.652581, -89.63099)"
Highway-rail impact,2012:11:BNSF:SF1112200,0,0,0,75000,0,0,0,CAPE GIRARDEAU,11/2/2012 0:00,14:15,2012,2013,"M302,","BNSF,",9,"M3,","M,",MAIN,Missouri,37.2332,-89.6249,"Missouri
(37.2332, -89.6249)"
Highway-rail impact,2013:01:BNSF:SF0113201,0,1,70000,5000,0,0,0,CAPE GIRARDEAU,1/21/2013 0:00,9:45,2013,2013,"M302,","BNSF,",1,"M3,","M,",MAIN,Missouri,37.2332,-89.6249,"Missouri
(37.2332, -89.6249)"
Derailments,2011:10:BNSF:SF1011102,0,0,67500,459864,7,0,0,SCOTT,10/5/2011 0:00,14:00,2011,2012,"H519,","BNSF,",1,"H5,","H,",MAIN,Missouri,37.239095,-89.617582,"Missouri
(37.239095, -89.617582)"
Derailments,2013:02:BNSF:SF0213122,0,0,190760,592115,0,0,0,NEW MADRID,2/26/2013 0:00,5:08,2013,2013,"E61C,","BNSF,UP,",1,"E6,","E,",MAIN,Missouri,36.590938,-89.614207,"Missouri
(36.590938, -89.614207)"
Derailments,2012:08:KCS:12080702,0,0,65058,3262,0,0,0,SCOTT,8/7/2012 0:00,15:32,2012,2012,"H702,","KCS,",4,"H7,","H,",INDUSTRY,Mississippi,32.355165,-89.613438,"Mississippi
(32.355165, -89.613438)"
Derailments,2012:01:WC:732560,0,0,12305,6247,0,0,0,MARATHON,1/12/2012 0:00,18:20,2012,2012,"H704,","WC,",7,"H7,","H,",YARD,Wisconsin,44.941095,-89.61071,"Wisconsin
(44.941095, -89.61071)"
Highway-rail impact,2015:03:CSX:000143735,1,0,9839,4500,0,0,0,MADISON,3/26/2015 0:00,14:07,2015,2015,"M308,","CSX,",1,"M3,","M,",MAIN,Illinois,38.780344,-89.598952,"Illinois
(38.780344, -89.598952)"
Derailments,2012:07:TZPR:TZP259912O,0,0,516,11334,0,0,0,TAZEWELL,7/2/2012 0:00,4:45,2012,2012,"T314,","NS,TZPR,",8,"T3,","T,",MAIN,Illinois,40.695325,-89.595716,"Illinois
(40.695325, -89.595716)"
Highway-rail impact,2015:06:XMWT:INDUSTRY,0,3,3232,13000,0,0,0,RANDOLPH,6/3/2015 0:00,11:40,2015,2015,"M308,M304,","IC,",1,"M3,","M,",INDUSTRY,Illinois,38.010369,-89.593966,"Illinois
(38.010369, -89.593966)"
Derailments,2014:05:XCHG:INDUSTRY,0,0,6500,78836,0,0,0,COVINGTON,5/21/2014 0:00,23:10,2014,2014,"T111,","IC,",1,"T1,","T,",INDUSTRY,Mississippi,31.679415,-89.591129,"Mississippi
(31.679415, -89.591129)"
Derailments,2013:10:AECX:INDUSTRY,0,0,45000,57523,0,0,0,NEW MADRID,10/11/2013 0:00,2:30,2013,2014,"H307,","UP,",1,"H3,","H,",INDUSTRY,Missouri,36.547568,-89.582036,"Missouri
(36.547568, -89.582036)"
Derailments,2015:02:TPW:TPW694315R,0,0,4000,30000,0,0,0,TAZEWELL,2/15/2015 0:00,14:55,2015,2015,"M101,","TPW,",7,"M1,","M,",SIDING,Illinois,40.666149,-89.580097,"Illinois
(40.666149, -89.580097)"
Other events,2015:11:NS:118339,0,0,14500,0,0,0,0,FAYETTE,11/23/2015 0:00,13:42,2015,2016,"H221,H306,","NS,",7,"H2,H3,","H,",MAIN,Tennessee,35.048109,-89.568087,"Tennessee
(35.048109, -89.568087)"
Other impacts,2014:04:WC:810043,0,0,113,15737,0,0,0,PORTAGE,4/4/2014 0:00,16:25,2014,2014,"H317,","WC,",7,"H3,","H,",YARD,Wisconsin,44.512988,-89.559924,"Wisconsin
(44.512988, -89.559924)"
Other impacts,2015:04:WC:845809,0,0,113,11557,0,0,0,PORTAGE,4/3/2015 0:00,2:00,2015,2015,"H302,","WC,",7,"H3,","H,",YARD,Wisconsin,44.512985,-89.557011,"Wisconsin
(44.512985, -89.557011)"
Derailments,2012:06:WC:749611,0,0,11831,738,2,0,0,PORTAGE,6/23/2012 0:00,1:00,2012,2012,"E02C,","WC,",7,"E0,","E,",YARD,Wisconsin,44.513155,-89.556942,"Wisconsin
(44.513155, -89.556942)"
Other impacts,2014:09:WC:825561,0,0,0,25134,3,0,0,PORTAGE,9/5/2014 0:00,17:30,2014,2014,"H018,","WC,",16,"H0,","H,",YARD,Wisconsin,44.513095,-89.547954,"Wisconsin
(44.513095, -89.547954)"
Derailments,2015:04:BNSF:CH0415110,0,0,0,13572,0,0,0,PEORIA,4/21/2015 0:00,15:55,2015,2015,"E33C,","BNSF,",1,"E3,","E,",MAIN,Illinois,40.925357,-89.536053,"Illinois
(40.925357, -89.536053)"
Derailments,2015:09:MSCI:09022015,0,0,10000,110000,0,0,0,LAFAYETTE,9/2/2015 0:00,14:15,2015,2015,"T110,","MSCI,",1,"T1,","T,",MAIN,Mississippi,34.462778,-89.528333,"Mississippi
(34.462778, -89.528333)"
Derailments,2015:09:RNA:09032015,0,0,10800,18932,0,0,0,TIPPAH,9/3/2015 0:00,24:45:00,2015,2015,"T101,","RNA,",1,"T1,","T,",MAIN,Mississippi,34.462778,-89.528333,"Mississippi
(34.462778, -89.528333)"
Rear end collision,2013:06:NS:105208,0,0,0,20000,0,0,0,CLINTON,6/24/2013 0:00,24:56:00,2013,2013,"H997,","NS,",NA,"H9,","H,",MAIN,Illinois,38.549246,-89.522713,"Illinois
(38.549246, -89.522713)"
Derailments,2012:06:BNSF:SF0612125,0,0,428187,438075,0,0,0,PERRY,6/30/2012 0:00,14:35,2012,2012,"T109,","BNSF,",1,"T1,","T,",MAIN,Missouri,37.615142,-89.515541,"Missouri
(37.615142, -89.515541)"
Derailments,2012:01:IC:732025,0,0,23000,12000,22,1,0,COVINGTON,1/7/2012 0:00,8:35,2012,2012,"E53C,","IC,",1,"E5,","E,",MAIN,Mississippi,31.5947,-89.5119,"Mississippi
(31.5947, -89.5119)"
Derailments,2014:03:BNSF:SF0314100,0,0,340000,8090,0,0,0,CAPE GIRARDEAU,3/9/2014 0:00,6:15,2014,2014,"E60C,","BNSF,",1,"E6,","E,",MAIN,Missouri,37.331276,-89.495197,"Missouri
(37.331276, -89.495197)"
Derailments,2011:10:IAIS:2011072,0,0,149130,1556883,65,10,9,BUREAU,10/7/2011 0:00,2:14,2011,2012,"T207,","IAIS,",1,"T2,","T,",MAIN,Illinois,41.289932,-89.478321,"Illinois
(41.289932, -89.478321)"
Derailments,2014:09:UP:0914SL007,0,0,17525,7567,0,0,0,JACKSON,9/18/2014 0:00,6:34,2014,2014,"H607,","UP,",1,"H6,","H,",MAIN,Illinois,37.722834,-89.478088,"Illinois
(37.722834, -89.478088)"
Derailments,2011:10:IC:724975,0,0,172124,55950,49,4,0,OBION,10/20/2011 0:00,5:00,2011,2012,"T220,","IC,",1,"T2,","T,",MAIN,Tennessee,36.83417,-89.46917,"Tennessee
(36.83417, -89.46917)"
Derailments,2012:01:UP:0112SL008,0,0,31712,6859,23,0,0,JACKSON,1/14/2012 0:00,6:37,2012,2012,"E67C,","UP,",1,"E6,","E,",MAIN,Illinois,37.678116,-89.467559,"Illinois
(37.678116, -89.467559)"
Derailments,2012:08:UP:0812SL015,0,0,198390,7185,0,0,0,JACKSON,8/28/2012 0:00,1:43,2012,2012,"M204,","UP,",1,"M2,","M,",MAIN,Illinois,37.630966,-89.464472,"Illinois
(37.630966, -89.464472)"
Derailments,2014:02:BNSF:SF0214121,0,0,35000,10000,0,0,0,CAPE GIRARDEAU,2/12/2014 0:00,17:15,2014,2014,"E49C,","BNSF,",1,"E4,","E,",MAIN,Missouri,37.455556,-89.463741,"Missouri
(37.455556, -89.463741)"
Derailments,2014:06:NS:111088,0,0,54335,115,0,0,0,LAMAR,6/29/2014 0:00,17:10,2014,2014,"H702,","NS,",1,"H7,","H,",MAIN,Mississippi,30.988904,-89.458644,"Mississippi
(30.988904, -89.458644)"
Derailments,2014:06:NS:111009,0,1,388384,347742,0,0,0,LAMAR,6/25/2014 0:00,3:55,2014,2014,"H506,","NS,",11,"H5,","H,",MAIN,Mississippi,31.005414,-89.447329,"Mississippi
(31.005414, -89.447329)"
Fire/violent rupture,2014:05:UP:0514SL020,0,0,0,99921,0,0,0,JACKSON,5/25/2014 0:00,2:42,2014,2014,"M406,","UP,",1,"M4,","M,",SIDING,Illinois,37.756091,-89.442209,"Illinois
(37.756091, -89.442209)"
Highway-rail impact,2016:05:NS:120654,0,1,45000,5000,1,0,0,LAMAR,5/26/2016 0:00,9:45,2016,2016,"M302,","NS,",1,"M3,","M,",MAIN,Mississippi,31.077129,-89.436204,"Mississippi
(31.077129, -89.436204)"
Other impacts,2016:03:BNSF:SF0316100,0,0,0,11264,0,0,0,MARSHALL,3/1/2016 0:00,9:40,2016,2016,"H307,H302,","BNSF,",1,"H3,","H,",MAIN,Mississippi,34.775478,-89.4349,"Mississippi
(34.775478, -89.4349)"
Obstruction impact,2015:05:UP:0515SL008,0,0,0,44105,17,0,0,JACKSON,5/15/2015 0:00,3:05,2015,2015,"M101,","UP,",1,"M1,","M,",MAIN,Illinois,37.7678,-89.42636,"Illinois
(37.7678, -89.42636)"
Derailments,2014:03:IMRR:IMR539614D,0,2,23404,258000,0,0,0,TAZEWELL,3/28/2014 0:00,12:05,2014,2014,"T110,","IMRR,",7,"T1,","T,",INDUSTRY,Illinois,40.335,-89.401,"Illinois
(40.335, -89.401)"
Highway-rail impact,2013:12:CSX:000124018,0,0,2554,23574,0,0,0,HAYWOOD,12/20/2013 0:00,2:04,2013,2014,"M304,","CSX,",1,"M3,","M,",MAIN,Tennessee,35.462669,-89.398988,"Tennessee
(35.462669, -89.398988)"
Highway-rail impact,2013:10:NS:106696,0,0,0,30000,0,0,0,SANGAMON,10/9/2013 0:00,7:45,2013,2014,"M303,","NS,",1,"M3,","M,",MAIN,Illinois,39.852876,-89.390589,"Illinois
(39.852876, -89.390589)"
Obstruction impact,2016:03:IC:885966,0,0,0,20389,0,0,0,DYER,3/13/2016 0:00,5:38,2016,2016,"M404,","ATK,IC,",2,"M4,","M,",MAIN,Tennessee,35.97495,-89.386482,"Tennessee
(35.97495, -89.386482)"
Derailments,2012:07:NS:100746,0,0,10000,3900,0,0,0,LAMAR,7/30/2012 0:00,21:50,2012,2012,"T311,","NS,",1,"T3,","T,",INDUSTRY,Mississippi,31.227285,-89.385081,"Mississippi
(31.227285, -89.385081)"
Derailments,2011:12:IAIS:2011178,0,0,11034,15600,0,0,0,BUREAU,12/30/2011 0:00,17:00,2011,2012,"T111,","IAIS,",1,"T1,","T,",SIDING,Illinois,41.287997,-89.374208,"Illinois
(41.287997, -89.374208)"
Derailments,2011:08:BNSF:CH0811102,0,0,11000,12000,0,0,0,OGLE,8/3/2011 0:00,14:20,2011,2011,"H019,T110,","BNSF,IR,",1,"H0,T1,","H,T,",INDUSTRY,Illinois,41.998172,-89.366601,"Illinois
(41.998172, -89.366601)"
Derailments,2013:08:IAIS:2013033,0,0,0,10999,0,0,0,BUREAU,8/1/2013 0:00,10:50,2013,2013,"H607,","IAIS,",1,"H6,","H,",SIDING,Illinois,41.287865,-89.366487,"Illinois
(41.287865, -89.366487)"
Highway-rail impact,2012:01:BNSF:CH0112201,0,0,35500,2500,3,0,0,OGLE,1/20/2012 0:00,2:25,2012,2012,"M308,","BNSF,",1,"M3,","M,",MAIN,Illinois,42.998024,-89.364076,"Illinois
(42.998024, -89.364076)"
Derailments,2013:10:BNSF:SF1013117,0,0,36500,1163950,19,6,1,BOND,10/21/2013 0:00,5:57,2013,2014,"T201,","BNSF,CSX,",1,"T2,","T,",MAIN,Illinois,38.8928,-89.340767,"Illinois
(38.8928, -89.340767)"
Derailments,2014:12:BNSF:CH1214110,0,0,10000,20000,0,0,0,OGLE,12/16/2014 0:00,10:13,2014,2015,"T222,","BNSF,IR,",6,"T2,","T,",YARD,Illinois,42.001459,-89.334702,"Illinois
(42.001459, -89.334702)"
Derailments,2016:08:TPW:TPW052916R,0,0,0,290350,0,0,0,WOODFORD,8/12/2016 0:00,20:30,2016,2016,"T111,","TPW,",1,"T1,","T,",INDUSTRY,Illinois,40.722,-89.31,"Illinois
(40.722, -89.31)"
Fire/violent rupture,2012:07:SOO:232740,0,0,0,33943,0,0,0,COLUMBIA,7/26/2012 0:00,15:40,2012,2012,"E71L,","SOO,",1,"E7,","E,",SIDING,Wisconsin,43.488693,-89.288993,"Wisconsin
(43.488693, -89.288993)"
Highway-rail impact,2015:11:CSX:000154639,0,0,6050,9542,0,0,0,HAYWOOD,11/24/2015 0:00,18:30,2015,2016,"M302,","CSX,",1,"M3,","M,",MAIN,Tennessee,35.542125,-89.286122,"Tennessee
(35.542125, -89.286122)"
Other impacts,2016:07:IC:894841,0,0,495,57000,12,2,0,FORREST,7/16/2016 0:00,10:10,2016,2016,"H310,","IC,",7,"H3,","H,",YARD,Mississippi,31.310078,-89.281675,"Mississippi
(31.310078, -89.281675)"
Derailments,2012:07:WC:753110,0,0,244700,19293,47,1,0,PORTAGE,7/27/2012 0:00,4:49,2012,2012,"H218,","WC,",1,"H2,","H,",MAIN,Wisconsin,44.45472,-89.27528,"Wisconsin
(44.45472, -89.27528)"
Derailments,2012:02:CGBX:INDUSTRY,0,0,25160,109800,0,0,0,ALEXANDER,2/25/2012 0:00,13:30,2012,2012,"M501,","IC,",76,"M5,","M,",INDUSTRY,Illinois,37.151111,-89.27,"Illinois
(37.151111, -89.27)"
Derailments,2012:10:SOO:234057,0,0,277800,722700,0,0,0,COLUMBIA,10/27/2012 0:00,19:30,2012,2013,"T220,","SOO,",1,"T2,","T,",MAIN,Wisconsin,43.32199,-89.26013,"Wisconsin
(43.32199, -89.26013)"
Highway-rail impact,2014:12:CC:834267,1,0,6001,30552,0,0,0,WINNEBAGO,12/3/2014 0:00,9:09,2014,2015,"M308,","CC,",1,"M3,","M,",MAIN,Illinois,42.243399,-89.245865,"Illinois
(42.243399, -89.245865)"
Derailments,2013:02:IC:771633,0,0,150,24382,0,0,0,JACKSON,2/22/2013 0:00,21:58,2013,2013,"T220,","ATK,IC,",2,"T2,","T,",YARD,Illinois,37.708592,-89.213855,"Illinois
(37.708592, -89.213855)"
Derailments,2014:03:NS:109797,0,0,279147,28612,0,0,0,JONES,3/28/2014 0:00,3:30,2014,2014,"H526,","NS,",1,"H5,","H,",MAIN,Mississippi,31.601236,-89.199988,"Mississippi
(31.601236, -89.199988)"
Derailments,2015:02:IC:841316,0,0,25005,158127,0,0,0,ALEXANDER,2/19/2015 0:00,10:00,2015,2015,"E41C,","IC,",1,"E4,","E,",YARD,Illinois,37.038195,-89.197652,"Illinois
(37.038195, -89.197652)"