AccidentType,inckey,Fatalities,Injuries,TrackDamage,EquipmentDamage,HazmatCars,HazmatCarsDerailed,HazmatCarsReleasing,County,DisplayDate,DisplayTime,calendar,Fiscal,AccidentCause,RailroadCodes,RAILEQUIPMENT_TYPE,CauseGroup,CauseDiscipline,TYPE_OF_TRACK,StateName,latitude,longitude,GeoLocation
Derailments,2015:01:CSX:000140514,0,0,2500,42710,0,0,0,FAYETTE,1/22/2015 0:00,22:36,2015,2015,"E32C,","CSX,",1,"E3,","E,",MAIN,Illinois,38.933558,-89.197346,"Illinois
(38.933558, -89.197346)"
Highway-rail impact,2012:07:NS:100404,0,0,10000,170,1,0,0,JONES,7/5/2012 0:00,9:20,2012,2012,"M302,","NS,",1,"M3,","M,",MAIN,Mississippi,31.605454,-89.196818,"Mississippi
(31.605454, -89.196818)"
Other events,2012:07:IC:752733,0,0,25,11200,5,0,0,ALEXANDER,7/21/2012 0:00,20:35,2012,2012,"E27C,","IC,",1,"E2,","E,",MAIN,Illinois,37.04541,-89.1927,"Illinois
(37.04541, -89.1927)"
Derailments,2015:02:IC:839947,0,0,354162,2396,0,0,0,OBION,2/5/2015 0:00,16:45,2015,2015,"E53C,","IC,",1,"E5,","E,",MAIN,Tennessee,36.203176,-89.19249,"Tennessee
(36.203176, -89.19249)"
Derailments,2013:06:IR:IR130244,0,0,55000,60000,0,0,0,LA SALLE,6/10/2013 0:00,11:00,2013,2013,"T101,","IR,",1,"T1,","T,",MAIN,Illinois,41.352452,-89.174983,"Illinois
(41.352452, -89.174983)"
Derailments,2015:03:IC:845106,0,0,3300,13771,0,0,0,ALEXANDER,3/29/2015 0:00,24:45:00,2015,2015,"H704,","IC,",1,"H7,","H,",YARD,Illinois,37.009782,-89.173465,"Illinois
(37.009782, -89.173465)"
Derailments,2014:05:WC:812352,0,0,7057,43286,2,0,0,WAUPACA,5/2/2014 0:00,20:20,2014,2014,"E32C,","WC,",1,"E3,","E,",MAIN,Wisconsin,44.394254,-89.16096,"Wisconsin
(44.394254, -89.16096)"
Derailments,2016:07:CP:1000421892,0,0,2114,11323,1,0,0,COLUMBIA,7/11/2016 0:00,14:25,2016,2016,"T314,","CP,",1,"T3,","T,",YARD,Wisconsin,43.5473,-89.15838,"Wisconsin
(43.5473, -89.15838)"
Derailments,2013:06:UP:0613SL007,0,0,8966,61251,0,0,0,WILLIAMSON,6/18/2013 0:00,15:15,2013,2013,"T108,","UP,",1,"T1,","T,",MAIN,Illinois,37.84423,-89.135765,"Illinois
(37.84423, -89.135765)"
Other events,2013:10:BNSF:CH1013119,0,0,1000,22525,0,0,0,MARSHALL,10/22/2013 0:00,13:00,2013,2014,"H997,","BNSF,",9,"H9,","H,",MAIN,Illinois,41.000131,-89.134108,"Illinois
(41.000131, -89.134108)"
Derailments,2012:07:WSOR:D756812,0,0,17333,60460,0,0,0,DANE,7/4/2012 0:00,14:35,2012,2012,"T109,","WSOR,",1,"T1,","T,",MAIN,Wisconsin,43.043128,-89.133501,"Wisconsin
(43.043128, -89.133501)"
Derailments,2013:01:BNSF:CH0113117,0,0,18000,650,0,0,0,LA SALLE,1/27/2013 0:00,23:55,2013,2013,"E06C,","BNSF,",1,"E0,","E,",MAIN,Illinois,41.537897,-89.132685,"Illinois
(41.537897, -89.132685)"
Derailments,2013:08:KCS:13081202,0,0,19978,13845,0,0,0,NESHOBA,8/12/2013 0:00,19:20,2013,2013,"T207,","KCS,",7,"T2,","T,",YARD,Mississippi,32.57694,-89.129416,"Mississippi
(32.57694, -89.129416)"
Obstruction impact,2014:09:KCS:14090301,0,0,0,12622,0,0,0,NEWTON,9/3/2014 0:00,3:02,2014,2014,"M404,","KCS,",1,"M4,","M,",MAIN,Mississippi,32.319866,-89.121455,"Mississippi
(32.319866, -89.121455)"
Other impacts,2015:03:KCS:15030201,0,0,0,27006,0,0,0,NEWTON,3/2/2015 0:00,24:15:00,2015,2015,"H318,","KCS,",67,"H3,","H,",YARD,Mississippi,32.566917,-89.120556,"Mississippi
(32.566917, -89.120556)"
Other events,2015:10:BNSF:CH1015108,0,0,0,26765,0,0,0,LA SALLE,10/27/2015 0:00,10:30,2015,2016,"H302,","BNSF,",7,"H3,","H,",YARD,Illinois,41.551031,-89.117171,"Illinois
(41.551031, -89.117171)"
Derailments,2012:02:UP:0212PR031,0,0,810,111335,0,0,0,OGLE,2/28/2012 0:00,12:58,2012,2012,"H601,","UP,",67,"H6,","H,",YARD,Illinois,41.901095,-89.116073,"Illinois
(41.901095, -89.116073)"
Derailments,2012:05:BNSF:CH0512102,0,0,603590,2372260,4,2,0,MARSHALL,5/6/2012 0:00,15:45,2012,2012,"M105,","BNSF,",1,"M1,","M,",MAIN,Illinois,41.002765,-89.115332,"Illinois
(41.002765, -89.115332)"
Highway-rail impact,2011:10:CSX:000096028,0,0,11557,8568,0,0,0,HAYWOOD,10/25/2011 0:00,17:00,2011,2012,"M302,","CSX,",1,"M3,","M,",MAIN,Tennessee,35.689599,-89.114893,"Tennessee
(35.689599, -89.114893)"
Highway-rail impact,2013:01:BNSF:SF0113202,0,1,180000,2500,0,0,0,UNION,1/22/2013 0:00,7:40,2013,2013,"M303,","BNSF,",1,"M3,","M,",MAIN,Mississippi,34.556654,-89.113693,"Mississippi
(34.556654, -89.113693)"
Highway-rail impact,2015:08:UP:0815SL004,0,0,12630,33674,0,0,0,MCLEAN,8/5/2015 0:00,11:15,2015,2015,"M308,","UP,",NA,"M3,","M,",MAIN,Illinois,40.363659,-89.112487,"Illinois
(40.363659, -89.112487)"
Derailments,2012:02:BNSF:CH0212104,0,0,66000,7300,0,0,0,LA SALLE,2/8/2012 0:00,12:07,2012,2012,"T211,","BNSF,",1,"T2,","T,",SIDING,Illinois,41.556794,-89.106602,"Illinois
(41.556794, -89.106602)"
Highway-rail impact,2014:10:CSX:000137001,4,1,15281,100,8,0,0,FAYETTE,10/30/2014 0:00,18:49,2014,2015,"M399,","CSX,",1,"M3,","M,",MAIN,Illinois,38.961722,-89.099225,"Illinois
(38.961722, -89.099225)"
Derailments,2012:01:KCS:12013101,0,0,5148,13700,23,0,0,HARRISON,1/31/2012 0:00,13:25,2012,2012,"E51L,","KCS,",1,"E5,","E,",YARD,Mississippi,30.398671,-89.095672,"Mississippi
(30.398671, -89.095672)"
Derailments,2015:06:IR:IR151158,0,0,14784,228105,0,0,0,WINNEBAGO,6/16/2015 0:00,24:40:00,2015,2015,"T110,","CP,IR,",1,"T1,","T,",MAIN,Illinois,42.163043,-89.088701,"Illinois
(42.163043, -89.088701)"
Highway-rail impact,2014:11:BNSF:SF1114200,0,0,18006,6000,0,0,0,UNION,11/14/2014 0:00,19:40,2014,2015,"M302,","BNSF,",1,"M3,","M,",MAIN,Mississippi,34.532576,-89.07918,"Mississippi
(34.532576, -89.07918)"
Derailments,2014:01:UP:0114PR038,0,0,1000,10827,0,0,0,LA SALLE,1/26/2014 0:00,18:40,2014,2014,"H306,H305,","UP,",7,"H3,","H,",INDUSTRY,Illinois,41.464618,-89.07896,"Illinois
(41.464618, -89.07896)"
Derailments,2013:05:UP:0513PR002,0,0,2500,18376,0,0,0,LA SALLE,5/3/2013 0:00,18:15,2013,2013,"H303,","UP,",1,"H3,","H,",YARD,Illinois,41.464708,-89.07882,"Illinois
(41.464708, -89.07882)"
Raking collision,2014:10:UP:1014PR005,0,0,11700,3937,0,0,0,OGLE,10/10/2014 0:00,10:15,2014,2015,"H306,","UP,",81,"H3,","H,",YARD,Illinois,41.919223,-89.077257,"Illinois
(41.919223, -89.077257)"
Derailments,2013:11:BNSF:CH1113111,0,0,75000,72111,0,0,0,OGLE,11/29/2013 0:00,6:15,2013,2014,"E06C,","BNSF,",1,"E0,","E,",MAIN,Illinois,41.920049,-89.060293,"Illinois
(41.920049, -89.060293)"
Derailments,2014:08:XCRP:INDUSTRY,0,0,4505,47000,0,0,0,OBION,8/9/2014 0:00,18:30,2014,2014,"T202,","IC,",1,"T2,","T,",INDUSTRY,Tennessee,36.427046,-89.058589,"Tennessee
(36.427046, -89.058589)"
Derailments,2014:01:IC:803523,0,0,178489,1753256,48,15,7,PERRY,1/31/2014 0:00,8:30,2014,2014,"T202,","IC,",1,"T2,","T,",MAIN,Mississippi,31.204433,-89.057053,"Mississippi
(31.204433, -89.057053)"
Obstruction impact,2011:11:XNCL:INDUSTRY,0,0,0,39238,0,0,0,LA SALLE,11/24/2011 0:00,5:30,2011,2012,"M404,","BNSF,",1,"M4,","M,",INDUSTRY,Illinois,41.566495,-89.054287,"Illinois
(41.566495, -89.054287)"
Other impacts,2013:02:CP:235767,0,0,0,85768,6,0,0,OGLE,2/20/2013 0:00,20:45,2013,2013,"H601,H318,","CP,",1,"H6,H3,","H,",SIDING,Illinois,42.06001,-89.04917,"Illinois
(42.06001, -89.04917)"
Derailments,2014:04:WSOR:D752914,0,0,7400,13800,19,0,0,ROCK,4/4/2014 0:00,15:15,2014,2014,"T310,","WSOR,",1,"T3,","T,",MAIN,Wisconsin,42.679114,-89.032971,"Wisconsin
(42.679114, -89.032971)"
Side collision,2012:09:UP:0912SL005,0,1,0,122960,0,0,0,JEFFERSON,9/8/2012 0:00,11:40,2012,2012,"M105,","UP,",16,"M1,","M,",MAIN,Illinois,38.220882,-89.028797,"Illinois
(38.220882, -89.028797)"
Derailments,2015:03:UP:0315PR011,0,0,8948,3265,0,0,0,ROCK,3/14/2015 0:00,19:47,2015,2015,"T110,T113,","UP,WSOR,",1,"T1,","T,",INDUSTRY,Wisconsin,42.703293,-89.025092,"Wisconsin
(42.703293, -89.025092)"
Highway-rail impact,2016:07:IC:894442,0,2,25,27000,35,0,0,PERRY,7/12/2016 0:00,8:20,2016,2016,"M302,","IC,",1,"M3,","M,",MAIN,Mississippi,31.202185,-89.018936,"Mississippi
(31.202185, -89.018936)"
Derailments,2014:09:RNA:09042014,0,0,0,11034,0,0,0,TIPPAH,9/4/2014 0:00,24:30:00,2014,2014,"T101,","RNA,",1,"T1,","T,",MAIN,Mississippi,34.626667,-89.016944,"Mississippi
(34.626667, -89.016944)"
Derailments,2015:04:WSOR:D752115,0,0,7808,265486,0,0,0,ROCK,4/20/2015 0:00,20:55,2015,2015,"T220,","WSOR,",1,"T2,","T,",MAIN,Wisconsin,42.66504,-89.01329,"Wisconsin
(42.66504, -89.01329)"
Derailments,2013:11:RNA:11142013,0,0,7585,2357,0,0,0,UNION,11/14/2013 0:00,10:20,2013,2014,"T103,","RNA,",1,"T1,","T,",MAIN,Mississippi,34.375502,-89.011206,"Mississippi
(34.375502, -89.011206)"
Derailments,2013:10:UP:1013SL014,0,0,20932,942469,0,0,0,FRANKLIN,10/27/2013 0:00,13:45,2013,2014,"T201,","BNSF,UP,",1,"T2,","T,",MAIN,Illinois,37.929346,-89.010164,"Illinois
(37.929346, -89.010164)"
Derailments,2013:07:IC:784818,0,0,1451,10337,0,0,0,HICKMAN,7/7/2013 0:00,14:22,2013,2013,"E33C,","IC,",1,"E3,","E,",MAIN,Kentucky,36.716669,-89.009561,"Kentucky
(36.716669, -89.009561)"
Derailments,2015:11:UP:1115PR011,0,0,300,37444,0,0,0,ROCK,11/27/2015 0:00,19:55,2015,2016,"S104,S103,","UP,",8,"S1,","S,",YARD,Wisconsin,42.647904,-89.009162,"Wisconsin
(42.647904, -89.009162)"
Derailments,2013:01:UP:0113SL004,0,0,6780,16827,0,0,0,MCLEAN,1/9/2013 0:00,21:00,2013,2013,"T220,","UP,",7,"T2,","T,",YARD,Illinois,40.478057,-89.008822,"Illinois
(40.478057, -89.008822)"
Derailments,2014:04:UP:0414SL011,0,1,393184,40483,0,0,0,MCLEAN,4/11/2014 0:00,20:40,2014,2014,"M507,","UP,",7,"M5,","M,",YARD,Illinois,40.487047,-89.002753,"Illinois
(40.487047, -89.002753)"
Derailments,2013:01:IC:767426,0,0,250,160908,0,0,0,MACON,1/6/2013 0:00,21:15,2013,2013,"H310,","IC,",6,"H3,","H,",YARD,Illinois,39.809492,-88.946858,"Illinois
(39.809492, -88.946858)"
Derailments,2011:11:IC:726689,0,0,8659,161000,0,0,0,MACON,11/5/2011 0:00,1:40,2011,2012,"T220,","IC,",1,"T2,","T,",YARD,Illinois,39.86749,-88.94561,"Illinois
(39.86749, -88.94561)"
Other impacts,2015:08:IC:863187,0,0,25,15700,1,1,0,HICKMAN,8/23/2015 0:00,8:05,2015,2015,"H018,","IC,",1,"H0,","H,",MAIN,Kentucky,36.585095,-88.943249,"Kentucky
(36.585095, -88.943249)"
Derailments,2014:03:CSX:000127281,0,0,50,37504,0,0,0,MACON,3/14/2014 0:00,22:26,2014,2014,"T110,","CSX,",1,"T1,","T,",YARD,Illinois,39.847615,-88.941345,"Illinois
(39.847615, -88.941345)"
Derailments,2011:03:MTNR:202056,0,0,1000,9500,0,0,0,TIPPAH,3/15/2011 0:00,24:40:00,2011,2011,"T222,","MTNR,",1,"T2,","T,",YARD,Mississippi,34.757934,-88.93718,"Mississippi
(34.757934, -88.93718)"
Highway-rail impact,2013:10:UP:1013SL009,0,1,20000,0,0,0,0,FRANKLIN,10/11/2013 0:00,14:25,2013,2014,"M308,","UP,",1,"M3,","M,",MAIN,Illinois,37.896215,-88.928309,"Illinois
(37.896215, -88.928309)"
Derailments,2012:05:NS:099774,0,0,500,21600,0,0,0,MACON,5/20/2012 0:00,12:30,2012,2012,"H312,","NS,",7,"H3,","H,",YARD,Illinois,39.851818,-88.921688,"Illinois
(39.851818, -88.921688)"
Derailments,2013:01:NS:103115,0,0,500,12600,0,0,0,MACON,1/26/2013 0:00,13:23,2013,2013,"T207,","NS,",7,"T2,","T,",YARD,Illinois,39.851818,-88.921688,"Illinois
(39.851818, -88.921688)"
Derailments,2013:02:NS:103287,0,0,9000,10000,0,0,0,MACON,2/5/2013 0:00,10:45,2013,2013,"T207,","NS,",7,"T2,","T,",YARD,Illinois,39.851818,-88.921688,"Illinois
(39.851818, -88.921688)"
Other events,2013:03:NS:103952,0,0,0,12700,0,0,0,MACON,3/19/2013 0:00,17:50,2013,2013,"H312,","NS,",7,"H3,","H,",YARD,Illinois,39.851818,-88.921688,"Illinois
(39.851818, -88.921688)"
Derailments,2013:06:NS:105157,0,0,0,157800,0,0,0,MACON,6/20/2013 0:00,16:44,2013,2013,"H306,H702,","NS,",7,"H3,H7,","H,",YARD,Illinois,39.851818,-88.921688,"Illinois
(39.851818, -88.921688)"
Derailments,2013:07:NS:105383,0,0,0,37383,0,0,0,MACON,7/5/2013 0:00,8:55,2013,2013,"H702,","NS,",8,"H7,","H,",YARD,Illinois,39.851818,-88.921688,"Illinois
(39.851818, -88.921688)"
Derailments,2014:02:UP:0214SL007,0,0,10208,3806,0,0,0,MARION,2/20/2014 0:00,20:00,2014,2014,"H307,","UP,",7,"H3,","H,",YARD,Illinois,38.64642,-88.921282,"Illinois
(38.64642, -88.921282)"
Derailments,2015:04:NS:115180,0,0,30459,36378,0,0,0,MACON,4/8/2015 0:00,18:30,2015,2015,"H508,","NS,",7,"H5,","H,",YARD,Illinois,39.851845,-88.920433,"Illinois
(39.851845, -88.920433)"
Derailments,2015:02:UP:0215SL006,0,0,2178,64738,0,0,0,MARION,2/19/2015 0:00,4:50,2015,2015,"T220,","UP,",1,"T2,","T,",YARD,Illinois,38.649398,-88.919917,"Illinois
(38.649398, -88.919917)"
Side collision,2011:11:ZUET:INDUSTRY,0,0,7687,162781,0,0,0,ROCK,11/1/2011 0:00,7:05,2011,2012,"M501,","WSOR,",17,"M5,","M,",INDUSTRY,Wisconsin,42.765153,-88.919785,"Wisconsin
(42.765153, -88.919785)"
Derailments,2015:03:BNSF:SF0315126,0,0,2300,13865,0,0,0,UNION,3/26/2015 0:00,10:30,2015,2015,"E02C,","BNSF,",1,"E0,","E,",SIDING,Mississippi,34.417039,-88.919757,"Mississippi
(34.417039, -88.919757)"
Highway-rail impact,2012:08:IC:753961,0,0,95879,3586,44,0,0,PERRY,8/3/2012 0:00,17:50,2012,2012,"M308,M304,","IC,",1,"M3,","M,",MAIN,Mississippi,31.169324,-88.919639,"Mississippi
(31.169324, -88.919639)"
Derailments,2015:10:UP:1015SL004,0,0,200,11000,0,0,0,MARION,10/6/2015 0:00,21:40,2015,2016,"H607,","UP,",1,"H6,","H,",YARD,Illinois,38.648698,-88.919119,"Illinois
(38.648698, -88.919119)"
Derailments,2013:10:NS:106908,0,0,1200,10000,0,0,0,MACON,10/24/2013 0:00,5:55,2013,2014,"H312,","NS,",17,"H3,","H,",YARD,Illinois,39.852182,-88.918343,"Illinois
(39.852182, -88.918343)"
Derailments,2016:07:NS:121364,0,0,8500,26600,0,0,0,MACON,7/23/2016 0:00,2:25,2016,2016,"H702,","NS,",7,"H7,","H,",YARD,Illinois,39.852182,-88.918343,"Illinois
(39.852182, -88.918343)"
Derailments,2013:07:UP:0713SL016,0,0,3713,16821,0,0,0,MARION,7/25/2013 0:00,22:30,2013,2013,"T202,","IC,UP,",1,"T2,","T,",YARD,Illinois,38.652773,-88.915218,"Illinois
(38.652773, -88.915218)"
Derailments,2015:09:DT:09292015,0,0,20000,3500,0,0,0,MACON,9/29/2015 0:00,11:40,2015,2015,"T202,","DT,",1,"T2,","T,",MAIN,Illinois,39.890456,-88.914481,"Illinois
(39.890456, -88.914481)"
Derailments,2014:12:NS:113353,0,0,27118,8195,0,0,0,MACON,12/9/2014 0:00,4:00,2014,2015,"H306,","NS,",7,"H3,","H,",YARD,Illinois,39.853225,-88.914291,"Illinois
(39.853225, -88.914291)"
Derailments,2015:01:UP:0115SL013,0,0,9440,6575,0,0,0,MARION,1/30/2015 0:00,10:48,2015,2015,"T220,","IC,UP,",1,"T2,","T,",YARD,Illinois,38.65521,-88.913362,"Illinois
(38.65521, -88.913362)"
Derailments,2014:05:NS:110341,0,0,1000,40000,0,0,0,MACON,5/7/2014 0:00,8:15,2014,2014,"H704,","NS,",1,"H7,","H,",YARD,Illinois,39.854799,-88.908197,"Illinois
(39.854799, -88.908197)"
Other impacts,2014:06:NS:111081,0,0,3200,354000,0,0,0,MACON,6/29/2014 0:00,12:05,2014,2014,"H020,","NS,",67,"H0,","H,",YARD,Illinois,39.854799,-88.908197,"Illinois
(39.854799, -88.908197)"
Derailments,2015:01:NS:113889,0,0,13534,200,0,0,0,MACON,1/17/2015 0:00,20:00,2015,2015,"T110,","NS,",7,"T1,","T,",YARD,Illinois,39.854799,-88.908197,"Illinois
(39.854799, -88.908197)"
Derailments,2012:01:XADC:INDUSTRY,0,0,450,10653,0,0,0,MACON,1/17/2012 0:00,15:10,2012,2012,"T221,","NS,",7,"T2,","T,",INDUSTRY,Illinois,39.863389,-88.907954,"Illinois
(39.863389, -88.907954)"
Side collision,2011:12:UP:1211SL005,0,0,1828,21747,0,0,0,MARION,12/14/2011 0:00,15:15,2011,2012,"H306,","UP,",71,"H3,","H,",YARD,Illinois,38.660225,-88.907663,"Illinois
(38.660225, -88.907663)"
Derailments,2015:08:UP:0815SL003,0,0,7016,17656,0,0,0,MARION,8/5/2015 0:00,9:45,2015,2015,"T220,","UP,",1,"T2,","T,",YARD,Illinois,38.660243,-88.907642,"Illinois
(38.660243, -88.907642)"
Fire/violent rupture,2014:04:UP:0414SL008,0,0,0,668490,0,0,0,JEFFERSON,4/7/2014 0:00,6:30,2014,2014,"E79L,","UP,",1,"E7,","E,",MAIN,Illinois,38.469484,-88.904749,"Illinois
(38.469484, -88.904749)"
Derailments,2011:11:NS:096997,0,0,5848,3680,0,0,0,MACON,11/10/2011 0:00,16:55,2011,2012,"T110,","NS,",7,"T1,","T,",YARD,Illinois,39.856685,-88.902207,"Illinois
(39.856685, -88.902207)"
Derailments,2012:01:TTLZ:INDUSTRY,0,0,6000,25200,0,0,0,MACON,1/12/2012 0:00,22:15,2012,2012,"T311,","NS,",4,"T3,","T,",INDUSTRY,Illinois,39.856685,-88.902207,"Illinois
(39.856685, -88.902207)"
Derailments,2012:06:NS:100346,0,0,0,44537,0,0,0,MACON,6/30/2012 0:00,10:30,2012,2012,"E65C,","NS,",7,"E6,","E,",YARD,Illinois,39.856685,-88.902207,"Illinois
(39.856685, -88.902207)"
Derailments,2013:02:NS:103365,0,0,500,71936,0,0,0,MACON,2/10/2013 0:00,13:15,2013,2013,"T207,","NS,",78,"T2,","T,",YARD,Illinois,39.856685,-88.902207,"Illinois
(39.856685, -88.902207)"
Derailments,2015:10:IC:868247,0,0,36610,4829,6,0,0,OBION,10/14/2015 0:00,3:20,2015,2016,"E67C,","IC,",1,"E6,","E,",MAIN,Tennessee,36.484348,-88.900217,"Tennessee
(36.484348, -88.900217)"
Derailments,2014:02:ZAMC:INDUSTRY,0,0,0,15000,0,0,0,MACON,2/15/2014 0:00,24:20:00,2014,2014,"T399,","NS,",7,"T3,","T,",INDUSTRY,Illinois,39.86345,-88.89855,"Illinois
(39.86345, -88.89855)"
Derailments,2014:05:XADC:INDUSTRY,0,0,19271,600,0,0,0,MACON,5/17/2014 0:00,8:30,2014,2014,"T110,","NS,",7,"T1,","T,",INDUSTRY,Illinois,39.86345,-88.89855,"Illinois
(39.86345, -88.89855)"
Derailments,2014:12:XADC:INDUSTRY,0,0,0,13000,0,0,0,MACON,12/3/2014 0:00,21:50,2014,2015,"T210,","NS,",7,"T2,","T,",INDUSTRY,Illinois,39.86345,-88.89855,"Illinois
(39.86345, -88.89855)"
Other impacts,2013:10:NS:106604,0,0,0,15400,0,0,0,MACON,10/1/2013 0:00,1:25,2013,2014,"H306,","NS,",7,"H3,","H,",YARD,Illinois,39.858406,-88.898384,"Illinois
(39.858406, -88.898384)"
Derailments,2014:07:NS:111289,0,0,27356,11000,0,0,0,MACON,7/12/2014 0:00,5:30,2014,2014,"T313,","NS,",7,"T3,","T,",YARD,Illinois,39.858894,-88.896691,"Illinois
(39.858894, -88.896691)"
Derailments,2011:07:ADM:INDUSTRY,0,0,2500,8850,0,0,0,MACON,7/23/2011 0:00,2:30,2011,2011,"T309,","NS,",7,"T3,","T,",INDUSTRY,Illinois,39.863681,-88.8914,"Illinois
(39.863681, -88.8914)"
Highway-rail impact,2013:05:CSX:000115757,0,0,20000,1000,0,0,0,HARRISON,5/3/2013 0:00,8:52,2013,2013,"M399,","CSX,",1,"M3,","M,",MAIN,Mississippi,30.399038,-88.890362,"Mississippi
(30.399038, -88.890362)"
Derailments,2012:12:NS:102750,0,0,81000,242400,0,0,0,JEFFERSON,12/30/2012 0:00,5:55,2012,2013,"E62C,","NS,",1,"E6,","E,",MAIN,Illinois,38.31055,-88.889997,"Illinois
(38.31055, -88.889997)"
Derailments,2013:01:IC:769201,0,0,5346,65258,22,0,0,FULTON,1/28/2013 0:00,2:30,2013,2013,"H020,","IC,",7,"H0,","H,",YARD,Kentucky,36.501806,-88.88875,"Kentucky
(36.501806, -88.88875)"
Derailments,2014:04:NS:110037,0,0,4053,7050,0,0,0,MACON,4/15/2014 0:00,12:45,2014,2014,"T110,","NS,",1,"T1,","T,",MAIN,Illinois,39.86369,-88.888602,"Illinois
(39.86369, -88.888602)"
Derailments,2016:02:CSX:000157050,0,0,502,24407,0,0,0,MADISON,2/12/2016 0:00,24:20:00,2016,2016,"T220,","CSX,",7,"T2,","T,",YARD,Tennessee,35.595487,-88.887381,"Tennessee
(35.595487, -88.887381)"
Highway-rail impact,2014:08:CSX:000134113,0,1,13592,5387,5,0,0,HARRISON,8/28/2014 0:00,21:04,2014,2014,"M399,","CSX,",1,"M3,","M,",MAIN,Mississippi,30.399133,-88.88556,"Mississippi
(30.399133, -88.88556)"
Derailments,2012:03:UP:0312PR009,0,0,380,25855,0,0,0,BOONE,3/11/2012 0:00,6:30,2012,2012,"T220,","UP,",76,"T2,","T,",YARD,Illinois,42.249739,-88.882411,"Illinois
(42.249739, -88.882411)"
Derailments,2014:03:CSX:000127593,0,0,50,53682,0,0,0,LA SALLE,3/21/2014 0:00,17:35,2014,2014,"T108,","CSX,",1,"T1,","T,",YARD,Illinois,41.350835,-88.872961,"Illinois
(41.350835, -88.872961)"
Other impacts,2013:11:CSX:000122461,0,0,0,13674,2,0,0,LA SALLE,11/3/2013 0:00,17:55,2013,2014,"H020,","CSX,",16,"H0,","H,",YARD,Illinois,41.351314,-88.871147,"Illinois
(41.351314, -88.871147)"
Derailments,2013:12:IR:IR130552,0,0,11000,11900,0,0,0,LA SALLE,12/26/2013 0:00,9:00,2013,2014,"E46C,","IR,",1,"E4,","E,",MAIN,Illinois,41.33358,-88.866786,"Illinois
(41.33358, -88.866786)"
Other events,2012:11:NS:102190,0,0,0,12000,0,0,0,CLARKE,11/1/2012 0:00,4:10,2012,2013,"E73L,","NS,",1,"E7,","E,",MAIN,Mississippi,32.104068,-88.863696,"Mississippi
(32.104068, -88.863696)"
Derailments,2012:05:UP:0512PR020,0,0,142670,34750,0,0,0,BOONE,5/19/2012 0:00,19:20,2012,2012,"T207,","UP,",7,"T2,","T,",YARD,Illinois,42.23917,-88.863012,"Illinois
(42.23917, -88.863012)"
Derailments,2015:10:WTNN:515,0,0,40000,120000,0,0,0,MADISON,10/5/2015 0:00,10:20,2015,2016,"T212,T301,","WTNN,",1,"T2,T3,","T,",MAIN,Tennessee,35.745208,-88.85957,"Tennessee
(35.745208, -88.85957)"
Other events,2015:03:UP:0315SL008,0,0,0,51000,17,0,0,FAYETTE,3/20/2015 0:00,13:10,2015,2015,"E39L,","CSX,UP,",1,"E3,","E,",MAIN,Illinois,39.00797,-88.848063,"Illinois
(39.00797, -88.848063)"
Derailments,2015:03:CSX:000143691,0,0,64896,634966,0,0,0,LA SALLE,3/24/2015 0:00,11:40,2015,2015,"T110,","CSX,",1,"T1,","T,",YARD,Illinois,41.35436,-88.831208,"Illinois
(41.35436, -88.831208)"
Derailments,2016:06:XWNG:INDUSTRY,0,0,20000,69550,0,0,0,WILLIAMSON,6/26/2016 0:00,2:10,2016,2016,"T102,","IC,",1,"T1,","T,",INDUSTRY,Illinois,37.842067,-88.830412,"Illinois
(37.842067, -88.830412)"
Derailments,2013:03:UP:0313PR019,0,0,8390,11243,0,0,0,BOONE,3/17/2013 0:00,20:36,2013,2013,"T110,","UP,",1,"T1,","T,",YARD,Illinois,42.260935,-88.826419,"Illinois
(42.260935, -88.826419)"
Derailments,2014:02:UP:0214PR021,0,0,6640,10401,18,0,0,DE KALB,2/13/2014 0:00,14:40,2014,2014,"E06C,","UP,",1,"E0,","E,",MAIN,Illinois,41.930141,-88.825422,"Illinois
(41.930141, -88.825422)"
Derailments,2013:07:CSX:000118534,0,0,250,15712,0,0,0,MADISON,7/17/2013 0:00,24:40:00,2013,2013,"H307,","CSX,",7,"H3,","H,",INDUSTRY,Tennessee,35.606523,-88.808423,"Tennessee
(35.606523, -88.808423)"
Derailments,2015:03:WTNN:215,0,0,12000,0,0,0,0,MADISON,3/11/2015 0:00,17:30,2015,2015,"T314,","WTNN,",1,"T3,","T,",MAIN,Tennessee,35.604569,-88.805401,"Tennessee
(35.604569, -88.805401)"
Side collision,2014:08:XAEI:INDUSTRY,0,0,100000,576355,0,0,0,MASSAC,8/16/2014 0:00,11:00,2014,2014,"H607,","UP,",1,"H6,","H,",INDUSTRY,Illinois,37.211144,-88.796644,"Illinois
(37.211144, -88.796644)"
Derailments,2016:06:BNSF:SF0616106,0,0,55000,163171,0,0,0,MASSAC,6/3/2016 0:00,2:30,2016,2016,"T207,","BNSF,UP,",1,"T2,","T,",INDUSTRY,Illinois,37.203838,-88.793224,"Illinois
(37.203838, -88.793224)"