AccidentType,inckey,Fatalities,Injuries,TrackDamage,EquipmentDamage,HazmatCars,HazmatCarsDerailed,HazmatCarsReleasing,County,DisplayDate,DisplayTime,calendar,Fiscal,AccidentCause,RailroadCodes,RAILEQUIPMENT_TYPE,CauseGroup,CauseDiscipline,TYPE_OF_TRACK,StateName,latitude,longitude,GeoLocation
Derailments,2012:05:CSX:000104210,0,0,500,82000,0,0,0,MADISON,5/24/2012 0:00,11:25,2012,2012,"M503,","CSX,",7,"M5,","M,",MAIN,Tennessee,35.607323,-88.786868,"Tennessee
(35.607323, -88.786868)"
Derailments,2013:08:IR:IR130369,0,0,4786,28000,0,0,0,LA SALLE,8/26/2013 0:00,5:15,2013,2013,"E64C,E40C,","IR,",1,"E6,E4,","E,",MAIN,Illinois,41.414097,-88.779688,"Illinois
(41.414097, -88.779688)"
Derailments,2013:05:IR:IR130185,0,0,0,16000,0,0,0,LA SALLE,5/11/2013 0:00,16:50,2013,2013,"H307,","IR,",1,"H3,","H,",INDUSTRY,Illinois,41.423375,-88.776416,"Illinois
(41.423375, -88.776416)"
Other impacts,2013:06:IR:IR130260,0,0,2275,20000,0,0,0,LA SALLE,6/19/2013 0:00,13:15,2013,2013,"H318,","IR,",6,"H3,","H,",INDUSTRY,Illinois,41.423375,-88.776416,"Illinois
(41.423375, -88.776416)"
Raking collision,2013:12:IR:IR130520,0,0,0,54000,0,0,0,LA SALLE,12/8/2013 0:00,9:36,2013,2014,"M405,","IR,",8,"M4,","M,",YARD,Illinois,41.430363,-88.774408,"Illinois
(41.430363, -88.774408)"
Derailments,2014:03:IR:IR14075,0,0,135656,989134,0,0,0,LA SALLE,3/16/2014 0:00,9:54,2014,2014,"T221,","IR,",1,"T2,","T,",MAIN,Illinois,41.431925,-88.773833,"Illinois
(41.431925, -88.773833)"
Derailments,2016:06:MDS:16061601,0,0,81000,6500,0,0,0,CLARKE,6/16/2016 0:00,13:40,2016,2016,"T109,","MDS,",1,"T1,","T,",MAIN,Mississippi,32.238043,-88.771025,"Mississippi
(32.238043, -88.771025)"
Highway-rail impact,2011:08:UP:0811PR029,0,0,0,16945,7,0,0,DE KALB,8/25/2011 0:00,20:44,2011,2011,"M399,","UP,",1,"M3,","M,",MAIN,Illinois,41.929444,-88.750277,"Illinois
(41.929444, -88.750277)"
Derailments,2013:04:NS:104146,0,0,13600,0,0,0,0,JEFFERSON,4/6/2013 0:00,21:20,2013,2013,"M404,","NS,",1,"M4,","M,",MAIN,Illinois,38.327414,-88.743032,"Illinois
(38.327414, -88.743032)"
Fire/violent rupture,2016:01:UP:0116SL001,0,0,0,15000,11,0,0,SHELBY,1/4/2016 0:00,6:15,2016,2016,"E71L,","UP,",1,"E7,","E,",MAIN,Illinois,39.322335,-88.741239,"Illinois
(39.322335, -88.741239)"
Derailments,2015:11:CP:1000299155,0,0,181500,2143356,110,15,1,JEFFERSON,11/8/2015 0:00,14:08,2015,2016,"T299,","CP,",1,"T2,","T,",MAIN,Wisconsin,43.191213,-88.736071,"Wisconsin
(43.191213, -88.736071)"
Other events,2013:07:IR:IR130311,0,0,37000,0,0,0,0,LA SALLE,7/17/2013 0:00,15:00,2013,2013,"M506,","IR,",9,"M5,","M,",MAIN,Illinois,41.485694,-88.734236,"Illinois
(41.485694, -88.734236)"
Derailments,2013:10:NS:106668,0,0,3675,23135,0,0,0,LAUDERDALE,10/6/2013 0:00,14:45,2013,2014,"H702,","NS,",1,"H7,","H,",YARD,Mississippi,32.356773,-88.721826,"Mississippi
(32.356773, -88.721826)"
Derailments,2015:09:NS:117441,0,0,0,15000,0,0,0,LAUDERDALE,9/19/2015 0:00,24:00:00,2015,2015,"H020,","NS,",1,"H0,","H,",YARD,Mississippi,32.356773,-88.721826,"Mississippi
(32.356773, -88.721826)"
Derailments,2011:06:IC:710673,0,0,459500,6800,37,1,0,JOHNSON,6/2/2011 0:00,15:30,2011,2011,"E53C,","IC,",1,"E5,","E,",MAIN,Illinois,37.332688,-88.7195,"Illinois
(37.332688, -88.7195)"
Derailments,2014:11:KCS:14113001,0,0,4734,5871,0,0,0,LAUDERDALE,11/30/2014 0:00,11:00,2014,2015,"M411,","KCS,",7,"M4,","M,",YARD,Mississippi,32.356717,-88.719167,"Mississippi
(32.356717, -88.719167)"
Derailments,2016:06:KCS:16061803,0,0,14662,602,0,0,0,LAUDERDALE,6/18/2016 0:00,19:40,2016,2016,"T311,","KCS,NS,",1,"T3,","T,",YARD,Mississippi,32.359528,-88.711266,"Mississippi
(32.359528, -88.711266)"
Side collision,2012:07:KCS:12071601,0,0,0,65000,9,0,0,LEE,7/16/2012 0:00,6:20,2012,2012,"H302,","KCS,",76,"H3,","H,",MAIN,Mississippi,34.254536,-88.710075,"Mississippi
(34.254536, -88.710075)"
Derailments,2015:06:NS:116292,0,0,6308,24000,0,0,0,LAUDERDALE,6/29/2015 0:00,9:40,2015,2015,"H306,","NS,",67,"H3,","H,",YARD,Mississippi,32.359958,-88.709614,"Mississippi
(32.359958, -88.709614)"
Highway-rail impact,2015:10:BNSF:CH1015200,0,3,30000,0,0,0,0,DE KALB,10/13/2015 0:00,13:40,2015,2016,"M302,","ATK,BNSF,",2,"M3,","M,",MAIN,Illinois,41.62999,-88.7071,"Illinois
(41.62999, -88.7071)"
Derailments,2014:07:NS:111782,0,0,35411,12222,0,0,0,JEFFERSON,7/31/2014 0:00,17:45,2014,2014,"H499,T319,","IC,KCS,NS,",7,"H4,T3,H4,T3,H4,","H,T,H,T,H,",MAIN,Louisiana,32.359941,-88.702855,"Louisiana
(32.359941, -88.702855)"
Derailments,2016:08:KCS:16081101,0,0,12000,22900,0,0,0,LAUDERDALE,8/11/2016 0:00,9:50,2016,2016,"T403,","KCS,",1,"T4,","T,",YARD,Mississippi,32.363375,-88.695468,"Mississippi
(32.363375, -88.695468)"
Derailments,2011:08:KCS:11082501,0,0,62520,38595,8,0,0,LAUDERDALE,8/25/2011 0:00,1:30,2011,2011,"H702,","KCS,NS,",1,"H7,","H,",MAIN,Mississippi,32.366689,-88.690513,"Mississippi
(32.366689, -88.690513)"
Highway-rail impact,2016:04:BNSF:CH0416200,1,0,0,18512,0,0,0,DE KALB,4/3/2016 0:00,15:01,2016,2016,"M302,","ATK,BNSF,",2,"M3,","M,",MAIN,Illinois,41.634199,-88.684207,"Illinois
(41.634199, -88.684207)"
Highway-rail impact,2013:05:BNSF:SF0513202,0,0,40000,1200,0,0,0,LEE,5/11/2013 0:00,21:30,2013,2013,"M302,","BNSF,",1,"M3,","M,",MAIN,Mississippi,34.213527,-88.676672,"Mississippi
(34.213527, -88.676672)"
Highway-rail impact,2011:10:BNSF:CH1011200,0,1,0,15500,0,0,0,DE KALB,10/13/2011 0:00,14:55,2011,2012,"M399,","BNSF,",9,"M3,","M,",MAIN,Illinois,41.639177,-88.656481,"Illinois
(41.639177, -88.656481)"
Highway-rail impact,2012:01:BNSF:SF0112201,0,1,10000,1500,0,0,0,LEE,1/19/2012 0:00,8:00,2012,2012,"M302,","BNSF,",1,"M3,","M,",MAIN,Mississippi,34.160353,-88.653685,"Mississippi
(34.160353, -88.653685)"
Obstruction impact,2013:10:NS:106949,0,0,0,18151,0,0,0,LAUDERDALE,10/26/2013 0:00,11:03,2013,2014,"M503,","ATK,NS,",2,"M5,","M,",MAIN,Mississippi,32.24858,-88.6531,"Mississippi
(32.24858, -88.6531)"
Derailments,2012:12:KCS:12122603,0,0,9475,3100,5,0,0,CLAY,12/26/2012 0:00,9:27,2012,2013,"T215,","KCS,",7,"T2,","T,",MAIN,Mississippi,33.60956,-88.649795,"Mississippi
(33.60956, -88.649795)"
Derailments,2011:06:WSOR:11060201D,0,0,7572,1865,1,1,0,DODGE,6/2/2011 0:00,19:45,2011,2011,"H702,H306,","WSOR,",7,"H7,H3,","H,",YARD,Wisconsin,43.448809,-88.643389,"Wisconsin
(43.448809, -88.643389)"
Obstruction impact,2011:06:WSOR:11062402D,0,0,13342,0,0,0,0,DODGE,6/24/2011 0:00,20:30,2011,2011,"H702,H318,","WSOR,",6,"H7,H3,","H,",YARD,Wisconsin,43.448809,-88.643389,"Wisconsin
(43.448809, -88.643389)"
Other impacts,2015:10:KCS:15101602,0,0,0,35000,0,0,0,LOWNDES,10/16/2015 0:00,17:25,2015,2016,"H503,","KCS,",7,"H5,","H,",YARD,Mississippi,33.415481,-88.643279,"Mississippi
(33.415481, -88.643279)"
Other impacts,2016:08:KCS:16082902,0,0,2711,61750,7,2,0,LOWNDES,8/29/2016 0:00,22:30,2016,2016,"H307,","KCS,",7,"H3,","H,",YARD,Mississippi,33.413017,-88.642876,"Mississippi
(33.413017, -88.642876)"
Derailments,2014:07:KCS:14070302,0,0,2653,10134,0,0,0,LOWNDES,7/3/2014 0:00,23:10,2014,2014,"T319,","KCS,",7,"T3,","T,",YARD,Mississippi,33.413283,-88.642834,"Mississippi
(33.413283, -88.642834)"
Derailments,2014:10:KCS:14101102,0,0,4219,35707,18,0,0,LOWNDES,10/11/2014 0:00,19:30,2014,2015,"T210,","KCS,",7,"T2,","T,",YARD,Mississippi,33.404701,-88.641971,"Mississippi
(33.404701, -88.641971)"
Other impacts,2015:10:CSX:000153084,0,0,0,89878,1,0,0,LA SALLE,10/11/2015 0:00,1:50,2015,2016,"H302,","CSX,",61,"H3,","H,",YARD,Illinois,41.319101,-88.611721,"Illinois
(41.319101, -88.611721)"
Other events,2014:06:WSOR:M754014,0,0,0,11539,12,0,0,DODGE,6/16/2014 0:00,5:22,2014,2014,"H099,","WSOR,",1,"H0,","H,",MAIN,Wisconsin,43.438621,-88.611419,"Wisconsin
(43.438621, -88.611419)"
Derailments,2015:09:PAL:2015SEPT2D,0,0,11484,3025,0,0,0,MCCRACKEN,9/15/2015 0:00,18:35,2015,2015,"H312,H317,","PAL,",1,"H3,","H,",YARD,Kentucky,37.053274,-88.61036,"Kentucky
(37.053274, -88.61036)"
Derailments,2012:09:PAL:2012SEPT2D,0,0,19000,9480,0,0,0,MCCRACKEN,9/4/2012 0:00,23:45,2012,2012,"T314,T399,","PAL,",1,"T3,","T,",YARD,Kentucky,37.053594,-88.610151,"Kentucky
(37.053594, -88.610151)"
Derailments,2013:11:PAL:2013NOV2D,0,0,6190,35000,14,1,0,MCCRACKEN,11/24/2013 0:00,11:40,2013,2014,"T319,T309,","PAL,",1,"T3,","T,",YARD,Kentucky,37.053594,-88.610151,"Kentucky
(37.053594, -88.610151)"
Derailments,2015:04:PAL:2015APR3D,0,0,13068,13053,0,0,0,MCCRACKEN,4/21/2015 0:00,20:15,2015,2015,"T221,T205,","PAL,",1,"T2,","T,",YARD,Kentucky,37.054927,-88.610119,"Kentucky
(37.054927, -88.610119)"
Derailments,2014:06:XPCE:INDUSTRY,0,0,74000,139693,0,0,0,LIVINGSTON,6/25/2014 0:00,9:45,2014,2014,"T110,","UP,",1,"T1,","T,",INDUSTRY,Illinois,40.91992,-88.602605,"Illinois
(40.91992, -88.602605)"
Derailments,2014:03:PAL:2014MAR5D,0,0,108135,549659,0,0,0,MCCRACKEN,3/16/2014 0:00,11:20,2014,2014,"T207,T220,","PAL,UP,",1,"T2,","T,",YARD,Kentucky,37.058636,-88.600267,"Kentucky
(37.058636, -88.600267)"
Derailments,2015:07:UP:0715SL002,0,1,400000,317327,0,0,0,LIVINGSTON,7/6/2015 0:00,23:45,2015,2015,"E64C,","UP,",1,"E6,","E,",INDUSTRY,Illinois,40.919668,-88.600207,"Illinois
(40.919668, -88.600207)"
Derailments,2016:04:BNSF:CH0416102,0,0,47801,10800,0,0,0,KENDALL,4/9/2016 0:00,7:00,2016,2016,"E53C,","BNSF,",1,"E5,","E,",MAIN,Illinois,41.647845,-88.599579,"Illinois
(41.647845, -88.599579)"
Derailments,2011:08:WSOR:11080801D,0,0,11385,15350,9,1,0,ROCK,8/8/2011 0:00,3:30,2011,2011,"T221,","WSOR,",1,"T2,","T,",MAIN,Wisconsin,42.039931,-88.59804,"Wisconsin
(42.039931, -88.59804)"
Derailments,2012:01:PAL:2011JAN1D,0,0,12933,632,0,0,0,MCCRACKEN,1/1/2012 0:00,19:25,2012,2012,"T199,T499,","PAL,",1,"T1,T4,","T,",MAIN,Kentucky,37.053104,-88.577631,"Kentucky
(37.053104, -88.577631)"
Derailments,2014:03:NS:109794,0,0,51263,39200,0,0,0,PIATT,3/27/2014 0:00,14:20,2014,2014,"T110,","NS,",1,"T1,","T,",SIDING,Illinois,40.022161,-88.576664,"Illinois
(40.022161, -88.576664)"
Fire/violent rupture,2015:07:KCS:15071605,0,0,0,900000,0,0,0,NESHOBA,7/16/2015 0:00,24:05:00,2015,2015,"M599,","KCS,",NA,"M5,","M,",SIDING,Mississippi,32.978666,-88.568531,"Mississippi
(32.978666, -88.568531)"
Derailments,2016:03:MSE:1601DERAIL,0,0,980,12550,0,0,0,JACKSON,3/8/2016 0:00,19:00,2016,2016,"H305,","MSE,",7,"H3,","H,",SIDING,Mississippi,30.581944,-88.566666,"Mississippi
(30.581944, -88.566666)"
Derailments,2013:03:KCS:13030101,0,0,25174,25852,1,0,0,PRENTISS,3/1/2013 0:00,6:25,2013,2013,"T207,","KCS,",1,"T2,","T,",MAIN,Mississippi,34.649909,-88.566428,"Mississippi
(34.649909, -88.566428)"
Other impacts,2011:12:CSX:000098412,0,0,800,50421,11,2,0,JACKSON,12/6/2011 0:00,3:28,2011,2012,"H306,","CSX,",61,"H3,","H,",INDUSTRY,Mississippi,30.369166,-88.566424,"Mississippi
(30.369166, -88.566424)"
Derailments,2012:04:CSX:000103173,0,0,500,15278,39,4,0,JACKSON,4/27/2012 0:00,5:30,2012,2012,"H306,","CSX,",1,"H3,","H,",INDUSTRY,Mississippi,30.369166,-88.566424,"Mississippi
(30.369166, -88.566424)"
Derailments,2014:01:CSX:000125184,0,0,45000,1115896,0,0,0,CARROLL,1/23/2014 0:00,2:45,2014,2014,"T207,","CSX,",1,"T2,","T,",MAIN,Tennessee,36.073571,-88.566139,"Tennessee
(36.073571, -88.566139)"
Derailments,2012:03:MSE:1202DERAIL,0,0,6764,22925,0,0,0,GEORGE,3/11/2012 0:00,11:30,2012,2012,"E4BC,","MSE,",7,"E4,","E,",YARD,Mississippi,30.908549,-88.559484,"Mississippi
(30.908549, -88.559484)"
Side collision,2013:09:KCS:13090501,0,0,540,100000,16,3,0,MONROE,9/5/2013 0:00,6:00,2013,2013,"H607,","KCS,",87,"H6,","H,",INDUSTRY,Mississippi,33.808381,-88.557609,"Mississippi
(33.808381, -88.557609)"
Side collision,2012:09:CSX:000108047,0,0,100,10000,39,1,0,JACKSON,9/11/2012 0:00,11:20,2012,2012,"H018,","CSX,",61,"H0,","H,",YARD,Mississippi,30.366821,-88.55341,"Mississippi
(30.366821, -88.55341)"
Highway-rail impact,2011:09:CSX:000095071,0,0,6000,26892,6,0,0,EFFINGHAM,9/28/2011 0:00,6:23,2011,2011,"M302,","CSX,",1,"M3,","M,",MAIN,Illinois,39.118216,-88.539568,"Illinois
(39.118216, -88.539568)"
Derailments,2013:05:CSX:000115694,0,0,500,9739,8,1,0,JACKSON,5/2/2013 0:00,1:15,2013,2013,"T202,","CSX,",1,"T2,","T,",INDUSTRY,Mississippi,30.389596,-88.50788,"Mississippi
(30.389596, -88.50788)"
Raking collision,2012:11:KCS:12110801,0,0,3150,40000,0,0,0,LOWNDES,11/8/2012 0:00,8:30,2012,2013,"H017,M599,","GTRA,KCS,",1,"H0,M5,H0,","H,M,H,",MAIN,Mississippi,33.472315,-88.495555,"Mississippi
(33.472315, -88.495555)"
Derailments,2013:05:KCS:13051005,0,0,10311,2398,8,1,0,LOWNDES,5/10/2013 0:00,17:00,2013,2013,"T101,H503,","GTRA,KCS,",1,"T1,H5,","T,H,",MAIN,Mississippi,33.472315,-88.495555,"Mississippi
(33.472315, -88.495555)"
Highway-rail impact,2016:03:MSE:1601XING,0,0,2093,9430,0,0,0,JACKSON,3/23/2016 0:00,7:05,2016,2016,"M302,","MSE,",5,"M3,","M,",MAIN,Mississippi,30.653326,-88.488421,"Mississippi
(30.653326, -88.488421)"
Derailments,2012:07:WC:750742,0,0,8110,13821,56,0,0,FOND DU LAC,7/3/2012 0:00,6:15,2012,2012,"T220,","WC,",1,"T2,","T,",YARD,Wisconsin,43.82745,-88.4821,"Wisconsin
(43.82745, -88.4821)"
Derailments,2012:11:WC:762158,0,0,11873,8972,5,0,0,FOND DU LAC,11/1/2012 0:00,11:00,2012,2013,"T207,","WC,",7,"T2,","T,",YARD,Wisconsin,43.82631,-88.48144,"Wisconsin
(43.82631, -88.48144)"
Other impacts,2014:07:BNSF:SF0714100,0,0,0,30455,1,1,0,MONROE,7/2/2014 0:00,4:30,2014,2014,"H318,","BNSF,",7,"H3,","H,",YARD,Mississippi,33.969055,-88.477962,"Mississippi
(33.969055, -88.477962)"
Derailments,2016:06:BNSF:SF0616102,0,0,202227,246678,0,0,0,MONROE,6/6/2016 0:00,1:35,2016,2016,"T314,E64C,","BNSF,",1,"T3,E6,","T,E,",MAIN,Mississippi,33.967868,-88.476995,"Mississippi
(33.967868, -88.476995)"
Other impacts,2014:07:WC:821400,0,0,0,22856,1,1,0,FOND DU LAC,7/28/2014 0:00,13:35,2014,2014,"E89C,","WC,",7,"E8,","E,",YARD,Wisconsin,43.815294,-88.476567,"Wisconsin
(43.815294, -88.476567)"
Derailments,2012:04:WC:742500,0,0,10481,6633,4,0,0,FOND DU LAC,4/17/2012 0:00,13:25,2012,2012,"H504,","WC,",7,"H5,","H,",YARD,Wisconsin,43.81323,-88.47617,"Wisconsin
(43.81323, -88.47617)"
Other impacts,2014:03:WC:807002,0,1,375,66002,2,0,0,FOND DU LAC,3/8/2014 0:00,20:20,2014,2014,"H399,","WC,",7,"H3,","H,",YARD,Wisconsin,43.813067,-88.47615,"Wisconsin
(43.813067, -88.47615)"
Other impacts,2014:06:WC:816051,0,0,3865,20119,17,0,0,FOND DU LAC,6/8/2014 0:00,13:00,2014,2014,"H018,","WC,",67,"H0,","H,",YARD,Wisconsin,43.811853,-88.475919,"Wisconsin
(43.811853, -88.475919)"
Derailments,2015:06:WC:855783,0,0,6742,6591,2,1,0,FOND DU LAC,6/17/2015 0:00,22:05,2015,2015,"M599,","WC,",7,"M5,","M,",YARD,Wisconsin,43.809188,-88.475293,"Wisconsin
(43.809188, -88.475293)"
Other impacts,2014:10:WC:830709,0,0,24380,132204,6,3,0,FOND DU LAC,10/27/2014 0:00,14:20,2014,2015,"E39C,","WC,",7,"E3,","E,",YARD,Wisconsin,43.809412,-88.475263,"Wisconsin
(43.809412, -88.475263)"
Derailments,2015:04:WC:846502,0,0,18025,37323,0,0,0,FOND DU LAC,4/12/2015 0:00,9:43,2015,2015,"T220,","WC,",1,"T2,","T,",YARD,Wisconsin,43.803955,-88.473413,"Wisconsin
(43.803955, -88.473413)"
Side collision,2015:11:WC:871400,0,0,3058,22896,31,1,0,FOND DU LAC,11/15/2015 0:00,15:00,2015,2016,"H318,","WC,",17,"H3,","H,",YARD,Wisconsin,43.801236,-88.469247,"Wisconsin
(43.801236, -88.469247)"
Derailments,2011:09:UPME:0911CM006,0,0,19000,4700,0,0,0,KANE,9/15/2011 0:00,17:30,2011,2011,"H705,H605,","UPME,",3,"H7,H6,","H,",MAIN,Illinois,41.89001,-88.454291,"Illinois
(41.89001, -88.454291)"
Derailments,2016:06:ZTNX:INDUSTRY,0,0,9500,8663,5,0,0,MONROE,6/8/2016 0:00,15:15,2016,2016,"T110,","BNSF,",1,"T1,","T,",INDUSTRY,Mississippi,33.732819,-88.449074,"Mississippi
(33.732819, -88.449074)"
Derailments,2016:05:WC:890094,0,0,1712,37999,0,0,0,OUTAGAMIE,5/31/2016 0:00,21:20,2016,2016,"E08C,","WC,",7,"E0,","E,",YARD,Wisconsin,44.246604,-88.448042,"Wisconsin
(44.246604, -88.448042)"
Derailments,2015:07:WC:860411,0,0,4807,16400,2,0,0,OUTAGAMIE,7/27/2015 0:00,22:40,2015,2015,"H704,H702,","WC,",1,"H7,","H,",YARD,Wisconsin,44.266533,-88.435949,"Wisconsin
(44.266533, -88.435949)"
Other events,2015:03:IC:842345,0,4,455165,185000,0,0,0,GEORGE,3/2/2015 0:00,10:40,2015,2015,"T403,","IC,",9,"T4,","T,",MAIN,Mississippi,30.85954,-88.42313,"Mississippi
(30.85954, -88.42313)"
Derailments,2011:11:KCS:11111606,0,0,7465,226070,0,0,0,ALCORN,11/16/2011 0:00,19:00,2011,2012,"E46C,","KCS,",7,"E4,","E,",YARD,Mississippi,34.953183,-88.414602,"Mississippi
(34.953183, -88.414602)"
Other impacts,2011:07:IC:715000,0,0,0,12000,1,1,0,CHAMPAIGN,7/12/2011 0:00,14:15,2011,2011,"H312,","IC,",7,"H3,","H,",YARD,Illinois,40.24972,-88.4125,"Illinois
(40.24972, -88.4125)"
Derailments,2011:06:BNSF:SF0611112,0,0,2500,14000,7,0,0,LOWNDES,6/14/2011 0:00,23:30,2011,2011,"H607,H703,T314,","BNSF,KCS,",7,"H6,H7,T3,","H,T,",MAIN,Mississippi,33.489942,-88.407567,"Mississippi
(33.489942, -88.407567)"
Highway-rail impact,2012:02:WSOR:X752012,1,0,95656,2000,1,0,0,WASHINGTON,2/24/2012 0:00,7:53,2012,2012,"M302,","WSOR,",1,"M3,","M,",MAIN,Wisconsin,43.323696,-88.390114,"Wisconsin
(43.323696, -88.390114)"
Derailments,2016:02:BLOL:16,0,0,12000,0,0,0,0,FORD,2/9/2016 0:00,11:00,2016,2016,"T113,T222,","BLOL,",1,"T1,T2,","T,",SIDING,Illinois,40.467533,-88.37839,"Illinois
(40.467533, -88.37839)"
Highway-rail impact,2011:07:WC:714266,0,0,3779,18000,61,0,0,WASHINGTON,7/5/2011 0:00,22:23,2011,2011,"M509,","WC,",1,"M5,","M,",MAIN,Wisconsin,43.442523,-88.359488,"Wisconsin
(43.442523, -88.359488)"
Derailments,2014:09:IR:IR140864,0,0,13500,17388,0,0,0,KENDALL,9/4/2014 0:00,10:00,2014,2014,"T207,","IR,",1,"T2,","T,",MAIN,Illinois,41.712402,-88.348544,"Illinois
(41.712402, -88.348544)"
Other events,2014:01:WC:802221,0,0,1253,16708,20,0,0,WAUKESHA,1/17/2014 0:00,14:02,2014,2014,"E30C,","WC,",1,"E3,","E,",MAIN,Wisconsin,42.873804,-88.327283,"Wisconsin
(42.873804, -88.327283)"
Derailments,2015:05:BNSF:CH0515101,0,0,200,12916,7,0,0,KANE,5/3/2015 0:00,22:00,2015,2015,"E33C,","BNSF,",1,"E3,","E,",MAIN,Illinois,41.751979,-88.320898,"Illinois
(41.751979, -88.320898)"
Derailments,2013:05:ZADG:INDUSTRY,0,0,145629,27735,0,0,0,CHAMPAIGN,5/8/2013 0:00,4:00,2013,2013,"H303,","IC,",1,"H3,","H,",INDUSTRY,Illinois,40.150409,-88.317116,"Illinois
(40.150409, -88.317116)"
Derailments,2014:05:BNSO:CH0514112,0,0,30000,4900,0,0,0,KANE,5/27/2014 0:00,23:20,2014,2014,"T110,","BNSO,",NA,"T1,","T,",MAIN,Illinois,41.767519,-88.293404,"Illinois
(41.767519, -88.293404)"
Derailments,2011:06:MSE:1103DERAIL,0,0,1456,11196,5,5,0,JACKSON,6/28/2011 0:00,18:00,2011,2011,"H021,","MSE,",7,"H0,","H,",YARD,Mississippi,30.303847,-88.292779,"Mississippi
(30.303847, -88.292779)"
Obstruction impact,2015:06:IC:862205,0,0,0,12753,0,0,0,DOUGLAS,6/7/2015 0:00,22:55,2015,2015,"M404,","ATK,IC,",2,"M4,","M,",MAIN,Illinois,39.808992,-88.289474,"Illinois
(39.808992, -88.289474)"
Derailments,2013:01:PPGZ:INDUSTRY,0,0,1500,69450,0,0,0,KANE,1/29/2013 0:00,4:10,2013,2013,"H307,","BNSF,",1,"H3,","H,",INDUSTRY,Illinois,41.86556,-88.28944,"Illinois
(41.86556, -88.28944)"
Derailments,2015:01:BLOL:14,0,0,0,46000,0,0,0,LIVINGSTON,1/7/2015 0:00,14:00,2015,2015,"T210,M101,","BLOL,",1,"T2,M1,","T,M,",MAIN,Illinois,40.7905,-88.288,"Illinois
(40.7905, -88.288)"
Side collision,2014:07:WC:820595,0,2,1100000,2084792,31,1,1,WASHINGTON,7/20/2014 0:00,20:34,2014,2014,"H306,H403,","WC,WSOR,",11,"H3,H4,H3,H4,","H,",MAIN,Wisconsin,43.329166,-88.287479,"Wisconsin
(43.329166, -88.287479)"
Derailments,2012:11:IC:763425,0,0,9476,7560,0,0,0,DOUGLAS,11/17/2012 0:00,6:38,2012,2013,"E51C,","ATK,IC,",2,"E5,","E,",MAIN,Illinois,39.82692,-88.2867,"Illinois
(39.82692, -88.2867)"
Derailments,2016:02:UP:0216SL001,0,0,28530,4830,0,0,0,DOUGLAS,2/6/2016 0:00,4:27,2016,2016,"M507,","UP,",1,"M5,","M,",SIDING,Illinois,39.79877,-88.281662,"Illinois
(39.79877, -88.281662)"
Derailments,2014:03:BNSF:CH0314114,0,0,0,16602,0,0,0,DU PAGE,3/5/2014 0:00,5:00,2014,2014,"M101,","BNSF,",76,"M1,","M,",YARD,Illinois,41.770059,-88.276308,"Illinois
(41.770059, -88.276308)"
Derailments,2013:07:KCS:13071903,0,0,5900,9620,1,1,0,HARDIN,7/19/2013 0:00,22:50,2013,2013,"M410,","KCS,",7,"M4,","M,",INDUSTRY,Tennessee,35.04383,-88.27183,"Tennessee
(35.04383, -88.27183)"
Derailments,2015:01:BNSF:CH0115122,0,0,29000,23277,0,0,0,DU PAGE,1/23/2015 0:00,10:30,2015,2015,"T110,","BNSF,",1,"T1,","T,",YARD,Illinois,41.770904,-88.270609,"Illinois
(41.770904, -88.270609)"
Derailments,2015:06:BNSF:CH0615108,0,0,12000,18600,0,0,0,KANE,6/30/2015 0:00,11:05,2015,2015,"H704,","BNSF,",7,"H7,","H,",YARD,Illinois,41.771837,-88.267697,"Illinois
(41.771837, -88.267697)"
Derailments,2015:12:BNSF:CH1215106,0,0,500,16403,0,0,0,DU PAGE,12/10/2015 0:00,1:07,2015,2016,"E03C,","BNSF,",1,"E0,","E,",YARD,Illinois,41.772063,-88.267,"Illinois
(41.772063, -88.267)"
Other impacts,2012:11:BNSF:CH1112102,0,0,0,13693,0,0,0,DU PAGE,11/6/2012 0:00,1:30,2012,2013,"H018,","BNSF,",75,"H0,","H,",YARD,Illinois,41.770592,-88.264246,"Illinois
(41.770592, -88.264246)"
Derailments,2012:09:BNSF:CH0912114,0,0,5000,33815,0,0,0,DU PAGE,9/25/2012 0:00,11:15,2012,2012,"H020,","BNSF,",76,"H0,","H,",YARD,Illinois,41.77224,-88.26363,"Illinois
(41.77224, -88.26363)"
Derailments,2012:03:BNSF:CH0312115,0,0,50000,13600,0,0,0,DU PAGE,3/24/2012 0:00,23:20,2012,2012,"T202,","BNSF,IR,",1,"T2,","T,",YARD,Illinois,41.77195,-88.26305,"Illinois
(41.77195, -88.26305)"
Derailments,2012:06:BNSF:CH0612105,0,0,6000,25200,0,0,0,DU PAGE,6/10/2012 0:00,3:00,2012,2012,"H312,","BNSF,",7,"H3,","H,",YARD,Illinois,41.772234,-88.261148,"Illinois
(41.772234, -88.261148)"
Derailments,2012:10:UP:1012PR005,0,0,22000,8105,0,0,0,DU PAGE,10/6/2012 0:00,8:20,2012,2013,"T110,","UP,",7,"T1,","T,",INDUSTRY,Illinois,41.882655,-88.260176,"Illinois
(41.882655, -88.260176)"
Derailments,2015:05:BNSF:CH0515112,0,0,1000,15555,0,0,0,KANE,5/28/2015 0:00,8:15,2015,2015,"T110,","BNSF,",7,"T1,","T,",YARD,Illinois,41.772809,-88.259901,"Illinois
(41.772809, -88.259901)"
Derailments,2016:01:CSX:000156176,0,0,314,15571,4,1,0,CARROLL,1/18/2016 0:00,4:45,2016,2016,"T110,","CSX,",1,"T1,","T,",YARD,Tennessee,36.039783,-88.252182,"Tennessee
(36.039783, -88.252182)"