AccidentType,inckey,Fatalities,Injuries,TrackDamage,EquipmentDamage,HazmatCars,HazmatCarsDerailed,HazmatCarsReleasing,County,DisplayDate,DisplayTime,calendar,Fiscal,AccidentCause,RailroadCodes,RAILEQUIPMENT_TYPE,CauseGroup,CauseDiscipline,TYPE_OF_TRACK,StateName,latitude,longitude,GeoLocation
Other impacts,2011:09:BNSF:CH0911101,0,0,1000,15700,6,2,0,DU PAGE,9/1/2011 0:00,19:45,2011,2011,"H020,","BNSF,",67,"H0,","H,",YARD,Illinois,41.773641,-88.251636,"Illinois
(41.773641, -88.251636)"
Derailments,2013:02:BNSF:CH0213111,0,0,3500,46699,0,0,0,DU PAGE,2/25/2013 0:00,1:00,2013,2013,"T111,","BNSF,",1,"T1,","T,",YARD,Illinois,41.773723,-88.251611,"Illinois
(41.773723, -88.251611)"
Derailments,2015:04:BNSF:CH0415106,0,0,1500,30000,20,0,0,DU PAGE,4/17/2015 0:00,12:45,2015,2015,"E64C,","BNSF,",1,"E6,","E,",YARD,Illinois,41.77466,-88.249134,"Illinois
(41.77466, -88.249134)"
Other impacts,2011:10:CSX:000095278,0,0,0,11708,0,0,0,CARROLL,10/3/2011 0:00,24:30:00,2011,2012,"H302,","CSX,",5,"H3,","H,",YARD,Tennessee,36.043689,-88.24489,"Tennessee
(36.043689, -88.24489)"
Derailments,2014:10:CSX:000136902,0,0,2500,239223,0,0,0,CARROLL,10/28/2014 0:00,10:15,2014,2015,"H704,","CSX,",18,"H7,","H,",YARD,Tennessee,36.043689,-88.24489,"Tennessee
(36.043689, -88.24489)"
Derailments,2013:11:UP:1113PR018,0,0,2330,63138,0,0,0,DU PAGE,11/17/2013 0:00,1:15,2013,2014,"S011,","UP,",1,"S0,","S,",YARD,Illinois,41.882888,-88.244149,"Illinois
(41.882888, -88.244149)"
Derailments,2012:05:BNSF:CH0512113,0,0,2300,9000,1,1,0,DU PAGE,5/20/2012 0:00,17:30,2012,2012,"T206,","BNSF,",7,"T2,","T,",YARD,Illinois,41.775163,-88.241909,"Illinois
(41.775163, -88.241909)"
Derailments,2015:07:BNSF:CH0715101,0,0,18500,10000,0,0,0,KANE,7/3/2015 0:00,24:13:00,2015,2015,"T217,","BNSF,",7,"T2,","T,",YARD,Illinois,41.775567,-88.240809,"Illinois
(41.775567, -88.240809)"
Other impacts,2013:06:IC:783963,0,0,75,21269,1,1,0,CHAMPAIGN,6/28/2013 0:00,9:45,2013,2013,"H318,","IC,",7,"H3,","H,",YARD,Illinois,40.11703,-88.240115,"Illinois
(40.11703, -88.240115)"
Other events,2014:02:IC:804559,0,0,0,16500,2,0,0,CHAMPAIGN,2/11/2014 0:00,19:45,2014,2014,"E21C,","IC,",7,"E2,","E,",YARD,Illinois,40.11703,-88.240115,"Illinois
(40.11703, -88.240115)"
Highway-rail impact,2015:10:BNSF:CH1015202,0,0,28400,14851,0,0,0,WILL,10/18/2015 0:00,6:21,2015,2016,"M302,M309,","BNSF,UP,",1,"M3,","M,",MAIN,Illinois,41.325185,-88.237438,"Illinois
(41.325185, -88.237438)"
Derailments,2011:11:NIRC:MRE125,0,0,1390843,795226,6,2,0,COOK,11/3/2011 0:00,5:10,2011,2012,"T201,","EJE,NIRC,",1,"T2,","T,",MAIN,Illinois,42.003679,-88.235017,"Illinois
(42.003679, -88.235017)"
Highway-rail impact,2013:11:WC:798012,0,1,75,47024,0,0,0,DU PAGE,11/24/2013 0:00,4:13,2013,2014,"M302,M304,","WC,",1,"M3,","M,",MAIN,Illinois,41.732228,-88.234594,"Illinois
(41.732228, -88.234594)"
Side collision,2012:03:BNSF:CH0312106,0,0,3500,12000,0,0,0,DU PAGE,3/12/2012 0:00,1:30,2012,2012,"H306,","BNSF,",7,"H3,","H,",YARD,Illinois,41.776458,-88.232625,"Illinois
(41.776458, -88.232625)"
Derailments,2013:12:BNSF:CH1213121,0,0,8000,25000,0,0,0,DU PAGE,12/30/2013 0:00,12:51,2013,2014,"E46L,","BNSF,IR,",8,"E4,","E,",YARD,Illinois,41.776543,-88.232613,"Illinois
(41.776543, -88.232613)"
Other impacts,2014:08:IC:824686,0,0,75,57269,0,0,0,CHAMPAIGN,8/30/2014 0:00,5:00,2014,2014,"M599,","IC,",7,"M5,","M,",YARD,Illinois,40.141116,-88.229495,"Illinois
(40.141116, -88.229495)"
Other events,2013:07:WC:786374,0,0,18393,0,0,0,0,WILL,7/23/2013 0:00,12:18,2013,2013,"H702,","UP,WC,",1,"H7,","H,",MAIN,Illinois,41.646805,-88.226848,"Illinois
(41.646805, -88.226848)"
Other impacts,2012:04:IC:742289,0,0,25,48583,22,1,0,CHAMPAIGN,4/15/2012 0:00,13:45,2012,2012,"H020,","IC,",67,"H0,","H,",YARD,Illinois,40.143465,-88.22647,"Illinois
(40.143465, -88.22647)"
Obstruction impact,2011:06:UP:0611PR006,0,0,0,16299,0,0,0,DU PAGE,6/2/2011 0:00,16:00,2011,2011,"M404,","UP,",7,"M4,","M,",YARD,Illinois,41.883269,-88.222802,"Illinois
(41.883269, -88.222802)"
Raking collision,2011:10:UP:1011PR016,0,0,0,10531,0,0,0,DU PAGE,10/12/2011 0:00,22:15,2011,2012,"H307,","UP,",7,"H3,","H,",YARD,Illinois,41.883269,-88.222802,"Illinois
(41.883269, -88.222802)"
Derailments,2012:11:UP:1112PR001,0,0,7248,151363,0,0,0,DU PAGE,11/2/2012 0:00,23:15,2012,2013,"H303,","UP,",7,"H3,","H,",YARD,Illinois,41.883269,-88.222802,"Illinois
(41.883269, -88.222802)"
Derailments,2013:01:UP:0113PR004,0,0,8505,23853,0,0,0,DU PAGE,1/12/2013 0:00,1:40,2013,2013,"T102,","UP,",7,"T1,","T,",YARD,Illinois,41.883269,-88.222802,"Illinois
(41.883269, -88.222802)"
Derailments,2013:06:UP:0613PR012,0,0,34958,552,0,0,0,DU PAGE,6/23/2013 0:00,20:00,2013,2013,"E71L,","UP,",1,"E7,","E,",YARD,Illinois,41.883269,-88.222802,"Illinois
(41.883269, -88.222802)"
Other events,2013:06:CP:237592,0,0,12816,0,0,0,0,WAUKESHA,6/27/2013 0:00,9:26,2013,2013,"H993,","CP,",NA,"H9,","H,",MAIN,Wisconsin,43.065,-88.216559,"Wisconsin
(43.065, -88.216559)"
Derailments,2013:10:DIAQ:INDUSTRY,0,0,9042,31041,0,0,0,WILL,10/25/2013 0:00,19:37,2013,2014,"H307,","WC,",1,"H3,","H,",INDUSTRY,Illinois,41.626366,-88.213145,"Illinois
(41.626366, -88.213145)"
Derailments,2013:11:XDIA:INDUSTRY,0,0,10392,30772,0,0,0,WILL,11/15/2013 0:00,7:30,2013,2014,"H307,","WC,",1,"H3,","H,",INDUSTRY,Illinois,41.626366,-88.213145,"Illinois
(41.626366, -88.213145)"
Other impacts,2011:07:EJE:716182,0,0,75,42000,3,3,0,WILL,7/24/2011 0:00,17:05,2011,2011,"H021,","EJE,",7,"H0,","H,",YARD,Illinois,41.65861,-88.2067,"Illinois
(41.65861, -88.2067)"
Derailments,2016:08:UP:0816PR004,0,0,70878,48801,0,0,0,DU PAGE,8/2/2016 0:00,16:00,2016,2016,"E64C,","UP,",1,"E6,","E,",YARD,Illinois,41.882238,-88.203149,"Illinois
(41.882238, -88.203149)"
Derailments,2015:06:UP:0615PR010,0,0,100,37194,0,0,0,DU PAGE,6/14/2015 0:00,10:30,2015,2015,"T314,","UP,",8,"T3,","T,",YARD,Illinois,41.880557,-88.197809,"Illinois
(41.880557, -88.197809)"
Derailments,2015:04:UP:0415PR007,0,0,1990,41518,0,0,0,DU PAGE,4/5/2015 0:00,21:30,2015,2015,"T314,","UP,",1,"T3,","T,",YARD,Illinois,41.880651,-88.197789,"Illinois
(41.880651, -88.197789)"
Derailments,2015:08:NS:116855,0,0,12831,15,0,0,0,CHAMPAIGN,8/7/2015 0:00,19:50,2015,2015,"T110,","NS,",1,"T1,","T,",MAIN,Illinois,40.114374,-88.193964,"Illinois
(40.114374, -88.193964)"
Derailments,2015:07:XDGY:INDUSTRY,0,0,150000,700000,0,0,0,JASPER,7/15/2015 0:00,24:50:00,2015,2015,"T221,","INRD,",1,"T2,","T,",INDUSTRY,Illinois,38.98856,-88.189059,"Illinois
(38.98856, -88.189059)"
Highway-rail impact,2013:10:NIRC:MRG092,0,1,37023,290000,0,0,0,COOK,10/21/2013 0:00,15:42,2013,2014,"M304,","NIRC,",NA,"M3,","M,",MAIN,Illinois,41.992806,-88.188765,"Illinois
(41.992806, -88.188765)"
Derailments,2014:02:BNSF:CH0214117,0,0,2500,12307,0,0,0,WILL,2/17/2014 0:00,15:15,2014,2014,"H703,","BNSF,",1,"H7,","H,",YARD,Illinois,41.418369,-88.171587,"Illinois
(41.418369, -88.171587)"
Highway-rail impact,2015:06:IC:856858,0,1,523,16548,0,0,0,CHAMPAIGN,6/27/2015 0:00,22:15,2015,2015,"M308,","ATK,IC,",2,"M3,","M,",MAIN,Illinois,40.282752,-88.171116,"Illinois
(40.282752, -88.171116)"
Derailments,2013:12:NIRC:MRG151,0,0,6084,10782,0,0,0,KANE,12/13/2013 0:00,18:08,2013,2014,"H701,","NIRC,",NA,"H7,","H,",YARD,Illinois,42.015948,-88.170166,"Illinois
(42.015948, -88.170166)"
Other impacts,2012:06:BNSF:CH0612102,0,0,4000,5500,6,0,0,WILL,6/5/2012 0:00,21:10,2012,2012,"E08C,","BNSF,",57,"E0,","E,",INDUSTRY,Illinois,41.42249,-88.169694,"Illinois
(41.42249, -88.169694)"
Derailments,2014:10:CSX:000136746,0,2,80000,948714,0,0,0,BENTON,10/26/2014 0:00,22:55,2014,2015,"M506,","CSX,",1,"M5,","M,",MAIN,Tennessee,36.045116,-88.168789,"Tennessee
(36.045116, -88.168789)"
Derailments,2013:02:ZSTE:INDUSTRY,0,0,21088,77816,12,1,0,WILL,2/15/2013 0:00,5:40,2013,2013,"T110,","IC,",1,"T1,","T,",INDUSTRY,Illinois,41.450469,-88.163129,"Illinois
(41.450469, -88.163129)"
Derailments,2012:12:AGR:AGR120610,0,0,80000,50000,0,0,0,PICKENS,12/15/2012 0:00,6:45,2012,2013,"T210,T001,","AGR,",1,"T2,T0,","T,",SIDING,Alabama,33.129645,-88.157558,"Alabama
(33.129645, -88.157558)"
Derailments,2012:09:BNSF:CH0912117,0,0,77765,18820,0,0,0,WILL,9/21/2012 0:00,14:09,2012,2012,"T314,","BNSF,",1,"T3,","T,",YARD,Illinois,41.40075,-88.15461,"Illinois
(41.40075, -88.15461)"
Derailments,2011:11:WSOR:11111101D,0,0,7993,79691,0,0,0,WASHINGTON,11/11/2011 0:00,3:40,2011,2012,"T220,","WSOR,",1,"T2,","T,",MAIN,Wisconsin,43.2413,-88.153694,"Wisconsin
(43.2413, -88.153694)"
Derailments,2016:01:BNSF:CH0116108,0,0,0,18759,0,0,0,WILL,1/25/2016 0:00,4:15,2016,2016,"M501,","BNSF,",7,"M5,","M,",YARD,Illinois,41.378846,-88.151036,"Illinois
(41.378846, -88.151036)"
Derailments,2013:11:AGR:AGR444413,0,0,622793,2076254,88,30,26,PICKENS,11/7/2013 0:00,23:40,2013,2014,"M507,","AGR,",1,"M5,","M,",MAIN,Alabama,33.088357,-88.141843,"Alabama
(33.088357, -88.141843)"
Highway-rail impact,2015:06:UP:0615SL003,0,16,13993,26000,0,0,0,WILL,6/5/2015 0:00,16:20,2015,2015,"M308,","ATK,UP,",2,"M3,","M,",MAIN,Illinois,41.326867,-88.140688,"Illinois
(41.326867, -88.140688)"
Derailments,2016:02:BNSF:CH0216102,0,0,59000,13000,0,0,0,DU PAGE,2/8/2016 0:00,5:10,2016,2016,"T399,","BNSF,BNSO,",NA,"T3,","T,",MAIN,Illinois,41.780002,-88.137897,"Illinois
(41.780002, -88.137897)"
Highway-rail impact,2013:05:WC:780557,0,1,1481,14116,0,0,0,COOK,5/23/2013 0:00,17:57,2013,2013,"M304,","WC,",1,"M3,","M,",MAIN,Illinois,42.161519,-88.130983,"Illinois
(42.161519, -88.130983)"
Derailments,2014:08:CSX:000133572,0,0,5000,164436,33,4,0,WILL,8/16/2014 0:00,14:54,2014,2014,"T210,","CSX,",1,"T2,","T,",YARD,Illinois,41.501443,-88.128168,"Illinois
(41.501443, -88.128168)"
Side collision,2013:11:EVWR:E2013NOV2D,0,0,83200,483000,0,0,0,WHITE,11/18/2013 0:00,15:45,2013,2014,"T001,","EVWR,",11,"T0,","T,",SIDING,Illinois,38.08017,-88.12794,"Illinois
(38.08017, -88.12794)"
Derailments,2013:12:CSX:000124093,0,0,1600,136692,33,4,0,WILL,12/22/2013 0:00,11:15,2013,2014,"T210,","CSX,",1,"T2,","T,",YARD,Illinois,41.503549,-88.117189,"Illinois
(41.503549, -88.117189)"
Derailments,2013:04:IMSA:80013S002,0,0,18000,0,0,0,0,WILL,4/17/2013 0:00,2:15,2013,2013,"H704,H702,","IMSA,",8,"H7,","H,",YARD,Illinois,41.47591,-88.114643,"Illinois
(41.47591, -88.114643)"
Raking collision,2011:07:IMSA:ISAJIT001A,0,0,0,25000,0,0,0,WILL,7/12/2011 0:00,16:20,2011,2011,"H017,H599,","IMSA,",8,"H0,H5,","H,",YARD,Illinois,41.475917,-88.114643,"Illinois
(41.475917, -88.114643)"
Derailments,2011:12:IMSA:80011S007,0,0,20000,20000,0,0,0,WILL,12/8/2011 0:00,22:00,2011,2012,"H702,","IMSA,",7,"H7,","H,",YARD,Illinois,41.475917,-88.114643,"Illinois
(41.475917, -88.114643)"
Derailments,2012:09:IMSA:80012S001,0,0,5000,7000,0,0,0,WILL,9/2/2012 0:00,12:15,2012,2012,"H702,","IMSA,",7,"H7,","H,",YARD,Illinois,41.475917,-88.114643,"Illinois
(41.475917, -88.114643)"
Derailments,2012:11:IMSA:80012S002,0,0,35000,5000,0,0,0,WILL,11/6/2012 0:00,5:30,2012,2013,"H702,","IMSA,",7,"H7,","H,",YARD,Illinois,41.475917,-88.114643,"Illinois
(41.475917, -88.114643)"
Derailments,2013:07:BNSF:CH0713105,0,0,0,9900,0,0,0,WILL,7/14/2013 0:00,2:00,2013,2013,"H607,H702,","BNSF,",1,"H6,H7,","H,",YARD,Illinois,41.40453,-88.109612,"Illinois
(41.40453, -88.109612)"
Highway-rail impact,2014:01:NIRC:MRH019,2,0,22220,23272,0,0,0,LAKE,1/22/2014 0:00,17:51,2014,2014,"M301,","NIRC,",3,"M3,","M,",MAIN,Illinois,42.35989,-88.10244,"Illinois
(42.35989, -88.10244)"
Derailments,2013:07:UP:0713PR009,0,0,20000,0,0,0,0,WILL,7/13/2013 0:00,1:40,2013,2013,"H702,H704,H306,","IMSA,UP,",7,"H7,H3,","H,",YARD,Illinois,41.48113,-88.09742,"Illinois
(41.48113, -88.09742)"
Derailments,2015:10:IMSA:80015S002,0,0,28070,20000,0,0,0,WILL,10/20/2015 0:00,5:05,2015,2016,"H704,H702,","IMSA,",1,"H7,","H,",YARD,Illinois,41.481091,-88.097137,"Illinois
(41.481091, -88.097137)"
Highway-rail impact,2014:10:UP:1014PR003,0,1,0,21500,0,0,0,WILL,10/5/2014 0:00,19:16,2014,2015,"M304,","ATK,UP,",2,"M3,","M,",MAIN,Illinois,41.451233,-88.096397,"Illinois
(41.451233, -88.096397)"
Derailments,2012:11:UP:1112PR003,0,0,30000,15515,0,0,0,WILL,11/7/2012 0:00,5:30,2012,2013,"H702,","UP,",7,"H7,","H,",YARD,Illinois,41.457923,-88.095681,"Illinois
(41.457923, -88.095681)"
Derailments,2014:02:UP:0214PR036,0,0,50000,20000,0,0,0,WILL,2/14/2014 0:00,14:40,2014,2014,"H704,H702,","IMSA,UP,",8,"H7,","H,",YARD,Illinois,41.466455,-88.093564,"Illinois
(41.466455, -88.093564)"
Highway-rail impact,2016:02:UP:0216PR017,0,2,0,61000,0,0,0,WILL,2/19/2016 0:00,10:45,2016,2016,"M308,","ATK,UP,",2,"M3,","M,",MAIN,Illinois,41.480524,-88.090083,"Illinois
(41.480524, -88.090083)"
Rear end collision,2016:01:BNSF:CH0116105,0,2,0,81000,0,0,0,DU PAGE,1/16/2016 0:00,18:28,2016,2016,"H402,","ATK,BNSF,",29,"H4,","H,",MAIN,Illinois,41.795068,-88.088562,"Illinois
(41.795068, -88.088562)"
Raking collision,2012:07:TPW:TPWID12031,0,0,4309,28068,0,0,0,IROQUOIS,7/6/2012 0:00,3:00,2012,2012,"H302,","TPW,",1,"H3,","H,",MAIN,Illinois,40.7634,-88.0881,"Illinois
(40.7634, -88.0881)"
RR crossing collision,2015:05:IMSA:80015S001,0,0,8000,5000,0,0,0,WILL,5/5/2015 0:00,11:25,2015,2015,"M402,","IMSA,",7,"M4,","M,",YARD,Illinois,41.504975,-88.084589,"Illinois
(41.504975, -88.084589)"
Derailments,2015:10:XITM:INDUSTRY,0,0,100,83088,0,0,0,WILL,10/21/2015 0:00,5:28,2015,2016,"M501,","UP,",1,"M5,","M,",YARD,Illinois,41.531709,-88.078787,"Illinois
(41.531709, -88.078787)"
Derailments,2012:08:UP:0812SL006,0,0,64214,530146,2,0,0,CHAMPAIGN,8/9/2012 0:00,18:05,2012,2012,"M105,","UP,",1,"M1,","M,",MAIN,Illinois,40.002002,-88.068719,"Illinois
(40.002002, -88.068719)"
Highway-rail impact,2011:10:NS:096711,0,0,0,10000,0,0,0,MOBILE,10/18/2011 0:00,10:50,2011,2012,"M302,","NS,",9,"M3,","M,",MAIN,Alabama,30.818429,-88.067899,"Alabama
(30.818429, -88.067899)"
Derailments,2016:03:UP:0316PR006,0,0,25315,69632,49,4,0,WAUKESHA,3/5/2016 0:00,10:10,2016,2016,"T221,","UP,",1,"T2,","T,",YARD,Wisconsin,43.098611,-88.064709,"Wisconsin
(43.098611, -88.064709)"
Derailments,2015:03:UP:0315PR017,0,0,14542,6127,0,0,0,WAUKESHA,3/12/2015 0:00,20:08,2015,2015,"H503,","UP,",1,"H5,","H,",YARD,Wisconsin,43.092793,-88.064467,"Wisconsin
(43.092793, -88.064467)"
Derailments,2014:05:UP:0514PR020,0,0,25330,11550,0,0,0,WAUKESHA,5/24/2014 0:00,4:45,2014,2014,"T110,","UP,",1,"T1,","T,",YARD,Wisconsin,43.098635,-88.064366,"Wisconsin
(43.098635, -88.064366)"
Other impacts,2014:11:UP:1114PR002,0,0,2192,32608,0,0,0,WAUKESHA,11/2/2014 0:00,18:50,2014,2015,"H702,","UP,",7,"H7,","H,",YARD,Wisconsin,43.105829,-88.064208,"Wisconsin
(43.105829, -88.064208)"
Derailments,2013:05:UP:0513PR013,0,0,100,64416,0,0,0,WAUKESHA,5/13/2013 0:00,16:40,2013,2013,"H601,","UP,",7,"H6,","H,",YARD,Wisconsin,43.102817,-88.064152,"Wisconsin
(43.102817, -88.064152)"
Other impacts,2015:01:UP:0115PR013,0,0,2385,9845,0,0,0,WAUKESHA,1/19/2015 0:00,18:30,2015,2015,"H702,","UP,",87,"H7,","H,",YARD,Wisconsin,43.113062,-88.064047,"Wisconsin
(43.113062, -88.064047)"
Derailments,2011:10:UP:1011PR028,0,0,57,16679,0,0,0,WAUKESHA,10/19/2011 0:00,23:46,2011,2012,"H306,","UP,",7,"H3,","H,",YARD,Wisconsin,43.101437,-88.063859,"Wisconsin
(43.101437, -88.063859)"
Derailments,2011:10:UP:1011PR026,0,0,489,9301,0,0,0,WAUKESHA,10/19/2011 0:00,17:05,2011,2012,"E85C,","UP,",7,"E8,","E,",YARD,Wisconsin,43.107479,-88.063671,"Wisconsin
(43.107479, -88.063671)"
Derailments,2016:04:UP:0416PR002,0,0,27893,22263,11,0,0,MILWAUKEE,4/10/2016 0:00,16:50,2016,2016,"M405,","UP,",1,"M4,","M,",YARD,Wisconsin,43.088123,-88.062024,"Wisconsin
(43.088123, -88.062024)"
Derailments,2011:12:XGRE:INDUSTRY,0,0,7500,4900,0,0,0,WILL,12/30/2011 0:00,9:20,2011,2012,"T110,","BNSF,",7,"T1,","T,",INDUSTRY,Illinois,41.590023,-88.061383,"Illinois
(41.590023, -88.061383)"
Derailments,2013:08:BNSF:CH0813104,0,0,500,12669,0,0,0,WILL,8/2/2013 0:00,23:00,2013,2013,"T110,","BNSF,",7,"T1,","T,",INDUSTRY,Illinois,41.59004,-88.06138,"Illinois
(41.59004, -88.06138)"
Derailments,2013:08:BNSF:CH0813110,0,0,1000,19940,0,0,0,WILL,8/24/2013 0:00,24:10:00,2013,2013,"T001,","BNSF,",7,"T0,","T,",INDUSTRY,Illinois,41.59004,-88.06138,"Illinois
(41.59004, -88.06138)"
Derailments,2012:10:EJE:761193,0,0,5938,158124,0,0,0,WILL,10/20/2012 0:00,18:25,2012,2013,"H220,S104,","EJE,UP,",1,"H2,S1,","H,S,",YARD,Illinois,41.540056,-88.061235,"Illinois
(41.540056, -88.061235)"
Other impacts,2012:07:EJE:750863,0,0,9623,85600,18,4,0,WILL,7/4/2012 0:00,15:30,2012,2012,"H306,H702,","BNSF,EJE,",16,"H3,H7,","H,",YARD,Illinois,41.592257,-88.060892,"Illinois
(41.592257, -88.060892)"
Derailments,2012:10:EJE:761404,0,0,250,23200,5,2,0,WILL,10/23/2012 0:00,1:28,2012,2013,"H993,","EJE,",57,"H9,","H,",YARD,Illinois,41.542257,-88.060891,"Illinois
(41.542257, -88.060891)"
Other impacts,2011:11:EJE:726495,0,0,75,101370,0,0,0,WILL,11/2/2011 0:00,21:45,2011,2012,"H601,","EJE,",7,"H6,","H,",YARD,Illinois,41.542072,-88.060806,"Illinois
(41.542072, -88.060806)"
Other impacts,2013:04:WC:775489,0,0,75,78678,2,2,0,WILL,4/5/2013 0:00,2:30,2013,2013,"H318,","WC,",7,"H3,","H,",YARD,Illinois,41.532451,-88.060677,"Illinois
(41.532451, -88.060677)"
Rear end collision,2014:12:WC:835171,0,2,13619,583503,121,3,0,WILL,12/13/2014 0:00,9:37,2014,2015,"H222,","WC,",1,"H2,","H,",MAIN,Illinois,41.54203,-88.06025,"Illinois
(41.54203, -88.06025)"
Derailments,2014:04:UP:0414PR014,0,0,6000,7835,34,1,0,MILWAUKEE,4/18/2014 0:00,21:30,2014,2014,"E29C,","UP,",1,"E2,","E,",YARD,Wisconsin,43.120001,-88.060181,"Wisconsin
(43.120001, -88.060181)"
Other impacts,2012:08:EJE:757148,0,0,75,9741,0,0,0,WILL,8/30/2012 0:00,4:30,2012,2012,"H602,","EJE,",7,"H6,","H,",YARD,Illinois,41.53711,-88.05954,"Illinois
(41.53711, -88.05954)"
Other impacts,2015:09:WC:864340,0,0,75,35840,0,0,0,WILL,9/1/2015 0:00,19:13,2015,2015,"H310,","WC,",7,"H3,","H,",YARD,Illinois,41.531992,-88.059021,"Illinois
(41.531992, -88.059021)"
Derailments,2014:04:WC:809252,0,0,3554,36299,9,2,0,WILL,4/1/2014 0:00,14:30,2014,2014,"H312,","WC,",7,"H3,","H,",YARD,Illinois,41.53331,-88.058628,"Illinois
(41.53331, -88.058628)"
Other impacts,2014:02:WC:805115,0,0,75,11099,0,0,0,WILL,2/17/2014 0:00,11:00,2014,2014,"H401,","WC,",7,"H4,","H,",YARD,Illinois,41.526432,-88.056086,"Illinois
(41.526432, -88.056086)"
Other impacts,2011:06:CSX:000090658,0,0,500,16328,2,0,0,MOBILE,6/19/2011 0:00,17:00,2011,2011,"H399,","CSX,",75,"H3,","H,",YARD,Alabama,30.7115,-88.054499,"Alabama
(30.7115, -88.054499)"
Other impacts,2011:12:IC:730397,0,0,20,56000,10,0,0,MOBILE,12/16/2011 0:00,13:55,2011,2012,"H318,H310,","IC,",7,"H3,","H,",YARD,Alabama,30.7097,-88.051841,"Alabama
(30.7097, -88.051841)"
Derailments,2013:07:TASD:D20130719B,0,0,7631,8077,0,0,0,MOBILE,7/19/2013 0:00,18:20,2013,2013,"E4BC,","TASD,",7,"E4,","E,",YARD,Alabama,30.721058,-88.051756,"Alabama
(30.721058, -88.051756)"
Derailments,2013:11:IC:797922,0,0,1640,90438,49,2,0,MOBILE,11/22/2013 0:00,10:00,2013,2014,"M405,","IC,",7,"M4,","M,",YARD,Alabama,30.717559,-88.050927,"Alabama
(30.717559, -88.050927)"
Derailments,2014:04:UP:0414PR018,0,0,10484,54435,0,0,0,WAUKESHA,4/29/2014 0:00,5:34,2014,2014,"T110,","UP,",1,"T1,","T,",YARD,Wisconsin,43.072661,-88.049539,"Wisconsin
(43.072661, -88.049539)"
Other impacts,2012:09:TASD:D20120910A,0,0,0,14211,1,1,0,MOBILE,9/10/2012 0:00,3:00,2012,2012,"H607,H018,","TASD,",7,"H6,H0,","H,",YARD,Alabama,30.720804,-88.049041,"Alabama
(30.720804, -88.049041)"
Derailments,2013:09:TASD:D20130922A,0,0,377,14437,0,0,0,MOBILE,9/22/2013 0:00,5:30,2013,2013,"H306,","TASD,",7,"H3,","H,",YARD,Alabama,30.712932,-88.047491,"Alabama
(30.712932, -88.047491)"
Side collision,2015:01:CSX:000140502,0,0,126,23617,1,1,0,MOBILE,1/24/2015 0:00,2:32,2015,2015,"H318,","CSX,",75,"H3,","H,",YARD,Alabama,30.712991,-88.046871,"Alabama
(30.712991, -88.046871)"
Derailments,2010:11:CSX:000082028,0,0,1000,45000,25,5,1,MOBILE,11/9/2010 0:00,10:30,2010,2011,"T220,","CSX,",7,"T2,","T,",YARD,Alabama,30.709598,-88.046235,"Alabama
(30.709598, -88.046235)"
Derailments,2011:08:CSX:000093079,0,0,2500,23404,4,3,0,MOBILE,8/19/2011 0:00,18:50,2011,2011,"H702,","CSX,",7,"H7,","H,",YARD,Alabama,30.708349,-88.045877,"Alabama
(30.708349, -88.045877)"
Other impacts,2011:12:CSX:000099146,0,0,0,11105,19,0,0,MOBILE,12/30/2011 0:00,19:30,2011,2012,"H318,","CSX,",76,"H3,","H,",YARD,Alabama,30.708349,-88.045877,"Alabama
(30.708349, -88.045877)"
Derailments,2013:04:CSX:000114954,0,0,500,16501,8,2,0,MOBILE,4/12/2013 0:00,6:45,2013,2013,"T220,","CSX,",7,"T2,","T,",YARD,Alabama,30.708349,-88.045877,"Alabama
(30.708349, -88.045877)"
Other impacts,2014:01:CSX:000125302,0,0,0,11436,4,0,0,MOBILE,1/27/2014 0:00,4:00,2014,2014,"H318,","CSX,",56,"H3,","H,",YARD,Alabama,30.708349,-88.045877,"Alabama
(30.708349, -88.045877)"
Other impacts,2015:07:CSX:000148676,0,0,0,66823,3,0,0,MOBILE,7/2/2015 0:00,3:30,2015,2015,"H021,","CSX,",61,"H0,","H,",YARD,Alabama,30.70835,-88.045877,"Alabama
(30.70835, -88.045877)"
Derailments,2012:11:TASD:D20121102A,0,0,10884,12296,0,0,0,MOBILE,11/2/2012 0:00,1:30,2012,2013,"T201,","TASD,",1,"T2,","T,",YARD,Alabama,30.709775,-88.045769,"Alabama
(30.709775, -88.045769)"
Derailments,2012:06:UP:0612PR005,0,0,26425,25434,1,0,0,MILWAUKEE,6/7/2012 0:00,16:45,2012,2012,"E21C,","UP,",1,"E2,","E,",MAIN,Wisconsin,43.028312,-88.045635,"Wisconsin
(43.028312, -88.045635)"
Other impacts,2015:01:TASD:D20150109A,0,0,956,22833,0,0,0,MOBILE,1/9/2015 0:00,22:30,2015,2015,"H306,H702,","TASD,",1,"H3,H7,","H,",YARD,Alabama,30.707566,-88.045231,"Alabama
(30.707566, -88.045231)"
Derailments,2015:02:IC:842048,0,0,950,18472,10,0,0,MOBILE,2/27/2015 0:00,9:05,2015,2015,"H703,","IC,",7,"H7,","H,",YARD,Alabama,30.704081,-88.044453,"Alabama
(30.704081, -88.044453)"
Derailments,2014:05:CSX:000129902,0,0,20000,70849,0,0,0,MOBILE,5/17/2014 0:00,15:15,2014,2014,"H999,","CSX,",1,"H9,","H,",MAIN,Alabama,30.738659,-88.044365,"Alabama
(30.738659, -88.044365)"