AccidentType,inckey,Fatalities,Injuries,TrackDamage,EquipmentDamage,HazmatCars,HazmatCarsDerailed,HazmatCarsReleasing,County,DisplayDate,DisplayTime,calendar,Fiscal,AccidentCause,RailroadCodes,RAILEQUIPMENT_TYPE,CauseGroup,CauseDiscipline,TYPE_OF_TRACK,StateName,latitude,longitude,GeoLocation
Derailments,2012:08:WC:755989,0,0,18244,46000,3,0,0,BROWN,8/25/2012 0:00,15:30,2012,2012,"T309,","WC,",1,"T3,","T,",YARD,Wisconsin,44.5495,-88.043511,"Wisconsin
(44.5495, -88.043511)"
Derailments,2014:08:TASD:D20140826A,0,0,1902,16700,0,0,0,MOBILE,8/26/2014 0:00,2:00,2014,2014,"T499,","TASD,",1,"T4,","T,",INDUSTRY,Alabama,30.656015,-88.041969,"Alabama
(30.656015, -88.041969)"
Derailments,2013:05:TASD:D20130510A,0,0,526,25800,0,0,0,MOBILE,5/10/2013 0:00,1:50,2013,2013,"M204,","TASD,",1,"M2,","M,",INDUSTRY,Alabama,30.665693,-88.041451,"Alabama
(30.665693, -88.041451)"
Derailments,2012:04:TASD:D20120410A,0,0,0,17170,0,0,0,MOBILE,4/10/2012 0:00,15:00,2012,2012,"M101,","TASD,",1,"M1,","M,",INDUSTRY,Alabama,30.65724,-88.0413,"Alabama
(30.65724, -88.0413)"
Derailments,2012:03:TASD:D20120311A,0,0,17037,89949,0,0,0,MOBILE,3/11/2012 0:00,24:55:00,2012,2012,"T314,M507,","CSX,TASD,",15,"T3,M5,","T,M,",INDUSTRY,Alabama,30.712835,-88.04097,"Alabama
(30.712835, -88.04097)"
Derailments,2012:02:TASD:D20120229A,0,0,21041,10601,0,0,0,MOBILE,2/29/2012 0:00,4:00,2012,2012,"T319,E4BC,","CSX,TASD,",1,"T3,E4,","T,E,",INDUSTRY,Alabama,30.665213,-88.040667,"Alabama
(30.665213, -88.040667)"
Derailments,2011:06:TASD:D20110626A,0,0,485,13046,0,0,0,MOBILE,6/26/2011 0:00,5:48,2011,2011,"T216,T316,","CSX,TASD,",1,"T2,T3,","T,",INDUSTRY,Alabama,30.677237,-88.039648,"Alabama
(30.677237, -88.039648)"
Other impacts,2012:07:TASD:D20120717A,0,0,869,653514,0,0,0,MOBILE,7/17/2012 0:00,17:27,2012,2012,"H607,","TASD,",17,"H6,","H,",INDUSTRY,Alabama,30.663,-88.038,"Alabama
(30.663, -88.038)"
Derailments,2013:06:TASD:D20130617A,0,0,34835,137163,0,0,0,MOBILE,6/17/2013 0:00,4:30,2013,2013,"E46C,","CSX,TASD,",1,"E4,","E,",INDUSTRY,Alabama,30.652712,-88.037045,"Alabama
(30.652712, -88.037045)"
Highway-rail impact,2015:03:BNSF:CH0315200,0,1,19500,115000,0,0,0,WILL,3/30/2015 0:00,11:35,2015,2015,"M303,","BNSF,",1,"M3,","M,",MAIN,Illinois,41.664836,-88.036877,"Illinois
(41.664836, -88.036877)"
Derailments,2014:11:TASD:D20141115A,0,0,2312,67700,0,0,0,MOBILE,11/15/2014 0:00,13:00,2014,2015,"T210,","TASD,",1,"T2,","T,",INDUSTRY,Alabama,30.651513,-88.03571,"Alabama
(30.651513, -88.03571)"
Derailments,2011:08:EJE:716984,0,0,75,16838,0,0,0,WILL,8/2/2011 0:00,15:15,2011,2011,"E27C,","EJE,",7,"E2,","E,",YARD,Illinois,41.32451,-88.03564,"Illinois
(41.32451, -88.03564)"
Derailments,2014:12:TASD:D20141211A,0,0,708,18500,0,0,0,MOBILE,12/11/2014 0:00,12:30,2014,2015,"T220,","TASD,",1,"T2,","T,",INDUSTRY,Alabama,30.653119,-88.034734,"Alabama
(30.653119, -88.034734)"
Derailments,2013:11:WC:797452,0,0,16729,38644,0,0,0,BROWN,11/16/2013 0:00,22:40,2013,2014,"T210,","WC,",1,"T2,","T,",YARD,Wisconsin,44.542,-88.033,"Wisconsin
(44.542, -88.033)"
Derailments,2013:10:AGR:AGR436113,0,0,1500,28000,4,0,0,GREENE,10/24/2013 0:00,10:27,2013,2014,"H019,E67C,","AGR,",1,"H0,E6,","H,E,",MAIN,Alabama,32.759761,-88.025956,"Alabama
(32.759761, -88.025956)"
Derailments,2013:05:NS:104549,0,0,775,50000,2,2,1,MOBILE,5/6/2013 0:00,15:20,2013,2013,"H306,H303,","NS,",1,"H3,","H,",SIDING,Alabama,30.971046,-88.023234,"Alabama
(30.971046, -88.023234)"
Derailments,2013:01:CSX:000111607,0,0,71000,782931,0,0,0,MOBILE,1/2/2013 0:00,13:48,2013,2013,"E51C,","CSX,",1,"E5,","E,",MAIN,Alabama,30.777765,-88.022715,"Alabama
(30.777765, -88.022715)"
Other impacts,2013:10:WC:795967,0,0,0,24000,0,0,0,BROWN,10/30/2013 0:00,7:15,2013,2014,"H302,","WC,",7,"H3,","H,",YARD,Wisconsin,44.53423,-88.022221,"Wisconsin
(44.53423, -88.022221)"
Derailments,2015:02:WC:840976,0,0,8635,20840,15,2,0,BROWN,2/17/2015 0:00,4:00,2015,2015,"H504,","WC,",1,"H5,","H,",YARD,Wisconsin,44.532023,-88.019132,"Wisconsin
(44.532023, -88.019132)"
Other impacts,2016:01:PAL:2016JAN1D,0,0,0,60000,0,0,0,CALDWELL,1/20/2016 0:00,2:40,2016,2016,"E09L,H017,","PAL,",8,"E0,H0,","E,H,",MAIN,Kentucky,37.098849,-88.018759,"Kentucky
(37.098849, -88.018759)"
Derailments,2013:11:NIRC:MRG118,0,0,6859,5557,0,0,0,DU PAGE,11/9/2013 0:00,12:20,2013,2014,"M204,","CP,NIRC,",1,"M2,","M,",MAIN,Illinois,41.971608,-88.014049,"Illinois
(41.971608, -88.014049)"
Highway-rail impact,2015:01:NIRC:MRI001,0,1,160000,0,0,0,0,DU PAGE,1/13/2015 0:00,7:01,2015,2015,"M306,","NIRC,",NA,"M3,","M,",MAIN,Illinois,41.97138,-88.01361,"Illinois
(41.97138, -88.01361)"
Other impacts,2014:11:NS:112960,0,0,0,17830,0,0,0,WASHINGTON,11/10/2014 0:00,16:10,2014,2015,"H302,","NS,",1,"H3,","H,",INDUSTRY,Alabama,31.278703,-88.008104,"Alabama
(31.278703, -88.008104)"
Highway-rail impact,2015:07:CC:860654,0,3,138688,5801,6,0,0,DU PAGE,7/30/2015 0:00,4:44,2015,2015,"M308,","CC,",1,"M3,","M,",MAIN,Illinois,41.909982,-88.00787,"Illinois
(41.909982, -88.00787)"
Derailments,2014:02:WC:804312,0,0,16698,56538,24,0,0,WILL,2/9/2014 0:00,3:30,2014,2014,"E09C,","WC,",1,"E0,","E,",MAIN,Illinois,41.491799,-88.004093,"Illinois
(41.491799, -88.004093)"
Derailments,2014:01:WC:803176,0,0,10363,2235,26,0,0,LAKE,1/28/2014 0:00,12:15,2014,2014,"E62C,","WC,",1,"E6,","E,",MAIN,Illinois,42.279206,-88.003977,"Illinois
(42.279206, -88.003977)"
Highway-rail impact,2016:08:IC:899379,1,2,2422,10542,0,0,0,IROQUOIS,8/31/2016 0:00,21:30,2016,2016,"M308,","ATK,IC,",2,"M3,","M,",MAIN,Illinois,40.737068,-88.001491,"Illinois
(40.737068, -88.001491)"
Highway-rail impact,2003:11:SOO:182256,0,0,11354,20000,0,0,0,WAUKESHA,11/5/2003 0:00,15:30,2003,2004,"M304,","SOO,",1,"M3,","M,",MAIN,Wisconsin,43,-88,"Wisconsin
(43, -88)"
Highway-rail impact,2013:02:IC:770175,0,1,102571,6681,2,0,0,IROQUOIS,2/7/2013 0:00,13:20,2013,2013,"M302,","IC,",1,"M3,","M,",MAIN,Illinois,40.765167,-87.994929,"Illinois
(40.765167, -87.994929)"
Derailments,2011:08:ELS:DR129,0,0,25000,1000,0,0,0,MARINETTE,8/24/2011 0:00,13:15,2011,2011,"T202,T111,","ELS,",1,"T2,T1,","T,",MAIN,Wisconsin,45.635239,-87.990953,"Wisconsin
(45.635239, -87.990953)"
Highway-rail impact,2015:06:XKAT:INDUSTRY,0,1,75,13793,21,1,0,COOK,6/1/2015 0:00,2:00,2015,2015,"M302,","IC,",1,"M3,","M,",INDUSTRY,Illinois,41.680783,-87.989397,"Illinois
(41.680783, -87.989397)"
Highway-rail impact,2011:07:NIRC:MR1105,1,1,10774,836,0,0,0,DU PAGE,7/3/2011 0:00,2:45,2011,2011,"M302,M304,","NIRC,SOO,",8,"M3,","M,",MAIN,Illinois,41.917301,-87.989,"Illinois
(41.917301, -87.989)"
Derailments,2013:07:UP:0713PR019,0,0,2000,85746,1,0,0,COOK,7/24/2013 0:00,5:30,2013,2013,"T319,","UP,",1,"T3,","T,",YARD,Illinois,41.895644,-87.984383,"Illinois
(41.895644, -87.984383)"
Highway-rail impact,2011:11:NIRC:MRE124,0,0,764,9250,0,0,0,LAKE,11/1/2011 0:00,5:34,2011,2012,"M404,","NIRC,",NA,"M4,","M,",MAIN,Illinois,42.301498,-87.983597,"Illinois
(42.301498, -87.983597)"
Derailments,2011:12:CSX:000098834,0,0,50,9404,1,1,0,HUMPHREYS,12/18/2011 0:00,8:45,2011,2012,"E0HC,","CSX,",5,"E0,","E,",YARD,Tennessee,36.019399,-87.979305,"Tennessee
(36.019399, -87.979305)"
Obstruction impact,2014:03:UP:0314PR020,0,0,0,11625,0,0,0,MILWAUKEE,3/24/2014 0:00,5:30,2014,2014,"H508,","UP,",1,"H5,","H,",YARD,Wisconsin,42.99776,-87.960105,"Wisconsin
(42.99776, -87.960105)"
Fire/violent rupture,2013:08:IC:789805,0,1,75,30000,0,0,0,IROQUOIS,8/25/2013 0:00,12:15,2013,2013,"E79L,","IC,",1,"E7,","E,",MAIN,Illinois,40.87918,-87.956406,"Illinois
(40.87918, -87.956406)"
Other events,2013:02:UP:0213PR022,0,0,0,13276,0,0,0,MILWAUKEE,2/7/2013 0:00,21:30,2013,2013,"M299,","UP,",1,"M2,","M,",MAIN,Wisconsin,42.995397,-87.952857,"Wisconsin
(42.995397, -87.952857)"
Derailments,2016:03:NS:119604,0,0,4000,19080,0,0,0,CHAMPAIGN,3/4/2016 0:00,24:45:00,2016,2016,"T110,","NS,",1,"T1,","T,",INDUSTRY,Illinois,40.03548,-87.950359,"Illinois
(40.03548, -87.950359)"
Derailments,2013:04:CP:236575,0,0,101000,1214,73,1,0,MILWAUKEE,4/13/2013 0:00,7:55,2013,2013,"E61C,","CP,",1,"E6,","E,",YARD,Wisconsin,43.0305,-87.9499,"Wisconsin
(43.0305, -87.9499)"
Derailments,2015:08:CTM:CT080215D,0,0,410,13450,0,0,0,DU PAGE,8/2/2015 0:00,15:01,2015,2015,"M503,","CTM,",1,"M5,","M,",YARD,Illinois,41.973848,-87.94936,"Illinois
(41.973848, -87.94936)"
Highway-rail impact,2016:01:CP:1000326994,0,1,14800,1800,11,0,0,MILWAUKEE,1/4/2016 0:00,9:10,2016,2016,"M304,","CP,",1,"M3,","M,",MAIN,Wisconsin,43.032766,-87.947722,"Wisconsin
(43.032766, -87.947722)"
Highway-rail impact,2011:07:NIRC:RIE069,2,7,44923,80000,0,0,0,COOK,7/21/2011 0:00,15:58,2011,2011,"M308,","NIRC,",NA,"M3,","M,",MAIN,Illinois,41.5,-87.947,"Illinois
(41.5, -87.947)"
Other impacts,2013:09:UP:0913PR014,0,0,99,46609,0,0,0,COOK,9/10/2013 0:00,14:00,2013,2013,"S007,","UP,",5,"S0,","S,",YARD,Illinois,41.899801,-87.946554,"Illinois
(41.899801, -87.946554)"
Derailments,2011:11:CTM:CT11092011,0,0,10704,450,0,0,0,COOK,11/9/2011 0:00,8:00,2011,2012,"T314,","CTM,UP,",7,"T3,","T,",YARD,Illinois,41.998906,-87.941523,"Illinois
(41.998906, -87.941523)"
Derailments,2013:03:UP:0313PR001,0,0,57826,12188,0,0,0,COOK,3/4/2013 0:00,3:10,2013,2013,"T110,","UP,",7,"T1,","T,",INDUSTRY,Illinois,41.997395,-87.938855,"Illinois
(41.997395, -87.938855)"
Highway-rail impact,2014:01:NIRC:MRH001,0,4,20869,80000,0,0,0,COOK,1/6/2014 0:00,5:50,2014,2014,"M399,","NIRC,",NA,"M3,","M,",MAIN,Illinois,41.988602,-87.938797,"Illinois
(41.988602, -87.938797)"
Derailments,2013:03:UP:0313PR020,0,0,57046,973,0,0,0,COOK,3/18/2013 0:00,2:00,2013,2013,"T111,","UP,",7,"T1,","T,",INDUSTRY,Illinois,41.99749,-87.937602,"Illinois
(41.99749, -87.937602)"
Fire/violent rupture,2014:06:UP:0614SL005,0,0,0,115308,0,0,0,CHAMPAIGN,6/8/2014 0:00,14:32,2014,2014,"E74L,","UP,",1,"E7,","E,",MAIN,Illinois,40.25939,-87.935922,"Illinois
(40.25939, -87.935922)"
Fire/violent rupture,2015:03:UP:0315SL003,0,0,0,199889,0,0,0,CHAMPAIGN,3/2/2015 0:00,2:23,2015,2015,"E72L,","UP,",1,"E7,","E,",MAIN,Illinois,40.25939,-87.935922,"Illinois
(40.25939, -87.935922)"
Derailments,2013:10:UP:1013PR007,0,0,1320,20319,0,0,0,COOK,10/6/2013 0:00,17:10,2013,2014,"M411,","UP,",7,"M4,","M,",YARD,Illinois,41.898068,-87.926828,"Illinois
(41.898068, -87.926828)"
Derailments,2014:01:UP:0114PR044,0,0,100,15022,0,0,0,COOK,1/31/2014 0:00,19:00,2014,2014,"E45C,","UP,",7,"E4,","E,",YARD,Illinois,41.898068,-87.926828,"Illinois
(41.898068, -87.926828)"
Derailments,2014:02:UP:0214PR038,0,0,39600,12882,0,0,0,COOK,2/28/2014 0:00,18:00,2014,2014,"H704,","UP,",1,"H7,","H,",YARD,Illinois,41.898068,-87.926828,"Illinois
(41.898068, -87.926828)"
Derailments,2013:03:UP:0313PR023,0,0,25521,14486,17,0,0,COOK,3/30/2013 0:00,19:00,2013,2013,"T207,","UP,",1,"T2,","T,",YARD,Illinois,41.898103,-87.926823,"Illinois
(41.898103, -87.926823)"
Derailments,2011:05:UP:0511PR026,0,0,5100,16335,2,0,0,COOK,5/31/2011 0:00,11:00,2011,2011,"T220,","UP,",7,"T2,","T,",YARD,Illinois,41.907276,-87.920005,"Illinois
(41.907276, -87.920005)"
Derailments,2013:02:CP:235720,0,0,8562,15845,0,0,0,COOK,2/17/2013 0:00,2:30,2013,2013,"H702,","CP,",7,"H7,","H,",YARD,Illinois,41.853012,-87.919589,"Illinois
(41.853012, -87.919589)"
Derailments,2013:04:UP:0413PR007,0,0,154225,120118,5,0,0,OZAUKEE,4/9/2013 0:00,23:15,2013,2013,"M103,","UP,",1,"M1,","M,",MAIN,Wisconsin,43.286592,-87.919249,"Wisconsin
(43.286592, -87.919249)"
Derailments,2014:12:CP:1000151494,0,0,74289,28078,0,0,0,COOK,12/9/2014 0:00,3:30,2014,2015,"H505,","CP,NIRC,",7,"H5,","H,",MAIN,Illinois,41.95262,-87.918557,"Illinois
(41.95262, -87.918557)"
Other impacts,2016:08:UP:0816PR016,0,0,0,17748,0,0,0,COOK,8/21/2016 0:00,19:00,2016,2016,"M411,","UP,",5,"M4,","M,",YARD,Illinois,41.903097,-87.917887,"Illinois
(41.903097, -87.917887)"
Other impacts,2016:08:UP:0816PR017,0,0,0,32898,0,0,0,COOK,8/22/2016 0:00,8:00,2016,2016,"H601,","UP,",6,"H6,","H,",YARD,Illinois,41.903097,-87.917887,"Illinois
(41.903097, -87.917887)"
Derailments,2014:05:UP:0514PR005,0,0,0,70478,0,0,0,COOK,5/7/2014 0:00,6:08,2014,2014,"M407,","UP,",6,"M4,","M,",YARD,Illinois,41.903089,-87.917877,"Illinois
(41.903089, -87.917877)"
Derailments,2014:05:UP:0514PR025,0,0,150,50199,0,0,0,COOK,5/27/2014 0:00,16:45,2014,2014,"M409,","UP,",1,"M4,","M,",YARD,Illinois,41.903089,-87.917877,"Illinois
(41.903089, -87.917877)"
Derailments,2014:06:UP:0614PR005,0,0,2312,11057,0,0,0,COOK,6/13/2014 0:00,2:45,2014,2014,"M405,","UP,",7,"M4,","M,",YARD,Illinois,41.903089,-87.917877,"Illinois
(41.903089, -87.917877)"
Derailments,2014:08:UP:0814PR017,0,0,4100,9205,0,0,0,COOK,8/31/2014 0:00,20:40,2014,2014,"T201,","UP,",1,"T2,","T,",YARD,Illinois,41.903089,-87.917877,"Illinois
(41.903089, -87.917877)"
Derailments,2015:02:UP:0215PR019,0,0,1984,27564,0,0,0,COOK,2/20/2015 0:00,5:45,2015,2015,"M404,","UP,",7,"M4,","M,",YARD,Illinois,41.903089,-87.917877,"Illinois
(41.903089, -87.917877)"
Derailments,2013:05:UP:0513PR024,0,0,2160,28300,57,8,0,COOK,5/23/2013 0:00,9:30,2013,2013,"T205,","CP,UP,",7,"T2,","T,",YARD,Illinois,41.89443,-87.9176,"Illinois
(41.89443, -87.9176)"
Derailments,2014:12:UP:1214PR015,0,0,300,11131,0,0,0,COOK,12/21/2014 0:00,18:35,2014,2015,"S011,","UP,",7,"S0,","S,",YARD,Illinois,41.905046,-87.916893,"Illinois
(41.905046, -87.916893)"
Derailments,2016:04:UP:0416PR004,0,0,228482,252664,0,0,0,COOK,4/8/2016 0:00,18:15,2016,2016,"H510,","UP,",7,"H5,","H,",YARD,Illinois,41.90534,-87.915474,"Illinois
(41.90534, -87.915474)"
Derailments,2015:10:UP:1015PR008,0,0,2312,39251,0,0,0,COOK,10/11/2015 0:00,4:20,2015,2016,"T207,","UP,",7,"T2,","T,",YARD,Illinois,41.909326,-87.915428,"Illinois
(41.909326, -87.915428)"
Derailments,2014:06:UP:0614PR011,0,0,4920,17108,0,0,0,COOK,6/17/2014 0:00,13:30,2014,2014,"T206,","UP,",57,"T2,","T,",YARD,Illinois,41.909293,-87.91538,"Illinois
(41.909293, -87.91538)"
Derailments,2014:06:UP:0614PR013,0,0,5000,71748,0,0,0,COOK,6/21/2014 0:00,22:25,2014,2014,"M405,","UP,",7,"M4,","M,",YARD,Illinois,41.909293,-87.91538,"Illinois
(41.909293, -87.91538)"
Derailments,2014:09:UP:0914PR005,0,0,1000,36252,0,0,0,COOK,9/11/2014 0:00,11:30,2014,2014,"M411,","UP,",7,"M4,","M,",YARD,Illinois,41.909293,-87.91538,"Illinois
(41.909293, -87.91538)"
Derailments,2014:12:UP:1214PR013,0,0,4326,29729,0,0,0,COOK,12/11/2014 0:00,21:23,2014,2015,"T113,","UP,",7,"T1,","T,",YARD,Illinois,41.909293,-87.91538,"Illinois
(41.909293, -87.91538)"
Other events,2015:01:UP:0115PR015,0,0,0,11296,0,0,0,COOK,1/17/2015 0:00,13:05,2015,2015,"H601,","UP,",5,"H6,","H,",YARD,Illinois,41.909293,-87.91538,"Illinois
(41.909293, -87.91538)"
Other impacts,2015:02:UP:0215PR006,0,0,0,13555,0,0,0,COOK,2/3/2015 0:00,10:00,2015,2015,"H601,","UP,",5,"H6,","H,",YARD,Illinois,41.909293,-87.91538,"Illinois
(41.909293, -87.91538)"
Other impacts,2015:02:UP:0215PR007,0,0,1700,48063,0,0,0,COOK,2/7/2015 0:00,7:10,2015,2015,"M407,H601,","UP,",5,"M4,H6,","M,H,",YARD,Illinois,41.909293,-87.91538,"Illinois
(41.909293, -87.91538)"
Other impacts,2015:02:UP:0215PR016,0,0,0,12979,0,0,0,COOK,2/3/2015 0:00,10:00,2015,2015,"H601,","UP,",5,"H6,","H,",YARD,Illinois,41.909293,-87.91538,"Illinois
(41.909293, -87.91538)"
Other impacts,2016:07:UP:0716PR006,0,0,0,98102,0,0,0,COOK,7/13/2016 0:00,9:00,2016,2016,"H601,","UP,",6,"H6,","H,",YARD,Illinois,41.909442,-87.915277,"Illinois
(41.909442, -87.915277)"
Other events,2015:03:UP:0315PR009,0,0,0,12960,0,0,0,COOK,3/9/2015 0:00,10:00,2015,2015,"H601,","UP,",5,"H6,","H,",YARD,Illinois,41.910672,-87.915234,"Illinois
(41.910672, -87.915234)"
Other events,2015:05:UP:0515PR001,0,0,0,34591,0,0,0,COOK,5/1/2015 0:00,10:00,2015,2015,"H601,","UP,",5,"H6,","H,",YARD,Illinois,41.910672,-87.915234,"Illinois
(41.910672, -87.915234)"
Derailments,2011:09:UP:0911PR029,0,0,190262,60523,1,0,0,COOK,9/29/2011 0:00,10:30,2011,2011,"T110,","UP,",1,"T1,","T,",YARD,Illinois,41.926875,-87.915215,"Illinois
(41.926875, -87.915215)"
Derailments,2015:06:UP:0615PR015,0,0,66,75889,0,0,0,COOK,6/19/2015 0:00,1:30,2015,2015,"H605,","UP,",81,"H6,","H,",YARD,Illinois,41.909337,-87.915129,"Illinois
(41.909337, -87.915129)"
Derailments,2015:07:UP:0715PR018,0,0,792,184865,0,0,0,COOK,7/29/2015 0:00,10:00,2015,2015,"M411,","UP,",57,"M4,","M,",YARD,Illinois,41.909337,-87.915129,"Illinois
(41.909337, -87.915129)"
Derailments,2015:07:UP:0715PR023,0,0,3612,57137,0,0,0,COOK,7/28/2015 0:00,21:30,2015,2015,"H020,","UP,",67,"H0,","H,",YARD,Illinois,41.909337,-87.915129,"Illinois
(41.909337, -87.915129)"
Other events,2015:07:UP:0715PR024,0,0,0,45026,0,0,0,COOK,7/31/2015 0:00,9:00,2015,2015,"H601,","UP,",5,"H6,","H,",YARD,Illinois,41.909337,-87.915129,"Illinois
(41.909337, -87.915129)"
Derailments,2015:10:UP:1015PR010,0,0,4570,16032,0,0,0,COOK,10/17/2015 0:00,24:40:00,2015,2016,"T316,","UP,",7,"T3,","T,",YARD,Illinois,41.909337,-87.915129,"Illinois
(41.909337, -87.915129)"
Derailments,2015:10:UP:1015PR025,0,0,12021,15761,11,0,0,COOK,10/29/2015 0:00,13:15,2015,2016,"T210,","UP,",1,"T2,","T,",YARD,Illinois,41.909337,-87.915129,"Illinois
(41.909337, -87.915129)"
Derailments,2015:12:UP:1215PR007,0,0,9248,20982,0,0,0,COOK,12/14/2015 0:00,16:00,2015,2016,"T308,","UP,",18,"T3,","T,",YARD,Illinois,41.909337,-87.915129,"Illinois
(41.909337, -87.915129)"
Other impacts,2016:01:UP:0116PR008,0,0,1000,9953,0,0,0,COOK,1/18/2016 0:00,17:15,2016,2016,"E41C,","UP,",7,"E4,","E,",YARD,Illinois,41.909337,-87.915129,"Illinois
(41.909337, -87.915129)"
Derailments,2016:05:UP:0516PR001,0,0,3490,18452,0,0,0,COOK,5/2/2016 0:00,2:45,2016,2016,"E40C,","UP,",7,"E4,","E,",YARD,Illinois,41.909337,-87.915129,"Illinois
(41.909337, -87.915129)"
Derailments,2014:07:UP:0714PR010,0,0,2463,22400,0,0,0,COOK,7/9/2014 0:00,16:00,2014,2014,"T110,","UP,",1,"T1,","T,",INDUSTRY,Illinois,42.025233,-87.9151,"Illinois
(42.025233, -87.9151)"
Highway-rail impact,2016:06:CP:1000412422,1,0,50,19100,0,0,0,RACINE,6/18/2016 0:00,23:01,2016,2016,"M308,","ATK,CP,",NA,"M3,","M,",MAIN,Wisconsin,42.760401,-87.915013,"Wisconsin
(42.760401, -87.915013)"
Other impacts,2015:03:UP:0315PR027,0,0,528,43846,0,0,0,COOK,3/27/2015 0:00,8:15,2015,2015,"S011,","UP,",6,"S0,","S,",YARD,Illinois,41.910868,-87.914992,"Illinois
(41.910868, -87.914992)"
Other events,2015:03:UP:0315PR032,0,0,0,13248,0,0,0,COOK,3/30/2015 0:00,10:00,2015,2015,"H601,","UP,",5,"H6,","H,",YARD,Illinois,41.910868,-87.914992,"Illinois
(41.910868, -87.914992)"
Derailments,2015:04:UP:0415PR008,0,0,101255,84849,0,0,0,COOK,4/13/2015 0:00,10:30,2015,2015,"T220,","UP,",7,"T2,","T,",YARD,Illinois,41.910868,-87.914992,"Illinois
(41.910868, -87.914992)"
Derailments,2012:05:UP:0512PR024,0,0,1212,12986,0,0,0,COOK,5/23/2012 0:00,3:30,2012,2012,"H307,","UP,",7,"H3,","H,",YARD,Illinois,41.912442,-87.914958,"Illinois
(41.912442, -87.914958)"
Derailments,2011:09:UP:0911PR020,0,0,2942,9000,7,0,0,COOK,9/21/2011 0:00,11:40,2011,2011,"T113,","UP,",1,"T1,","T,",YARD,Illinois,41.913504,-87.914799,"Illinois
(41.913504, -87.914799)"
Derailments,2013:07:UP:0713PR008,0,0,4871,60168,0,0,0,COOK,7/11/2013 0:00,24:10:00,2013,2013,"M405,","UP,",7,"M4,","M,",YARD,Illinois,41.913599,-87.914679,"Illinois
(41.913599, -87.914679)"
Derailments,2011:09:UP:0911PR027,0,0,4569,17000,0,0,0,COOK,9/28/2011 0:00,5:20,2011,2011,"T313,","UP,",1,"T3,","T,",YARD,Illinois,41.914858,-87.914593,"Illinois
(41.914858, -87.914593)"
Side collision,2015:11:UP:1115PR006,0,0,300,14563,0,0,0,COOK,11/8/2015 0:00,18:15,2015,2016,"H301,H307,","UP,",8,"H3,","H,",YARD,Illinois,41.928348,-87.914593,"Illinois
(41.928348, -87.914593)"
Derailments,2014:08:UP:0814PR005,0,0,4398,17966,0,0,0,COOK,8/3/2014 0:00,14:50,2014,2014,"M501,","UP,",1,"M5,","M,",YARD,Illinois,41.899837,-87.91456,"Illinois
(41.899837, -87.91456)"
Derailments,2012:07:UP:0712PR012,0,0,304,23415,26,0,0,COOK,7/8/2012 0:00,17:25,2012,2012,"H503,H504,","SOO,UP,",1,"H5,","H,",YARD,Illinois,41.928173,-87.914205,"Illinois
(41.928173, -87.914205)"
Derailments,2014:07:UP:0714PR015,0,0,11268,10772,16,0,0,COOK,7/11/2014 0:00,16:45,2014,2014,"T202,","CP,UP,",1,"T2,","T,",YARD,Illinois,41.915464,-87.914041,"Illinois
(41.915464, -87.914041)"
Derailments,2012:12:UP:1212PR019,0,0,54130,11641,0,0,0,COOK,12/28/2012 0:00,15:45,2012,2013,"M405,","UP,",1,"M4,","M,",INDUSTRY,Illinois,42.028647,-87.913684,"Illinois
(42.028647, -87.913684)"
Derailments,2012:08:UP:0812PR028,0,0,3984,9171,0,0,0,COOK,8/26/2012 0:00,19:30,2012,2012,"T210,","UP,",7,"T2,","T,",YARD,Illinois,41.900771,-87.913287,"Illinois
(41.900771, -87.913287)"
Derailments,2013:09:UP:0913PR002,0,0,264,25332,0,0,0,COOK,9/6/2013 0:00,7:00,2013,2013,"H399,","UP,",8,"H3,","H,",YARD,Illinois,41.900377,-87.912362,"Illinois
(41.900377, -87.912362)"
Fire/violent rupture,2015:05:CP:1000259764,0,0,0,600000,0,0,0,MILWAUKEE,5/14/2015 0:00,11:58,2015,2015,"M406,","ATK,CP,",2,"M4,","M,",MAIN,Wisconsin,43.032838,-87.91189,"Wisconsin
(43.032838, -87.91189)"
Obstruction impact,2013:08:CP:238332,0,0,11340,6536,5,0,0,COOK,8/27/2013 0:00,19:00,2013,2013,"T210,","CP,",7,"T2,","T,",YARD,Illinois,41.949808,-87.911745,"Illinois
(41.949808, -87.911745)"
Derailments,2011:08:UP:0811PR024,0,0,17312,11538,0,0,0,COOK,8/20/2011 0:00,9:50,2011,2011,"T101,","UP,",1,"T1,","T,",YARD,Illinois,41.895986,-87.911457,"Illinois
(41.895986, -87.911457)"
Derailments,2014:01:PAL:2014JAN2D,0,0,5810,5200,0,0,0,CALDWELL,1/14/2014 0:00,12:12,2014,2014,"T110,M405,","PAL,",1,"T1,M4,","T,M,",YARD,Kentucky,37.10611,-87.910277,"Kentucky
(37.10611, -87.910277)"
Other impacts,2012:11:SOO:234198,0,0,4739,11417,0,0,0,COOK,11/2/2012 0:00,4:15,2012,2013,"H018,","SOO,",15,"H0,","H,",YARD,Illinois,41.949505,-87.908413,"Illinois
(41.949505, -87.908413)"
Derailments,2012:08:UP:0812PR030,0,0,5320,16300,0,0,0,COOK,8/27/2012 0:00,23:15,2012,2012,"H307,","UP,",7,"H3,","H,",YARD,Illinois,41.898308,-87.90829,"Illinois
(41.898308, -87.90829)"