AccidentType,inckey,Fatalities,Injuries,TrackDamage,EquipmentDamage,HazmatCars,HazmatCarsDerailed,HazmatCarsReleasing,County,DisplayDate,DisplayTime,calendar,Fiscal,AccidentCause,RailroadCodes,RAILEQUIPMENT_TYPE,CauseGroup,CauseDiscipline,TYPE_OF_TRACK,StateName,latitude,longitude,GeoLocation
Derailments,2015:09:NIRC:RII053,0,0,7153,6418,0,0,0,COOK,9/13/2015 0:00,10:50,2015,2015,"M507,","NIRC,",3,"M5,","M,",MAIN,Illinois,41.498299,-87.9077,"Illinois
(41.498299, -87.9077)"
Derailments,2013:01:CP:235292,0,0,6103,12806,14,3,0,COOK,1/17/2013 0:00,7:56,2013,2013,"H601,","CP,",7,"H6,","H,",YARD,Illinois,41.949505,-87.90745,"Illinois
(41.949505, -87.90745)"
Other impacts,2015:05:UP:0515PR003,0,0,0,68732,0,0,0,COOK,5/1/2015 0:00,10:30,2015,2015,"H601,","UP,",56,"H6,","H,",YARD,Illinois,41.895953,-87.907423,"Illinois
(41.895953, -87.907423)"
Other events,2015:05:UP:0515PR023,0,0,0,48096,0,0,0,COOK,5/22/2015 0:00,10:59,2015,2015,"H601,","UP,",5,"H6,","H,",YARD,Illinois,41.895953,-87.907423,"Illinois
(41.895953, -87.907423)"
Other events,2015:05:UP:0515PR026,0,0,0,11078,0,0,0,COOK,5/27/2015 0:00,5:45,2015,2015,"H601,","UP,",5,"H6,","H,",YARD,Illinois,41.895953,-87.907423,"Illinois
(41.895953, -87.907423)"
Other events,2015:06:UP:0615PR005,0,0,0,36466,0,0,0,COOK,6/12/2015 0:00,6:26,2015,2015,"H601,","UP,",5,"H6,","H,",YARD,Illinois,41.895953,-87.907423,"Illinois
(41.895953, -87.907423)"
Other events,2015:07:UP:0715PR019,0,0,0,68508,0,0,0,COOK,7/27/2015 0:00,13:12,2015,2015,"H601,","UP,",6,"H6,","H,",YARD,Illinois,41.895953,-87.907423,"Illinois
(41.895953, -87.907423)"
Other events,2015:09:UP:0915PR008,0,0,0,54747,0,0,0,COOK,9/5/2015 0:00,9:53,2015,2015,"H601,","UP,",5,"H6,","H,",YARD,Illinois,41.895953,-87.907423,"Illinois
(41.895953, -87.907423)"
Other events,2015:10:UP:1015PR018,0,0,0,54271,0,0,0,COOK,10/19/2015 0:00,20:44,2015,2016,"H601,","UP,",5,"H6,","H,",YARD,Illinois,41.895953,-87.907423,"Illinois
(41.895953, -87.907423)"
Derailments,2012:07:UP:0712PR035,0,0,4870,10202,0,0,0,COOK,7/31/2012 0:00,18:15,2012,2012,"S011,","UP,",7,"S0,","S,",YARD,Illinois,41.899971,-87.906854,"Illinois
(41.899971, -87.906854)"
Derailments,2011:12:UP:1211PR005,0,0,16640,100,0,0,0,COOK,12/3/2011 0:00,9:09,2011,2012,"M404,","UP,",7,"M4,","M,",YARD,Illinois,41.899765,-87.906645,"Illinois
(41.899765, -87.906645)"
Other impacts,2013:10:CP:238903,0,0,0,25871,0,0,0,COOK,10/22/2013 0:00,19:00,2013,2014,"H317,","CP,",7,"H3,","H,",YARD,Illinois,41.948611,-87.905128,"Illinois
(41.948611, -87.905128)"
Other impacts,2013:12:CP:239670,0,0,0,35372,0,0,0,COOK,12/28/2013 0:00,3:52,2013,2014,"H602,","CP,",7,"H6,","H,",YARD,Illinois,41.948197,-87.903828,"Illinois
(41.948197, -87.903828)"
Derailments,2015:03:UP:0315PR018,0,0,660,56382,0,0,0,COOK,3/10/2015 0:00,18:30,2015,2015,"S007,","UP,",61,"S0,","S,",YARD,Illinois,41.899352,-87.903809,"Illinois
(41.899352, -87.903809)"
Other events,2014:07:UP:0714PR025,0,0,0,23617,0,0,0,COOK,7/14/2014 0:00,9:00,2014,2014,"H601,","UP,",6,"H6,","H,",YARD,Illinois,41.897619,-87.903283,"Illinois
(41.897619, -87.903283)"
Highway-rail impact,2013:11:NIRC:RIG085,0,0,2466,76510,0,0,0,COOK,11/27/2013 0:00,15:58,2013,2014,"M303,","NIRC,",NA,"M3,","M,",MAIN,Illinois,41.498348,-87.903252,"Illinois
(41.498348, -87.903252)"
Other events,2014:07:UP:0714PR023,0,0,0,45667,0,0,0,COOK,7/11/2014 0:00,9:00,2014,2014,"H601,","UP,",5,"H6,","H,",YARD,Illinois,41.898275,-87.903112,"Illinois
(41.898275, -87.903112)"
Other events,2014:07:UP:0714PR026,0,0,0,34376,0,0,0,COOK,7/16/2014 0:00,9:00,2014,2014,"H601,","UP,",5,"H6,","H,",YARD,Illinois,41.897163,-87.90217,"Illinois
(41.897163, -87.90217)"
Derailments,2015:04:UP:0415PR006,0,0,264,26720,0,0,0,COOK,4/8/2015 0:00,18:10,2015,2015,"M411,","UP,",7,"M4,","M,",YARD,Illinois,41.89718,-87.901289,"Illinois
(41.89718, -87.901289)"
Derailments,2015:03:NS:114836,0,0,3249,8100,0,0,0,KANKAKEE,3/14/2015 0:00,23:15,2015,2015,"T210,","NS,",1,"T2,","T,",YARD,Illinois,41.122308,-87.900618,"Illinois
(41.122308, -87.900618)"
Other impacts,2011:08:SOO:227734,0,1,612,16680,9,0,0,LAKE,8/18/2011 0:00,4:03,2011,2011,"H210,H601,","SOO,",16,"H2,H6,H2,H6,","H,",MAIN,Illinois,42.295008,-87.900066,"Illinois
(42.295008, -87.900066)"
Derailments,2011:11:UP:1111PR007,0,0,11424,4200,1,0,0,COOK,11/6/2011 0:00,1:20,2011,2012,"T210,","UP,",1,"T2,","T,",YARD,Illinois,41.895704,-87.900013,"Illinois
(41.895704, -87.900013)"
Other impacts,2013:06:CP:237553,0,0,1568,75861,2,0,0,COOK,6/25/2013 0:00,12:30,2013,2013,"H601,","CP,",76,"H6,","H,",YARD,Illinois,41.946918,-87.899364,"Illinois
(41.946918, -87.899364)"
Other events,2012:07:UP:0712PR014,0,0,0,79640,0,0,0,COOK,7/10/2012 0:00,18:40,2012,2012,"M507,","UP,",6,"M5,","M,",YARD,Illinois,41.897845,-87.899038,"Illinois
(41.897845, -87.899038)"
Derailments,2015:03:UP:0315PR024,0,0,57223,75293,0,0,0,COOK,3/19/2015 0:00,9:52,2015,2015,"E44C,","UP,",7,"E4,","E,",YARD,Illinois,41.894929,-87.898258,"Illinois
(41.894929, -87.898258)"
Other events,2015:04:UP:0415PR031,0,0,0,12964,0,0,0,COOK,4/22/2015 0:00,24:27:00,2015,2015,"H601,","UP,",5,"H6,","H,",YARD,Illinois,41.894929,-87.898258,"Illinois
(41.894929, -87.898258)"
Side collision,2015:09:UP:0915PR017,0,0,1050,15923,0,0,0,COOK,9/19/2015 0:00,15:08,2015,2015,"H020,","UP,",56,"H0,","H,",YARD,Illinois,41.894929,-87.898258,"Illinois
(41.894929, -87.898258)"
Derailments,2016:02:UP:0216PR013,0,0,150,159564,0,0,0,COOK,2/21/2016 0:00,4:30,2016,2016,"H703,","UP,",7,"H7,","H,",YARD,Illinois,41.894929,-87.898258,"Illinois
(41.894929, -87.898258)"
Other impacts,2016:03:UP:0316PR022,0,0,0,43369,0,0,0,COOK,3/21/2016 0:00,16:43,2016,2016,"H601,","UP,",5,"H6,","H,",YARD,Illinois,41.894929,-87.898258,"Illinois
(41.894929, -87.898258)"
Fire/violent rupture,2016:06:UP:0616PR003,0,0,0,98319,0,0,0,COOK,6/4/2016 0:00,20:00,2016,2016,"E74L,","UP,",8,"E7,","E,",YARD,Illinois,41.897164,-87.89716,"Illinois
(41.897164, -87.89716)"
Derailments,2011:12:UP:1211PR031,0,0,4384,17562,0,0,0,COOK,12/29/2011 0:00,17:35,2011,2012,"T202,","UP,",7,"T2,","T,",YARD,Illinois,41.896074,-87.897003,"Illinois
(41.896074, -87.897003)"
Raking collision,2014:10:UP:1014PR010,0,0,66,24730,0,0,0,COOK,10/14/2014 0:00,20:40,2014,2015,"M199,","UP,",7,"M1,","M,",YARD,Illinois,41.897021,-87.89653,"Illinois
(41.897021, -87.89653)"
Derailments,2015:04:UP:0415PR025,0,0,10510,1245,0,0,0,COOK,4/22/2015 0:00,3:30,2015,2015,"T221,","UP,",7,"T2,","T,",YARD,Illinois,41.895774,-87.896484,"Illinois
(41.895774, -87.896484)"
Derailments,2012:05:UP:0512PR005,0,0,8640,15745,3,3,0,COOK,5/5/2012 0:00,13:30,2012,2012,"H307,","UP,",7,"H3,","H,",YARD,Illinois,41.896895,-87.896451,"Illinois
(41.896895, -87.896451)"
Derailments,2016:02:UP:0216PR008,0,0,36856,37788,0,0,0,COOK,2/18/2016 0:00,5:00,2016,2016,"T207,","UP,",7,"T2,","T,",YARD,Illinois,41.894722,-87.896426,"Illinois
(41.894722, -87.896426)"
Obstruction impact,2016:05:UP:0516PR015,0,0,5110,58415,0,0,0,COOK,5/16/2016 0:00,24:52:00,2016,2016,"M404,","UP,",7,"M4,","M,",YARD,Illinois,41.896931,-87.896075,"Illinois
(41.896931, -87.896075)"
Derailments,2012:03:UP:0312PR017,0,0,2045,26955,0,0,0,COOK,3/13/2012 0:00,24:45:00,2012,2012,"T199,","UP,",78,"T1,","T,",YARD,Illinois,41.897051,-87.896059,"Illinois
(41.897051, -87.896059)"
Obstruction impact,2015:10:UP:1015ES009,0,0,0,69272,0,0,0,LAKE,10/23/2015 0:00,24:45:00,2015,2016,"H199,","UP,",NA,"H1,","H,",MAIN,Illinois,42.370786,-87.895558,"Illinois
(42.370786, -87.895558)"
Side collision,2013:03:CP:236078,0,0,675,9616,0,0,0,COOK,3/12/2013 0:00,15:30,2013,2013,"H020,","CP,",56,"H0,","H,",YARD,Illinois,41.945972,-87.894397,"Illinois
(41.945972, -87.894397)"
Derailments,2013:02:UP:0213PR008,0,0,300,15406,0,0,0,COOK,2/7/2013 0:00,10:00,2013,2013,"T201,","UP,",8,"T2,","T,",YARD,Illinois,41.897148,-87.894039,"Illinois
(41.897148, -87.894039)"
Derailments,2011:06:UP:0611PR031,0,0,26484,20000,1,0,0,COOK,6/22/2011 0:00,16:30,2011,2011,"E06C,","UP,",7,"E0,","E,",YARD,Illinois,41.89619,-87.893847,"Illinois
(41.89619, -87.893847)"
Derailments,2011:09:POMJ:INDUSTRY,0,0,38,21771,0,0,0,MILWAUKEE,9/6/2011 0:00,24:00:00,2011,2011,"T311,","UP,",1,"T3,","T,",INDUSTRY,Wisconsin,43.009622,-87.893617,"Wisconsin
(43.009622, -87.893617)"
Derailments,2014:06:UP:0614PR012,0,0,91318,39943,2,0,0,MILWAUKEE,6/15/2014 0:00,8:30,2014,2014,"H503,","UP,",1,"H5,","H,",MAIN,Wisconsin,42.983108,-87.892557,"Wisconsin
(42.983108, -87.892557)"
Derailments,2012:02:UP:0212PR009,0,0,20735,61278,5,0,0,COOK,2/8/2012 0:00,24:44:00,2012,2012,"T222,","UP,",76,"T2,","T,",YARD,Illinois,41.894018,-87.891868,"Illinois
(41.894018, -87.891868)"
Raking collision,2015:03:IC:843786,0,0,250,126049,7,2,0,KANKAKEE,3/14/2015 0:00,1:30,2015,2015,"H301,","IC,",16,"H3,","H,",SIDING,Illinois,41.047472,-87.891669,"Illinois
(41.047472, -87.891669)"
Other impacts,2015:06:CP:1000218394,0,0,100,10884,4,0,0,COOK,6/2/2015 0:00,10:15,2015,2015,"E39C,","CP,",67,"E3,","E,",YARD,Illinois,41.94429,-87.89079,"Illinois
(41.94429, -87.89079)"
Other impacts,2014:02:CP:240158,0,0,1666,16972,0,0,0,COOK,2/9/2014 0:00,4:00,2014,2014,"H702,","CP,",67,"H7,","H,",YARD,Illinois,41.943058,-87.890459,"Illinois
(41.943058, -87.890459)"
Other impacts,2013:02:CP:235644,0,0,0,23630,0,0,0,COOK,2/11/2013 0:00,10:30,2013,2013,"H020,","CP,",51,"H0,","H,",YARD,Illinois,41.944146,-87.890193,"Illinois
(41.944146, -87.890193)"
Derailments,2015:05:IC:851624,0,0,1577,48511,0,0,0,KANKAKEE,5/29/2015 0:00,2:30,2015,2015,"T220,","IC,",1,"T2,","T,",YARD,Illinois,41.05215,-87.889969,"Illinois
(41.05215, -87.889969)"
Other impacts,2015:07:UP:0715PR007,0,0,792,17998,0,0,0,COOK,7/15/2015 0:00,19:17,2015,2015,"M411,","UP,",75,"M4,","M,",YARD,Illinois,41.893905,-87.889093,"Illinois
(41.893905, -87.889093)"
Derailments,2011:10:UP:1011PR033,0,0,4569,61600,0,0,0,COOK,10/21/2011 0:00,13:21,2011,2012,"H703,","UP,",7,"H7,","H,",YARD,Illinois,41.893987,-87.888101,"Illinois
(41.893987, -87.888101)"
Derailments,2015:03:UP:0315PR021,0,0,262200,175084,0,0,0,COOK,3/18/2015 0:00,13:15,2015,2015,"T101,","UP,",1,"T1,","T,",YARD,Illinois,41.893709,-87.887155,"Illinois
(41.893709, -87.887155)"
Derailments,2012:12:BNSF:CH1212114,0,0,1500,17972,20,1,0,COOK,12/17/2012 0:00,16:15,2012,2013,"E36C,","BNSF,",1,"E3,","E,",MAIN,Illinois,41.733719,-87.886911,"Illinois
(41.733719, -87.886911)"
Derailments,2012:07:UP:0712PR029,0,0,10306,47065,1,1,0,COOK,7/26/2012 0:00,14:50,2012,2012,"T319,","UP,",7,"T3,","T,",YARD,Illinois,41.893476,-87.885672,"Illinois
(41.893476, -87.885672)"
Derailments,2013:04:CP:236519,0,0,11401,6509,9,0,0,COOK,4/9/2013 0:00,19:00,2013,2013,"H312,","CP,",1,"H3,","H,",YARD,Illinois,41.942221,-87.885515,"Illinois
(41.942221, -87.885515)"
Derailments,2013:09:CP:238666,0,0,12186,55283,6,0,0,COOK,9/29/2013 0:00,11:45,2013,2013,"H703,","CP,",1,"H7,","H,",YARD,Illinois,41.941767,-87.884684,"Illinois
(41.941767, -87.884684)"
Highway-rail impact,2014:01:NS:108798,0,0,62171,14,0,0,0,COLBERT,1/29/2014 0:00,4:15,2014,2014,"M303,","NS,",1,"M3,","M,",MAIN,Alabama,34.73765,-87.884415,"Alabama
(34.73765, -87.884415)"
Derailments,2015:02:UP:0215PR012,0,0,1980,12659,0,0,0,COOK,2/14/2015 0:00,8:00,2015,2015,"T101,","UP,",1,"T1,","T,",YARD,Illinois,41.894805,-87.884375,"Illinois
(41.894805, -87.884375)"
Rear end collision,2015:09:UP:0915PR021,0,0,3000,23439,0,0,0,MILWAUKEE,9/29/2015 0:00,17:02,2015,2015,"H221,","UP,",41,"H2,","H,",MAIN,Wisconsin,42.981054,-87.883742,"Wisconsin
(42.981054, -87.883742)"
Derailments,2011:10:UP:1011PR004,0,0,2942,9692,2,0,0,COOK,10/3/2011 0:00,23:00,2011,2012,"T313,","UP,",7,"T3,","T,",YARD,Illinois,41.894806,-87.883624,"Illinois
(41.894806, -87.883624)"
Derailments,2011:06:UP:0611PR024,0,0,60188,47610,1,1,0,COOK,6/20/2011 0:00,24:30:00,2011,2011,"T111,","UP,",7,"T1,","T,",YARD,Illinois,41.901803,-87.883391,"Illinois
(41.901803, -87.883391)"
Derailments,2014:01:UP:0114PR022,0,0,50492,930576,0,0,0,RACINE,1/19/2014 0:00,2:15,2014,2014,"T207,","UP,",1,"T2,","T,",MAIN,Wisconsin,42.799413,-87.880104,"Wisconsin
(42.799413, -87.880104)"
Derailments,2011:07:UP:0711PR017,0,0,29543,49385,0,0,0,COOK,7/17/2011 0:00,14:45,2011,2011,"M405,","UP,",78,"M4,","M,",YARD,Illinois,41.893248,-87.877728,"Illinois
(41.893248, -87.877728)"
Derailments,2011:11:UP:1111PR014,0,0,15473,2504,0,0,0,COOK,11/11/2011 0:00,2:58,2011,2012,"T110,","UP,",7,"T1,","T,",YARD,Illinois,41.894436,-87.877291,"Illinois
(41.894436, -87.877291)"
Other events,2014:08:UP:0814PR021,0,0,0,12815,0,0,0,COOK,8/17/2014 0:00,9:00,2014,2014,"H601,","UP,",5,"H6,","H,",YARD,Illinois,41.894762,-87.875786,"Illinois
(41.894762, -87.875786)"
Other events,2014:08:UP:0814PR023,0,0,0,12265,0,0,0,COOK,8/15/2014 0:00,9:00,2014,2014,"H601,","UP,",5,"H6,","H,",YARD,Illinois,41.894762,-87.875786,"Illinois
(41.894762, -87.875786)"
Other events,2014:08:UP:0814PR024,0,0,0,36407,0,0,0,COOK,8/20/2014 0:00,11:55,2014,2014,"H601,","UP,",5,"H6,","H,",YARD,Illinois,41.894762,-87.875786,"Illinois
(41.894762, -87.875786)"
Other events,2014:08:UP:0814PR025,0,0,0,11644,0,0,0,COOK,8/24/2014 0:00,9:00,2014,2014,"H601,","UP,",5,"H6,","H,",YARD,Illinois,41.894762,-87.875786,"Illinois
(41.894762, -87.875786)"
Other events,2014:09:UP:0914PR011,0,0,0,12338,0,0,0,COOK,9/3/2014 0:00,9:00,2014,2014,"H602,","UP,",5,"H6,","H,",YARD,Illinois,41.894762,-87.875786,"Illinois
(41.894762, -87.875786)"
Other events,2014:09:UP:0914PR023,0,0,0,47508,0,0,0,COOK,9/8/2014 0:00,9:00,2014,2014,"H601,","UP,",5,"H6,","H,",YARD,Illinois,41.894762,-87.875786,"Illinois
(41.894762, -87.875786)"
Other events,2014:10:UP:1014PR025,0,0,0,84905,0,0,0,COOK,10/28/2014 0:00,9:00,2014,2015,"H601,","UP,",5,"H6,","H,",YARD,Illinois,41.894762,-87.875786,"Illinois
(41.894762, -87.875786)"
Other impacts,2014:12:UP:1214PR001,0,0,0,11709,0,0,0,COOK,12/2/2014 0:00,9:00,2014,2015,"H601,","UP,",5,"H6,","H,",YARD,Illinois,41.894762,-87.875786,"Illinois
(41.894762, -87.875786)"
Derailments,2014:01:UP:0114PR023,0,0,25304,94867,0,0,0,COOK,1/17/2014 0:00,12:30,2014,2014,"T101,","UP,",78,"T1,","T,",YARD,Illinois,41.89134,-87.875546,"Illinois
(41.89134, -87.875546)"
Derailments,2014:05:UP:0514PR026,0,0,7950,7804,13,0,0,COOK,5/29/2014 0:00,7:30,2014,2014,"T110,","CP,UP,",1,"T1,","T,",YARD,Illinois,41.89223,-87.8755,"Illinois
(41.89223, -87.8755)"
Other events,2014:05:UP:0514PR027,0,0,0,47813,0,0,0,COOK,5/17/2014 0:00,9:00,2014,2014,"S007,","UP,",5,"S0,","S,",YARD,Illinois,41.89223,-87.8755,"Illinois
(41.89223, -87.8755)"
Other impacts,2014:06:UP:0614PR010,0,0,0,16844,0,0,0,COOK,6/15/2014 0:00,3:50,2014,2014,"M411,","UP,",5,"M4,","M,",YARD,Illinois,41.89223,-87.8755,"Illinois
(41.89223, -87.8755)"
Other events,2014:07:UP:0714PR027,0,0,0,47102,0,0,0,COOK,7/17/2014 0:00,9:00,2014,2014,"H601,","UP,",5,"H6,","H,",YARD,Illinois,41.89223,-87.8755,"Illinois
(41.89223, -87.8755)"
Other events,2014:07:UP:0714PR030,0,0,0,12728,0,0,0,COOK,7/19/2014 0:00,9:00,2014,2014,"H601,","UP,",5,"H6,","H,",YARD,Illinois,41.89223,-87.8755,"Illinois
(41.89223, -87.8755)"
Derailments,2014:04:UP:0414PR016,0,0,4682,74012,0,0,0,COOK,4/23/2014 0:00,5:20,2014,2014,"M409,","UP,",7,"M4,","M,",YARD,Illinois,41.892207,-87.875498,"Illinois
(41.892207, -87.875498)"
Other events,2014:05:UP:0514PR035,0,0,0,12024,0,0,0,COOK,5/30/2014 0:00,9:00,2014,2014,"M404,","UP,",5,"M4,","M,",YARD,Illinois,41.892535,-87.875498,"Illinois
(41.892535, -87.875498)"
Other impacts,2014:12:UP:1214PR021,0,0,0,11785,0,0,0,COOK,12/1/2014 0:00,9:00,2014,2015,"H601,","UP,",5,"H6,","H,",YARD,Illinois,41.893482,-87.87542,"Illinois
(41.893482, -87.87542)"
Derailments,2011:12:UP:1211PR027,0,0,17554,1340,0,0,0,COOK,12/24/2011 0:00,3:30,2011,2012,"H503,","UP,",7,"H5,","H,",YARD,Illinois,41.892941,-87.874896,"Illinois
(41.892941, -87.874896)"
Derailments,2011:11:UP:1111PR022,0,0,616,9154,0,0,0,COOK,11/20/2011 0:00,3:55,2011,2012,"M405,","UP,",7,"M4,","M,",YARD,Illinois,41.892739,-87.874346,"Illinois
(41.892739, -87.874346)"
Derailments,2012:08:UP:0812PR001,0,0,208905,40000,4,0,0,COOK,8/3/2012 0:00,6:05,2012,2012,"H703,","IHB,UP,",1,"H7,","H,",YARD,Illinois,41.894796,-87.87421,"Illinois
(41.894796, -87.87421)"
Derailments,2011:07:UP:0711PR021,0,0,31791,300,0,0,0,COOK,7/20/2011 0:00,20:00,2011,2011,"H021,","UP,",7,"H0,","H,",YARD,Illinois,41.89249,-87.873845,"Illinois
(41.89249, -87.873845)"
Derailments,2015:11:CP:1000299049,0,0,4303,42387,0,0,0,COOK,11/8/2015 0:00,22:00,2015,2016,"H701,","CP,",1,"H7,","H,",YARD,Illinois,41.937931,-87.871873,"Illinois
(41.937931, -87.871873)"
Derailments,2013:05:CP:237069,0,0,11749,7830,0,0,0,COOK,5/17/2013 0:00,3:15,2013,2013,"H702,","CP,",1,"H7,","H,",YARD,Illinois,41.937868,-87.871791,"Illinois
(41.937868, -87.871791)"
Derailments,2011:09:INRD:644127,0,0,1800000,1200000,0,0,0,CRAWFORD,9/3/2011 0:00,15:02,2011,2011,"T109,","INRD,",1,"T1,","T,",MAIN,Illinois,38.997085,-87.871098,"Illinois
(38.997085, -87.871098)"
Derailments,2012:08:SOO:233115,0,0,13721,8284,0,0,0,COOK,8/22/2012 0:00,14:50,2012,2012,"H702,","SOO,",7,"H7,","H,",YARD,Illinois,41.93758,-87.87061,"Illinois
(41.93758, -87.87061)"
Highway-rail impact,2013:07:IC:785963,0,1,17722,18173,0,0,0,KANKAKEE,7/19/2013 0:00,7:31,2013,2013,"M308,M304,","ATK,IC,",2,"M3,","M,",MAIN,Illinois,41.105905,-87.869101,"Illinois
(41.105905, -87.869101)"
Highway-rail impact,2013:11:NIRC:MRG126,1,0,0,34816,0,0,0,LAKE,11/23/2013 0:00,13:35,2013,2014,"M308,","NIRC,",NA,"M3,","M,",MAIN,Illinois,42.21055,-87.86833,"Illinois
(42.21055, -87.86833)"
Highway-rail impact,2013:12:NIRC:MRG139,0,0,65608,6885,0,0,0,LAKE,12/15/2013 0:00,12:35,2013,2014,"M302,M308,","ATK,NIRC,",2,"M3,","M,",MAIN,Illinois,42.279598,-87.8675,"Illinois
(42.279598, -87.8675)"
Other impacts,2014:02:BNSF:CH0214101,0,0,500,12831,0,0,0,COOK,2/1/2014 0:00,5:30,2014,2014,"H602,M101,","BNSF,",7,"H6,M1,","H,M,",YARD,Illinois,41.757543,-87.8672,"Illinois
(41.757543, -87.8672)"
Derailments,2012:07:BNSF:CH0712118,0,0,75000,37660,0,0,0,COOK,7/23/2012 0:00,20:00,2012,2012,"M204,T103,","BNSF,",7,"M2,T1,","M,T,",YARD,Illinois,41.75212,-87.86652,"Illinois
(41.75212, -87.86652)"
Derailments,2013:02:UP:0213PR004,0,0,123360,668403,0,0,0,COOK,2/3/2013 0:00,10:18,2013,2013,"T111,","UP,",1,"T1,","T,",YARD,Illinois,41.891114,-87.863933,"Illinois
(41.891114, -87.863933)"
Derailments,2013:09:XMVT:INDUSTRY,0,0,4500,8300,0,0,0,POSEY,9/5/2013 0:00,14:25,2013,2013,"H704,H702,","EVWR,",1,"H7,","H,",INDUSTRY,Indiana,37.929021,-87.86249,"Indiana
(37.929021, -87.86249)"
Derailments,2012:09:NS:101473,0,0,0,14227,0,0,0,KANKAKEE,9/20/2012 0:00,12:30,2012,2012,"T207,","NS,",1,"T2,","T,",YARD,Illinois,41.113647,-87.86234,"Illinois
(41.113647, -87.86234)"
Derailments,2015:03:BNSF:CH0315102,0,0,19000,8437,0,0,0,COOK,3/13/2015 0:00,3:50,2015,2015,"S011,","BNSF,",1,"S0,","S,",YARD,Illinois,41.756387,-87.861511,"Illinois
(41.756387, -87.861511)"
Highway-rail impact,2012:06:NIRC:RIF047,1,1,165,100000,0,0,0,WILL,6/13/2012 0:00,21:44,2012,2012,"M308,","NIRC,",NA,"M3,","M,",MAIN,Illinois,41.54242,-87.859511,"Illinois
(41.54242, -87.859511)"
Derailments,2014:09:BNSF:CH0914101,0,0,13500,1750,0,0,0,COOK,9/10/2014 0:00,10:00,2014,2014,"T220,","BNSF,",7,"T2,","T,",YARD,Illinois,41.76167,-87.85803,"Illinois
(41.76167, -87.85803)"
Other events,2014:10:BNSF:CH1014101,0,0,26500,0,0,0,0,DU PAGE,10/13/2014 0:00,1:30,2014,2015,"H706,","BNSF,",7,"H7,","H,",YARD,Illinois,41.762907,-87.856967,"Illinois
(41.762907, -87.856967)"
Derailments,2014:01:BNSF:CH0114121,0,0,3500,20695,0,0,0,COOK,1/28/2014 0:00,11:55,2014,2014,"M101,","BNSF,",7,"M1,","M,",YARD,Illinois,41.765986,-87.851867,"Illinois
(41.765986, -87.851867)"
Highway-rail impact,2012:11:NS:102249,0,1,100,9900,0,0,0,WABASH,11/17/2012 0:00,11:55,2012,2013,"M302,","NS,",1,"M3,","M,",MAIN,Illinois,38.400174,-87.844864,"Illinois
(38.400174, -87.844864)"
Derailments,2015:04:WC:847567,0,0,80025,197686,4,1,0,DICKINSON,4/22/2015 0:00,19:50,2015,2015,"T202,","WC,",1,"T2,","T,",MAIN,Michigan,45.773978,-87.841875,"Michigan
(45.773978, -87.841875)"
Derailments,2011:09:IHB:1572,0,0,10903,3220,21,0,0,COOK,9/12/2011 0:00,4:00,2011,2011,"H503,H504,","IHB,WC,",1,"H5,","H,",MAIN,Illinois,41.793296,-87.839663,"Illinois
(41.793296, -87.839663)"
Derailments,2013:07:IC:784900,0,0,1800,21193,16,2,0,COOK,7/9/2013 0:00,4:20,2013,2013,"H508,","IC,",7,"H5,","H,",SIDING,Illinois,41.767796,-87.835488,"Illinois
(41.767796, -87.835488)"
Derailments,2015:11:IC:872098,0,0,8300,54453,22,2,0,KANKAKEE,11/23/2015 0:00,12:02,2015,2016,"H503,","IC,",1,"H5,","H,",MAIN,Illinois,41.251185,-87.833605,"Illinois
(41.251185, -87.833605)"
Derailments,2012:07:UP:0712PR007,2,0,3704500,1514329,0,0,0,COOK,7/4/2012 0:00,13:30,2012,2012,"T109,","UP,",1,"T1,","T,",MAIN,Illinois,42.103462,-87.829342,"Illinois
(42.103462, -87.829342)"
Derailments,2012:03:ZRKT:INDUSTRY,0,0,0,18000,0,0,0,MARENGO,3/5/2012 0:00,17:40,2012,2012,"H307,","AGR,",7,"H3,","H,",INDUSTRY,Alabama,32.521631,-87.828955,"Alabama
(32.521631, -87.828955)"
Derailments,2013:02:MWGX:INDUSTRY,0,0,100,37078,0,0,0,LAKE,2/10/2013 0:00,9:15,2013,2013,"H601,","UP,",7,"H6,","H,",INDUSTRY,Illinois,42.361373,-87.828026,"Illinois
(42.361373, -87.828026)"
Other impacts,2012:06:UP:0612PR014,0,0,0,11504,0,0,0,LAKE,6/18/2012 0:00,9:30,2012,2012,"H302,","UP,",76,"H3,","H,",YARD,Illinois,42.362828,-87.827665,"Illinois
(42.362828, -87.827665)"
Other events,2013:12:UNVZ:INDUSTRY,0,0,7500,39744,4,0,0,COOK,12/28/2013 0:00,13:30,2013,2014,"H210,","IC,",1,"H2,","H,",INDUSTRY,Illinois,41.765822,-87.827446,"Illinois
(41.765822, -87.827446)"
Derailments,2012:03:MWGX:INDUSTRY,0,0,100,211440,0,0,0,LAKE,3/2/2012 0:00,8:00,2012,2012,"H307,","UP,",76,"H3,","H,",INDUSTRY,Illinois,42.38147,-87.820328,"Illinois
(42.38147, -87.820328)"
Derailments,2016:02:BRC:13686,0,0,2895,173875,0,0,0,COOK,2/4/2016 0:00,12:55,2016,2016,"T202,T110,","BRC,CSX,",1,"T2,T1,","T,",INDUSTRY,Illinois,41.764831,-87.810084,"Illinois
(41.764831, -87.810084)"