AccidentType,inckey,Fatalities,Injuries,TrackDamage,EquipmentDamage,HazmatCars,HazmatCarsDerailed,HazmatCarsReleasing,County,DisplayDate,DisplayTime,calendar,Fiscal,AccidentCause,RailroadCodes,RAILEQUIPMENT_TYPE,CauseGroup,CauseDiscipline,TYPE_OF_TRACK,StateName,latitude,longitude,GeoLocation
Derailments,2011:07:BRC:12816,0,0,6000,5647,2,2,0,COOK,7/9/2011 0:00,18:50,2011,2011,"T399,","BRC,CSX,",1,"T3,","T,",YARD,Illinois,41.76977,-87.806187,"Illinois
(41.76977, -87.806187)"
Derailments,2013:04:MRA:MR042713,0,0,56196,8925,0,0,0,MARQUETTE,4/27/2013 0:00,6:30,2013,2013,"T215,","MRA,WC,",1,"T2,","T,",MAIN,Michigan,46.50737,-87.800693,"Michigan
(46.50737, -87.800693)"
Derailments,2015:05:BRC:13582,0,0,14565,2964,0,0,0,COOK,5/28/2015 0:00,16:40,2015,2015,"T111,","BRC,",1,"T1,","T,",INDUSTRY,Illinois,41.768974,-87.800623,"Illinois
(41.768974, -87.800623)"
Derailments,2015:02:BRC:13527,0,0,3885,20458,4,4,0,COOK,2/23/2015 0:00,12:30,2015,2015,"H704,H702,","BNSF,BRC,",1,"H7,","H,",YARD,Illinois,41.767426,-87.796281,"Illinois
(41.767426, -87.796281)"
Derailments,2015:11:BRC:ZZZZZZZZZZ,0,0,0,11112,0,0,0,COOK,11/11/2015 0:00,1:10,2015,2016,"H307,H702,","BNSF,",1,"H3,H7,","H,",YARD,Illinois,41.767021,-87.794007,"Illinois
(41.767021, -87.794007)"
Highway-rail impact,2013:10:NS:106645,0,0,33377,14,0,0,0,COLBERT,10/4/2013 0:00,11:30,2013,2014,"M303,","NS,",1,"M3,","M,",MAIN,Alabama,34.718678,-87.793483,"Alabama
(34.718678, -87.793483)"
Derailments,2013:11:AGR:AGR440513,0,0,9700,2000,0,0,0,MARENGO,11/2/2013 0:00,22:05,2013,2014,"H704,","AGR,",1,"H7,","H,",MAIN,Alabama,32.293604,-87.793152,"Alabama
(32.293604, -87.793152)"
Derailments,2014:06:NS:111025,0,0,68483,24000,0,0,0,WABASH,6/25/2014 0:00,15:35,2014,2014,"T313,","NS,",1,"T3,","T,",MAIN,Illinois,38.399689,-87.792063,"Illinois
(38.399689, -87.792063)"
Other impacts,2013:04:IC:777648,0,0,75,21437,5,2,0,COOK,4/27/2013 0:00,3:30,2013,2013,"H317,","IC,",7,"H3,","H,",YARD,Illinois,41.800937,-87.791112,"Illinois
(41.800937, -87.791112)"
Highway-rail impact,2015:05:UP:0515SL011,0,1,5022,19112,1,0,0,IROQUOIS,5/26/2015 0:00,10:12,2015,2015,"M304,","UP,",1,"M3,","M,",MAIN,Illinois,40.560015,-87.790185,"Illinois
(40.560015, -87.790185)"
Obstruction impact,2013:01:NS:102930,0,0,80000,400,0,0,0,WABASH,1/12/2013 0:00,22:25,2013,2013,"M404,","NS,",1,"M4,","M,",MAIN,Illinois,38.407548,-87.790169,"Illinois
(38.407548, -87.790169)"
Derailments,2016:02:BRC:ZZZZZZZZZZ,0,0,0,3200,0,0,0,COOK,2/12/2016 0:00,10:40,2016,2016,"T001,T102,","BNSF,",7,"T0,T1,","T,",MAIN,Illinois,41.77057,-87.789096,"Illinois
(41.77057, -87.789096)"
Highway-rail impact,2016:03:UP:0316SL008,0,1,0,13597,6,0,0,IROQUOIS,3/25/2016 0:00,8:29,2016,2016,"M308,","UP,",1,"M3,","M,",MAIN,Illinois,40.574443,-87.783717,"Illinois
(40.574443, -87.783717)"
Derailments,2013:07:BRC:13210,0,0,9635,8709,0,0,0,COOK,7/3/2013 0:00,24:20:00,2013,2013,"E24C,","BRC,",1,"E2,","E,",YARD,Illinois,41.768174,-87.782478,"Illinois
(41.768174, -87.782478)"
Derailments,2012:03:BNSF:CH0312100,0,0,4500,19500,0,0,0,COOK,3/3/2012 0:00,1:15,2012,2012,"T221,","BNSF,",1,"T2,","T,",YARD,Illinois,41.835914,-87.781658,"Illinois
(41.835914, -87.781658)"
Derailments,2016:02:BRC:13691,0,0,1725,21885,1,1,0,COOK,2/29/2016 0:00,4:00,2016,2016,"M505,","BRC,",6,"M5,","M,",YARD,Illinois,41.774226,-87.781245,"Illinois
(41.774226, -87.781245)"
Derailments,2016:02:IC:878641,0,0,5838,17820,5,4,0,COOK,2/5/2016 0:00,8:30,2016,2016,"T220,","IC,",7,"T2,","T,",YARD,Illinois,41.916522,-87.781001,"Illinois
(41.916522, -87.781001)"
Derailments,2015:04:DKMZ:INDUSTRY,0,0,0,18498,0,0,0,WEBSTER,4/23/2015 0:00,10:08,2015,2015,"T211,T222,","PAL,",1,"T2,","T,",INDUSTRY,Kentucky,37.455169,-87.779663,"Kentucky
(37.455169, -87.779663)"
Derailments,2016:02:BRC:13693,0,0,1225,12563,3,0,0,COOK,2/26/2016 0:00,22:00,2016,2016,"T212,","BRC,",7,"T2,","T,",YARD,Illinois,41.773778,-87.779529,"Illinois
(41.773778, -87.779529)"
Derailments,2011:07:TPW:TPWID11347,0,0,17910,88600,5,1,1,IROQUOIS,7/15/2011 0:00,17:00,2011,2011,"T109,","TPW,",1,"T1,","T,",MAIN,Illinois,40.772,-87.779,"Illinois
(40.772, -87.779)"
Other impacts,2011:08:IC:718305,0,0,1950,159003,34,2,0,COOK,8/15/2011 0:00,23:45,2011,2011,"H306,","IC,",7,"H3,","H,",YARD,Illinois,47.805135,-87.778374,"Illinois
(47.805135, -87.778374)"
Derailments,2013:12:IC:800028,0,0,1767,13458,1,1,0,COOK,12/19/2013 0:00,21:30,2013,2014,"H702,","IC,",1,"H7,","H,",YARD,Illinois,41.804982,-87.778136,"Illinois
(41.804982, -87.778136)"
Other impacts,2014:03:IC:806359,0,0,3586,39156,26,6,0,COOK,3/3/2014 0:00,13:30,2014,2014,"H318,","IC,",7,"H3,","H,",YARD,Illinois,41.8055,-87.777889,"Illinois
(41.8055, -87.777889)"
Derailments,2013:12:BNSF:CH1213108,0,0,27800,6000,1,0,0,COOK,12/15/2013 0:00,6:17,2013,2014,"E64C,S011,","BNSF,",1,"E6,S0,","E,S,",YARD,Illinois,41.836796,-87.775832,"Illinois
(41.836796, -87.775832)"
Derailments,2012:02:IC:737176,0,0,75,20000,7,0,0,COOK,2/29/2012 0:00,6:10,2012,2012,"H503,","IC,",1,"H5,","H,",YARD,Illinois,41.80667,-87.77361,"Illinois
(41.80667, -87.77361)"
Other impacts,2015:05:BRC:13575,0,0,20000,18679,0,0,0,COOK,5/24/2015 0:00,17:39,2015,2015,"T305,","BRC,",7,"T3,","T,",YARD,Illinois,41.766599,-87.768784,"Illinois
(41.766599, -87.768784)"
Derailments,2013:10:BRC:13273,0,0,59630,58866,0,0,0,COOK,10/22/2013 0:00,5:58,2013,2014,"E46C,","BRC,",1,"E4,","E,",YARD,Illinois,41.766837,-87.765691,"Illinois
(41.766837, -87.765691)"
Other impacts,2015:03:BRC:13547,0,0,3065,53672,0,0,0,COOK,3/22/2015 0:00,17:38,2015,2015,"H999,","BRC,CP,",61,"H9,","H,",YARD,Illinois,41.759573,-87.764428,"Illinois
(41.759573, -87.764428)"
Derailments,2016:07:BNSF:CH0716102,0,0,32353,7000,0,0,0,COOK,7/6/2016 0:00,10:20,2016,2016,"T110,","BNSF,",1,"T1,","T,",YARD,Illinois,41.841002,-87.763253,"Illinois
(41.841002, -87.763253)"
Derailments,2012:09:BRC:13061,0,0,25000,2512,0,0,0,COOK,9/12/2012 0:00,18:40,2012,2012,"T221,","BRC,",1,"T2,","T,",YARD,Illinois,41.76779,-87.762308,"Illinois
(41.76779, -87.762308)"
Other impacts,2013:02:BRC:13132,0,0,0,20054,0,0,0,COOK,2/8/2013 0:00,20:00,2013,2013,"S016,","BRC,",6,"S0,","S,",YARD,Illinois,41.767982,-87.762136,"Illinois
(41.767982, -87.762136)"
Derailments,2014:12:BRC:13502,0,0,1695,36177,1,1,1,COOK,12/15/2014 0:00,11:43,2014,2015,"S006,","BRC,",7,"S0,","S,",YARD,Illinois,41.763927,-87.762025,"Illinois
(41.763927, -87.762025)"
Other impacts,2011:08:IC:716982,0,0,100,19150,25,4,0,COOK,8/2/2011 0:00,17:15,2011,2011,"H307,H302,","IC,",67,"H3,","H,",YARD,Illinois,41.832237,-87.76182,"Illinois
(41.832237, -87.76182)"
Side collision,2012:05:BRC:12980,0,1,0,151145,0,0,0,COOK,5/10/2012 0:00,22:00,2012,2012,"H401,","BRC,",1,"H4,","H,",YARD,Illinois,41.767918,-87.761535,"Illinois
(41.767918, -87.761535)"
Other impacts,2014:01:BRC:13300,0,0,825,14731,0,0,0,COOK,1/5/2014 0:00,10:30,2014,2014,"H307,","BRC,",1,"H3,","H,",YARD,Illinois,41.765732,-87.761249,"Illinois
(41.765732, -87.761249)"
Derailments,2014:07:BRC:13408,0,0,20640,28493,19,2,0,COOK,7/14/2014 0:00,15:50,2014,2014,"H702,","BRC,CSX,",7,"H7,","H,",YARD,Illinois,41.765732,-87.761249,"Illinois
(41.765732, -87.761249)"
Derailments,2016:02:BNSF:CH0216109,0,0,2200,10000,0,0,0,COOK,2/15/2016 0:00,22:40,2016,2016,"H704,","BNSF,",7,"H7,","H,",YARD,Illinois,41.840486,-87.760404,"Illinois
(41.840486, -87.760404)"
Highway-rail impact,2014:07:NIRC:RIH089,0,1,82440,1500,0,0,0,COOK,7/19/2014 0:00,11:54,2014,2014,"M308,","NIRC,",NA,"M3,","M,",MAIN,Illinois,41.715,-87.76027,"Illinois
(41.715, -87.76027)"
Derailments,2011:06:NS:095366,0,0,120000,1133800,0,0,0,HALE,6/28/2011 0:00,13:50,2011,2011,"M404,","NS,",1,"M4,","M,",MAIN,Alabama,32.868799,-87.760193,"Alabama
(32.868799, -87.760193)"
Other impacts,2014:12:BRC:13501,0,0,785,32230,0,0,0,COOK,12/15/2014 0:00,3:45,2014,2015,"T305,","BRC,",7,"T3,","T,",YARD,Illinois,41.761794,-87.759856,"Illinois
(41.761794, -87.759856)"
Highway-rail impact,2015:12:IHB:2163,0,1,0,12625,0,0,0,COOK,12/6/2015 0:00,4:50,2015,2016,"M302,","IHB,",1,"M3,","M,",MAIN,Illinois,41.695731,-87.759385,"Illinois
(41.695731, -87.759385)"
Derailments,2012:12:BRC:13110,0,0,25115,10420,3,3,0,COOK,12/18/2012 0:00,23:45,2012,2013,"E22C,","BRC,",1,"E2,","E,",YARD,Illinois,41.768239,-87.759304,"Illinois
(41.768239, -87.759304)"
Other events,2013:11:BRC:13277,0,0,4350,94807,1,1,0,COOK,11/8/2013 0:00,12:15,2013,2014,"H018,","BRC,",1,"H0,","H,",YARD,Illinois,41.764836,-87.758889,"Illinois
(41.764836, -87.758889)"
Derailments,2012:12:BNSF:CH1212109,0,0,7200,6000,0,0,0,COOK,12/17/2012 0:00,20:10,2012,2013,"T101,","BNSF,",7,"T1,","T,",YARD,Illinois,41.84232,-87.75751,"Illinois
(41.84232, -87.75751)"
Derailments,2013:05:BRC:13173,0,0,1290,38216,0,0,0,COOK,5/13/2013 0:00,19:30,2013,2013,"E21C,","BRC,",1,"E2,","E,",YARD,Illinois,41.768559,-87.7569,"Illinois
(41.768559, -87.7569)"
Derailments,2013:10:BRC:13272,0,0,4895,77186,0,0,0,COOK,10/21/2013 0:00,5:00,2013,2014,"T305,","BRC,",6,"T3,","T,",YARD,Illinois,41.766341,-87.756829,"Illinois
(41.766341, -87.756829)"
Derailments,2014:03:BRC:13354,0,0,148685,188435,0,0,0,COOK,3/20/2014 0:00,1:45,2014,2014,"M599,","BRC,",7,"M5,","M,",YARD,Illinois,41.766277,-87.756786,"Illinois
(41.766277, -87.756786)"
Derailments,2014:06:ABS:D661214,0,0,256800,754073,43,6,0,TUSCALOOSA,6/16/2014 0:00,14:00,2014,2014,"T109,","ABS,",1,"T1,","T,",MAIN,Alabama,32.251064,-87.756569,"Alabama
(32.251064, -87.756569)"
Derailments,2013:12:BNSF:CH1213112,0,0,4000,11800,0,0,0,COOK,12/28/2013 0:00,8:45,2013,2014,"T111,","BNSF,CSX,",7,"T1,","T,",YARD,Illinois,41.842811,-87.755265,"Illinois
(41.842811, -87.755265)"
Derailments,2012:04:BRC:12968,0,0,4885,234391,0,0,0,COOK,4/16/2012 0:00,3:25,2012,2012,"T220,T210,","BRC,CSX,",1,"T2,","T,",YARD,Illinois,41.769263,-87.754411,"Illinois
(41.769263, -87.754411)"
Derailments,2013:08:BRC:13237,0,0,680,171215,2,0,0,COOK,8/23/2013 0:00,7:30,2013,2013,"M411,","BRC,",6,"M4,","M,",YARD,Illinois,41.768751,-87.753381,"Illinois
(41.768751, -87.753381)"
Raking collision,2016:07:CERR:160701006,0,0,0,45000,4,4,0,COOK,7/1/2016 0:00,14:30,2016,2016,"H302,H307,","CERR,",1,"H3,","H,",INDUSTRY,Illinois,41.81835,-87.751819,"Illinois
(41.81835, -87.751819)"
Derailments,2014:02:BNSF:CH0214105,0,0,75250,174438,0,0,0,COOK,2/17/2014 0:00,21:55,2014,2014,"E64C,M101,","BNSF,",7,"E6,M1,","E,M,",MAIN,Illinois,41.843634,-87.751539,"Illinois
(41.843634, -87.751539)"
Other events,2012:07:BNSF:SF0712104,0,0,0,53875,0,0,0,FAYETTE,7/10/2012 0:00,16:20,2012,2012,"H311,","BNSF,",1,"H3,","H,",INDUSTRY,Alabama,33.915828,-87.748681,"Alabama
(33.915828, -87.748681)"
Derailments,2015:03:BRC:13551,0,0,15735,1711,0,0,0,COOK,3/28/2015 0:00,11:30,2015,2015,"H702,","BRC,",7,"H7,","H,",YARD,Illinois,41.761686,-87.748635,"Illinois
(41.761686, -87.748635)"
Derailments,2016:04:BNSF:CH0416103,0,0,68500,25875,0,0,0,COOK,4/11/2016 0:00,19:54,2016,2016,"H504,","BNSF,",1,"H5,","H,",MAIN,Illinois,41.843907,-87.748451,"Illinois
(41.843907, -87.748451)"
Derailments,2013:04:BRC:13156,0,0,7985,2200,0,0,0,COOK,4/6/2013 0:00,20:40,2013,2013,"H607,","BRC,",8,"H6,","H,",YARD,Illinois,41.76651,-87.746172,"Illinois
(41.76651, -87.746172)"
Derailments,2012:02:NIRC:MRF012,0,0,62558,59288,7,0,0,COOK,2/3/2012 0:00,8:46,2012,2012,"E67C,","NIRC,SOO,",1,"E6,","E,",MAIN,Illinois,41.914349,-87.745313,"Illinois
(41.914349, -87.745313)"
Derailments,2013:09:BNSF:CH0913111,0,0,4000,33000,0,0,0,COOK,9/29/2013 0:00,4:00,2013,2013,"T303,","BNSF,",7,"T3,","T,",YARD,Illinois,41.84437,-87.744626,"Illinois
(41.84437, -87.744626)"
Other impacts,2015:05:BRC:13569,0,0,29855,68392,1,1,0,COOK,5/9/2015 0:00,12:35,2015,2015,"M408,","BRC,",7,"M4,","M,",YARD,Illinois,41.76239,-87.744258,"Illinois
(41.76239, -87.744258)"
Other impacts,2015:04:BRC:13567,0,0,1155,51941,3,1,0,COOK,4/25/2015 0:00,9:20,2015,2015,"T305,","BRC,",1,"T3,","T,",YARD,Illinois,41.762134,-87.744172,"Illinois
(41.762134, -87.744172)"
Derailments,2015:01:BRC:13508,0,0,48085,51287,0,0,0,COOK,1/20/2015 0:00,21:05,2015,2015,"H702,","BRC,",7,"H7,","H,",YARD,Illinois,41.762936,-87.743604,"Illinois
(41.762936, -87.743604)"
Derailments,2015:10:BRC:13644,0,0,925,19822,2,2,0,COOK,10/31/2015 0:00,17:00,2015,2016,"T221,","BRC,",7,"T2,","T,",YARD,Illinois,41.763799,-87.742885,"Illinois
(41.763799, -87.742885)"
Derailments,2015:01:BNSF:CH0115104,0,0,1100,30756,0,0,0,COOK,1/6/2015 0:00,2:37,2015,2015,"H503,H504,","BNSF,",1,"H5,","H,",MAIN,Illinois,41.844762,-87.74276,"Illinois
(41.844762, -87.74276)"
Derailments,2011:11:BRC:12902,0,0,0,11767,2,1,0,COOK,11/25/2011 0:00,2:40,2011,2012,"E32C,","BRC,",1,"E3,","E,",YARD,Illinois,41.768513,-87.742205,"Illinois
(41.768513, -87.742205)"
Side collision,2012:11:BRC:13092,0,0,1250,11000,0,0,0,COOK,11/1/2012 0:00,22:45,2012,2013,"H306,H702,","BNSF,BRC,",1,"H3,H7,H3,","H,",YARD,Illinois,41.768513,-87.742205,"Illinois
(41.768513, -87.742205)"
Other impacts,2015:03:BRC:13534,0,0,945,19409,0,0,0,COOK,3/5/2015 0:00,18:10,2015,2015,"M407,","BRC,",6,"M4,","M,",YARD,Illinois,41.76175,-87.74134,"Illinois
(41.76175, -87.74134)"
Derailments,2015:11:BRC:13661,0,0,26980,52840,46,2,0,COOK,11/25/2015 0:00,14:15,2015,2016,"H503,H525,","BRC,CSX,",1,"H5,","H,",YARD,Illinois,41.76175,-87.741168,"Illinois
(41.76175, -87.741168)"
Derailments,2016:02:BNSF:CH0216110,0,0,50000,250,0,0,0,COOK,2/10/2016 0:00,10:42,2016,2016,"T111,","BNSF,",1,"T1,","T,",YARD,Illinois,41.84412,-87.739363,"Illinois
(41.84412, -87.739363)"
Other events,2015:05:BNSF:CH0515102,0,0,0,10901,1,0,0,COOK,5/3/2015 0:00,20:10,2015,2015,"H305,H404,","BNSF,",1,"H3,H4,","H,",MAIN,Illinois,41.845592,-87.739119,"Illinois
(41.845592, -87.739119)"
Other events,2014:03:NIRC:RIH069,0,0,0,11833,0,0,0,COOK,3/27/2014 0:00,17:44,2014,2014,"E53C,","NIRC,",3,"E5,","E,",MAIN,Illinois,41.604359,-87.738604,"Illinois
(41.604359, -87.738604)"
Derailments,2015:01:BRC:13509,0,0,0,12672,2,1,0,COOK,1/24/2015 0:00,6:00,2015,2015,"M407,","BRC,",6,"M4,","M,",YARD,Illinois,41.761366,-87.736962,"Illinois
(41.761366, -87.736962)"
Derailments,2014:09:BRC:13453,0,0,24225,38488,5,4,0,COOK,9/20/2014 0:00,21:25,2014,2014,"H702,","BRC,",7,"H7,","H,",YARD,Illinois,41.763428,-87.736873,"Illinois
(41.763428, -87.736873)"
Derailments,2012:07:TPW:TPW120311,0,0,75042,29000,0,0,0,IROQUOIS,7/7/2012 0:00,13:10,2012,2012,"T109,","TPW,",1,"T1,","T,",MAIN,Illinois,40.776,-87.736,"Illinois
(40.776, -87.736)"
Derailments,2013:11:BRC:13278,0,0,3995,102191,0,0,0,COOK,11/11/2013 0:00,5:45,2013,2014,"H702,","BRC,",7,"H7,","H,",YARD,Illinois,41.76362,-87.735929,"Illinois
(41.76362, -87.735929)"
Other impacts,2015:07:BRC:13603,0,0,0,16039,0,0,0,COOK,7/20/2015 0:00,11:15,2015,2015,"S016,","BRC,",7,"S0,","S,",YARD,Illinois,41.762006,-87.735417,"Illinois
(41.762006, -87.735417)"
Derailments,2015:01:BRC:13512,0,0,815,42004,4,2,0,COOK,1/28/2015 0:00,23:27,2015,2015,"M407,","BRC,",7,"M4,","M,",YARD,Illinois,41.761814,-87.734301,"Illinois
(41.761814, -87.734301)"
Derailments,2015:07:BRC:13601,0,0,775,24000,0,0,0,COOK,7/13/2015 0:00,17:00,2015,2015,"H303,","BRC,",8,"H3,","H,",YARD,Illinois,41.764311,-87.734216,"Illinois
(41.764311, -87.734216)"
Derailments,2014:03:BNSF:CH0314105,0,0,25000,21566,8,0,0,COOK,3/7/2014 0:00,14:12,2014,2014,"T001,","BNSF,",1,"T0,","T,",YARD,Illinois,41.821026,-87.734184,"Illinois
(41.821026, -87.734184)"
Derailments,2012:05:BRC:12976,0,0,4165,101783,0,0,0,COOK,5/9/2012 0:00,14:40,2012,2012,"H307,H306,","BRC,UP,",8,"H3,","H,",YARD,Illinois,41.763788,-87.733583,"Illinois
(41.763788, -87.733583)"
Other events,2012:10:BRC:13085,0,0,0,26300,1,1,0,COOK,10/15/2012 0:00,19:00,2012,2013,"H307,","BRC,",7,"H3,","H,",YARD,Illinois,41.765166,-87.733383,"Illinois
(41.765166, -87.733383)"
Derailments,2011:06:UP:0611PR026,0,0,34768,68300,0,0,0,IROQUOIS,6/21/2011 0:00,5:30,2011,2011,"T111,","CSX,UP,",1,"T1,","T,",SIDING,Illinois,40.782349,-87.733061,"Illinois
(40.782349, -87.733061)"
Highway-rail impact,2014:05:NS:110645,0,0,11809,2000,0,0,0,CLARKE,5/30/2014 0:00,8:00,2014,2014,"M303,M302,","AGR,NS,",1,"M3,","M,",MAIN,Alabama,31.802977,-87.732913,"Alabama
(31.802977, -87.732913)"
Other impacts,2015:11:BRC:13646,0,0,5555,18513,1,1,0,COOK,11/6/2015 0:00,3:45,2015,2016,"S007,","BRC,",7,"S0,","S,",YARD,Illinois,41.762582,-87.729752,"Illinois
(41.762582, -87.729752)"
Other impacts,2015:04:BRC:13558,0,0,0,60750,29,0,0,COOK,4/6/2015 0:00,11:40,2015,2015,"H307,M501,","BRC,CSX,",77,"H3,M5,","H,M,",YARD,Illinois,41.761046,-87.728808,"Illinois
(41.761046, -87.728808)"
Other events,2014:03:BRC:13347,0,0,0,24918,1,0,0,COOK,3/10/2014 0:00,1:42,2014,2014,"T305,","BRC,",7,"T3,","T,",YARD,Illinois,41.762531,-87.728633,"Illinois
(41.762531, -87.728633)"
Other impacts,2014:12:BRC:13499,0,0,680,52010,8,0,0,COOK,12/9/2014 0:00,3:05,2014,2015,"T305,","BRC,",7,"T3,","T,",YARD,Illinois,41.762596,-87.727459,"Illinois
(41.762596, -87.727459)"
Derailments,2014:11:BRC:13480,0,0,3855,158478,40,0,0,COOK,11/8/2014 0:00,20:15,2014,2015,"T305,","BRC,",7,"T3,","T,",YARD,Illinois,41.761814,-87.727263,"Illinois
(41.761814, -87.727263)"
Derailments,2015:01:UPME:0115PR016,0,0,93835,22431,0,0,0,COOK,1/26/2015 0:00,10:39,2015,2015,"T110,","UPME,",7,"T1,","T,",YARD,Illinois,41.888432,-87.725898,"Illinois
(41.888432, -87.725898)"
Derailments,2014:02:NS:109019,0,0,5701,44601,0,0,0,CLARKE,2/9/2014 0:00,8:30,2014,2014,"E09L,","NS,",1,"E0,","E,",SIDING,Alabama,31.600616,-87.725255,"Alabama
(31.600616, -87.725255)"
Other events,2015:07:NIRC:MEI078,0,0,2261,34541,0,0,0,COOK,7/21/2015 0:00,16:53,2015,2015,"T104,T105,","NIRC,",NA,"T1,","T,",MAIN,Illinois,41.459634,-87.723117,"Illinois
(41.459634, -87.723117)"
Derailments,2012:02:BRC:12940,0,0,14395,741,7,0,0,COOK,2/11/2012 0:00,3:30,2012,2012,"H307,H702,","BNSF,BRC,",1,"H3,H7,","H,",YARD,Illinois,41.768079,-87.720766,"Illinois
(41.768079, -87.720766)"
Derailments,2012:11:XSLL:INDUSTRY,0,0,30000,75000,0,0,0,POSEY,11/27/2012 0:00,17:00,2012,2013,"H702,H307,","EVWR,",1,"H7,H3,","H,",INDUSTRY,Indiana,37.9178,-87.7198,"Indiana
(37.9178, -87.7198)"
Derailments,2015:03:NIRC:NCI001,0,0,20057,34693,0,0,0,COOK,3/9/2015 0:00,15:16,2015,2015,"H702,H703,","NIRC,",2,"H7,","H,",MAIN,Illinois,41.913655,-87.719055,"Illinois
(41.913655, -87.719055)"
Derailments,2016:05:BNSF:CH0516101,0,0,250,12000,0,0,0,COOK,5/11/2016 0:00,19:05,2016,2016,"T314,","BNSF,",8,"T3,","T,",YARD,Illinois,41.819875,-87.71836,"Illinois
(41.819875, -87.71836)"
Derailments,2015:02:BNSF:CH0215114,0,0,250,22934,0,0,0,COOK,2/27/2015 0:00,19:57,2015,2015,"T314,","BNSF,",1,"T3,","T,",YARD,Illinois,41.81686,-87.716759,"Illinois
(41.81686, -87.716759)"
Derailments,2015:07:BNSF:CH0715110,0,0,500,34543,0,0,0,COOK,7/13/2015 0:00,13:37,2015,2015,"E46L,","BNSF,",1,"E4,","E,",YARD,Illinois,41.819619,-87.716584,"Illinois
(41.819619, -87.716584)"
Derailments,2016:08:BNSF:CH0816111,0,1,0,20250,0,0,0,COOK,8/16/2016 0:00,3:40,2016,2016,"H504,","BNSF,",1,"H5,","H,",YARD,Illinois,41.816872,-87.716573,"Illinois
(41.816872, -87.716573)"
Derailments,2011:10:BNSF:CH1011112,0,0,5000,10500,2,0,0,COOK,10/21/2011 0:00,6:45,2011,2012,"T111,","BNSF,",1,"T1,","T,",YARD,Illinois,41.812792,-87.716418,"Illinois
(41.812792, -87.716418)"
Derailments,2015:01:BNSF:CH0115115,0,0,500,28000,0,0,0,COOK,1/15/2015 0:00,19:00,2015,2015,"T399,","BNSF,",8,"T3,","T,",YARD,Illinois,41.826664,-87.716355,"Illinois
(41.826664, -87.716355)"
Derailments,2013:07:BNSF:CH0713102,0,0,0,12302,0,0,0,COOK,7/5/2013 0:00,10:20,2013,2013,"H504,","BNSF,",7,"H5,","H,",YARD,Illinois,41.82314,-87.716301,"Illinois
(41.82314, -87.716301)"
Derailments,2015:12:BRC:13670,0,0,900,15279,7,0,0,COOK,12/25/2015 0:00,24:38:00,2015,2016,"H702,","BRC,CSX,",1,"H7,","H,",YARD,Illinois,41.760341,-87.71559,"Illinois
(41.760341, -87.71559)"
Derailments,2015:12:BNSF:CH1215109,0,0,110744,24500,0,0,0,COOK,12/14/2015 0:00,1:50,2015,2016,"T113,","BNSF,",7,"T1,","T,",YARD,Illinois,41.820326,-87.715551,"Illinois
(41.820326, -87.715551)"
Other impacts,2013:02:BNSF:CH0213110,0,0,0,12000,0,0,0,COOK,2/24/2013 0:00,21:45,2013,2013,"H307,H702,","BNSF,",61,"H3,H7,H3,H7,","H,",YARD,Illinois,41.82723,-87.714569,"Illinois
(41.82723, -87.714569)"
Raking collision,2014:07:BNSF:CH0714114,0,0,500,26855,0,0,0,COOK,7/26/2014 0:00,6:00,2014,2014,"H307,H702,","BNSF,",71,"H3,H7,H3,H7,","H,",YARD,Illinois,41.82723,-87.714569,"Illinois
(41.82723, -87.714569)"
Derailments,2012:05:BNSF:CH0512103,0,0,2500,7000,3,0,0,COOK,5/5/2012 0:00,12:11,2012,2012,"H503,","BNSF,",1,"H5,","H,",YARD,Illinois,41.82723,-87.714559,"Illinois
(41.82723, -87.714559)"
Derailments,2011:12:BNSF:CH1211109,0,0,20000,48783,0,0,0,COOK,12/2/2011 0:00,6:10,2011,2012,"T314,","BNSF,",1,"T3,","T,",YARD,Illinois,41.827193,-87.714552,"Illinois
(41.827193, -87.714552)"
Side collision,2012:06:BNSF:CH0612108,0,0,0,71357,0,0,0,COOK,6/14/2012 0:00,10:25,2012,2012,"H307,H702,","BNSF,",7,"H3,H7,","H,",YARD,Illinois,41.827193,-87.714552,"Illinois
(41.827193, -87.714552)"
Derailments,2012:07:BNSF:CH0712100,0,0,0,54998,0,0,0,COOK,7/2/2012 0:00,3:42,2012,2012,"H306,","BNSF,",1,"H3,","H,",YARD,Illinois,41.82723,-87.714456,"Illinois
(41.82723, -87.714456)"
Derailments,2016:08:BNSF:CH0816106,0,0,10000,34096,0,0,0,COOK,8/11/2016 0:00,10:55,2016,2016,"H504,T315,","BNSF,",1,"H5,T3,","H,T,",YARD,Illinois,41.810141,-87.714406,"Illinois
(41.810141, -87.714406)"
Side collision,2012:07:BNSF:CH0712117,0,0,8200,5750,0,0,0,COOK,7/23/2012 0:00,24:00:00,2012,2012,"H307,H702,","BNSF,",87,"H3,H7,H3,H7,","H,",YARD,Illinois,41.82413,-87.71433,"Illinois
(41.82413, -87.71433)"
Derailments,2015:01:BNSF:CH0115114,0,0,0,61684,0,0,0,COOK,1/12/2015 0:00,17:00,2015,2015,"T201,","BNSF,",8,"T2,","T,",YARD,Illinois,41.823,-87.714,"Illinois
(41.823, -87.714)"