AccidentType,inckey,Fatalities,Injuries,TrackDamage,EquipmentDamage,HazmatCars,HazmatCarsDerailed,HazmatCarsReleasing,County,DisplayDate,DisplayTime,calendar,Fiscal,AccidentCause,RailroadCodes,RAILEQUIPMENT_TYPE,CauseGroup,CauseDiscipline,TYPE_OF_TRACK,StateName,latitude,longitude,GeoLocation
Derailments,2015:11:BRC:13651,0,0,5555,8796,0,0,0,COOK,11/13/2015 0:00,23:30,2015,2016,"T221,","BRC,CP,",1,"T2,","T,",YARD,Illinois,41.757076,-87.713616,"Illinois
(41.757076, -87.713616)"
Other impacts,2015:01:BRC:13542,0,0,0,15456,0,0,0,COOK,1/31/2015 0:00,4:28,2015,2015,"M407,","BRC,",7,"M4,","M,",YARD,Illinois,41.76143,-87.711385,"Illinois
(41.76143, -87.711385)"
Derailments,2011:06:BNSF:CH0611106,0,0,500,136239,0,0,0,COOK,6/9/2011 0:00,21:05,2011,2011,"T110,","BNSF,",1,"T1,","T,",MAIN,Illinois,41.852546,-87.707475,"Illinois
(41.852546, -87.707475)"
Derailments,2012:08:BNSF:CH0812100,0,0,9500,2000,0,0,0,COOK,8/6/2012 0:00,13:35,2012,2012,"H503,","BNSF,",1,"H5,","H,",YARD,Illinois,41.829597,-87.707095,"Illinois
(41.829597, -87.707095)"
Derailments,2012:10:UP:1012PR004,0,0,3000,17157,0,0,0,SHEBOYGAN,10/6/2012 0:00,8:30,2012,2013,"E49L,","UP,",7,"E4,","E,",YARD,Wisconsin,43.711217,-87.706515,"Wisconsin
(43.711217, -87.706515)"
Derailments,2011:09:IHB:1584,0,0,0,14415,12,0,0,COOK,9/30/2011 0:00,14:00,2011,2011,"H514,","IHB,",7,"H5,","H,",YARD,Illinois,41.660882,-87.705359,"Illinois
(41.660882, -87.705359)"
Other impacts,2014:08:BRC:13430,0,0,0,58010,2,0,0,COOK,8/16/2014 0:00,6:00,2014,2014,"H306,","BRC,NS,",71,"H3,","H,",YARD,Illinois,41.757089,-87.704515,"Illinois
(41.757089, -87.704515)"
Derailments,2015:03:BRC:13545,0,0,11780,25000,0,0,0,COOK,3/21/2015 0:00,5:00,2015,2015,"T202,","BRC,NS,",1,"T2,","T,",YARD,Illinois,41.754297,-87.700098,"Illinois
(41.754297, -87.700098)"
Derailments,2013:05:NS:104762,0,0,150000,330978,0,0,0,MARION,5/23/2013 0:00,24:15:00,2013,2013,"E51C,","NS,",1,"E5,","E,",MAIN,Alabama,34.277449,-87.698912,"Alabama
(34.277449, -87.698912)"
Derailments,2014:07:CSX:000132535,0,0,100,39650,12,0,0,EDGAR,7/24/2014 0:00,4:09,2014,2014,"E53C,","CSX,",1,"E5,","E,",MAIN,Illinois,39.764536,-87.697991,"Illinois
(39.764536, -87.697991)"
Derailments,2015:03:ATK:136774,0,0,0,12500,0,0,0,COOK,3/23/2015 0:00,13:04,2015,2015,"H703,","ATK,",8,"H7,","H,",YARD,Illinois,41.893237,-87.697377,"Illinois
(41.893237, -87.697377)"
Derailments,2015:12:NIRC:MRI108,0,0,0,15000,0,0,0,COOK,12/23/2015 0:00,9:15,2015,2016,"H303,","NIRC,",8,"H3,","H,",YARD,Illinois,41.893915,-87.696867,"Illinois
(41.893915, -87.696867)"
Highway-rail impact,2014:01:NIRC:RIH025,1,0,825,10000,0,0,0,COOK,1/14/2014 0:00,11:18,2014,2014,"M308,","NIRC,",3,"M3,","M,",MAIN,Illinois,41.64055,-87.695,"Illinois
(41.64055, -87.695)"
Other impacts,2012:03:IC:740511,0,0,150,24329,0,0,0,COOK,3/30/2012 0:00,7:45,2012,2012,"H020,","IC,",6,"H0,","H,",YARD,Illinois,41.59861,-87.69167,"Illinois
(41.59861, -87.69167)"
Side collision,2013:04:UP:0413PR009,0,1,100,18958,55,0,0,COOK,4/11/2013 0:00,1:20,2013,2013,"H605,","UP,",1,"H6,","H,",MAIN,Illinois,41.869168,-87.691251,"Illinois
(41.869168, -87.691251)"
Derailments,2015:05:UP:0515PR032,0,0,94120,5429,0,0,0,COOK,5/30/2015 0:00,2:54,2015,2015,"T110,","UP,",1,"T1,","T,",MAIN,Illinois,41.864561,-87.689772,"Illinois
(41.864561, -87.689772)"
Derailments,2014:08:ATK:134182,0,0,0,12972,0,0,0,COOK,8/24/2014 0:00,21:40,2014,2014,"H702,","ATK,",8,"H7,","H,",YARD,Illinois,41.859286,-87.688043,"Illinois
(41.859286, -87.688043)"
Rear end collision,2012:09:CSX:000107737,0,0,3000,1259815,93,0,1,COOK,9/2/2012 0:00,2:45,2012,2012,"H222,","CSX,",1,"H2,","H,",MAIN,Illinois,41.741845,-87.687517,"Illinois
(41.741845, -87.687517)"
Derailments,2011:10:NS:096651,0,0,9142,750,0,0,0,COOK,10/13/2011 0:00,12:10,2011,2012,"T110,","NS,",7,"T1,","T,",YARD,Illinois,41.824678,-87.685819,"Illinois
(41.824678, -87.685819)"
Derailments,2015:09:UP:0915PR014,0,0,2368,11353,0,0,0,COOK,9/23/2015 0:00,5:20,2015,2015,"H704,","UP,",7,"H7,","H,",YARD,Illinois,41.863456,-87.685674,"Illinois
(41.863456, -87.685674)"
Derailments,2016:05:BRC:13734,0,0,29775,347692,7,0,0,COOK,5/31/2016 0:00,18:50,2016,2016,"T221,T207,","BRC,CSX,",7,"T2,","T,",YARD,Illinois,41.8222,-87.684043,"Illinois
(41.8222, -87.684043)"
Derailments,2011:06:BNSF:CH0611115,0,0,56000,43000,0,0,0,COOK,6/21/2011 0:00,19:10,2011,2011,"H503,","BNSF,",7,"H5,","H,",YARD,Illinois,41.858104,-87.68367,"Illinois
(41.858104, -87.68367)"
Derailments,2011:11:CSX:000098067,0,0,0,29510,0,0,0,COOK,11/27/2011 0:00,13:30,2011,2012,"H702,","CSX,",7,"H7,","H,",YARD,Illinois,41.789613,-87.680214,"Illinois
(41.789613, -87.680214)"
Derailments,2014:09:CSX:000134358,0,0,300,86573,0,0,0,COOK,9/2/2014 0:00,11:00,2014,2014,"T111,","CSX,",8,"T1,","T,",YARD,Illinois,41.789613,-87.680214,"Illinois
(41.789613, -87.680214)"
Derailments,2012:06:IAIS:2012068,0,0,42628,3340,0,0,0,COOK,6/15/2012 0:00,18:41,2012,2012,"T313,","IAIS,",7,"T3,","T,",YARD,Illinois,41.657256,-87.680048,"Illinois
(41.657256, -87.680048)"
Derailments,2015:08:CSX:000150787,0,0,1000,23192,0,0,0,COOK,8/17/2015 0:00,15:30,2015,2015,"H306,","CSX,",7,"H3,","H,",YARD,Illinois,41.793943,-87.67969,"Illinois
(41.793943, -87.67969)"
Derailments,2016:07:RWQ:INDUSTRY,0,0,125254,110898,0,0,0,COOK,7/17/2016 0:00,1:20,2016,2016,"S006,","CSX,",76,"S0,","S,",INDUSTRY,Illinois,41.779544,-87.679338,"Illinois
(41.779544, -87.679338)"
Derailments,2013:04:AGR:AGR344513,0,0,2000,190000,0,0,0,WILCOX,4/21/2013 0:00,17:18,2013,2013,"H021,","AGR,",7,"H0,","H,",YARD,Alabama,32.112736,-87.67824,"Alabama
(32.112736, -87.67824)"
Derailments,2012:05:AGR:AGRR120198,0,0,0,40000,0,0,0,WILCOX,5/6/2012 0:00,16:25,2012,2012,"H318,","AGR,",7,"H3,","H,",YARD,Alabama,32.119453,-87.678138,"Alabama
(32.119453, -87.678138)"
Raking collision,2015:06:AGR:AGR719515,0,0,0,17000,6,0,0,MARENGO,6/24/2015 0:00,19:00,2015,2015,"H302,","AGR,",7,"H3,","H,",YARD,Alabama,32.114993,-87.677917,"Alabama
(32.114993, -87.677917)"
Derailments,2012:07:BRC:13016,0,0,164000,53527,2,2,0,COOK,7/11/2012 0:00,6:00,2012,2012,"T211,","BRC,",1,"T2,","T,",MAIN,Illinois,41.757547,-87.677421,"Illinois
(41.757547, -87.677421)"
Highway-rail impact,2013:03:NS:104017,0,1,32388,0,0,0,0,CLARKE,3/26/2013 0:00,15:16,2013,2013,"M302,","NS,",1,"M3,","M,",MAIN,Alabama,31.959952,-87.676888,"Alabama
(31.959952, -87.676888)"
Derailments,2015:02:NIRC:RII010,0,0,12551,1010,0,0,0,COOK,2/23/2015 0:00,20:38,2015,2015,"T399,","NIRC,",7,"T3,","T,",YARD,Illinois,41.655933,-87.675996,"Illinois
(41.655933, -87.675996)"
Derailments,2013:08:UP:0813PR007,0,0,5356,13874,0,0,0,COOK,8/9/2013 0:00,22:20,2013,2013,"T111,","UP,",7,"T1,","T,",YARD,Illinois,41.86276,-87.675521,"Illinois
(41.86276, -87.675521)"
Derailments,2016:07:UP:0716PR015,0,0,21955,101907,0,0,0,COOK,7/30/2016 0:00,6:30,2016,2016,"T111,","UP,",8,"T1,","T,",YARD,Illinois,41.862681,-87.675263,"Illinois
(41.862681, -87.675263)"
Derailments,2016:03:UP:0316PR021,0,0,51686,1222,0,0,0,COOK,3/24/2016 0:00,22:07,2016,2016,"T110,T001,","UP,",1,"T1,T0,","T,",YARD,Illinois,41.862673,-87.675254,"Illinois
(41.862673, -87.675254)"
Derailments,2016:05:UP:0516PR013,0,0,18238,258,0,0,0,COOK,5/14/2016 0:00,3:15,2016,2016,"H303,","UP,",7,"H3,","H,",YARD,Illinois,41.862673,-87.675254,"Illinois
(41.862673, -87.675254)"
Derailments,2011:09:NS:096257,0,0,80000,4500,0,0,0,COOK,9/11/2011 0:00,12:38,2011,2011,"H702,","NS,",1,"H7,","H,",YARD,Illinois,41.82078,-87.673958,"Illinois
(41.82078, -87.673958)"
Derailments,2013:10:UP:1013PR001,0,0,166134,78038,0,0,0,COOK,10/3/2013 0:00,23:00,2013,2014,"T201,","UP,",1,"T2,","T,",YARD,Illinois,41.861945,-87.673566,"Illinois
(41.861945, -87.673566)"
Derailments,2011:11:UP:1111PR019,0,0,71520,17081,0,0,0,COOK,11/15/2011 0:00,18:25,2011,2012,"H307,","UP,",7,"H3,","H,",YARD,Illinois,41.861236,-87.672089,"Illinois
(41.861236, -87.672089)"
Derailments,2014:06:CRL:CRL140803,0,0,8600,6412,0,0,0,COOK,6/27/2014 0:00,5:20,2014,2014,"H704,","CRL,IAIS,",8,"H7,","H,",YARD,Illinois,41.669964,-87.669971,"Illinois
(41.669964, -87.669971)"
Derailments,2016:02:IHB:2186,0,0,11341,500,0,0,0,COOK,2/26/2016 0:00,13:40,2016,2016,"S104,","BNSF,IHB,",1,"S1,","S,",YARD,Illinois,41.639269,-87.669902,"Illinois
(41.639269, -87.669902)"
Derailments,2016:01:CRL:CRL161393,0,0,28000,138250,82,2,0,COOK,1/21/2016 0:00,9:50,2016,2016,"T314,","CRL,IAIS,",17,"T3,","T,",YARD,Illinois,41.672232,-87.668621,"Illinois
(41.672232, -87.668621)"
Derailments,2011:10:CRL:CRLCS11038,0,0,39862,23530,0,0,0,COOK,10/12/2011 0:00,3:55,2011,2012,"T220,","CRL,IAIS,",7,"T2,","T,",YARD,Illinois,41.672222,-87.668613,"Illinois
(41.672222, -87.668613)"
Derailments,2011:10:CRL:CRLCS11039,0,0,29707,3459,0,0,0,COOK,10/19/2011 0:00,22:00,2011,2012,"H703,T311,","CRL,IAIS,",7,"H7,T3,","H,T,",YARD,Illinois,41.672256,-87.668607,"Illinois
(41.672256, -87.668607)"
Other events,2014:06:NIRC:MEH060,0,0,470,20000,0,0,0,COOK,6/3/2014 0:00,14:11,2014,2014,"E78L,","NIRC,",NA,"E7,","E,",MAIN,Illinois,41.562224,-87.668337,"Illinois
(41.562224, -87.668337)"
Derailments,2015:06:CRL:CRL151185,0,0,27017,49014,20,0,0,COOK,6/18/2015 0:00,21:30,2015,2015,"T319,","CRL,IAIS,",1,"T3,","T,",YARD,Illinois,41.672614,-87.668178,"Illinois
(41.672614, -87.668178)"
Derailments,2015:04:AGR:AGR682015,0,0,3500,75000,0,0,0,MARENGO,4/9/2015 0:00,16:38,2015,2015,"T102,","AGR,",1,"T1,","T,",MAIN,Alabama,32.135702,-87.668061,"Alabama
(32.135702, -87.668061)"
Side collision,2014:06:CSX:000130705,0,0,1500,249659,27,0,0,COOK,6/9/2014 0:00,18:45,2014,2014,"H306,","CSX,",7,"H3,","H,",YARD,Illinois,41.648086,-87.667565,"Illinois
(41.648086, -87.667565)"
Highway-rail impact,2013:08:NIRC:RIG047,0,1,950,9000,0,0,0,COOK,8/2/2013 0:00,17:59,2013,2013,"M308,","NIRC,",NA,"M3,","M,",MAIN,Illinois,41.677416,-87.66712,"Illinois
(41.677416, -87.66712)"
Derailments,2012:04:IC:742437,0,0,5870,6700,27,1,0,COOK,4/16/2012 0:00,17:50,2012,2012,"M599,","IC,",1,"M5,","M,",YARD,Illinois,41.563967,-87.667068,"Illinois
(41.563967, -87.667068)"
Derailments,2014:07:IC:821179,0,0,44210,17132,42,4,0,COOK,7/27/2014 0:00,12:01,2014,2014,"H704,H702,","IC,",71,"H7,","H,",MAIN,Illinois,41.564104,-87.666912,"Illinois
(41.564104, -87.666912)"
Derailments,2015:03:IC:844223,0,0,4377,28357,0,0,0,COOK,3/20/2015 0:00,2:40,2015,2015,"H702,H704,","IC,",1,"H7,","H,",YARD,Illinois,41.564656,-87.666714,"Illinois
(41.564656, -87.666714)"
Highway-rail impact,2013:11:NS:107727,0,0,20000,340,1,0,0,HALE,11/13/2013 0:00,7:30,2013,2014,"M399,","NS,",1,"M3,","M,",MAIN,Alabama,32.947873,-87.666692,"Alabama
(32.947873, -87.666692)"
Derailments,2014:01:IC:802404,0,0,5592,72925,46,0,0,COOK,1/18/2014 0:00,12:10,2014,2014,"H511,","IC,",17,"H5,","H,",YARD,Illinois,41.564785,-87.666628,"Illinois
(41.564785, -87.666628)"
Derailments,2012:01:CC:732892,0,0,9951,1454,6,0,0,COOK,1/15/2012 0:00,3:49,2012,2012,"H305,","CC,",1,"H3,","H,",MAIN,Illinois,41.838986,-87.666274,"Illinois
(41.838986, -87.666274)"
Derailments,2013:11:IC:798099X,0,0,11634,3651,5,5,0,COOK,11/25/2013 0:00,18:00,2013,2014,"H704,","GTW,IC,",1,"H7,","H,",YARD,Illinois,41.565078,-87.666253,"Illinois
(41.565078, -87.666253)"
Side collision,2011:10:IC:724162,0,0,225,200040,8,0,0,COOK,10/11/2011 0:00,23:01,2011,2012,"S005,S015,","ATK,IC,",21,"S0,","S,",MAIN,Illinois,41.839474,-87.66547,"Illinois
(41.839474, -87.66547)"
Derailments,2012:10:IC:761023,0,0,700,44800,0,0,0,COOK,10/18/2012 0:00,24:30:00,2012,2013,"T221,","IC,",1,"T2,","T,",YARD,Illinois,41.566551,-87.664933,"Illinois
(41.566551, -87.664933)"
Derailments,2015:01:NS:113892,0,0,500,22000,0,0,0,COOK,1/13/2015 0:00,15:30,2015,2015,"H504,","NS,",1,"H5,","H,",MAIN,Illinois,41.820166,-87.664515,"Illinois
(41.820166, -87.664515)"
Derailments,2014:02:IC:803652,0,0,1500,32585,0,0,0,COOK,2/1/2014 0:00,6:30,2014,2014,"H704,","IC,",1,"H7,","H,",YARD,Illinois,41.567305,-87.664365,"Illinois
(41.567305, -87.664365)"
Derailments,2015:03:NS:114859,0,0,9587,10800,0,0,0,VERMILION,3/16/2015 0:00,18:15,2015,2015,"H312,","NS,",1,"H3,","H,",YARD,Illinois,40.088231,-87.663922,"Illinois
(40.088231, -87.663922)"
Highway-rail impact,2012:10:NIRC:RIF093,1,2,2000,29000,0,0,0,COOK,10/16/2012 0:00,8:17,2012,2013,"M308,","NIRC,",NA,"M3,","M,",MAIN,Illinois,41.684755,-87.663817,"Illinois
(41.684755, -87.663817)"
Derailments,2014:12:IC:834513,0,0,75,22114,0,0,0,COOK,12/5/2014 0:00,14:55,2014,2015,"H601,H523,","IC,",7,"H6,H5,","H,",YARD,Illinois,41.568584,-87.66317,"Illinois
(41.568584, -87.66317)"
Fire/violent rupture,2013:07:NIRC:MEG065,0,0,10527,16000,0,0,0,COOK,7/17/2013 0:00,7:02,2013,2013,"M599,","NIRC,",NA,"M5,","M,",MAIN,Illinois,41.57404,-87.662015,"Illinois
(41.57404, -87.662015)"
Side collision,2013:02:IC:771379,0,0,100,16298,7,0,0,COOK,2/21/2013 0:00,12:30,2013,2013,"H306,H305,","IC,",7,"H3,","H,",YARD,Illinois,41.569971,-87.661693,"Illinois
(41.569971, -87.661693)"
Other events,2013:10:NIRC:MEG107,0,0,3380,65000,0,0,0,COOK,10/23/2013 0:00,5:33,2013,2014,"M599,","NIRC,",NA,"M5,","M,",MAIN,Illinois,41.576565,-87.661438,"Illinois
(41.576565, -87.661438)"
Other events,2015:11:NIRC:MEI127,0,0,7369,31564,0,0,0,COOK,11/11/2015 0:00,20:46,2015,2016,"M404,","NIRC,",NA,"M4,","M,",MAIN,Illinois,41.669373,-87.660627,"Illinois
(41.669373, -87.660627)"
Other impacts,2012:03:IC:738201,0,0,1946,69912,10,10,0,COOK,3/10/2012 0:00,19:30,2012,2012,"H018,","IC,",75,"H0,","H,",YARD,Illinois,41.577299,-87.659193,"Illinois
(41.577299, -87.659193)"
Derailments,2012:03:IC:738986,0,0,14780,6000,6,0,0,COOK,3/17/2012 0:00,10:15,2012,2012,"E64C,","IC,",7,"E6,","E,",YARD,Illinois,41.579518,-87.658287,"Illinois
(41.579518, -87.658287)"
Derailments,2015:05:IHB:2099,0,0,3815,86836,0,0,0,COOK,5/8/2015 0:00,23:05,2015,2015,"M507,","IHB,",7,"M5,","M,",YARD,Illinois,41.640887,-87.657505,"Illinois
(41.640887, -87.657505)"
Derailments,2015:04:UP:0415PR014,0,0,1528,9412,0,0,0,COOK,4/15/2015 0:00,17:30,2015,2015,"T102,","UP,",1,"T1,","T,",INDUSTRY,Illinois,41.899158,-87.656775,"Illinois
(41.899158, -87.656775)"
Derailments,2013:12:IHB:1911,0,0,2663,60427,0,0,0,COOK,12/23/2013 0:00,17:45,2013,2014,"T220,","IHB,",7,"T2,","T,",YARD,Illinois,41.640343,-87.656586,"Illinois
(41.640343, -87.656586)"
Other impacts,2016:03:IHB:2194,0,0,0,15647,0,0,0,COOK,3/12/2016 0:00,18:00,2016,2016,"H019,","IHB,",7,"H0,","H,",YARD,Illinois,41.639557,-87.656525,"Illinois
(41.639557, -87.656525)"
Other impacts,2014:11:IC:832012,0,0,75,21757,0,0,0,COOK,11/8/2014 0:00,20:25,2014,2015,"H021,H318,","IC,",7,"H0,H3,","H,",YARD,Illinois,41.577302,-87.656436,"Illinois
(41.577302, -87.656436)"
Other impacts,2014:10:IHB:2018,0,0,767,42299,0,0,0,COOK,10/5/2014 0:00,10:25,2014,2015,"H316,","IHB,",6,"H3,","H,",YARD,Illinois,41.639653,-87.656382,"Illinois
(41.639653, -87.656382)"
Other impacts,2012:03:IC:738382,0,0,250,12514,0,0,0,COOK,3/11/2012 0:00,22:00,2012,2012,"H317,","IC,",7,"H3,","H,",YARD,Illinois,41.577512,-87.656178,"Illinois
(41.577512, -87.656178)"
Other impacts,2012:07:IC:752311,0,0,100,94600,3,3,0,COOK,7/19/2012 0:00,3:00,2012,2012,"H302,","IC,",7,"H3,","H,",YARD,Illinois,41.577732,-87.656178,"Illinois
(41.577732, -87.656178)"
Other impacts,2012:07:IC:752002,0,0,100,12500,8,1,0,COOK,7/15/2012 0:00,2:50,2012,2012,"H020,","IC,",67,"H0,","H,",YARD,Illinois,46.577732,-87.656178,"Illinois
(46.577732, -87.656178)"
Derailments,2015:11:CSX:000154782,0,0,700,27306,44,0,0,COOK,11/30/2015 0:00,13:32,2015,2016,"T207,","CSX,",1,"T2,","T,",YARD,Illinois,41.650193,-87.65613,"Illinois
(41.650193, -87.65613)"
Derailments,2016:06:IC:891160,0,0,76921,125311,33,3,0,COOK,6/10/2016 0:00,18:19,2016,2016,"H503,H512,","IC,",1,"H5,","H,",YARD,Illinois,41.577893,-87.65605,"Illinois
(41.577893, -87.65605)"
Other impacts,2014:12:IHB:2035,0,0,0,84947,0,0,0,COOK,12/2/2014 0:00,10:30,2014,2015,"M599,","IHB,",6,"M5,","M,",YARD,Illinois,41.639966,-87.655377,"Illinois
(41.639966, -87.655377)"
Other impacts,2013:09:NS:106250,0,0,0,25645,0,0,0,COOK,9/3/2013 0:00,11:34,2013,2013,"H302,","NS,",7,"H3,","H,",YARD,Illinois,41.822212,-87.655258,"Illinois
(41.822212, -87.655258)"
Raking collision,2011:10:IHB:1590,0,0,230,44174,0,0,0,COOK,10/12/2011 0:00,1:38,2011,2012,"H316,","IHB,",65,"H3,","H,",YARD,Illinois,41.640026,-87.655154,"Illinois
(41.640026, -87.655154)"
Other impacts,2013:07:IHB:1847,0,0,0,15216,0,0,0,COOK,7/20/2013 0:00,18:13,2013,2013,"S016,","IHB,",6,"S0,","S,",YARD,Illinois,41.639625,-87.655052,"Illinois
(41.639625, -87.655052)"
Derailments,2011:11:IHB:1612,0,0,1407,9692,0,0,0,COOK,11/22/2011 0:00,22:00,2011,2012,"M411,","IHB,",6,"M4,","M,",YARD,Illinois,41.639236,-87.654907,"Illinois
(41.639236, -87.654907)"
Raking collision,2014:07:IHB:1995,0,0,0,17830,0,0,0,COOK,7/22/2014 0:00,18:30,2014,2014,"H318,","IHB,",7,"H3,","H,",YARD,Illinois,41.641348,-87.654803,"Illinois
(41.641348, -87.654803)"
Other impacts,2014:02:IHB:1941,0,0,0,24127,0,0,0,COOK,2/17/2014 0:00,18:05,2014,2014,"S016,","IHB,",6,"S0,","S,",YARD,Illinois,41.639353,-87.654762,"Illinois
(41.639353, -87.654762)"
Highway-rail impact,2011:06:NS:095324,0,0,0,16700,0,0,0,GIBSON,6/24/2011 0:00,11:47,2011,2011,"M304,","NS,",1,"M3,","M,",MAIN,Indiana,38.370864,-87.654663,"Indiana
(38.370864, -87.654663)"
Side collision,2011:09:IHB:1575,0,0,3923,39105,5,1,0,COOK,9/15/2011 0:00,17:35,2011,2011,"H306,","IHB,",87,"H3,","H,",YARD,Illinois,41.638852,-87.654172,"Illinois
(41.638852, -87.654172)"
Derailments,2012:08:UP:0812PR007,0,0,51570,13853,1,1,0,COOK,8/8/2012 0:00,2:15,2012,2012,"T399,","UP,",1,"T3,","T,",YARD,Illinois,41.86086,-87.653335,"Illinois
(41.86086, -87.653335)"
Derailments,2015:01:IHB:2053,0,0,2625,16424,0,0,0,COOK,1/3/2015 0:00,18:45,2015,2015,"T220,","IHB,",7,"T2,","T,",YARD,Illinois,41.639261,-87.652638,"Illinois
(41.639261, -87.652638)"
Derailments,2012:04:UP:0412PR004,0,0,9365,35278,1,1,0,KANKAKEE,4/4/2012 0:00,5:30,2012,2012,"T221,","UP,",1,"T2,","T,",MAIN,Illinois,41.169884,-87.652466,"Illinois
(41.169884, -87.652466)"
Derailments,2015:12:NS:118632,0,0,500,17200,0,0,0,VERMILION,12/20/2015 0:00,15:25,2015,2016,"H399,","NS,",7,"H3,","H,",YARD,Illinois,40.09566,-87.652393,"Illinois
(40.09566, -87.652393)"
Derailments,2016:04:IHB:2206,0,0,834,11954,0,0,0,COOK,4/24/2016 0:00,15:30,2016,2016,"M411,","IHB,",6,"M4,","M,",YARD,Illinois,41.639258,-87.652143,"Illinois
(41.639258, -87.652143)"
Derailments,2011:08:IC:718730,0,0,800,11197,2,0,0,COOK,8/20/2011 0:00,6:45,2011,2011,"H523,","IC,",1,"H5,","H,",YARD,Illinois,41.56722,-87.65194,"Illinois
(41.56722, -87.65194)"
Derailments,2013:05:LSI:57390,0,0,18200,12738,0,0,0,MARQUETTE,5/17/2013 0:00,19:00,2013,2013,"T111,","LSI,",1,"T1,","T,",YARD,Michigan,46.438384,-87.650977,"Michigan
(46.438384, -87.650977)"
Derailments,2014:06:LSI:62118,0,0,0,10595,0,0,0,MARQUETTE,6/15/2014 0:00,8:30,2014,2014,"M101,","LSI,",1,"M1,","M,",INDUSTRY,Michigan,46.43665,-87.650425,"Michigan
(46.43665, -87.650425)"
Derailments,2015:03:IHB:2074,0,0,1900,30575,1,1,0,COOK,3/5/2015 0:00,10:30,2015,2015,"M411,","IHB,",6,"M4,","M,",YARD,Illinois,41.639052,-87.650041,"Illinois
(41.639052, -87.650041)"
Raking collision,2012:06:IHB:1717,0,0,0,9716,0,0,0,COOK,6/27/2012 0:00,16:40,2012,2012,"H302,","IHB,",1,"H3,","H,",YARD,Illinois,41.64,-87.65,"Illinois
(41.64, -87.65)"
Derailments,2013:07:LSI:58317,0,0,557,17867,0,0,0,MARQUETTE,7/1/2013 0:00,19:30,2013,2013,"M101,H999,","LSI,",1,"M1,H9,","M,H,",INDUSTRY,Michigan,46.447437,-87.649858,"Michigan
(46.447437, -87.649858)"
Other events,2012:03:LSI:26316,0,0,0,10733,0,0,0,MARQUETTE,3/12/2012 0:00,20:00,2012,2012,"H019,","LSI,",1,"H0,","H,",INDUSTRY,Michigan,46.440288,-87.649363,"Michigan
(46.440288, -87.649363)"
Derailments,2013:05:IHB:1829,0,0,8694,3610,0,0,0,COOK,5/19/2013 0:00,18:20,2013,2013,"E39C,","IHB,",7,"E3,","E,",YARD,Illinois,41.640335,-87.64892,"Illinois
(41.640335, -87.64892)"
Other impacts,2015:09:CSX:000152166,0,0,0,50900,0,0,0,COOK,9/16/2015 0:00,18:50,2015,2015,"E31C,","CSX,",6,"E3,","E,",YARD,Illinois,41.650474,-87.647465,"Illinois
(41.650474, -87.647465)"
Other impacts,2016:03:CSX:000157806,0,0,150,17588,0,0,0,COOK,3/7/2016 0:00,3:17,2016,2016,"H318,","CSX,",76,"H3,","H,",YARD,Illinois,41.650472,-87.647442,"Illinois
(41.650472, -87.647442)"
Derailments,2013:05:IC:780153,0,2,4220,56650,0,0,0,COOK,5/19/2013 0:00,8:19,2013,2013,"H702,","ATK,IC,",2,"H7,","H,",MAIN,Illinois,41.860277,-87.647222,"Illinois
(41.860277, -87.647222)"
Derailments,2014:05:IC:815003,0,0,4081,7159,0,0,0,COOK,5/28/2014 0:00,23:30,2014,2014,"H704,","IC,",1,"H7,","H,",YARD,Illinois,41.590714,-87.646725,"Illinois
(41.590714, -87.646725)"
Derailments,2013:03:IC:772333,0,0,1140,25623,0,0,0,COOK,3/2/2013 0:00,21:45,2013,2013,"H307,H303,","IC,",1,"H3,","H,",YARD,Illinois,41.5976,-87.646635,"Illinois
(41.5976, -87.646635)"
Highway-rail impact,2011:08:IC:719563,0,0,0,17368,0,0,0,COOK,8/27/2011 0:00,15:40,2011,2011,"M302,","IC,",7,"M3,","M,",YARD,Illinois,41.58461,-87.646405,"Illinois
(41.58461, -87.646405)"
Derailments,2016:08:IC:897267,0,0,1860,15000,0,0,0,COOK,8/9/2016 0:00,10:20,2016,2016,"H601,","IC,",1,"H6,","H,",YARD,Illinois,41.597521,-87.646258,"Illinois
(41.597521, -87.646258)"
Derailments,2014:11:IHB:2027,0,0,565,10468,4,0,0,COOK,11/9/2014 0:00,23:22,2014,2015,"M411,","IHB,",6,"M4,","M,",YARD,Illinois,41.639873,-87.64599,"Illinois
(41.639873, -87.64599)"
Other impacts,2013:08:IHB:1855,0,0,522,13678,0,0,0,COOK,8/4/2013 0:00,17:30,2013,2013,"H314,","IHB,",7,"H3,","H,",YARD,Illinois,41.639445,-87.645774,"Illinois
(41.639445, -87.645774)"
Derailments,2013:09:IHB:1863,0,0,4783,15107,4,2,0,COOK,9/2/2013 0:00,5:20,2013,2013,"H312,","IHB,",7,"H3,","H,",YARD,Illinois,41.639613,-87.645664,"Illinois
(41.639613, -87.645664)"
Raking collision,2013:04:IHB:1815,0,0,6933,115291,7,0,0,COOK,4/18/2013 0:00,18:40,2013,2013,"H314,","IHB,",7,"H3,","H,",YARD,Illinois,41.639565,-87.645493,"Illinois
(41.639565, -87.645493)"