AccidentType,inckey,Fatalities,Injuries,TrackDamage,EquipmentDamage,HazmatCars,HazmatCarsDerailed,HazmatCarsReleasing,County,DisplayDate,DisplayTime,calendar,Fiscal,AccidentCause,RailroadCodes,RAILEQUIPMENT_TYPE,CauseGroup,CauseDiscipline,TYPE_OF_TRACK,StateName,latitude,longitude,GeoLocation
Derailments,2015:02:ATK:136155,0,0,0,25000,0,0,0,COOK,2/2/2015 0:00,3:15,2015,2015,"T399,","ATK,",8,"T3,","T,",YARD,Illinois,41.893477,-87.645364,"Illinois
(41.893477, -87.645364)"
Derailments,2016:02:CSX:000156889,0,0,2500,42046,7,2,0,COOK,2/6/2016 0:00,1:10,2016,2016,"H702,","CSX,",7,"H7,","H,",YARD,Illinois,41.650201,-87.645272,"Illinois
(41.650201, -87.645272)"
Derailments,2011:12:LSI:25831,0,0,11146,11486,0,0,0,MARQUETTE,12/12/2011 0:00,3:00,2011,2012,"T205,T108,","LSI,",1,"T2,T1,","T,",YARD,Michigan,46.435493,-87.645132,"Michigan
(46.435493, -87.645132)"
Derailments,2011:06:CSX:000090151,0,0,900,16031,0,0,0,COOK,6/5/2011 0:00,20:45,2011,2011,"T217,T101,","CSX,",7,"T2,T1,","T,",YARD,Illinois,41.650152,-87.6449,"Illinois
(41.650152, -87.6449)"
Derailments,2011:10:CSX:000097167,0,0,2000,67097,41,1,0,COOK,10/29/2011 0:00,2:38,2011,2012,"H702,","CSX,",7,"H7,","H,",YARD,Illinois,41.650152,-87.6449,"Illinois
(41.650152, -87.6449)"
Derailments,2012:04:CSX:000103190,0,0,100,17850,0,0,0,COOK,4/27/2012 0:00,17:00,2012,2012,"H601,","CSX,",6,"H6,","H,",YARD,Illinois,41.650152,-87.6449,"Illinois
(41.650152, -87.6449)"
Derailments,2012:05:CSX:000103654,0,0,3000,106969,0,0,0,COOK,5/11/2012 0:00,18:30,2012,2012,"H301,","CSX,",76,"H3,","H,",YARD,Illinois,41.650152,-87.6449,"Illinois
(41.650152, -87.6449)"
Derailments,2012:07:CSX:000106413,0,0,6500,26158,18,0,0,COOK,7/27/2012 0:00,9:30,2012,2012,"H702,H607,","CSX,UP,",1,"H7,H6,","H,",YARD,Illinois,41.650152,-87.6449,"Illinois
(41.650152, -87.6449)"
Derailments,2012:08:CSX:000107005,0,0,20000,37778,7,0,0,COOK,8/14/2012 0:00,4:53,2012,2012,"T207,","CSX,UP,",1,"T2,","T,",YARD,Illinois,41.650152,-87.6449,"Illinois
(41.650152, -87.6449)"
Other impacts,2012:08:CSX:000107664,0,0,50,9765,0,0,0,COOK,8/30/2012 0:00,19:50,2012,2012,"H318,","CSX,",5,"H3,","H,",YARD,Illinois,41.650152,-87.6449,"Illinois
(41.650152, -87.6449)"
Side collision,2013:04:CSX:000115533,0,0,150,12838,0,0,0,COOK,4/28/2013 0:00,16:00,2013,2013,"H212,","CSX,",78,"H2,","H,",YARD,Illinois,41.650152,-87.6449,"Illinois
(41.650152, -87.6449)"
Other impacts,2013:07:CSX:000118674,0,0,0,11508,0,0,0,COOK,7/22/2013 0:00,18:00,2013,2013,"H318,","CSX,",75,"H3,","H,",YARD,Illinois,41.650152,-87.6449,"Illinois
(41.650152, -87.6449)"
Side collision,2014:01:CSX:000125369,0,0,0,17971,0,0,0,COOK,1/29/2014 0:00,3:40,2014,2014,"H302,","CSX,",5,"H3,","H,",YARD,Illinois,41.650152,-87.6449,"Illinois
(41.650152, -87.6449)"
Side collision,2014:06:CSX:000131204,0,0,0,13113,0,0,0,COOK,6/23/2014 0:00,4:00,2014,2014,"H702,","CSX,",81,"H7,","H,",YARD,Illinois,41.650152,-87.6449,"Illinois
(41.650152, -87.6449)"
Other impacts,2016:03:CSX:000158521,0,0,250,16148,0,0,0,COOK,3/28/2016 0:00,18:50,2016,2016,"H310,","CSX,",76,"H3,","H,",YARD,Illinois,41.650152,-87.6449,"Illinois
(41.650152, -87.6449)"
Derailments,2013:09:UP:0913PR007,0,0,198,109668,0,0,0,COOK,9/18/2013 0:00,21:10,2013,2013,"M105,","CSX,UP,",7,"M1,","M,",YARD,Illinois,41.888224,-87.644899,"Illinois
(41.888224, -87.644899)"
Other impacts,2014:01:IHB:1921,0,0,0,12357,0,0,0,COOK,1/17/2014 0:00,1:19,2014,2014,"M204,","IHB,",6,"M2,","M,",YARD,Illinois,41.637991,-87.644652,"Illinois
(41.637991, -87.644652)"
Other events,2014:03:NIRC:RIH067,0,0,10285,1108,80,0,0,COOK,3/30/2014 0:00,2:30,2014,2014,"E48L,","CRL,NIRC,",1,"E4,","E,",MAIN,Illinois,41.736971,-87.644512,"Illinois
(41.736971, -87.644512)"
Raking collision,2013:07:IHB:1844,0,0,0,13236,0,0,0,COOK,7/12/2013 0:00,2:08,2013,2013,"H316,","IHB,",6,"H3,","H,",YARD,Illinois,41.640162,-87.644039,"Illinois
(41.640162, -87.644039)"
Raking collision,2011:07:IHB:1536,0,0,120,16748,1,1,0,COOK,7/2/2011 0:00,17:45,2011,2011,"H302,","IHB,",56,"H3,","H,",YARD,Illinois,41.640152,-87.643893,"Illinois
(41.640152, -87.643893)"
Raking collision,2013:11:IHB:1892,0,0,0,25250,0,0,0,COOK,11/20/2013 0:00,1:20,2013,2014,"H302,","IHB,",7,"H3,","H,",YARD,Illinois,41.640312,-87.643336,"Illinois
(41.640312, -87.643336)"
Derailments,2013:05:IHB:1831,0,0,10325,81548,0,0,0,COOK,5/26/2013 0:00,4:16,2013,2013,"H702,","IHB,",1,"H7,","H,",YARD,Illinois,41.64007,-87.643293,"Illinois
(41.64007, -87.643293)"
Other events,2016:02:BNSF:CH0216115,0,0,35000,0,0,0,0,COOK,2/29/2016 0:00,23:53,2016,2016,"H404,H702,","BNSF,UP,",8,"H4,H7,","H,",MAIN,Illinois,41.860406,-87.641066,"Illinois
(41.860406, -87.641066)"
Derailments,2013:09:UP:0913PR010,0,0,99,11663,0,0,0,COOK,9/21/2013 0:00,17:25,2013,2013,"E86C,","UP,",1,"E8,","E,",YARD,Illinois,41.883569,-87.640906,"Illinois
(41.883569, -87.640906)"
Derailments,2013:11:UP:1113PR003,0,0,8680,13736,0,0,0,COOK,11/3/2013 0:00,2:45,2013,2014,"T218,","UP,",7,"T2,","T,",YARD,Illinois,41.883569,-87.640906,"Illinois
(41.883569, -87.640906)"
Other impacts,2014:01:UP:0114PR005,0,0,2680,12016,0,0,0,COOK,1/4/2014 0:00,4:02,2014,2014,"M101,","UP,",75,"M1,","M,",YARD,Illinois,41.883569,-87.640906,"Illinois
(41.883569, -87.640906)"
Derailments,2013:04:ATK:128055,0,0,0,35544,0,0,0,COOK,4/27/2013 0:00,12:55,2013,2013,"H702,","ATK,",8,"H7,","H,",YARD,Illinois,41.88763,-87.640836,"Illinois
(41.88763, -87.640836)"
Fire/violent rupture,2011:11:ATK:122031,0,0,0,193700,0,0,0,COOK,11/27/2011 0:00,17:45,2011,2012,"M406,","ATK,",8,"M4,","M,",YARD,Illinois,41.878684,-87.639443,"Illinois
(41.878684, -87.639443)"
Derailments,2012:12:ATK:126533,0,0,40000,31700,0,0,0,COOK,12/24/2012 0:00,17:43,2012,2013,"T106,","ATK,NIRC,",NA,"T1,","T,",MAIN,Illinois,41.878684,-87.639443,"Illinois
(41.878684, -87.639443)"
Other events,2011:09:ATK:121565,0,0,0,20000,0,0,0,COOK,9/29/2011 0:00,8:33,2011,2011,"M599,","ATK,NIRC,",3,"M5,","M,",MAIN,Illinois,41.895,-87.639443,"Illinois
(41.895, -87.639443)"
Head on collision,2012:04:BNSF:CH0412101,0,1,500,285000,0,0,0,COOK,4/10/2012 0:00,8:45,2012,2012,"H607,H602,","BNSF,BNSO,",38,"H6,","H,",YARD,Illinois,41.860612,-87.639152,"Illinois
(41.860612, -87.639152)"
Derailments,2014:01:ATK:131453,0,0,2000,10000,0,0,0,COOK,1/23/2014 0:00,2:55,2014,2014,"H702,","ATK,",8,"H7,","H,",YARD,Illinois,41.877406,-87.639012,"Illinois
(41.877406, -87.639012)"
Other events,2014:05:ATK:133193,0,0,0,31662,0,0,0,COOK,5/15/2014 0:00,21:46,2014,2014,"M599,","ATK,NIRC,",3,"M5,","M,",MAIN,Illinois,41.87927,-87.638964,"Illinois
(41.87927, -87.638964)"
Derailments,2015:11:BNSF:CH1115105,0,0,500,180000,0,0,0,COOK,11/13/2015 0:00,8:32,2015,2016,"H307,","BNSF,BNSO,",82,"H3,","H,",YARD,Illinois,41.871897,-87.638174,"Illinois
(41.871897, -87.638174)"
Derailments,2015:03:LSI:64316,0,0,16996,3350,0,0,0,MARQUETTE,3/26/2015 0:00,24:30:00,2015,2015,"T314,T310,","LSI,",1,"T3,","T,",INDUSTRY,Michigan,46.433389,-87.637786,"Michigan
(46.433389, -87.637786)"
Derailments,2014:10:ATK:134826,0,0,0,12972,0,0,0,COOK,10/12/2014 0:00,24:15:00,2014,2015,"H208,","ATK,",8,"H2,","H,",YARD,Illinois,41.866173,-87.637382,"Illinois
(41.866173, -87.637382)"
Derailments,2014:01:ATK:131307,0,0,0,12972,0,0,0,COOK,1/13/2014 0:00,8:00,2014,2014,"H702,","ATK,",8,"H7,","H,",YARD,Illinois,41.857927,-87.636824,"Illinois
(41.857927, -87.636824)"
Derailments,2012:02:IMSA:52812S001,0,0,10000,20000,0,0,0,COOK,2/28/2012 0:00,9:30,2012,2012,"H306,H799,","IMSA,",7,"H3,H7,","H,",YARD,Illinois,41.834638,-87.636309,"Illinois
(41.834638, -87.636309)"
Derailments,2013:06:NS:105054,0,0,22500,171200,0,0,0,COOK,6/13/2013 0:00,24:13:00,2013,2013,"E79L,","NS,",7,"E7,","E,",YARD,Illinois,41.809741,-87.635788,"Illinois
(41.809741, -87.635788)"
Derailments,2014:05:NS:110348,0,0,0,33000,0,0,0,COOK,5/7/2014 0:00,15:26,2014,2014,"H306,H702,","NS,",1,"H3,H7,","H,",YARD,Illinois,41.795348,-87.635316,"Illinois
(41.795348, -87.635316)"
Derailments,2016:04:NS:120306,0,0,500,147500,0,0,0,COOK,4/29/2016 0:00,1:45,2016,2016,"H514,","NS,",7,"H5,","H,",YARD,Illinois,41.795348,-87.635316,"Illinois
(41.795348, -87.635316)"
Derailments,2015:07:NS:116699,0,0,250,21605,0,0,0,COOK,7/27/2015 0:00,19:20,2015,2015,"M405,","NS,",7,"M4,","M,",YARD,Illinois,41.802519,-87.634516,"Illinois
(41.802519, -87.634516)"
Derailments,2012:12:CGBX:INDUSTRY,0,0,500,15000,0,0,0,HENDERSON,12/22/2012 0:00,24:42:00,2012,2013,"H702,","CSX,",1,"H7,","H,",INDUSTRY,Kentucky,37.804979,-87.634234,"Kentucky
(37.804979, -87.634234)"
Rear end collision,2014:08:LSI:62716,0,0,0,22825,0,0,0,MARQUETTE,8/19/2014 0:00,13:30,2014,2014,"H017,","LSI,",81,"H0,","H,",INDUSTRY,Michigan,46.432243,-87.63416,"Michigan
(46.432243, -87.63416)"
Other impacts,2014:01:NIRC:RIH000,0,0,9656,15888,0,0,0,COOK,1/6/2014 0:00,6:25,2014,2014,"M101,","NIRC,",NA,"M1,","M,",MAIN,Illinois,41.876221,-87.632192,"Illinois
(41.876221, -87.632192)"
Fire/violent rupture,2011:08:NIRC:RIE103,0,0,0,10370,0,0,0,COOK,8/9/2011 0:00,9:30,2011,2011,"H999,","NIRC,",5,"H9,","H,",YARD,Illinois,41.806,-87.63,"Illinois
(41.806, -87.63)"
Derailments,2011:08:ATK:120782,0,0,0,15000,0,0,0,COOK,8/12/2011 0:00,16:15,2011,2011,"H303,","ATK,",8,"H3,","H,",YARD,Illinois,41.878114,-87.629798,"Illinois
(41.878114, -87.629798)"
Derailments,2011:09:ATK:121097,0,0,0,10000,0,0,0,COOK,9/16/2011 0:00,19:00,2011,2011,"H703,","ATK,",8,"H7,","H,",YARD,Illinois,41.878114,-87.629798,"Illinois
(41.878114, -87.629798)"
Other impacts,2011:10:ATK:121391,0,0,0,160000,0,0,0,COOK,10/3/2011 0:00,19:55,2011,2012,"H018,","ATK,",57,"H0,","H,",YARD,Illinois,41.878114,-87.629798,"Illinois
(41.878114, -87.629798)"
Raking collision,2011:06:ATK:119974,0,19,0,2041199,0,0,0,COOK,6/3/2011 0:00,8:20,2011,2011,"H221,","ATK,BNSO,",23,"H2,","H,",MAIN,Illinois,41.879467,-87.629798,"Illinois
(41.879467, -87.629798)"
Other impacts,2015:03:LSI:64167,0,0,0,48123,0,0,0,MARQUETTE,3/1/2015 0:00,1:00,2015,2015,"H302,H306,","LSI,",8,"H3,","H,",INDUSTRY,Michigan,46.431146,-87.629107,"Michigan
(46.431146, -87.629107)"
Derailments,2015:10:CSX:000153435,0,0,11994,35015,17,1,0,VANDERBURGH,10/18/2015 0:00,3:50,2015,2016,"T207,","CSX,",1,"T2,","T,",MAIN,Indiana,37.943015,-87.627508,"Indiana
(37.943015, -87.627508)"
Derailments,2011:08:NS:095857,0,0,22009,110,0,0,0,COOK,8/10/2011 0:00,12:37,2011,2011,"T110,","NS,",7,"T1,","T,",YARD,Illinois,41.879535,-87.624333,"Illinois
(41.879535, -87.624333)"
Derailments,2016:06:NIRC:MEJ066,0,0,15000,73000,0,0,0,COOK,6/18/2016 0:00,8:44,2016,2016,"T108,","NIRC,",NA,"T1,","T,",MAIN,Illinois,41.883983,-87.623227,"Illinois
(41.883983, -87.623227)"
Other events,2013:09:NIRC:MEG083,0,0,1868,20000,0,0,0,COOK,9/1/2013 0:00,21:04,2013,2013,"M599,","NIRC,",NA,"M5,","M,",MAIN,Illinois,41.884155,-87.623058,"Illinois
(41.884155, -87.623058)"
Derailments,2012:07:LSI:27051,0,0,31854,14678,0,0,0,MARQUETTE,7/30/2012 0:00,11:59,2012,2012,"T319,T315,","LSI,",1,"T3,","T,",INDUSTRY,Michigan,46.430143,-87.622927,"Michigan
(46.430143, -87.622927)"
Derailments,2014:07:CSX:000132120,0,0,4500,31440,0,0,0,COOK,7/13/2014 0:00,18:00,2014,2014,"T111,","CSX,",7,"T1,","T,",YARD,Illinois,41.648723,-87.622184,"Illinois
(41.648723, -87.622184)"
Derailments,2012:02:CSX:000100598,0,0,162000,657436,0,0,0,COOK,2/10/2012 0:00,5:20,2012,2012,"E4BC,E40C,","CSX,",1,"E4,","E,",MAIN,Illinois,41.648723,-87.622183,"Illinois
(41.648723, -87.622183)"
Other impacts,2015:02:NIRC:MEI016,0,0,30000,5456,0,0,0,COOK,2/5/2015 0:00,21:11,2015,2015,"H306,","NIRC,",NA,"H3,","H,",YARD,Illinois,41.857907,-87.620464,"Illinois
(41.857907, -87.620464)"
Raking collision,2012:09:NS:101509,0,0,0,35023,0,0,0,COOK,9/22/2012 0:00,18:40,2012,2012,"H516,","NS,",8,"H5,","H,",YARD,Illinois,41.729561,-87.619363,"Illinois
(41.729561, -87.619363)"
Fire/violent rupture,2012:06:ATK:124408,0,5,0,280000,0,0,0,COOK,6/27/2012 0:00,16:30,2012,2012,"E74L,","ATK,",8,"E7,","E,",YARD,Illinois,41.86106,-87.618949,"Illinois
(41.86106, -87.618949)"
Derailments,2013:06:CSX:000117066,0,0,160000,288314,0,0,0,COOK,6/8/2013 0:00,18:22,2013,2013,"M405,","CSX,",1,"M4,","M,",MAIN,Illinois,41.645823,-87.618587,"Illinois
(41.645823, -87.618587)"
Obstruction impact,2014:05:XVES:INDUSTRY,0,0,0,11584,0,0,0,COOK,5/12/2014 0:00,19:45,2014,2014,"H311,","UP,",7,"H3,","H,",INDUSTRY,Illinois,41.505058,-87.618378,"Illinois
(41.505058, -87.618378)"
Derailments,2013:12:NIRC:MEG119,0,0,3200,13912,0,0,0,COOK,12/27/2013 0:00,13:55,2013,2014,"H702,","NIRC,",NA,"H7,","H,",YARD,Illinois,41.858366,-87.618045,"Illinois
(41.858366, -87.618045)"
Other events,2012:01:NIRC:MEF023,0,0,0,41000,0,0,0,COOK,1/18/2012 0:00,8:43,2012,2012,"T404,","NIRC,",NA,"T4,","T,",MAIN,Illinois,41.779672,-87.617683,"Illinois
(41.779672, -87.617683)"
Raking collision,2011:08:NS:096035,0,0,0,10500,0,0,0,COLBERT,8/2/2011 0:00,20:05,2011,2011,"S016,","NS,",7,"S0,","S,",YARD,Alabama,34.712593,-87.61721,"Alabama
(34.712593, -87.61721)"
Derailments,2016:08:NS:121560,0,0,35075,60000,0,0,0,COOK,8/4/2016 0:00,22:30,2016,2016,"H702,","NS,",1,"H7,","H,",YARD,Illinois,41.772762,-87.617003,"Illinois
(41.772762, -87.617003)"
Derailments,2013:08:NS:106099,0,0,11000,10000,0,0,0,COLBERT,8/24/2013 0:00,7:50,2013,2013,"H702,","NS,",8,"H7,","H,",YARD,Alabama,34.712551,-87.616782,"Alabama
(34.712551, -87.616782)"
Derailments,2013:12:NS:108134,0,0,10000,42500,0,0,0,COLBERT,12/12/2013 0:00,17:45,2013,2014,"E22C,","NS,",7,"E2,","E,",YARD,Alabama,34.712551,-87.616782,"Alabama
(34.712551, -87.616782)"
Other impacts,2014:06:NS:110719,0,0,11067,100,0,0,0,COLBERT,6/4/2014 0:00,17:45,2014,2014,"M411,","NS,",7,"M4,","M,",YARD,Alabama,34.712551,-87.616782,"Alabama
(34.712551, -87.616782)"
Derailments,2015:08:NS:116824,0,0,44548,100300,0,0,0,COLBERT,8/6/2015 0:00,24:20:00,2015,2015,"E39C,","NS,",7,"E3,","E,",YARD,Alabama,34.712551,-87.616782,"Alabama
(34.712551, -87.616782)"
Raking collision,2016:08:NS:121567,0,0,0,28703,0,0,0,COLBERT,8/5/2016 0:00,19:15,2016,2016,"H099,","NS,",7,"H0,","H,",YARD,Alabama,34.712551,-87.616782,"Alabama
(34.712551, -87.616782)"
Derailments,2014:03:BHRR:D425814,0,0,9000,8700,0,0,0,JEFFERSON,3/16/2014 0:00,10:25,2014,2014,"T110,","BHRR,",1,"T1,","T,",YARD,Alabama,33.333191,-87.616311,"Alabama
(33.333191, -87.616311)"
Other impacts,2015:11:CSX:000154158,0,0,150,15135,0,0,0,COOK,11/7/2015 0:00,24:30:00,2015,2016,"H302,","CSX,",5,"H3,","H,",YARD,Illinois,41.643124,-87.615776,"Illinois
(41.643124, -87.615776)"
Other impacts,2014:07:CSX:000132593,0,0,37420,41581,17,0,0,COOK,7/27/2014 0:00,14:15,2014,2014,"H307,H995,","CSX,",NA,"H3,H9,H3,H9,","H,",YARD,Illinois,41.642505,-87.615114,"Illinois
(41.642505, -87.615114)"
Derailments,2016:05:CSX:000159804,0,0,50,13136,0,0,0,VERMILION,5/16/2016 0:00,6:30,2016,2016,"H318,","CSX,",7,"H3,","H,",YARD,Illinois,40.140715,-87.614976,"Illinois
(40.140715, -87.614976)"
Derailments,2011:10:CSX:000096037,0,0,100,14904,0,0,0,VERMILION,10/26/2011 0:00,4:30,2011,2012,"H306,","CSX,",7,"H3,","H,",YARD,Illinois,40.142139,-87.61469,"Illinois
(40.142139, -87.61469)"
Derailments,2015:07:UP:0715PR015,0,0,7613,38247,1,1,0,COOK,7/27/2015 0:00,19:30,2015,2015,"M405,","UP,",7,"M4,","M,",YARD,Illinois,41.500625,-87.613167,"Illinois
(41.500625, -87.613167)"
Derailments,2014:07:PRSQ:INDUSTRY,0,0,45400,5772,0,0,0,COOK,7/27/2014 0:00,8:50,2014,2014,"M404,","UP,",1,"M4,","M,",YARD,Illinois,41.636851,-87.612401,"Illinois
(41.636851, -87.612401)"
Derailments,2015:05:UP:0515PR018,0,0,3894,10210,3,0,0,COOK,5/19/2015 0:00,22:05,2015,2015,"T103,","UP,",7,"T1,","T,",YARD,Illinois,41.636847,-87.612343,"Illinois
(41.636847, -87.612343)"
Other events,2015:07:UP:0715PR025,0,0,0,52040,0,0,0,COOK,7/8/2015 0:00,8:55,2015,2015,"E21C,","UP,",5,"E2,","E,",MAIN,Illinois,41.622757,-87.612309,"Illinois
(41.622757, -87.612309)"
Derailments,2015:05:UP:0515PR030,0,0,14342,996,0,0,0,COOK,5/29/2015 0:00,24:10:00,2015,2015,"T110,","UP,",1,"T1,","T,",YARD,Illinois,41.609124,-87.612249,"Illinois
(41.609124, -87.612249)"
Derailments,2015:03:UP:0315PR028,0,0,7400,20917,0,0,0,COOK,3/27/2015 0:00,15:15,2015,2015,"M405,","UP,",1,"M4,","M,",YARD,Illinois,41.622747,-87.612177,"Illinois
(41.622747, -87.612177)"
Derailments,2011:12:UP:1211PR006,0,0,9759,28707,30,1,0,COOK,12/5/2011 0:00,12:30,2011,2012,"T314,","UP,",1,"T3,","T,",YARD,Illinois,41.620608,-87.612144,"Illinois
(41.620608, -87.612144)"
Other events,2014:02:NIRC:MEH024,0,0,5249,44000,0,0,0,COOK,2/11/2014 0:00,7:03,2014,2014,"E78L,","NIRC,",NA,"E7,","E,",MAIN,Illinois,41.685703,-87.612135,"Illinois
(41.685703, -87.612135)"
Other events,2013:08:NIRC:MEG082,0,0,3000,35000,0,0,0,COOK,8/30/2013 0:00,7:28,2013,2013,"M599,","NIRC,",NA,"M5,","M,",MAIN,Illinois,41.685839,-87.612135,"Illinois
(41.685839, -87.612135)"
Other events,2013:11:NIRC:MEG111,0,0,8722,187000,0,0,0,COOK,11/1/2013 0:00,17:23,2013,2014,"E78L,M599,","NIRC,",NA,"E7,M5,","E,M,",MAIN,Illinois,41.685988,-87.61198,"Illinois
(41.685988, -87.61198)"
Derailments,2011:10:UP:1011PR041,0,0,304,29660,0,0,0,COOK,10/31/2011 0:00,14:30,2011,2012,"T110,","UP,",7,"T1,","T,",YARD,Illinois,41.618418,-87.611635,"Illinois
(41.618418, -87.611635)"
Derailments,2013:12:UP:1213PR003,0,0,3295,7450,0,0,0,COOK,12/9/2013 0:00,12:05,2013,2014,"T111,","IHB,UP,",1,"T1,","T,",YARD,Illinois,41.622756,-87.611589,"Illinois
(41.622756, -87.611589)"
Derailments,2014:03:UP:0314PR007,0,0,7006,30380,0,0,0,COOK,3/5/2014 0:00,15:35,2014,2014,"T220,","UP,",1,"T2,","T,",YARD,Illinois,41.62273,-87.611582,"Illinois
(41.62273, -87.611582)"
Derailments,2015:08:UP:0815PR001,0,0,500,36109,0,0,0,COOK,8/1/2015 0:00,11:10,2015,2015,"E60L,T399,","UP,",7,"E6,T3,","E,T,",YARD,Illinois,41.621876,-87.611423,"Illinois
(41.621876, -87.611423)"
Derailments,2011:11:UP:1111PR023,0,0,145,15632,0,0,0,COOK,11/22/2011 0:00,10:45,2011,2012,"T110,","UP,",8,"T1,","T,",YARD,Illinois,41.618565,-87.61112,"Illinois
(41.618565, -87.61112)"
Derailments,2011:06:UP:0611PR010,0,0,2688,64705,0,0,0,COOK,6/8/2011 0:00,13:00,2011,2011,"T319,","GTW,UP,",1,"T3,","T,",YARD,Illinois,41.620126,-87.61101,"Illinois
(41.620126, -87.61101)"
Derailments,2011:08:UP:0811PR023,0,0,13824,0,0,0,0,COOK,8/19/2011 0:00,16:30,2011,2011,"T319,","UP,",7,"T3,","T,",INDUSTRY,Illinois,41.644997,-87.610811,"Illinois
(41.644997, -87.610811)"
Derailments,2012:05:UP:0512PR013,0,0,9108,16101,0,0,0,COOK,5/11/2012 0:00,1:15,2012,2012,"H307,","UP,",61,"H3,","H,",YARD,Illinois,41.608771,-87.610782,"Illinois
(41.608771, -87.610782)"
Derailments,2014:11:CSX:000137045,0,0,100,14978,7,0,0,VANDERBURGH,11/1/2014 0:00,7:43,2014,2015,"H993,","CSX,",7,"H9,","H,",YARD,Indiana,37.962385,-87.609242,"Indiana
(37.962385, -87.609242)"
Derailments,2012:02:CSX:000100893,0,0,25000,42357,0,0,0,COOK,2/19/2012 0:00,18:30,2012,2012,"E4BC,","CSX,",1,"E4,","E,",MAIN,Illinois,41.640824,-87.608188,"Illinois
(41.640824, -87.608188)"
Derailments,2014:09:CSX:000134734,0,0,500,88487,6,1,0,VANDERBURGH,9/10/2014 0:00,19:36,2014,2014,"T101,","CSX,",1,"T1,","T,",YARD,Indiana,37.968049,-87.607283,"Indiana
(37.968049, -87.607283)"
Derailments,2014:10:CSX:000137011,0,0,43200,93400,0,0,0,VANDERBURGH,10/30/2014 0:00,16:35,2014,2015,"E4BC,","CSX,",1,"E4,","E,",YARD,Indiana,37.968049,-87.607283,"Indiana
(37.968049, -87.607283)"
Derailments,2014:04:BRC:13359,0,0,1485,9655,0,0,0,COOK,4/6/2014 0:00,4:45,2014,2014,"E20C,T106,","BRC,CSX,",1,"E2,T1,","E,T,",MAIN,Illinois,41.765178,-87.604436,"Illinois
(41.765178, -87.604436)"
Other events,2011:11:NIRC:MEE155,0,0,1739,9000,0,0,0,COOK,11/6/2011 0:00,10:30,2011,2012,"M599,","NIRC,",NA,"M5,","M,",MAIN,Illinois,41.725269,-87.602963,"Illinois
(41.725269, -87.602963)"
Derailments,2011:12:INRD:644193,0,0,75000,175000,24,4,0,CRAWFORD,12/28/2011 0:00,8:11,2011,2012,"T102,","INRD,",1,"T1,","T,",YARD,Illinois,39.00495,-87.59965,"Illinois
(39.00495, -87.59965)"
Derailments,2015:04:ZOCC:INDUSTRY,0,0,0,18500,0,0,0,COLBERT,4/20/2015 0:00,24:45:00,2015,2015,"T110,","NS,",1,"T1,","T,",INDUSTRY,Alabama,34.758148,-87.599521,"Alabama
(34.758148, -87.599521)"
Derailments,2013:07:INRD:644164,0,0,150000,275000,0,0,0,CRAWFORD,7/10/2013 0:00,1:30,2013,2013,"E20C,","INRD,",1,"E2,","E,",MAIN,Illinois,39.005157,-87.597879,"Illinois
(39.005157, -87.597879)"
Derailments,2013:12:LSI:60281,0,0,1907,8800,0,0,0,MARQUETTE,12/24/2013 0:00,22:00,2013,2014,"H999,","LSI,",1,"H9,","H,",INDUSTRY,Michigan,46.453352,-87.594999,"Michigan
(46.453352, -87.594999)"
Other events,2015:02:NIRC:MEI013,0,0,7843,15192,0,0,0,COOK,2/6/2015 0:00,19:30,2015,2015,"T404,","NICD,NIRC,",3,"T4,","T,",MAIN,Illinois,41.77211,-87.592459,"Illinois
(41.77211, -87.592459)"
Other events,2013:03:NIRC:MEG014,0,0,31621,24947,0,0,0,COOK,3/3/2013 0:00,9:00,2013,2013,"T404,","NICD,NIRC,",3,"T4,","T,",MAIN,Illinois,41.772111,-87.592459,"Illinois
(41.772111, -87.592459)"
Other impacts,2013:12:NIRC:MEG118,0,0,9000,13850,0,0,0,COOK,12/12/2013 0:00,6:20,2013,2014,"T404,","NICD,NIRC,",3,"T4,","T,",MAIN,Illinois,41.772111,-87.592459,"Illinois
(41.772111, -87.592459)"
Derailments,2012:10:WSOR:M7510012,0,0,0,10850,0,0,0,MILWAUKEE,10/23/2012 0:00,13:05,2012,2013,"H402,","WSOR,",NA,"H4,","H,",MAIN,Wisconsin,43.0811,-87.5918,"Wisconsin
(43.0811, -87.5918)"
Other events,2015:07:NIRC:MEI083,0,0,12777,32092,0,0,0,COOK,7/25/2015 0:00,20:32,2015,2015,"M599,","NIRC,",NA,"M5,","M,",MAIN,Illinois,41.767792,-87.591538,"Illinois
(41.767792, -87.591538)"
Derailments,2015:11:XGCC:INDUSTRY,0,0,0,14000,0,0,0,GIBSON,11/18/2015 0:00,12:47,2015,2016,"M101,","NS,",1,"M1,","M,",INDUSTRY,Indiana,38.36281,-87.591403,"Indiana
(38.36281, -87.591403)"
Derailments,2013:06:CRL:CRL130219,0,0,50000,39600,65,6,0,COOK,6/2/2013 0:00,3:45,2013,2013,"T220,","CRL,",1,"T2,","T,",MAIN,Illinois,41.723139,-87.589176,"Illinois
(41.723139, -87.589176)"