AccidentType,inckey,Fatalities,Injuries,TrackDamage,EquipmentDamage,HazmatCars,HazmatCarsDerailed,HazmatCarsReleasing,County,DisplayDate,DisplayTime,calendar,Fiscal,AccidentCause,RailroadCodes,RAILEQUIPMENT_TYPE,CauseGroup,CauseDiscipline,TYPE_OF_TRACK,StateName,latitude,longitude,GeoLocation
Derailments,2015:07:SCIH:2,0,0,65072,1610,0,0,0,COOK,7/19/2015 0:00,24:35:00,2015,2015,"T207,T202,","NS,SCIH,",7,"T2,","T,",MAIN,Illinois,41.723163,-87.584884,"Illinois
(41.723163, -87.584884)"
Highway-rail impact,2012:12:NIRC:MEF100,0,1,2000,40000,0,0,0,COOK,12/10/2012 0:00,17:36,2012,2013,"M308,","NIRC,",NA,"M3,","M,",MAIN,Illinois,41.766038,-87.584751,"Illinois
(41.766038, -87.584751)"
Derailments,2012:01:WSOR:D750512,0,0,10535,2415,0,0,0,MILWAUKEE,1/17/2012 0:00,19:00,2012,2012,"T220,","WSOR,",1,"T2,","T,",MAIN,Wisconsin,43.023099,-87.580188,"Wisconsin
(43.023099, -87.580188)"
Highway-rail impact,2015:03:NS:114625,0,2,39001,11239,0,0,0,TUSCALOOSA,3/2/2015 0:00,11:58,2015,2015,"M302,","NS,",1,"M3,","M,",MAIN,Alabama,33.138536,-87.573351,"Alabama
(33.138536, -87.573351)"
Derailments,2013:04:CRL:CRL130129,0,0,44718,186634,4,4,0,COOK,4/7/2013 0:00,15:52,2013,2013,"T319,","CRL,",1,"T3,","T,",YARD,Illinois,41.723251,-87.573054,"Illinois
(41.723251, -87.573054)"
Derailments,2015:05:CRL:CRL151092,0,0,35000,50000,0,0,0,COOK,5/21/2015 0:00,1:20,2015,2015,"H704,","CRL,",1,"H7,","H,",YARD,Illinois,41.723252,-87.572859,"Illinois
(41.723252, -87.572859)"
Derailments,2012:11:BRC:13105,0,0,15000,188000,0,0,0,COOK,11/28/2012 0:00,23:15,2012,2013,"T210,","BRC,CRL,",1,"T2,","T,",YARD,Illinois,41.704062,-87.572021,"Illinois
(41.704062, -87.572021)"
Derailments,2014:09:WSOR:D755614,0,0,5000,57857,0,0,0,MILWAUKEE,9/2/2014 0:00,2:56,2014,2014,"T314,","WSOR,",1,"T3,","T,",YARD,Wisconsin,43.052222,-87.571314,"Wisconsin
(43.052222, -87.571314)"
Derailments,2012:07:NS:100476,0,0,161420,39350,0,0,0,GIBSON,7/10/2012 0:00,23:10,2012,2012,"E85C,","NS,",1,"E8,","E,",MAIN,Indiana,38.351555,-87.570532,"Indiana
(38.351555, -87.570532)"
Derailments,2011:07:CSX:000091392,0,0,200000,819200,0,0,0,HENDERSON,7/5/2011 0:00,15:53,2011,2011,"T299,","CSX,",1,"T2,","T,",MAIN,Kentucky,37.7439,-87.569201,"Kentucky
(37.7439, -87.569201)"
Highway-rail impact,2015:06:NIRC:MEI044,0,2,28009,75955,0,0,0,COOK,6/12/2015 0:00,13:30,2015,2015,"M308,","NIRC,",NA,"M3,","M,",MAIN,Illinois,41.764446,-87.564926,"Illinois
(41.764446, -87.564926)"
Derailments,2011:08:NS:096125,0,0,9954,3270,0,0,0,COOK,8/29/2011 0:00,4:20,2011,2011,"H702,","NS,",7,"H7,","H,",YARD,Illinois,41.695406,-87.564408,"Illinois
(41.695406, -87.564408)"
Derailments,2011:10:NS:096509,0,0,1500,36000,0,0,0,COOK,10/2/2011 0:00,2:33,2011,2012,"E06C,","NS,",7,"E0,","E,",YARD,Illinois,41.695406,-87.564408,"Illinois
(41.695406, -87.564408)"
Other impacts,2012:07:IC:753352,0,1,125,46100,4,0,0,COOK,7/28/2012 0:00,6:50,2012,2012,"H307,H302,","IC,NS,",61,"H3,","H,",YARD,Illinois,41.695406,-87.564408,"Illinois
(41.695406, -87.564408)"
Derailments,2013:05:NS:104740,0,0,69000,26500,0,0,0,COOK,5/21/2013 0:00,16:10,2013,2013,"M405,","NS,",7,"M4,","M,",YARD,Illinois,41.695406,-87.564408,"Illinois
(41.695406, -87.564408)"
Raking collision,2013:07:NS:105681,0,0,0,45300,0,0,0,COOK,7/25/2013 0:00,18:20,2013,2013,"H302,","NS,",7,"H3,","H,",YARD,Illinois,41.695406,-87.564408,"Illinois
(41.695406, -87.564408)"
Other impacts,2014:01:NS:108495,0,0,0,144650,0,0,0,COOK,1/9/2014 0:00,13:50,2014,2014,"H306,","NS,",47,"H3,","H,",YARD,Illinois,41.694381,-87.564355,"Illinois
(41.694381, -87.564355)"
Derailments,2015:03:NS:114884,0,0,49782,864,0,0,0,COOK,3/18/2015 0:00,13:50,2015,2015,"T210,","NS,",1,"T2,","T,",YARD,Illinois,41.694381,-87.564355,"Illinois
(41.694381, -87.564355)"
Derailments,2014:12:NS:113596,0,0,15533,500,0,0,0,COOK,12/28/2014 0:00,12:30,2014,2015,"T110,","NS,",1,"T1,","T,",YARD,Illinois,41.681038,-87.564242,"Illinois
(41.681038, -87.564242)"
Other events,2016:07:NICD:N1600018,0,0,8378,67605,0,0,0,COOK,7/28/2016 0:00,14:59,2016,2016,"M199,","NICD,",2,"M1,","M,",MAIN,Illinois,41.658223,-87.560496,"Illinois
(41.658223, -87.560496)"
Derailments,2011:08:NS:095851,0,0,0,14146,0,0,0,GIBSON,8/8/2011 0:00,22:00,2011,2011,"T221,","NS,",1,"T2,","T,",YARD,Indiana,38.342164,-87.559289,"Indiana
(38.342164, -87.559289)"
Derailments,2015:11:NS:118318,0,0,8000,27300,0,0,0,TUSCALOOSA,11/22/2015 0:00,15:30,2015,2016,"H702,","NS,",1,"H7,","H,",YARD,Alabama,33.195188,-87.559139,"Alabama
(33.195188, -87.559139)"
Derailments,2012:06:CRL:CRLCS12016,0,0,24500,10000,0,0,0,COOK,6/9/2012 0:00,7:00,2012,2012,"T314,","CRL,",1,"T3,","T,",YARD,Illinois,41.70226,-87.558352,"Illinois
(41.70226, -87.558352)"
Derailments,2011:06:CRL:CRLCS11020,0,0,4497,14700,0,0,0,COOK,6/19/2011 0:00,13:30,2011,2011,"T311,","CRL,",1,"T3,","T,",YARD,Illinois,41.682143,-87.558171,"Illinois
(41.682143, -87.558171)"
Derailments,2011:06:CRL:CRLCS11023,0,0,3750,10830,0,0,0,COOK,6/23/2011 0:00,20:00,2011,2011,"T311,","CRL,",1,"T3,","T,",YARD,Illinois,41.682245,-87.558144,"Illinois
(41.682245, -87.558144)"
Derailments,2016:07:AGR:AGR913616,0,0,0,143311,0,0,0,WILCOX,7/25/2016 0:00,21:30,2016,2016,"M599,H525,","AGR,NS,",1,"M5,H5,","M,H,",MAIN,Alabama,32.037852,-87.558033,"Alabama
(32.037852, -87.558033)"
Derailments,2013:09:CRL:CRL130400,0,0,7500,370000,0,0,0,COOK,9/25/2013 0:00,8:30,2013,2013,"T220,","CRL,",1,"T2,","T,",YARD,Illinois,41.681538,-87.557816,"Illinois
(41.681538, -87.557816)"
Derailments,2013:12:NS:108324,0,0,0,21600,0,0,0,TUSCALOOSA,12/27/2013 0:00,18:30,2013,2014,"H702,","NS,",1,"H7,","H,",YARD,Alabama,33.197369,-87.55717,"Alabama
(33.197369, -87.55717)"
Derailments,2012:07:NS:100520,0,0,500,30000,0,0,0,TUSCALOOSA,7/15/2012 0:00,11:35,2012,2012,"T311,","NS,",1,"T3,","T,",YARD,Alabama,33.198396,-87.555882,"Alabama
(33.198396, -87.555882)"
Derailments,2013:07:NS:105411,0,0,1800,9600,0,0,0,COOK,7/7/2013 0:00,17:41,2013,2013,"H210,","NS,",7,"H2,","H,",YARD,Illinois,41.654599,-87.554747,"Illinois
(41.654599, -87.554747)"
Derailments,2012:11:CRL:CRLCS12032,0,0,0,135000,0,0,0,COOK,11/9/2012 0:00,21:10,2012,2013,"E4BC,","CRL,",1,"E4,","E,",YARD,Illinois,41.723582,-87.55206,"Illinois
(41.723582, -87.55206)"
Other events,2015:07:NIRC:MEI082,0,0,3340,20142,0,0,0,COOK,7/27/2015 0:00,7:03,2015,2015,"T404,","NIRC,",NA,"T4,","T,",MAIN,Illinois,41.745364,-87.551559,"Illinois
(41.745364, -87.551559)"
Derailments,2014:07:BRC:13402,0,0,27840,33071,3,3,0,COOK,7/2/2014 0:00,11:10,2014,2014,"T212,","BRC,",1,"T2,","T,",MAIN,Illinois,41.713392,-87.550938,"Illinois
(41.713392, -87.550938)"
Other impacts,2015:10:NS:117740,0,0,800,23575,0,0,0,COOK,10/11/2015 0:00,18:30,2015,2016,"H307,","NS,",71,"H3,","H,",YARD,Illinois,41.722569,-87.547237,"Illinois
(41.722569, -87.547237)"
Derailments,2013:11:LSI:59733,0,0,7096,9802,0,0,0,MARQUETTE,11/12/2013 0:00,20:00,2013,2014,"T314,","LSI,",1,"T3,","T,",YARD,Michigan,45.51318,-87.542525,"Michigan
(45.51318, -87.542525)"
Derailments,2011:06:WC:710908,0,0,64291,119132,5,0,0,MENOMINEE,6/4/2011 0:00,13:45,2011,2011,"M507,","WC,",1,"M5,","M,",MAIN,Michigan,45.633,-87.542,"Michigan
(45.633, -87.542)"
Derailments,2015:01:ABS:D660515,0,0,30000,191644,48,4,0,PICKENS,1/26/2015 0:00,7:30,2015,2015,"T221,","ABS,",1,"T2,","T,",MAIN,Alabama,33.316571,-87.541332,"Alabama
(33.316571, -87.541332)"
Derailments,2012:10:CSX:000109696,0,0,100,91230,0,0,0,VANDERBURGH,10/30/2012 0:00,9:50,2012,2013,"T220,","CSX,",7,"T2,","T,",YARD,Indiana,38.011771,-87.539675,"Indiana
(38.011771, -87.539675)"
Derailments,2014:02:SCIH:01,0,0,112780,13000,0,0,0,COOK,2/18/2014 0:00,17:10,2014,2014,"T110,","NS,SCIH,",1,"T1,","T,",YARD,Illinois,41.712435,-87.533377,"Illinois
(41.712435, -87.533377)"
Highway-rail impact,2015:07:CSX:000149180,0,0,87000,847,0,0,0,WEBSTER,7/14/2015 0:00,15:38,2015,2015,"M399,","CSX,",1,"M3,","M,",MAIN,Kentucky,37.600363,-87.532717,"Kentucky
(37.600363, -87.532717)"
Derailments,2013:06:PAL:2013JUN3D,0,0,41340,359494,0,0,0,HOPKINS,6/26/2013 0:00,23:00,2013,2013,"T207,T220,","CSX,PAL,",1,"T2,","T,",INDUSTRY,Kentucky,37.346232,-87.532397,"Kentucky
(37.346232, -87.532397)"
Derailments,2013:07:LSI:58360,0,0,12653,8686,0,0,0,MARQUETTE,7/5/2013 0:00,19:00,2013,2013,"T314,","LSI,",8,"T3,","T,",YARD,Michigan,46.510605,-87.528607,"Michigan
(46.510605, -87.528607)"
Derailments,2011:11:LSI:25672,0,0,10195,104,0,0,0,MARQUETTE,11/3/2011 0:00,8:30,2011,2012,"T314,","LSI,",1,"T3,","T,",YARD,Michigan,46.507778,-87.528214,"Michigan
(46.507778, -87.528214)"
Raking collision,2013:04:IHB:1811,0,0,0,70260,0,0,0,COOK,4/10/2013 0:00,23:30,2013,2013,"H318,","IHB,",7,"H3,","H,",YARD,Illinois,41.637527,-87.52647,"Illinois
(41.637527, -87.52647)"
Derailments,2012:08:CSX:000106624,0,0,106000,580980,10,4,0,KNOX,8/2/2012 0:00,1:05,2012,2012,"T207,","CSX,",1,"T2,","T,",SIDING,Indiana,38.523378,-87.526082,"Indiana
(38.523378, -87.526082)"
Derailments,2011:10:IHB:1601,0,0,18303,2460,0,0,0,COOK,10/30/2011 0:00,20:00,2011,2012,"H703,","IHB,",7,"H7,","H,",YARD,Illinois,41.646349,-87.52534,"Illinois
(41.646349, -87.52534)"
Derailments,2014:08:IHB:2006,0,0,14509,1434,7,0,0,COOK,8/30/2014 0:00,9:00,2014,2014,"T210,","IHB,",1,"T2,","T,",YARD,Illinois,41.645939,-87.525319,"Illinois
(41.645939, -87.525319)"
Derailments,2013:11:CSX:000122925,0,0,0,22753,0,0,0,VERMILLION,11/17/2013 0:00,14:24,2013,2014,"M102,","CSX,",1,"M1,","M,",MAIN,Indiana,40.103342,-87.523981,"Indiana
(40.103342, -87.523981)"
Other events,2013:02:TOYZ:INDUSTRY,0,0,10000,11400,0,0,0,GIBSON,2/25/2013 0:00,11:55,2013,2013,"H702,","NS,",1,"H7,","H,",INDUSTRY,Indiana,38.335005,-87.52368,"Indiana
(38.335005, -87.52368)"
Derailments,2012:11:MNBR:MNB279512,0,0,80000,165000,0,0,0,MARENGO,11/17/2012 0:00,4:00,2012,2013,"T220,","MNBR,",1,"T2,","T,",MAIN,Alabama,32.264609,-87.519016,"Alabama
(32.264609, -87.519016)"
Derailments,2012:09:AGR:AGR120432,0,0,15000,30000,0,0,0,ESCAMBIA,9/6/2012 0:00,15:50,2012,2012,"T313,","AGR,",1,"T3,","T,",INDUSTRY,Florida,30.868193,-87.506318,"Florida
(30.868193, -87.506318)"
Derailments,2014:05:IHB:1968,0,0,5817,7297,0,0,0,LAKE,5/14/2014 0:00,16:05,2014,2014,"H702,","IHB,",7,"H7,","H,",YARD,Indiana,41.613333,-87.500704,"Indiana
(41.613333, -87.500704)"
Raking collision,2011:06:IHB:1530,0,0,127,53130,0,0,0,LAKE,6/23/2011 0:00,12:45,2011,2011,"H702,","IHB,",7,"H7,","H,",YARD,Indiana,41.612703,-87.499615,"Indiana
(41.612703, -87.499615)"
Side collision,2015:05:IHB:2105,0,0,0,33403,0,0,0,LAKE,5/29/2015 0:00,8:58,2015,2015,"H305,H306,","IHB,",7,"H3,","H,",YARD,Indiana,41.612787,-87.499555,"Indiana
(41.612787, -87.499555)"
Side collision,2015:08:IHB:2126,0,0,5726,213444,0,0,0,LAKE,8/5/2015 0:00,9:08,2015,2015,"H306,","IHB,",77,"H3,","H,",YARD,Indiana,41.611977,-87.499147,"Indiana
(41.611977, -87.499147)"
Derailments,2012:05:IHB:1700,0,0,4878,12656,0,0,0,LAKE,5/28/2012 0:00,8:40,2012,2012,"H703,","GTW,IHB,",18,"H7,","H,",YARD,Indiana,41.612009,-87.498998,"Indiana
(41.612009, -87.498998)"
Other impacts,2015:09:IHB:2142,0,0,0,26041,0,0,0,LAKE,9/6/2015 0:00,4:00,2015,2015,"H302,","IHB,",7,"H3,","H,",YARD,Indiana,41.612181,-87.498636,"Indiana
(41.612181, -87.498636)"
Other events,2014:12:IHB:2046,0,0,0,49159,0,0,0,LAKE,12/18/2014 0:00,1:30,2014,2015,"M507,","IHB,",6,"M5,","M,",YARD,Indiana,41.612363,-87.498521,"Indiana
(41.612363, -87.498521)"
Side collision,2015:10:IHB:2153,0,0,1313,36588,0,0,0,LAKE,10/11/2015 0:00,1:30,2015,2016,"H702,","IHB,",7,"H7,","H,",MAIN,Indiana,41.61146,-87.497606,"Indiana
(41.61146, -87.497606)"
Derailments,2014:06:IHB:1975,0,0,11641,26350,0,0,0,LAKE,6/8/2014 0:00,4:30,2014,2014,"E30C,","IHB,",7,"E3,","E,",YARD,Indiana,41.608,-87.497,"Indiana
(41.608, -87.497)"
Derailments,2014:10:CSX:000136827,0,0,1000,80177,0,0,0,HOPKINS,10/28/2014 0:00,6:55,2014,2015,"T311,","CSX,",1,"T3,","T,",YARD,Kentucky,37.348835,-87.49427,"Kentucky
(37.348835, -87.49427)"
Other events,2013:02:CSX:000113291,0,0,4550,7765,0,0,0,CHRISTIAN,2/24/2013 0:00,6:20,2013,2013,"E44C,","CSX,",1,"E4,","E,",MAIN,Kentucky,36.929472,-87.489192,"Kentucky
(36.929472, -87.489192)"
Derailments,2011:10:CSX:000096078,0,0,100,12519,0,0,0,HOPKINS,10/27/2011 0:00,12:40,2011,2012,"H702,","CSX,",7,"H7,","H,",YARD,Kentucky,37.340992,-87.489174,"Kentucky
(37.340992, -87.489174)"
Derailments,2013:05:CSX:000116748,0,0,500,65859,0,0,0,HOPKINS,5/30/2013 0:00,10:35,2013,2013,"T310,","CSX,",1,"T3,","T,",YARD,Kentucky,37.340992,-87.489174,"Kentucky
(37.340992, -87.489174)"
Derailments,2013:09:CSX:000120956,0,0,1000,117764,0,0,0,HOPKINS,9/26/2013 0:00,5:37,2013,2013,"T202,","CSX,",1,"T2,","T,",YARD,Kentucky,37.340992,-87.489174,"Kentucky
(37.340992, -87.489174)"
Other impacts,2011:09:IHB:1592,0,0,0,10600,0,0,0,LAKE,9/27/2011 0:00,1:30,2011,2011,"H021,","IHB,",56,"H0,","H,",YARD,Indiana,41.607205,-87.484052,"Indiana
(41.607205, -87.484052)"
Derailments,2015:02:CSX:000141127,0,0,31490,53000,0,0,0,HOPKINS,2/6/2015 0:00,18:50,2015,2015,"T207,","CSX,PAL,",1,"T2,","T,",YARD,Kentucky,37.332546,-87.483923,"Kentucky
(37.332546, -87.483923)"
Raking collision,2012:12:IHB:1764,0,1,13926,23012,0,0,0,LAKE,12/2/2012 0:00,18:30,2012,2013,"S013,","IHB,",1,"S0,","S,",YARD,Indiana,41.606526,-87.480623,"Indiana
(41.606526, -87.480623)"
Side collision,2014:08:IHB:1999,0,0,0,13822,0,0,0,LAKE,8/3/2014 0:00,10:20,2014,2014,"H306,","IHB,",7,"H3,","H,",YARD,Indiana,41.606363,-87.479764,"Indiana
(41.606363, -87.479764)"
Other events,2011:10:IHB:1587,0,0,15832,6601,0,0,0,LAKE,10/9/2011 0:00,13:15,2011,2012,"H306,","IHB,",7,"H3,","H,",YARD,Indiana,41.606218,-87.478695,"Indiana
(41.606218, -87.478695)"
Rear end collision,2016:02:IHB:2181,0,1,0,25890,0,0,0,LAKE,2/8/2016 0:00,12:10,2016,2016,"H607,","IHB,",8,"H6,","H,",YARD,Indiana,41.60563,-87.477071,"Indiana
(41.60563, -87.477071)"
Derailments,2016:08:BRC:13762,0,0,3685,0,0,0,0,COOK,8/18/2016 0:00,20:20,2016,2016,"H702,","BRC,",NA,"H7,","H,",YARD,Illinois,41.4558,-87.476,"Illinois
(41.4558, -87.476)"
Side collision,2016:03:IHB:2192,0,0,0,46108,0,0,0,LAKE,3/11/2016 0:00,1:15,2016,2016,"H306,","IHB,",7,"H3,","H,",YARD,Indiana,41.603968,-87.471447,"Indiana
(41.603968, -87.471447)"
Derailments,2013:03:CSX:000113997,0,0,7000,342369,29,0,0,HOPKINS,3/16/2013 0:00,16:32,2013,2013,"E41C,","CSX,",1,"E4,","E,",MAIN,Kentucky,37.179955,-87.463147,"Kentucky
(37.179955, -87.463147)"
Side collision,2013:01:DPOZ:INDUSTRY,0,0,0,11821,0,0,0,VERMILLION,1/13/2013 0:00,4:00,2013,2013,"H302,","CSX,",51,"H3,","H,",INDUSTRY,Indiana,39.950646,-87.463019,"Indiana
(39.950646, -87.463019)"
Other impacts,2015:06:IHB:2114,0,0,0,48238,0,0,0,LAKE,6/25/2015 0:00,17:00,2015,2015,"H018,","IHB,",7,"H0,","H,",YARD,Indiana,41.632617,-87.460031,"Indiana
(41.632617, -87.460031)"
Derailments,2016:04:IHB:2203,0,0,8325,4092,0,0,0,LAKE,4/7/2016 0:00,6:32,2016,2016,"T314,","IHB,",1,"T3,","T,",SIDING,Indiana,41.633365,-87.459299,"Indiana
(41.633365, -87.459299)"
Other impacts,2016:04:IHB:2209,0,0,0,13476,7,1,0,LAKE,4/29/2016 0:00,11:36,2016,2016,"H018,","IHB,",7,"H0,","H,",YARD,Indiana,41.644067,-87.459182,"Indiana
(41.644067, -87.459182)"
Derailments,2015:06:IHB:2109,0,0,8870,14182,1,1,0,LAKE,6/8/2015 0:00,10:45,2015,2015,"H312,","IHB,",7,"H3,","H,",MAIN,Indiana,41.639328,-87.458843,"Indiana
(41.639328, -87.458843)"
Side collision,2015:12:IHB:2165,0,0,2323,538542,0,0,0,LAKE,12/10/2015 0:00,17:00,2015,2016,"H318,","IHB,",7,"H3,","H,",YARD,Indiana,41.632777,-87.457777,"Indiana
(41.632777, -87.457777)"
Derailments,2015:05:IHB:2098,0,0,7056,16323,0,0,0,LAKE,5/3/2015 0:00,24:45:00,2015,2015,"T205,","IHB,",1,"T2,","T,",YARD,Indiana,41.698294,-87.45758,"Indiana
(41.698294, -87.45758)"
Derailments,2012:01:BRC:12918,0,0,3500,9701,0,0,0,COOK,1/7/2012 0:00,20:30,2012,2012,"T202,","BRC,",7,"T2,","T,",YARD,Illinois,41.460324,-87.454888,"Illinois
(41.460324, -87.454888)"
Other events,2012:11:NICD:N1200022,0,1,17695,72000,0,0,0,LAKE,11/14/2012 0:00,16:05,2012,2013,"H699,","NICD,",3,"H6,","H,",MAIN,Indiana,41.610533,-87.454835,"Indiana
(41.610533, -87.454835)"
Derailments,2014:11:IHB:2032,0,0,6636,4109,0,0,0,LAKE,11/24/2014 0:00,6:30,2014,2015,"H522,","IHB,",1,"H5,","H,",YARD,Indiana,41.693202,-87.454764,"Indiana
(41.693202, -87.454764)"
Derailments,2016:06:BRC:13741,0,0,895,19398,0,0,0,COOK,6/13/2016 0:00,8:30,2016,2016,"M411,","BRC,",6,"M4,","M,",YARD,Illinois,41.46029,-87.45473,"Illinois
(41.46029, -87.45473)"
Highway-rail impact,2011:11:CSX:000097607,0,1,26400,0,0,0,0,LAKE,11/12/2011 0:00,24:45:00,2011,2012,"M308,","CSX,",1,"M3,","M,",MAIN,Indiana,41.630476,-87.45419,"Indiana
(41.630476, -87.45419)"
Other impacts,2011:06:BRC:12802,0,0,0,16074,0,0,0,COOK,6/16/2011 0:00,16:15,2011,2011,"E09C,","BRC,",1,"E0,","E,",MAIN,Illinois,41.461,-87.4526,"Illinois
(41.461, -87.4526)"
Derailments,2012:01:BRC:12935,0,0,910,20078,0,0,0,COOK,1/31/2012 0:00,10:45,2012,2012,"S016,","BRC,",6,"S0,","S,",YARD,Illinois,41.460287,-87.451554,"Illinois
(41.460287, -87.451554)"
Other impacts,2015:02:BRC:13524,0,0,0,13541,0,0,0,COOK,2/17/2015 0:00,9:10,2015,2015,"T305,","BRC,",6,"T3,","T,",YARD,Illinois,41.46031,-87.44913,"Illinois
(41.46031, -87.44913)"
Derailments,2011:12:BRC:12903,0,0,210,23313,0,0,0,COOK,12/2/2011 0:00,14:53,2011,2012,"E06C,","BRC,",6,"E0,","E,",YARD,Illinois,41.4553,-87.4447,"Illinois
(41.4553, -87.4447)"
Derailments,2012:01:BRC:12929,0,0,88000,30618,0,0,0,COOK,1/19/2012 0:00,6:50,2012,2012,"H702,","BRC,",7,"H7,","H,",YARD,Illinois,41.260595,-87.44438,"Illinois
(41.260595, -87.44438)"
Raking collision,2011:08:BRC:12834,0,0,50000,0,0,0,0,COOK,8/11/2011 0:00,1:42,2011,2011,"M299,","BRC,SOO,",1,"M2,","M,",MAIN,Illinois,41.5325,-87.44267,"Illinois
(41.5325, -87.44267)"
Derailments,2013:11:IHB:1885,0,0,57760,17825,0,0,0,LAKE,11/5/2013 0:00,14:11,2013,2014,"E4BC,","IHB,",1,"E4,","E,",YARD,Indiana,41.65168,-87.439271,"Indiana
(41.65168, -87.439271)"
Other events,2016:01:IHB:2170,0,0,885,64502,0,0,0,LAKE,1/17/2016 0:00,18:30,2016,2016,"H702,","IHB,",7,"H7,","H,",YARD,Indiana,41.651438,-87.438889,"Indiana
(41.651438, -87.438889)"
Derailments,2014:02:IHB:1934,0,0,1424,15379,0,0,0,LAKE,2/1/2014 0:00,5:20,2014,2014,"H703,","IHB,",1,"H7,","H,",YARD,Indiana,41.65079,-87.437621,"Indiana
(41.65079, -87.437621)"
Derailments,2013:01:TSRR:ID130002,0,0,10000,175000,0,0,0,LAWRENCE,1/4/2013 0:00,19:45,2013,2013,"T221,","TSRR,",1,"T2,","T,",MAIN,Tennessee,35.066666,-87.433333,"Tennessee
(35.066666, -87.433333)"
Side collision,2013:02:WC:770231,0,0,1250,29162,0,0,0,LAKE,2/8/2013 0:00,20:30,2013,2013,"M504,","WC,",6,"M5,","M,",INDUSTRY,Indiana,41.666964,-87.425923,"Indiana
(41.666964, -87.425923)"
Derailments,2013:02:WC:769764,0,0,5103,17045,28,2,0,LAKE,2/3/2013 0:00,3:10,2013,2013,"E59C,","WC,",1,"E5,","E,",MAIN,Indiana,41.568928,-87.422575,"Indiana
(41.568928, -87.422575)"
Derailments,2014:11:NS:113041,0,2,178590,615550,51,0,0,WILCOX,11/16/2014 0:00,21:20,2014,2015,"T319,","NS,",1,"T3,","T,",MAIN,Alabama,32.229229,-87.411068,"Alabama
(32.229229, -87.411068)"
Derailments,2014:01:UP:0114PR027,0,0,4000,24102,0,0,0,COOK,1/21/2014 0:00,23:27,2014,2014,"H703,","UP,",1,"H7,","H,",YARD,Illinois,41.513849,-87.40998,"Illinois
(41.513849, -87.40998)"
Derailments,2014:02:TPW:TPW521014D,0,0,1000000,500000,0,0,0,NEWTON,2/21/2014 0:00,11:35,2014,2014,"T401,","TPW,",1,"T4,","T,",MAIN,Indiana,40.766567,-87.408857,"Indiana
(40.766567, -87.408857)"
Other events,2013:10:WC:794074,0,0,20059,0,0,0,0,LAKE,10/8/2013 0:00,7:15,2013,2014,"H997,M599,","WC,",9,"H9,M5,","H,M,",MAIN,Indiana,41.629096,-87.407278,"Indiana
(41.629096, -87.407278)"
Derailments,2015:04:LSI:64456,0,0,37173,8771,0,0,0,MARQUETTE,4/27/2015 0:00,1:00,2015,2015,"E61C,","LSI,",1,"E6,","E,",YARD,Michigan,46.582138,-87.406368,"Michigan
(46.582138, -87.406368)"
Derailments,2012:11:LSI:27706,0,0,42211,33083,0,0,0,MARQUETTE,11/29/2012 0:00,16:55,2012,2013,"T110,","LSI,",1,"T1,","T,",YARD,Michigan,46.582473,-87.404284,"Michigan
(46.582473, -87.404284)"
Derailments,2015:07:LSI:64786,0,0,62869,65028,0,0,0,MARQUETTE,7/18/2015 0:00,13:35,2015,2015,"M507,","LSI,",1,"M5,","M,",YARD,Michigan,46.582689,-87.403908,"Michigan
(46.582689, -87.403908)"
Derailments,2013:03:CSX:000114091,0,0,50000,137132,11,0,0,SULLIVAN,3/20/2013 0:00,21:50,2013,2013,"E61C,","CSX,",1,"E6,","E,",MAIN,Indiana,39.093281,-87.399927,"Indiana
(39.093281, -87.399927)"
Other events,2015:06:NIRC:MEI065,0,0,8213,7701,0,0,0,COOK,6/4/2015 0:00,6:39,2015,2015,"M599,","NIRC,",NA,"M5,","M,",MAIN,Illinois,41.341695,-87.394822,"Illinois
(41.341695, -87.394822)"
Other impacts,2015:06:WC:856683,0,0,6950,129804,31,2,0,LAKE,6/25/2015 0:00,17:20,2015,2015,"H310,","WC,",7,"H3,","H,",YARD,Indiana,41.62645,-87.39405,"Indiana
(41.62645, -87.39405)"
Derailments,2014:03:INRD:644181,0,0,20000,3000,0,0,0,VIGO,3/20/2014 0:00,10:10,2014,2014,"T101,T110,","INRD,",1,"T1,","T,",SIDING,Indiana,39.42187,-87.390873,"Indiana
(39.42187, -87.390873)"
Derailments,2013:10:CSX:000121354,0,0,500,27871,78,0,0,VERMILLION,10/4/2013 0:00,13:38,2013,2014,"E46L,","CSX,",1,"E4,","E,",MAIN,Indiana,39.776936,-87.390256,"Indiana
(39.776936, -87.390256)"
Derailments,2015:01:GRW:05,0,0,18360,0,0,0,0,LAKE,1/9/2015 0:00,11:55,2015,2015,"T311,","GRW,",7,"T3,","T,",INDUSTRY,Indiana,41.61487,-87.389524,"Indiana
(41.61487, -87.389524)"
Highway-rail impact,2015:01:CSX:000139619,0,3,100,21977,0,0,0,SULLIVAN,1/6/2015 0:00,11:59,2015,2015,"M308,M304,","CSX,",1,"M3,","M,",MAIN,Indiana,39.202946,-87.387134,"Indiana
(39.202946, -87.387134)"
Derailments,2013:07:LSI:58369,0,0,43934,701,0,0,0,MARQUETTE,7/6/2013 0:00,20:00,2013,2013,"T109,T111,","LSI,",7,"T1,","T,",YARD,Michigan,46.57854,-87.387043,"Michigan
(46.57854, -87.387043)"
Derailments,2015:03:WC:844977,0,0,47976,6520,26,0,0,LAKE,3/27/2015 0:00,24:30:00,2015,2015,"H704,","WC,",1,"H7,","H,",YARD,Indiana,41.624473,-87.385962,"Indiana
(41.624473, -87.385962)"