AccidentType,inckey,Fatalities,Injuries,TrackDamage,EquipmentDamage,HazmatCars,HazmatCarsDerailed,HazmatCarsReleasing,County,DisplayDate,DisplayTime,calendar,Fiscal,AccidentCause,RailroadCodes,RAILEQUIPMENT_TYPE,CauseGroup,CauseDiscipline,TYPE_OF_TRACK,StateName,latitude,longitude,GeoLocation
Derailments,2016:02:XKNA:INDUSTRY,0,0,9156,11000,0,0,0,LAKE,2/27/2016 0:00,1:30,2016,2016,"T110,","IHB,",1,"T1,","T,",INDUSTRY,Indiana,41.595218,-87.385875,"Indiana
(41.595218, -87.385875)"
Other events,2015:01:WC:837298,0,0,19148,0,0,0,0,LAKE,1/9/2015 0:00,19:00,2015,2015,"H702,","NS,WC,",1,"H7,","H,",YARD,Indiana,41.6234,-87.384921,"Indiana
(41.6234, -87.384921)"
Broken train collision,2015:06:WC:855539,0,0,1797,19677,20,0,0,LAKE,6/16/2015 0:00,24:01:00,2015,2015,"H503,E30C,","WC,",7,"H5,E3,","H,E,",YARD,Indiana,41.6226,-87.383265,"Indiana
(41.6226, -87.383265)"
Other impacts,2014:02:WC:807988,0,0,100,24506,1,1,0,LAKE,2/1/2014 0:00,8:56,2014,2014,"H399,","WC,",7,"H3,","H,",YARD,Indiana,41.622643,-87.382379,"Indiana
(41.622643, -87.382379)"
Derailments,2012:12:EJE:765248,0,0,29894,4040,20,0,0,LAKE,12/7/2012 0:00,5:16,2012,2013,"H312,","EJE,",7,"H3,","H,",YARD,Indiana,41.621346,-87.381992,"Indiana
(41.621346, -87.381992)"
Derailments,2016:01:WC:876033,0,0,11039,25000,0,0,0,LAKE,1/7/2016 0:00,3:40,2016,2016,"H702,H704,","CSX,WC,",1,"H7,","H,",YARD,Indiana,41.621764,-87.377271,"Indiana
(41.621764, -87.377271)"
Derailments,2015:05:NIRC:MEI045,0,0,6683,77485,0,0,0,COOK,5/20/2015 0:00,12:52,2015,2015,"T101,","NIRC,",NA,"T1,","T,",MAIN,Illinois,41.521086,-87.371926,"Illinois
(41.521086, -87.371926)"
Other impacts,2014:12:WC:835361,0,0,75,32563,42,1,0,LAKE,12/15/2014 0:00,14:40,2014,2015,"M599,","WC,",67,"M5,","M,",YARD,Indiana,41.619541,-87.371762,"Indiana
(41.619541, -87.371762)"
Derailments,2012:12:EJE:765576,0,0,13100,3000,0,0,0,LAKE,12/11/2012 0:00,9:15,2012,2013,"S016,","EJE,",7,"S0,","S,",YARD,Indiana,41.618009,-87.371521,"Indiana
(41.618009, -87.371521)"
Other impacts,2014:06:WC:816468,0,0,3065,14051,5,0,0,LAKE,6/12/2014 0:00,24:15:00,2014,2014,"H601,H307,","WC,",7,"H6,H3,","H,",YARD,Indiana,41.618683,-87.371435,"Indiana
(41.618683, -87.371435)"
Other impacts,2015:04:WC:847700,0,0,250,68200,22,0,0,LAKE,4/23/2015 0:00,23:25,2015,2015,"H706,H307,","WC,",76,"H7,H3,H7,H3,","H,",YARD,Indiana,41.619279,-87.370749,"Indiana
(41.619279, -87.370749)"
Side collision,2012:07:EJE:752673,0,1,600,72400,38,1,0,LAKE,7/22/2012 0:00,18:10,2012,2012,"H599,","EJE,",71,"H5,","H,",YARD,Indiana,41.61694,-87.36833,"Indiana
(41.61694, -87.36833)"
Other impacts,2012:07:EJE:753521,0,1,250,9642,0,0,0,LAKE,7/30/2012 0:00,17:25,2012,2012,"T305,","EJE,",58,"T3,","T,",YARD,Indiana,41.616537,-87.36753,"Indiana
(41.616537, -87.36753)"
Other impacts,2016:08:WC:897238,0,1,860,54000,1,1,0,LAKE,8/9/2016 0:00,5:30,2016,2016,"S014,","WC,",75,"S0,","S,",YARD,Indiana,41.616628,-87.367189,"Indiana
(41.616628, -87.367189)"
Derailments,2012:11:CSX:000110593,0,0,14485,48100,0,0,0,LAKE,11/28/2012 0:00,2:20,2012,2013,"T317,","CSX,EJE,",7,"T3,","T,",YARD,Indiana,41.612657,-87.360609,"Indiana
(41.612657, -87.360609)"
Derailments,2012:11:EJE:764617,0,0,24360,9322,15,0,0,LAKE,11/30/2012 0:00,1:10,2012,2013,"H704,","EJE,",7,"H7,","H,",YARD,Indiana,41.612795,-87.359403,"Indiana
(41.612795, -87.359403)"
Other impacts,2012:09:EJE:759243,0,0,250,13390,1,1,0,LAKE,9/28/2012 0:00,12:41,2012,2012,"S016,","EJE,",7,"S0,","S,",YARD,Indiana,41.613545,-87.358507,"Indiana
(41.613545, -87.358507)"
Fire/violent rupture,2013:06:WC:782632,0,0,75,44700,0,0,0,LAKE,6/14/2013 0:00,20:00,2013,2013,"E74L,","WC,",8,"E7,","E,",YARD,Indiana,41.614514,-87.358236,"Indiana
(41.614514, -87.358236)"
Highway-rail impact,2013:10:CSX:000121503,1,0,0,25000,0,0,0,HENDERSON,10/9/2013 0:00,16:45,2013,2014,"M303,","CSX,",1,"M3,","M,",MAIN,Kentucky,37.853256,-87.358136,"Kentucky
(37.853256, -87.358136)"
Derailments,2015:07:MNBR:MNB730215,0,0,157000,225000,5,0,0,DALLAS,7/17/2015 0:00,11:30,2015,2015,"H525,","MNBR,",1,"H5,","H,",MAIN,Alabama,32.3185,-87.35679,"Alabama
(32.3185, -87.35679)"
Other impacts,2014:11:WC:832116,0,0,500,50910,32,4,0,LAKE,11/9/2014 0:00,7:15,2014,2015,"H310,S007,","WC,",7,"H3,S0,","H,S,",YARD,Indiana,41.612037,-87.356592,"Indiana
(41.612037, -87.356592)"
Other impacts,2012:07:EJE:752071,0,0,1589,68905,4,2,0,LAKE,7/16/2012 0:00,11:40,2012,2012,"M408,","EJE,",7,"M4,","M,",YARD,Indiana,41.612,-87.3548,"Indiana
(41.612, -87.3548)"
Derailments,2014:12:WC:835039,0,0,10348,10000,0,0,0,LAKE,12/12/2014 0:00,12:30,2014,2015,"E34C,E39C,","GRW,WC,",1,"E3,","E,",YARD,Indiana,41.612595,-87.354414,"Indiana
(41.612595, -87.354414)"
Derailments,2015:09:GRW:28,0,0,1796,22000,0,0,0,LAKE,9/3/2015 0:00,16:20,2015,2015,"M204,M201,","GRW,",7,"M2,","M,",INDUSTRY,Indiana,41.621336,-87.354393,"Indiana
(41.621336, -87.354393)"
Derailments,2014:09:GRW:47,0,0,17518,1013,0,0,0,LAKE,9/6/2014 0:00,12:34,2014,2014,"H702,H399,","GRW,",7,"H7,H3,","H,",YARD,Indiana,41.621369,-87.352661,"Indiana
(41.621369, -87.352661)"
Other impacts,2014:12:WC:834732,0,0,125,62426,3,1,0,LAKE,12/8/2014 0:00,12:48,2014,2015,"H503,E30C,","WC,",7,"H5,E3,","H,E,",YARD,Indiana,41.609258,-87.352447,"Indiana
(41.609258, -87.352447)"
Derailments,2014:03:GRW:20,0,0,17073,1584,0,0,0,LAKE,3/15/2014 0:00,10:15,2014,2014,"E59C,M599,","GRW,",7,"E5,M5,","E,M,",INDUSTRY,Indiana,41.619372,-87.352329,"Indiana
(41.619372, -87.352329)"
Derailments,2012:10:EJE:761848,0,0,400,39160,10,2,0,LAKE,10/28/2012 0:00,8:00,2012,2013,"S006,","EJE,",7,"S0,","S,",YARD,Indiana,41.611553,-87.352309,"Indiana
(41.611553, -87.352309)"
Broken train collision,2014:08:WC:822796,0,0,117510,334281,18,0,0,LAKE,8/11/2014 0:00,15:20,2014,2014,"E39C,","WC,",7,"E3,","E,",YARD,Indiana,41.609491,-87.352308,"Indiana
(41.609491, -87.352308)"
Derailments,2015:01:GRW:01,0,0,31573,10214,0,0,0,LAKE,1/2/2015 0:00,21:25,2015,2015,"H308,","GRW,",7,"H3,","H,",YARD,Indiana,41.619421,-87.352278,"Indiana
(41.619421, -87.352278)"
Other impacts,2012:05:EJE:747262,0,0,0,15574,0,0,0,LAKE,5/19/2012 0:00,6:00,2012,2012,"S007,","EJE,",7,"S0,","S,",YARD,Indiana,41.6124,-87.3522,"Indiana
(41.6124, -87.3522)"
Other impacts,2014:07:WC:820641,0,0,80,47046,0,0,0,LAKE,7/21/2014 0:00,5:33,2014,2014,"H317,","WC,",75,"H3,","H,",YARD,Indiana,41.610313,-87.352193,"Indiana
(41.610313, -87.352193)"
Derailments,2012:11:EJE:762693,0,0,2613,56500,0,0,0,LAKE,11/7/2012 0:00,12:24,2012,2013,"S006,","EJE,",7,"S0,","S,",YARD,Indiana,41.609868,-87.352101,"Indiana
(41.609868, -87.352101)"
Derailments,2014:05:GRW:36,0,0,13103,1161,0,0,0,LAKE,5/1/2014 0:00,5:55,2014,2014,"H704,","GRW,",7,"H7,","H,",INDUSTRY,Indiana,41.618097,-87.351438,"Indiana
(41.618097, -87.351438)"
Derailments,2016:03:WC:883630,0,0,100,20471,0,0,0,LAKE,3/30/2016 0:00,15:00,2016,2016,"H704,H703,","WC,",7,"H7,","H,",YARD,Indiana,41.610419,-87.351403,"Indiana
(41.610419, -87.351403)"
Other events,2015:07:NIRC:MEI079,0,0,19661,290000,0,0,0,COOK,7/25/2015 0:00,21:00,2015,2015,"H499,","NIRC,",NA,"H4,","H,",MAIN,Illinois,41.475747,-87.351242,"Illinois
(41.475747, -87.351242)"
Derailments,2015:05:WC:851526,0,0,11300,30469,0,0,0,LAKE,5/28/2015 0:00,19:20,2015,2015,"H306,H704,","WC,",7,"H3,H7,","H,",YARD,Indiana,41.609224,-87.35108,"Indiana
(41.609224, -87.35108)"
Derailments,2013:04:GRW:15F041201,0,0,0,40000,0,0,0,LAKE,4/27/2013 0:00,10:30,2013,2013,"H506,","GRW,",7,"H5,","H,",INDUSTRY,Indiana,41.620993,-87.3506,"Indiana
(41.620993, -87.3506)"
Derailments,2011:10:GRW:31F101101,0,0,689,14310,0,0,0,LAKE,10/7/2011 0:00,1:27,2011,2012,"H999,","GRW,",7,"H9,","H,",YARD,Indiana,42.62,-87.348,"Indiana
(42.62, -87.348)"
Side collision,2013:01:WC:768230,0,0,2390,45471,0,0,0,LAKE,1/15/2013 0:00,20:58,2013,2013,"H305,H306,","WC,",7,"H3,","H,",YARD,Indiana,41.593333,-87.346389,"Indiana
(41.593333, -87.346389)"
Derailments,2012:08:INRD:644144,0,0,160000,210000,0,0,0,VIGO,8/21/2012 0:00,8:45,2012,2012,"E40C,T102,","INRD,",1,"E4,T1,","E,T,",INDUSTRY,Indiana,39.29651,-87.34548,"Indiana
(39.29651, -87.34548)"
Other impacts,2013:06:WC:782443,0,0,4022,42236,3,3,0,LAKE,6/12/2013 0:00,22:10,2013,2013,"T305,","WC,",7,"T3,","T,",YARD,Indiana,41.611568,-87.342983,"Indiana
(41.611568, -87.342983)"
Derailments,2014:01:ABS:D660214,0,0,55000,60000,1,1,0,TUSCALOOSA,1/12/2014 0:00,13:44,2014,2014,"H503,","ABS,",1,"H5,","H,",YARD,Alabama,33.114908,-87.340361,"Alabama
(33.114908, -87.340361)"
Derailments,2014:12:GRW:55,0,0,16993,10888,0,0,0,LAKE,12/4/2014 0:00,2:00,2014,2015,"T311,","GRW,WC,",7,"T3,","T,",YARD,Indiana,41.609225,-87.338514,"Indiana
(41.609225, -87.338514)"
Derailments,2013:03:WC:774903,0,0,228380,880627,36,11,1,LAKE,3/30/2013 0:00,1:56,2013,2013,"H704,H210,","WC,",7,"H7,H2,","H,",YARD,Indiana,41.605977,-87.336931,"Indiana
(41.605977, -87.336931)"
Derailments,2014:07:GRW:42,0,0,6400,13825,0,0,0,LAKE,7/22/2014 0:00,2:15,2014,2014,"T314,E64L,","GRW,",8,"T3,E6,","T,E,",YARD,Indiana,41.608584,-87.334615,"Indiana
(41.608584, -87.334615)"
Derailments,2015:07:GRW:23,0,0,9220,5000,0,0,0,LAKE,7/23/2015 0:00,15:50,2015,2015,"E40C,","GRW,",7,"E4,","E,",INDUSTRY,Indiana,41.624866,-87.333857,"Indiana
(41.624866, -87.333857)"
Derailments,2015:07:GRW:24,0,0,12086,1000,0,0,0,LAKE,7/29/2015 0:00,11:00,2015,2015,"M599,","GRW,",7,"M5,","M,",INDUSTRY,Indiana,41.624866,-87.333857,"Indiana
(41.624866, -87.333857)"
Derailments,2014:04:GRW:28,0,0,4466,30000,0,0,0,LAKE,4/15/2014 0:00,8:15,2014,2014,"T113,","GRW,",7,"T1,","T,",INDUSTRY,Indiana,46.609677,-87.330313,"Indiana
(46.609677, -87.330313)"
Derailments,2014:04:GRW:27,0,0,994,235000,0,0,0,LAKE,4/9/2014 0:00,7:54,2014,2014,"T210,","GRW,",7,"T2,","T,",INDUSTRY,Indiana,41.619974,-87.329401,"Indiana
(41.619974, -87.329401)"
Derailments,2014:07:GRW:43,0,0,21692,15000,0,0,0,LAKE,7/24/2014 0:00,23:30,2014,2014,"T199,","GRW,",7,"T1,","T,",INDUSTRY,Indiana,41.623994,-87.328433,"Indiana
(41.623994, -87.328433)"
Side collision,2012:07:GRW:19F071202,0,0,2605,42196,0,0,0,LAKE,7/24/2012 0:00,8:56,2012,2012,"H307,","GRW,",7,"H3,","H,",INDUSTRY,Indiana,41.614536,-87.32832,"Indiana
(41.614536, -87.32832)"
Derailments,2014:02:GRW:15,0,0,2891,30000,0,0,0,LAKE,2/27/2014 0:00,18:00,2014,2014,"T202,","GRW,",7,"T2,","T,",INDUSTRY,Indiana,41.613461,-87.327942,"Indiana
(41.613461, -87.327942)"
Derailments,2014:01:CSX:000125370,0,0,400000,914867,16,4,3,ESCAMBIA,1/28/2014 0:00,19:02,2014,2014,"T207,","CSX,",1,"T2,","T,",MAIN,Florida,30.787545,-87.323688,"Florida
(30.787545, -87.323688)"
Derailments,2013:06:GRW:21F061301,0,0,29558,8000,0,0,0,LAKE,6/17/2013 0:00,21:06,2013,2013,"H303,H399,","GRW,WC,",1,"H3,","H,",YARD,Indiana,41.607541,-87.317072,"Indiana
(41.607541, -87.317072)"
Derailments,2011:10:NS:096747,0,0,14000,63974,0,0,0,WARRICK,10/21/2011 0:00,12:45,2011,2012,"T207,","NS,",1,"T2,","T,",MAIN,Indiana,38.092518,-87.309653,"Indiana
(38.092518, -87.309653)"
Derailments,2014:12:NS:113452,0,0,4521,9500,0,0,0,WARRICK,12/15/2014 0:00,20:42,2014,2015,"T315,","NS,",4,"T3,","T,",MAIN,Indiana,38.04375,-87.303329,"Indiana
(38.04375, -87.303329)"
Derailments,2012:06:ISRR:ISRR120251,0,0,576000,300000,6,4,2,PIKE,6/1/2012 0:00,8:50,2012,2012,"T202,T110,","ISRR,",1,"T2,T1,","T,",MAIN,Indiana,38.402113,-87.301483,"Indiana
(38.402113, -87.301483)"
Derailments,2012:05:INRD:644141,0,0,23100,0,0,0,0,VIGO,5/22/2012 0:00,10:00,2012,2012,"E40C,","INRD,",1,"E4,","E,",INDUSTRY,Indiana,39.30094,-87.29558,"Indiana
(39.30094, -87.29558)"
Derailments,2015:08:NS:116787,0,0,0,37064,0,0,0,WALKER,8/4/2015 0:00,2:30,2015,2015,"H017,","NS,",8,"H0,","H,",MAIN,Alabama,33.72383,-87.294159,"Alabama
(33.72383, -87.294159)"
Derailments,2014:07:NS:111455,0,0,10822,36400,0,0,0,PIKE,7/24/2014 0:00,24:50:00,2014,2014,"T110,","ISRR,NS,",1,"T1,","T,",YARD,Indiana,38.350598,-87.293151,"Indiana
(38.350598, -87.293151)"
Derailments,2012:04:CSS:12206,0,0,0,61526,0,0,0,LAKE,4/8/2012 0:00,7:00,2012,2012,"T311,E49C,","CSS,",1,"T3,E4,","T,E,",YARD,Indiana,41.59781,-87.266068,"Indiana
(41.59781, -87.266068)"
Highway-rail impact,2012:09:BNSF:SF0912200,0,0,23500,500,25,0,0,WALKER,9/8/2012 0:00,2:40,2012,2012,"M303,","BNSF,",1,"M3,","M,",MAIN,Alabama,33.826734,-87.264655,"Alabama
(33.826734, -87.264655)"
Obstruction impact,2013:10:NS:107548,0,0,0,21500,0,0,0,PIKE,10/30/2013 0:00,23:30,2013,2014,"H311,","NS,",1,"H3,","H,",INDUSTRY,Indiana,38.293722,-87.255003,"Indiana
(38.293722, -87.255003)"
Derailments,2014:08:NS:111888,0,0,21855,11750,0,0,0,TUSCALOOSA,8/22/2014 0:00,15:45,2014,2014,"H306,H702,","NS,",1,"H3,H7,","H,",YARD,Alabama,33.172879,-87.254587,"Alabama
(33.172879, -87.254587)"
Derailments,2015:05:NS:115785,0,0,23073,6400,0,0,0,TUSCALOOSA,5/24/2015 0:00,22:20,2015,2015,"H306,H702,","NS,",1,"H3,H7,","H,",YARD,Alabama,33.172879,-87.254587,"Alabama
(33.172879, -87.254587)"
Derailments,2016:01:NS:118766,0,0,15000,18900,0,0,0,FOUNTAIN,1/2/2016 0:00,23:30,2016,2016,"T110,","NS,",1,"T1,","T,",MAIN,Indiana,40.298321,-87.246248,"Indiana
(40.298321, -87.246248)"
Derailments,2014:04:NS:110106,0,0,300,16600,0,0,0,TUSCALOOSA,4/17/2014 0:00,20:45,2014,2014,"E39C,","NS,",1,"E3,","E,",YARD,Alabama,33.173514,-87.243353,"Alabama
(33.173514, -87.243353)"
Derailments,2013:09:JWR:INDUSTRY,0,0,0,41009,0,0,0,TUSCALOOSA,9/12/2013 0:00,21:05,2013,2013,"M101,M299,","CSX,",1,"M1,M2,","M,",INDUSTRY,Alabama,33.329063,-87.241991,"Alabama
(33.329063, -87.241991)"
Derailments,2013:11:NS:107591,0,0,46329,0,0,0,0,FOUNTAIN,11/1/2013 0:00,8:35,2013,2014,"T221,","NS,",1,"T2,","T,",MAIN,Indiana,40.300131,-87.240409,"Indiana
(40.300131, -87.240409)"
Derailments,2015:12:ALAB:12232015,0,0,18000,2600,0,0,0,CONECUH,12/23/2015 0:00,10:00,2015,2016,"T110,","ALAB,",1,"T1,","T,",MAIN,Alabama,31.324444,-87.24,"Alabama
(31.324444, -87.24)"
Derailments,2015:08:NS:116817,0,0,12510,15200,0,0,0,TUSCALOOSA,8/6/2015 0:00,12:30,2015,2015,"H506,","NS,",1,"H5,","H,",YARD,Alabama,33.173788,-87.238538,"Alabama
(33.173788, -87.238538)"
Obstruction impact,2012:04:CSX:000102445,0,1,260000,783488,0,0,0,LAKE,4/8/2012 0:00,7:54,2012,2012,"M404,","CSX,",1,"M4,","M,",MAIN,Indiana,41.596925,-87.231733,"Indiana
(41.596925, -87.231733)"
Derailments,2012:03:GRW:11F031201,0,0,12894,0,0,0,0,LAKE,3/14/2012 0:00,14:55,2012,2012,"M101,","GRW,",7,"M1,","M,",INDUSTRY,Indiana,41.624,-87.229,"Indiana
(41.624, -87.229)"
Derailments,2015:08:CSX:000150393,0,0,39056,84325,30,0,0,ESCAMBIA,8/10/2015 0:00,3:50,2015,2015,"H503,","CSX,",1,"H5,","H,",MAIN,Florida,30.454135,-87.228817,"Florida
(30.454135, -87.228817)"
Highway-rail impact,2013:07:INRD:649011,0,0,0,20000,0,0,0,VIGO,7/11/2013 0:00,24:50:00,2013,2013,"M308,","INRD,",1,"M3,","M,",MAIN,Indiana,39.2601,-87.2281,"Indiana
(39.2601, -87.2281)"
Other impacts,2011:07:CSX:000091992,0,0,0,20065,2,0,0,ESCAMBIA,7/18/2011 0:00,1:30,2011,2011,"H318,","CSX,",5,"H3,","H,",YARD,Florida,30.447518,-87.225388,"Florida
(30.447518, -87.225388)"
Derailments,2012:01:CSX:000100141,0,0,500,23952,10,3,0,ESCAMBIA,1/29/2012 0:00,3:50,2012,2012,"H702,","CSX,",7,"H7,","H,",YARD,Florida,30.447518,-87.225387,"Florida
(30.447518, -87.225387)"
Highway-rail impact,2016:08:NS:121521,0,1,10000,2912,0,0,0,PIKE,8/2/2016 0:00,24:50:00,2016,2016,"M308,","NS,",1,"M3,","M,",MAIN,Indiana,38.398555,-87.222792,"Indiana
(38.398555, -87.222792)"
Highway-rail impact,2014:01:GTW:801703,0,0,106368,13884,4,0,0,PORTER,1/12/2014 0:00,3:32,2014,2014,"M308,","GTW,",1,"M3,","M,",MAIN,Indiana,41.48513,-87.22002,"Indiana
(41.48513, -87.22002)"
Other impacts,2013:06:CSX:000116800,0,0,200,43928,12,0,0,ESCAMBIA,6/3/2013 0:00,12:21,2013,2013,"H306,","CSX,",18,"H3,","H,",YARD,Florida,30.436711,-87.219777,"Florida
(30.436711, -87.219777)"
Derailments,2015:12:XKYK:INDUSTRY,0,0,3500,8600,0,0,0,TUSCALOOSA,12/16/2015 0:00,10:00,2015,2016,"T202,","NS,",1,"T2,","T,",INDUSTRY,Alabama,33.179996,-87.213929,"Alabama
(33.179996, -87.213929)"
Raking collision,2011:09:INRD:643779,0,0,0,11500,0,0,0,GREENE,9/19/2011 0:00,22:15,2011,2011,"H302,","INRD,",7,"H3,","H,",YARD,Indiana,39.149034,-87.197038,"Indiana
(39.149034, -87.197038)"
Raking collision,2014:09:INRD:646002,0,0,3000,17000,0,0,0,GREENE,9/30/2014 0:00,24:15:00,2014,2014,"H302,","INRD,",7,"H3,","H,",YARD,Indiana,39.148032,-87.196942,"Indiana
(39.148032, -87.196942)"
Derailments,2013:01:INRD:644155,0,0,8000,110000,0,0,0,GREENE,1/16/2013 0:00,21:20,2013,2013,"T299,","INRD,",1,"T2,","T,",YARD,Indiana,39.14522,-87.19664,"Indiana
(39.14522, -87.19664)"
Highway-rail impact,2015:11:NICD:N1500030,0,0,0,10694,0,0,0,PORTER,11/16/2015 0:00,16:52,2015,2016,"M399,","NICD,",2,"M3,","M,",MAIN,Indiana,41.617247,-87.189749,"Indiana
(41.617247, -87.189749)"
Derailments,2014:02:NS:109225,0,1,38522,30200,0,0,0,BIBB,2/19/2014 0:00,7:20,2014,2014,"H399,","NS,",6,"H3,","H,",INDUSTRY,Alabama,33.198923,-87.167305,"Alabama
(33.198923, -87.167305)"
Derailments,2011:10:NS:096842,0,0,0,17100,0,0,0,PORTER,10/30/2011 0:00,18:40,2011,2012,"T110,","NS,",1,"T1,","T,",INDUSTRY,Indiana,41.619971,-87.16438,"Indiana
(41.619971, -87.16438)"
Derailments,2011:09:CSX:000094139,0,0,317500,1238502,0,0,0,TODD,9/15/2011 0:00,6:20,2011,2011,"E29C,","CSX,",1,"E2,","E,",MAIN,Kentucky,36.647395,-87.162303,"Kentucky
(36.647395, -87.162303)"
Derailments,2012:06:NS:100247,0,0,2300,17900,0,0,0,PORTER,6/23/2012 0:00,4:00,2012,2012,"H312,","NS,",1,"H3,","H,",YARD,Indiana,41.620345,-87.151238,"Indiana
(41.620345, -87.151238)"
Derailments,2013:12:CSS:1215131,0,0,5000,11625,0,0,0,PORTER,12/15/2013 0:00,20:00,2013,2014,"M405,","CSS,",1,"M4,","M,",INDUSTRY,Indiana,41.633123,-87.145669,"Indiana
(41.633123, -87.145669)"
Derailments,2013:10:NS:106752,0,0,2000,23200,0,0,0,PORTER,10/13/2013 0:00,24:10:00,2013,2014,"H504,","NS,",1,"H5,","H,",YARD,Indiana,41.620514,-87.144907,"Indiana
(41.620514, -87.144907)"
Derailments,2014:12:PIDQ:INDUSTRY,0,0,1200,16000,0,0,0,PORTER,12/24/2014 0:00,11:35,2014,2015,"M101,","NS,",1,"M1,","M,",INDUSTRY,Indiana,41.620514,-87.144907,"Indiana
(41.620514, -87.144907)"
Highway-rail impact,2013:01:CSX:000111868,0,0,10000,100,0,0,0,DAVIESS,1/13/2013 0:00,18:18,2013,2013,"M302,","CSX,",1,"M3,","M,",MAIN,Kentucky,37.767554,-87.134321,"Kentucky
(37.767554, -87.134321)"
Derailments,2011:12:NS:097446,0,0,0,11570,0,0,0,PORTER,12/28/2011 0:00,14:30,2011,2012,"H312,","NS,",1,"H3,","H,",YARD,Indiana,41.620905,-87.131059,"Indiana
(41.620905, -87.131059)"
Derailments,2012:11:NS:102332,0,0,2500,131093,0,0,0,PORTER,11/28/2012 0:00,2:40,2012,2013,"H702,","NS,",1,"H7,","H,",YARD,Indiana,41.620905,-87.131059,"Indiana
(41.620905, -87.131059)"
Raking collision,2014:06:NS:115135,0,0,0,70784,0,0,0,PORTER,6/25/2014 0:00,9:28,2014,2014,"E83C,","ATK,NS,",21,"E8,","E,",MAIN,Indiana,41.621019,-87.126157,"Indiana
(41.621019, -87.126157)"
Derailments,2016:05:LMIC:ZZZZZZZZZZ,0,0,0,17400,0,0,0,PORTER,5/10/2016 0:00,19:04,2016,2016,"T308,","NS,",1,"T3,","T,",MAIN,Indiana,41.621019,-87.126157,"Indiana
(41.621019, -87.126157)"
Derailments,2013:12:CSS:CSS1205131,0,0,15635,1866,0,0,0,PORTER,12/5/2013 0:00,10:00,2013,2014,"T110,","CSS,",1,"T1,","T,",INDUSTRY,Indiana,41.622471,-87.124967,"Indiana
(41.622471, -87.124967)"
Highway-rail impact,2012:11:BNSF:SF1112204,0,0,0,16333,1,0,0,WALKER,11/13/2012 0:00,7:15,2012,2013,"M302,","BNSF,",1,"M3,","M,",MAIN,Alabama,33.700178,-87.081798,"Alabama
(33.700178, -87.081798)"
Highway-rail impact,2012:04:CSX:000102636,0,0,85500,71803,0,0,0,ESCAMBIA,4/13/2012 0:00,8:54,2012,2012,"M302,","CSX,",1,"M3,","M,",MAIN,Alabama,31.104074,-87.071892,"Alabama
(31.104074, -87.071892)"
Derailments,2013:06:XNIC:INDUSTRY,0,0,2500,29300,0,0,0,MORGAN,6/5/2013 0:00,20:40,2013,2013,"H306,H702,","NS,",1,"H3,H7,","H,",INDUSTRY,Alabama,34.606861,-87.065474,"Alabama
(34.606861, -87.065474)"
Other events,2013:05:BNSF:SF0513104,0,0,37219,0,0,0,0,WALKER,5/4/2013 0:00,15:00,2013,2013,"H221,H702,","BNSF,",1,"H2,H7,","H,",YARD,Alabama,33.650497,-87.049892,"Alabama
(33.650497, -87.049892)"
Derailments,2014:08:INRD:644191,0,0,80000,15000,0,0,0,GREENE,8/12/2014 0:00,17:30,2014,2014,"H704,H702,","INRD,",1,"H7,","H,",MAIN,Indiana,39.030379,-87.04046,"Indiana
(39.030379, -87.04046)"
Derailments,2014:01:AKQ:INDUSTRY,0,0,30000,12850,0,0,0,SPENCER,1/12/2014 0:00,10:05,2014,2014,"T110,","NS,",1,"T1,","T,",INDUSTRY,Indiana,37.96779,-87.039409,"Indiana
(37.96779, -87.039409)"
Derailments,2015:07:ZAKQ:INDUSTRY,0,0,800,10795,0,0,0,SPENCER,7/18/2015 0:00,4:56,2015,2015,"H702,","NS,",1,"H7,","H,",INDUSTRY,Indiana,37.973569,-87.03917,"Indiana
(37.973569, -87.03917)"
Derailments,2013:02:BHRR:D421013,0,0,17566,20051,0,0,0,JEFFERSON,2/25/2013 0:00,14:15,2013,2013,"M599,T403,","BHRR,",1,"M5,T4,","M,T,",INDUSTRY,Alabama,33.455924,-87.028583,"Alabama
(33.455924, -87.028583)"
Derailments,2016:08:NS:121830,0,1,800,13000,0,0,0,JEFFERSON,8/26/2016 0:00,9:30,2016,2016,"H306,","NS,",17,"H3,","H,",YARD,Alabama,33.320316,-87.022783,"Alabama
(33.320316, -87.022783)"
Derailments,2016:05:CSX:000159589,0,0,152604,99195,0,0,0,CONECUH,5/7/2016 0:00,10:45,2016,2016,"E62C,","CSX,",1,"E6,","E,",MAIN,Alabama,31.329141,-87.02,"Alabama
(31.329141, -87.02)"
Highway-rail impact,2012:07:CSX:000106246,0,1,0,30446,0,0,0,CONECUH,7/24/2012 0:00,7:45,2012,2012,"M302,","CSX,",1,"M3,","M,",MAIN,Alabama,31.299059,-87.019689,"Alabama
(31.299059, -87.019689)"
Fire/violent rupture,2013:01:BHRR:M420513,0,0,0,80000,0,0,0,JEFFERSON,1/23/2013 0:00,10:30,2013,2013,"M599,M406,","BHRR,",NA,"M5,M4,","M,",MAIN,Alabama,33.33136,-87.013019,"Alabama
(33.33136, -87.013019)"
Rear end collision,2012:01:CSX:000099335,0,2,62500,2487305,86,8,5,PORTER,1/6/2012 0:00,14:15,2012,2012,"H605,","CSX,",1,"H6,","H,",MAIN,Indiana,41.535926,-86.990521,"Indiana
(41.535926, -86.990521)"
Obstruction impact,2012:01:CSX:000099408,0,0,62500,1387595,0,0,0,PORTER,1/6/2012 0:00,14:18,2012,2012,"M402,","CSX,",1,"M4,","M,",MAIN,Indiana,41.535926,-86.990521,"Indiana
(41.535926, -86.990521)"