AccidentType,inckey,Fatalities,Injuries,TrackDamage,EquipmentDamage,HazmatCars,HazmatCarsDerailed,HazmatCarsReleasing,County,DisplayDate,DisplayTime,calendar,Fiscal,AccidentCause,RailroadCodes,RAILEQUIPMENT_TYPE,CauseGroup,CauseDiscipline,TYPE_OF_TRACK,StateName,latitude,longitude,GeoLocation
Derailments,2012:02:NS:098074,0,0,31217,39600,0,0,0,MORGAN,2/19/2012 0:00,11:30,2012,2012,"T303,","CSX,NS,",1,"T3,","T,",MAIN,Alabama,34.612981,-86.988133,"Alabama
(34.612981, -86.988133)"
Derailments,2016:01:CSX:000156554,0,0,50,20933,0,0,0,MORGAN,1/27/2016 0:00,7:50,2016,2016,"T207,","CSX,",7,"T2,","T,",YARD,Alabama,34.588511,-86.985258,"Alabama
(34.588511, -86.985258)"
Derailments,2016:01:BUZ:INDUSTRY,0,0,0,133743,0,0,0,MORGAN,1/3/2016 0:00,10:22,2016,2016,"M404,","CSX,",7,"M4,","M,",INDUSTRY,Alabama,34.614947,-86.98447,"Alabama
(34.614947, -86.98447)"
Side collision,2015:04:CSX:000144833,0,0,0,42291,0,0,0,MORGAN,4/6/2015 0:00,24:00:00,2015,2015,"H302,","CSX,",67,"H3,","H,",YARD,Alabama,34.615037,-86.984354,"Alabama
(34.615037, -86.984354)"
Derailments,2015:09:CSX:000151906,0,0,8876,1800,0,0,0,MORGAN,9/7/2015 0:00,16:47,2015,2015,"H702,","CSX,",8,"H7,","H,",YARD,Alabama,34.579184,-86.983705,"Alabama
(34.579184, -86.983705)"
Highway-rail impact,2016:03:CSX:000158461,0,0,6800,16422,0,0,0,LIMESTONE,3/25/2016 0:00,13:25,2016,2016,"M303,","CSX,",1,"M3,","M,",MAIN,Alabama,34.799035,-86.970121,"Alabama
(34.799035, -86.970121)"
Derailments,2012:10:BHRR:D425812,0,0,2745,7083,0,0,0,JEFFERSON,10/5/2012 0:00,23:59,2012,2013,"H607,H703,","BHRR,CSX,",1,"H6,H7,H6,H7,","H,",SIDING,Alabama,33.426539,-86.969586,"Alabama
(33.426539, -86.969586)"
Derailments,2012:12:BNSF:SF1212109,0,0,154000,5000,0,0,0,JEFFERSON,12/24/2012 0:00,14:25,2012,2013,"M204,","BNSF,",1,"M2,","M,",MAIN,Alabama,33.607023,-86.959161,"Alabama
(33.607023, -86.959161)"
Highway-rail impact,2015:11:NS:118100,1,2,0,62082,0,0,0,JEFFERSON,11/6/2015 0:00,14:00,2015,2016,"M308,","ATK,NS,",2,"M3,","M,",MAIN,Alabama,33.413958,-86.939731,"Alabama
(33.413958, -86.939731)"
Derailments,2016:08:NS:121800,0,0,90500,525,0,0,0,JEFFERSON,8/23/2016 0:00,16:40,2016,2016,"H306,","NS,",1,"H3,","H,",YARD,Alabama,33.415256,-86.938683,"Alabama
(33.415256, -86.938683)"
Derailments,2011:05:NS:094823,0,0,0,31470,0,0,0,DUBOIS,5/8/2011 0:00,20:20,2011,2011,"T205,","NS,",1,"T2,","T,",YARD,Indiana,38.297476,-86.936723,"Indiana
(38.297476, -86.936723)"
Derailments,2012:09:NS:101454,0,0,0,11546,0,0,0,DUBOIS,9/18/2012 0:00,17:30,2012,2012,"T210,","NS,",1,"T2,","T,",YARD,Indiana,38.297476,-86.936723,"Indiana
(38.297476, -86.936723)"
Other impacts,2014:04:NS:110218,0,0,800,14800,0,0,0,DUBOIS,4/26/2014 0:00,18:40,2014,2014,"H017,","NS,",81,"H0,","H,",YARD,Indiana,38.297756,-86.933004,"Indiana
(38.297756, -86.933004)"
Derailments,2014:11:CSX:000138224,0,0,110000,953067,15,7,0,SANTA ROSA,11/30/2014 0:00,9:51,2014,2015,"T207,","CSX,",1,"T2,","T,",MAIN,Florida,30.644655,-86.930981,"Florida
(30.644655, -86.930981)"
Highway-rail impact,2013:06:CSX:000117268,0,2,0,42559,0,0,0,WHITE,6/12/2013 0:00,8:34,2013,2013,"M302,","ATK,CSX,",2,"M3,","M,",MAIN,Indiana,40.878393,-86.9274,"Indiana
(40.878393, -86.9274)"
Derailments,2014:12:CSS:CSS1219141,0,0,72989,361461,0,0,0,LA PORTE,12/19/2014 0:00,5:20,2014,2015,"M507,E64C,","CSS,NICD,",1,"M5,E6,M5,","M,E,M,",MAIN,Indiana,41.705402,-86.92647,"Indiana
(41.705402, -86.92647)"
Derailments,2015:10:CARZ:INDUSTRY,0,0,22416,8703,23,2,0,MONTGOMERY,10/21/2015 0:00,21:30,2015,2016,"M506,","CSX,",1,"M5,","M,",INDUSTRY,Indiana,40.193206,-86.904978,"Indiana
(40.193206, -86.904978)"
Highway-rail impact,2014:05:CSX:000129389,0,0,13000,4196,3,1,0,LA PORTE,5/4/2014 0:00,5:42,2014,2014,"M308,M301,","CSX,",1,"M3,","M,",MAIN,Indiana,41.699514,-86.903823,"Indiana
(41.699514, -86.903823)"
Side collision,2012:05:BHRR:D421812,0,0,18000,54906,0,0,0,JEFFERSON,5/29/2012 0:00,4:20,2012,2012,"M599,H306,","BHRR,NS,",11,"M5,H3,","M,H,",YARD,Alabama,33.515271,-86.900709,"Alabama
(33.515271, -86.900709)"
Derailments,2015:05:PPQQ:INDUSTRY,0,0,2500,56395,0,0,0,MORGAN,5/5/2015 0:00,7:32,2015,2015,"M501,","CSX,",1,"M5,","M,",INDUSTRY,Alabama,34.331087,-86.899721,"Alabama
(34.331087, -86.899721)"
Other impacts,2015:04:CSX:000144240,0,0,0,28694,0,0,0,TIPPECANOE,4/5/2015 0:00,18:20,2015,2015,"H318,","CSX,",6,"H3,","H,",YARD,Indiana,40.419863,-86.896131,"Indiana
(40.419863, -86.896131)"
Derailments,2012:04:NS:099483,0,0,400000,800,0,0,0,TIPPECANOE,4/25/2012 0:00,14:00,2012,2012,"T401,","KBSR,NS,",1,"T4,","T,",MAIN,Indiana,40.414282,-86.89585,"Indiana
(40.414282, -86.89585)"
Other impacts,2011:11:CSX:000097799,0,0,0,76562,0,0,0,TIPPECANOE,11/18/2011 0:00,21:10,2011,2012,"H307,","CSX,",86,"H3,","H,",INDUSTRY,Indiana,40.41707,-86.891838,"Indiana
(40.41707, -86.891838)"
Highway-rail impact,2015:10:NICD:N1500026,1,0,0,12723,0,0,0,LA PORTE,10/13/2015 0:00,17:15,2015,2016,"M308,","NICD,",2,"M3,","M,",MAIN,Indiana,41.713154,-86.87764,"Indiana
(41.713154, -86.87764)"
Highway-rail impact,2011:02:CSX:000085767,0,1,0,13815,0,0,0,CONECUH,2/21/2011 0:00,19:06,2011,2011,"M302,","CSX,",1,"M3,","M,",MAIN,Alabama,31.507696,-86.874992,"Alabama
(31.507696, -86.874992)"
Highway-rail impact,2014:10:CSX:000136853,0,16,0,193000,0,0,0,WHITE,10/28/2014 0:00,8:20,2014,2015,"M303,","ATK,CSX,",2,"M3,","M,",MAIN,Indiana,40.780279,-86.874493,"Indiana
(40.780279, -86.874493)"
Derailments,2013:03:BNSF:SF0313115,0,0,2000,8023,0,0,0,JEFFERSON,3/26/2013 0:00,11:30,2013,2013,"H307,H702,","BNSF,",7,"H3,H7,","H,",YARD,Alabama,33.520016,-86.870835,"Alabama
(33.520016, -86.870835)"
Derailments,2014:06:BNSF:SF0614102,0,0,500,30252,0,0,0,JEFFERSON,6/4/2014 0:00,5:45,2014,2014,"H704,","BNSF,",7,"H7,","H,",YARD,Alabama,33.520016,-86.870835,"Alabama
(33.520016, -86.870835)"
Highway-rail impact,2013:09:CSX:000120340,0,1,150,14275,0,0,0,MONTGOMERY,9/10/2013 0:00,8:02,2013,2013,"M399,","CSX,",1,"M3,","M,",MAIN,Indiana,40.027255,-86.866942,"Indiana
(40.027255, -86.866942)"
Derailments,2015:01:NICD:N1500001,0,0,0,13512,0,0,0,LA PORTE,1/8/2015 0:00,4:45,2015,2015,"H303,","NICD,",5,"H3,","H,",YARD,Indiana,41.713205,-86.864495,"Indiana
(41.713205, -86.864495)"
Other events,2015:05:NICD:N1500012,0,0,0,14176,0,0,0,LA PORTE,5/8/2015 0:00,4:25,2015,2015,"H399,","NICD,",6,"H3,","H,",YARD,Indiana,41.713205,-86.864495,"Indiana
(41.713205, -86.864495)"
Other impacts,2015:10:NICD:N1500029,0,0,0,14077,0,0,0,LA PORTE,10/26/2015 0:00,16:07,2015,2016,"H399,","NICD,",6,"H3,","H,",YARD,Indiana,41.713205,-86.864495,"Indiana
(41.713205, -86.864495)"
Derailments,2016:03:NICD:N1600005,0,0,39215,593590,0,0,0,LA PORTE,3/12/2016 0:00,5:05,2016,2016,"H499,H307,","NICD,",3,"H4,H3,","H,",MAIN,Indiana,41.713205,-86.864495,"Indiana
(41.713205, -86.864495)"
Other impacts,2013:06:NICD:N1300010,0,0,12262,14300,0,0,0,LA PORTE,6/19/2013 0:00,3:45,2013,2013,"E78L,","NICD,",5,"E7,","E,",YARD,Indiana,41.714302,-86.863451,"Indiana
(41.714302, -86.863451)"
Other impacts,2013:10:NICD:N1300021,0,0,250,13960,0,0,0,LA PORTE,10/28/2013 0:00,16:00,2013,2014,"E78L,","NICD,",5,"E7,","E,",YARD,Indiana,41.714302,-86.863451,"Indiana
(41.714302, -86.863451)"
Derailments,2016:05:NICD:N1600009,0,0,2500,47709,0,0,0,LA PORTE,5/25/2016 0:00,9:00,2016,2016,"H305,H399,","NICD,",7,"H3,","H,",YARD,Indiana,41.713025,-86.862248,"Indiana
(41.713025, -86.862248)"
Derailments,2011:08:NICD:N1100017,0,0,5061,12795,0,0,0,LA PORTE,8/18/2011 0:00,11:00,2011,2011,"H516,H995,","NICD,",8,"H5,H9,","H,",YARD,Indiana,41.715004,-86.86103,"Indiana
(41.715004, -86.86103)"
Derailments,2016:05:XAIP:INDUSTRY,0,0,19000,27107,0,0,0,JEFFERSON,5/18/2016 0:00,2:00,2016,2016,"M501,","BNSF,",7,"M5,","M,",INDUSTRY,Alabama,33.534913,-86.858056,"Alabama
(33.534913, -86.858056)"
Head on collision,2015:09:CSX:000152141,0,1,0,25159,0,0,0,ROBERTSON,9/17/2015 0:00,10:50,2015,2015,"H099,","CSX,",NA,"H0,","H,",MAIN,Tennessee,36.479242,-86.855656,"Tennessee
(36.479242, -86.855656)"
Highway-rail impact,2016:05:NS:120363,2,1,105552,1010,0,0,0,JEFFERSON,5/3/2016 0:00,22:15,2016,2016,"M308,","NS,",1,"M3,","M,",MAIN,Alabama,33.486908,-86.855613,"Alabama
(33.486908, -86.855613)"
Derailments,2015:01:NS:113938,0,0,800,16945,0,0,0,TIPPECANOE,1/21/2015 0:00,1:10,2015,2015,"E34C,","NS,",7,"E3,","E,",MAIN,Indiana,40.448296,-86.854916,"Indiana
(40.448296, -86.854916)"
Derailments,2015:10:BNSF:SF1015110,0,0,200000,132566,0,0,0,JEFFERSON,10/19/2015 0:00,1:52,2015,2016,"H599,E46C,","BNSF,",67,"H5,E4,H5,E4,","H,E,H,E,",YARD,Alabama,33.526419,-86.850861,"Alabama
(33.526419, -86.850861)"
Derailments,2012:06:BNSF:SF0612123,0,0,7700,7100,0,0,0,JEFFERSON,6/26/2012 0:00,21:15,2012,2012,"H506,","BNSF,",7,"H5,","H,",YARD,Alabama,33.527245,-86.848345,"Alabama
(33.527245, -86.848345)"
Derailments,2013:07:BNSF:SF0713101,0,0,114789,26001,0,0,0,JEFFERSON,7/7/2013 0:00,1:15,2013,2013,"T110,","BNSF,",1,"T1,","T,",YARD,Alabama,33.527245,-86.848345,"Alabama
(33.527245, -86.848345)"
Side collision,2013:11:BNSF:SF1113114,0,0,1000,10700,1,1,0,JEFFERSON,11/27/2013 0:00,3:30,2013,2014,"H702,","BNSF,",76,"H7,","H,",YARD,Alabama,33.527479,-86.848271,"Alabama
(33.527479, -86.848271)"
Side collision,2013:06:BNSF:SF0613120,0,0,0,25500,0,0,0,JEFFERSON,6/28/2013 0:00,10:15,2013,2013,"H318,","BNSF,",7,"H3,","H,",YARD,Alabama,33.527587,-86.847203,"Alabama
(33.527587, -86.847203)"
Derailments,2016:03:NS:119933,0,0,5000,213500,0,0,0,TIPPECANOE,3/30/2016 0:00,18:15,2016,2016,"T207,","NS,",7,"T2,","T,",YARD,Indiana,40.374727,-86.845043,"Indiana
(40.374727, -86.845043)"
Derailments,2013:04:BNSF:SF0413116,0,0,14000,0,0,0,0,JEFFERSON,4/18/2013 0:00,8:00,2013,2013,"H607,H303,","BNSF,",8,"H6,H3,","H,",YARD,Alabama,33.528111,-86.843067,"Alabama
(33.528111, -86.843067)"
Derailments,2014:08:BNSF:SF0814107,0,0,16000,7000,0,0,0,JEFFERSON,8/18/2014 0:00,14:45,2014,2014,"H607,H702,","BNSF,",7,"H6,H7,","H,",YARD,Alabama,33.528111,-86.843067,"Alabama
(33.528111, -86.843067)"
Raking collision,2014:08:BNSF:SF0814115,0,0,12000,4900,0,0,0,JEFFERSON,8/18/2014 0:00,13:00,2014,2014,"H307,H702,","BNSF,",17,"H3,H7,H3,H7,","H,",YARD,Alabama,33.528111,-86.843067,"Alabama
(33.528111, -86.843067)"
Derailments,2012:10:NS:101876,0,0,0,22900,0,0,0,TIPPECANOE,10/20/2012 0:00,12:01,2012,2013,"T207,","NS,",1,"T2,","T,",INDUSTRY,Indiana,40.374535,-86.833872,"Indiana
(40.374535, -86.833872)"
Derailments,2014:08:NS:111982,0,0,51470,0,3,0,0,JEFFERSON,8/29/2014 0:00,15:35,2014,2014,"E00L,","NS,",1,"E0,","E,",MAIN,Alabama,33.591636,-86.832959,"Alabama
(33.591636, -86.832959)"
Highway-rail impact,2014:10:NS:112527,0,2,26001,503,0,0,0,JEFFERSON,10/10/2014 0:00,24:15:00,2014,2015,"M302,M399,","ATK,NS,",2,"M3,","M,",MAIN,Alabama,33.499957,-86.832506,"Alabama
(33.499957, -86.832506)"
Derailments,2011:10:CSX:000095500,0,0,150000,389551,0,0,0,MARSHALL,10/10/2011 0:00,4:50,2011,2012,"T207,","CSX,",1,"T2,","T,",MAIN,Tennessee,35.375655,-86.831207,"Tennessee
(35.375655, -86.831207)"
Derailments,2011:09:NS:096340,0,0,3690,38450,0,0,0,TIPPECANOE,9/18/2011 0:00,7:20,2011,2011,"T210,","NS,",7,"T2,","T,",YARD,Indiana,40.374141,-86.820632,"Indiana
(40.374141, -86.820632)"
Derailments,2014:08:NS:111841,0,0,6615,97150,0,0,0,TIPPECANOE,8/19/2014 0:00,21:00,2014,2014,"T207,","NS,",7,"T2,","T,",YARD,Indiana,40.374001,-86.814936,"Indiana
(40.374001, -86.814936)"
Highway-rail impact,2013:08:CSX:000119253,0,0,8483,6840,4,0,0,SHELBY,8/7/2013 0:00,24:24:00,2013,2013,"M303,","CSX,",1,"M3,","M,",MAIN,Alabama,33.231236,-86.813938,"Alabama
(33.231236, -86.813938)"
Derailments,2011:07:CSX:000091405,0,0,800,23308,0,0,0,JEFFERSON,7/1/2011 0:00,19:45,2011,2011,"H703,","CSX,",1,"H7,","H,",YARD,Alabama,33.509079,-86.813151,"Alabama
(33.509079, -86.813151)"
Derailments,2012:10:CSX:000110228,0,0,104674,172200,4,4,0,JEFFERSON,10/8/2012 0:00,22:30,2012,2013,"T102,T110,","BNSF,CSX,",7,"T1,","T,",MAIN,Alabama,33.545435,-86.809314,"Alabama
(33.545435, -86.809314)"
Derailments,2012:05:CSX:000103766,0,0,13500,5656,0,0,0,JEFFERSON,5/11/2012 0:00,22:26,2012,2012,"T110,","CSX,",1,"T1,","T,",YARD,Alabama,33.513495,-86.803837,"Alabama
(33.513495, -86.803837)"
Derailments,2012:08:CSX:000107167,0,0,13500,5667,0,0,0,JEFFERSON,8/17/2012 0:00,13:20,2012,2012,"E66C,","CSX,",7,"E6,","E,",YARD,Alabama,33.513495,-86.803837,"Alabama
(33.513495, -86.803837)"
Derailments,2012:08:CSX:000107553,0,0,1500,8746,12,0,0,JEFFERSON,8/28/2012 0:00,20:30,2012,2012,"T222,","CSX,",1,"T2,","T,",YARD,Alabama,33.513495,-86.803837,"Alabama
(33.513495, -86.803837)"
Derailments,2012:09:CSX:000108162,0,0,22000,28465,0,0,0,JEFFERSON,9/14/2012 0:00,2:20,2012,2012,"T316,","CSX,",7,"T3,","T,",YARD,Alabama,33.513495,-86.803837,"Alabama
(33.513495, -86.803837)"
Derailments,2012:09:CSX:000108235,0,0,2500,92731,80,0,0,JEFFERSON,9/19/2012 0:00,3:00,2012,2012,"M204,","CSX,",616,"M2,","M,",YARD,Alabama,33.513495,-86.803837,"Alabama
(33.513495, -86.803837)"
Other impacts,2013:03:CSX:000114439,0,0,50,11820,0,0,0,JEFFERSON,3/29/2013 0:00,3:00,2013,2013,"M408,","CSX,",65,"M4,","M,",YARD,Alabama,33.513495,-86.803837,"Alabama
(33.513495, -86.803837)"
Derailments,2013:06:CSX:000117523,0,0,150,21623,0,0,0,JEFFERSON,6/17/2013 0:00,22:30,2013,2013,"M408,","CSX,",57,"M4,","M,",YARD,Alabama,33.513495,-86.803837,"Alabama
(33.513495, -86.803837)"
Derailments,2013:06:CSX:000117528,0,0,50,24389,0,0,0,JEFFERSON,6/18/2013 0:00,6:30,2013,2013,"M408,","CSX,",5,"M4,","M,",YARD,Alabama,33.513495,-86.803837,"Alabama
(33.513495, -86.803837)"
Derailments,2013:06:CSX:000117544,0,0,3500,13500,0,0,0,JEFFERSON,6/20/2013 0:00,1:27,2013,2013,"S011,","CSX,",7,"S0,","S,",YARD,Alabama,33.513495,-86.803837,"Alabama
(33.513495, -86.803837)"
Derailments,2014:02:CSX:000126145,0,0,1200,11024,0,0,0,JEFFERSON,2/16/2014 0:00,23:17,2014,2014,"T205,","CSX,",1,"T2,","T,",YARD,Alabama,33.513495,-86.803837,"Alabama
(33.513495, -86.803837)"
Other impacts,2014:04:CSX:000128198,0,0,1000,14569,2,0,0,JEFFERSON,4/6/2014 0:00,2:48,2014,2014,"M408,","CSX,",76,"M4,","M,",YARD,Alabama,33.513495,-86.803837,"Alabama
(33.513495, -86.803837)"
Other impacts,2014:04:CSX:000128786,0,0,0,41212,1,0,0,JEFFERSON,4/18/2014 0:00,23:50,2014,2014,"H991,","CSX,",5,"H9,","H,",YARD,Alabama,33.513495,-86.803837,"Alabama
(33.513495, -86.803837)"
Other impacts,2014:04:CSX:000128876,0,0,0,38255,0,0,0,JEFFERSON,4/21/2014 0:00,20:45,2014,2014,"S013,","CSX,",5,"S0,","S,",YARD,Alabama,33.513495,-86.803837,"Alabama
(33.513495, -86.803837)"
Derailments,2014:09:CSX:000134654,0,0,15500,18178,0,0,0,JEFFERSON,9/10/2014 0:00,1:20,2014,2014,"H503,","CSX,",1,"H5,","H,",YARD,Alabama,33.513495,-86.803837,"Alabama
(33.513495, -86.803837)"
Derailments,2014:10:CSX:000136347,0,0,100,38866,0,0,0,JEFFERSON,10/17/2014 0:00,1:03,2014,2015,"M407,","CSX,",76,"M4,","M,",YARD,Alabama,33.513495,-86.803837,"Alabama
(33.513495, -86.803837)"
Other impacts,2014:11:CSX:000137101,0,0,500,15381,0,0,0,JEFFERSON,11/3/2014 0:00,6:58,2014,2015,"M408,","CSX,",57,"M4,","M,",YARD,Alabama,33.513495,-86.803837,"Alabama
(33.513495, -86.803837)"
Derailments,2015:02:CSX:000141585,0,0,6314,360008,0,0,0,JEFFERSON,2/17/2015 0:00,2:05,2015,2015,"H021,","CSX,",76,"H0,","H,",YARD,Alabama,33.513495,-86.803837,"Alabama
(33.513495, -86.803837)"
Side collision,2015:02:CSX:000141979,0,0,21942,187911,0,0,0,JEFFERSON,2/20/2015 0:00,1:30,2015,2015,"H020,","CSX,",76,"H0,","H,",YARD,Alabama,33.513495,-86.803837,"Alabama
(33.513495, -86.803837)"
Derailments,2015:04:CSX:000145431,0,0,2120,28549,0,0,0,JEFFERSON,4/24/2015 0:00,12:58,2015,2015,"M599,","CSX,",7,"M5,","M,",YARD,Alabama,33.513495,-86.803837,"Alabama
(33.513495, -86.803837)"
Derailments,2015:10:CSX:000153188,0,0,281,18534,0,0,0,JEFFERSON,10/13/2015 0:00,15:25,2015,2016,"H702,","CSX,",8,"H7,","H,",YARD,Alabama,33.513495,-86.803837,"Alabama
(33.513495, -86.803837)"
Side collision,2015:12:CSX:000154935,0,0,601,62683,4,0,0,JEFFERSON,12/6/2015 0:00,1:39,2015,2016,"H607,","CSX,",87,"H6,","H,",YARD,Alabama,33.513495,-86.803837,"Alabama
(33.513495, -86.803837)"
Other impacts,2016:04:CSX:000158689,0,0,350,21435,0,0,0,JEFFERSON,4/1/2016 0:00,18:00,2016,2016,"M408,","CSX,",57,"M4,","M,",YARD,Alabama,33.513495,-86.803837,"Alabama
(33.513495, -86.803837)"
Derailments,2013:02:CSX:000112592,0,0,9170,4698,0,0,0,MONTGOMERY,2/2/2013 0:00,14:47,2013,2013,"H305,","CSX,",7,"H3,","H,",INDUSTRY,Indiana,39.8711,-86.801373,"Indiana
(39.8711, -86.801373)"
Derailments,2015:02:BNSF:SF0215109,0,0,5000,12000,0,0,0,JEFFERSON,2/22/2015 0:00,22:55,2015,2015,"H505,T111,","BNSF,CSX,",7,"H5,T1,","H,T,",YARD,Alabama,33.548063,-86.799844,"Alabama
(33.548063, -86.799844)"
Side collision,2012:08:NS:100838,0,0,1800,143660,0,0,0,TIPPECANOE,8/6/2012 0:00,20:15,2012,2012,"E30C,","NS,",76,"E3,","E,",YARD,Indiana,40.373568,-86.796111,"Indiana
(40.373568, -86.796111)"
Derailments,2012:01:BNSF:SF0112103,0,0,8500,16000,95,5,0,JEFFERSON,1/9/2012 0:00,3:40,2012,2012,"T308,","BNSF,",1,"T3,","T,",YARD,Alabama,33.527426,-86.790512,"Alabama
(33.527426, -86.790512)"
Side collision,2016:08:CSX:000162481,0,0,150,100000,7,7,0,SHELBY,8/26/2016 0:00,20:55,2016,2016,"M502,","CSX,",61,"M5,","M,",YARD,Alabama,33.537511,-86.790457,"Alabama
(33.537511, -86.790457)"
Other impacts,2016:08:CSX:000161993,0,0,185,23202,0,0,0,SHELBY,8/4/2016 0:00,12:41,2016,2016,"S016,","CSX,",5,"S0,","S,",YARD,Alabama,33.543607,-86.79009,"Alabama
(33.543607, -86.79009)"
Derailments,2016:08:CSX:000162175,0,0,210,23208,0,0,0,JEFFERSON,8/16/2016 0:00,10:40,2016,2016,"S013,","CSX,",6,"S0,","S,",YARD,Alabama,33.543607,-86.79009,"Alabama
(33.543607, -86.79009)"
Derailments,2014:07:CSX:000132491,0,0,150,12436,0,0,0,JEFFERSON,7/22/2014 0:00,12:40,2014,2014,"S006,","CSX,",6,"S0,","S,",YARD,Alabama,33.543695,-86.790082,"Alabama
(33.543695, -86.790082)"
Derailments,2015:01:CSX:000140854,0,0,502120,152580,0,0,0,JEFFERSON,1/31/2015 0:00,10:52,2015,2015,"S011,","CSX,",1,"S0,","S,",YARD,Alabama,33.543695,-86.790082,"Alabama
(33.543695, -86.790082)"
Other impacts,2015:03:CSX:000143403,0,0,50,30192,0,0,0,JEFFERSON,3/21/2015 0:00,6:41,2015,2015,"H316,","CSX,",5,"H3,","H,",YARD,Alabama,33.543695,-86.790082,"Alabama
(33.543695, -86.790082)"
Derailments,2015:04:CSX:000145187,0,0,251,10794,0,0,0,JEFFERSON,4/20/2015 0:00,3:18,2015,2015,"M408,","CSX,",5,"M4,","M,",YARD,Alabama,33.543695,-86.790082,"Alabama
(33.543695, -86.790082)"
Derailments,2015:05:CSX:000147039,0,0,1556,16695,0,0,0,JEFFERSON,5/30/2015 0:00,14:30,2015,2015,"E02C,","CSX,",7,"E0,","E,",YARD,Alabama,33.543695,-86.790082,"Alabama
(33.543695, -86.790082)"
Derailments,2015:07:CSX:000148659,0,0,100,25727,0,0,0,JEFFERSON,7/2/2015 0:00,6:00,2015,2015,"H307,","CSX,",7,"H3,","H,",YARD,Alabama,33.543695,-86.790082,"Alabama
(33.543695, -86.790082)"
Derailments,2015:09:CSX:000152517,0,0,20488,15289,8,0,0,JEFFERSON,9/28/2015 0:00,5:42,2015,2015,"S011,","CSX,",1,"S0,","S,",YARD,Alabama,33.543695,-86.790082,"Alabama
(33.543695, -86.790082)"
Derailments,2014:10:CSX:000136624,0,0,34000,23762,13,0,0,DAVIDSON,10/22/2014 0:00,16:00,2014,2015,"E34C,","CSX,",1,"E3,","E,",MAIN,Tennessee,36.165703,-86.789313,"Tennessee
(36.165703, -86.789313)"
Other impacts,2013:07:XCLM:INDUSTRY,0,0,0,13422,0,0,0,SHELBY,7/2/2013 0:00,4:30,2013,2013,"H306,","CSX,",61,"H3,","H,",YARD,Alabama,33.212691,-86.788422,"Alabama
(33.212691, -86.788422)"
Other events,2011:10:ABS:M661811,0,0,0,62000,0,0,0,JEFFERSON,10/10/2011 0:00,20:00,2011,2012,"H999,","ABS,",1,"H9,","H,",YARD,Alabama,33.599833,-86.785555,"Alabama
(33.599833, -86.785555)"
Other impacts,2011:09:CSX:000093850,0,0,0,32635,0,0,0,DAVIDSON,9/6/2011 0:00,13:18,2011,2011,"M201,","CSX,",5,"M2,","M,",YARD,Tennessee,36.169386,-86.785302,"Tennessee
(36.169386, -86.785302)"
Derailments,2011:09:CSX:000095004,0,0,100050,24731,4,0,0,DAVIDSON,9/27/2011 0:00,8:48,2011,2011,"H316,","CSX,",6,"H3,","H,",YARD,Tennessee,36.169386,-86.785302,"Tennessee
(36.169386, -86.785302)"
Derailments,2011:12:CSX:000098742,0,0,5150,22702,2,2,0,DAVIDSON,12/16/2011 0:00,11:40,2011,2012,"S016,","CSX,",6,"S0,","S,",YARD,Tennessee,36.169386,-86.785302,"Tennessee
(36.169386, -86.785302)"
Derailments,2012:02:CSX:000101153,0,0,25000,7723,0,0,0,DAVIDSON,2/27/2012 0:00,20:26,2012,2012,"H702,H306,","CSX,",8,"H7,H3,","H,",YARD,Tennessee,36.169386,-86.785302,"Tennessee
(36.169386, -86.785302)"
Derailments,2012:03:CSX:000101495,0,0,50,23000,0,0,0,DAVIDSON,3/8/2012 0:00,4:55,2012,2012,"H999,","CSX,",5,"H9,","H,",YARD,Tennessee,36.169386,-86.785302,"Tennessee
(36.169386, -86.785302)"
Derailments,2012:12:CSX:000110996,0,0,100,21535,0,0,0,DAVIDSON,12/13/2012 0:00,12:50,2012,2013,"S006,","CSX,",65,"S0,","S,",YARD,Tennessee,36.169386,-86.785302,"Tennessee
(36.169386, -86.785302)"
Derailments,2013:11:CSX:000122655,0,0,300,9842,2,0,0,DAVIDSON,11/9/2013 0:00,8:20,2013,2014,"E34C,","CSX,",7,"E3,","E,",YARD,Tennessee,36.169386,-86.785302,"Tennessee
(36.169386, -86.785302)"
Derailments,2013:11:CSX:000123138,0,0,300,29624,2,0,0,DAVIDSON,11/25/2013 0:00,10:15,2013,2014,"T311,","CSX,",7,"T3,","T,",YARD,Tennessee,36.169386,-86.785302,"Tennessee
(36.169386, -86.785302)"
Side collision,2013:12:CSX:000123490,0,0,0,17099,0,0,0,DAVIDSON,12/7/2013 0:00,1:58,2013,2014,"S016,","CSX,",5,"S0,","S,",YARD,Tennessee,36.169386,-86.785302,"Tennessee
(36.169386, -86.785302)"
Side collision,2014:01:CSX:000125481,0,0,0,11525,0,0,0,DAVIDSON,1/28/2014 0:00,19:30,2014,2014,"S016,","CSX,",5,"S0,","S,",YARD,Tennessee,36.169386,-86.785302,"Tennessee
(36.169386, -86.785302)"
Raking collision,2014:03:CSX:000128129,0,0,0,13100,0,0,0,DAVIDSON,3/30/2014 0:00,4:43,2014,2014,"S016,","CSX,",5,"S0,","S,",YARD,Tennessee,36.169386,-86.785302,"Tennessee
(36.169386, -86.785302)"
Derailments,2014:07:CSX:000131736,0,0,50,29803,0,0,0,DAVIDSON,7/4/2014 0:00,19:20,2014,2014,"H704,","CSX,",4,"H7,","H,",YARD,Tennessee,36.169386,-86.785302,"Tennessee
(36.169386, -86.785302)"