AccidentType,inckey,Fatalities,Injuries,TrackDamage,EquipmentDamage,HazmatCars,HazmatCarsDerailed,HazmatCarsReleasing,County,DisplayDate,DisplayTime,calendar,Fiscal,AccidentCause,RailroadCodes,RAILEQUIPMENT_TYPE,CauseGroup,CauseDiscipline,TYPE_OF_TRACK,StateName,latitude,longitude,GeoLocation
Derailments,2014:10:CSX:000136309,0,0,150,18291,10,4,0,DAVIDSON,10/16/2014 0:00,21:30,2014,2015,"H702,","CSX,",7,"H7,","H,",YARD,Tennessee,36.169386,-86.785302,"Tennessee
(36.169386, -86.785302)"
Other impacts,2015:01:CSX:000140155,0,0,100,15000,0,0,0,DAVIDSON,1/16/2015 0:00,2:43,2015,2015,"M407,","CSX,",6,"M4,","M,",YARD,Tennessee,36.169386,-86.785302,"Tennessee
(36.169386, -86.785302)"
Derailments,2015:02:CSX:000141991,0,0,29100,2464,4,0,0,DAVIDSON,2/22/2015 0:00,6:45,2015,2015,"E07C,","CSX,",7,"E0,","E,",YARD,Tennessee,36.169386,-86.785302,"Tennessee
(36.169386, -86.785302)"
Side collision,2015:04:CSX:000145006,0,0,100,39039,0,0,0,DAVIDSON,4/19/2015 0:00,12:35,2015,2015,"H607,","CSX,",18,"H6,","H,",YARD,Tennessee,36.169386,-86.785302,"Tennessee
(36.169386, -86.785302)"
Derailments,2011:12:NS:097411,0,0,750,9405,0,0,0,TIPPECANOE,12/23/2011 0:00,4:45,2011,2012,"H702,","NS,",1,"H7,","H,",YARD,Indiana,40.37308,-86.777006,"Indiana
(40.37308, -86.777006)"
Derailments,2015:07:CSX:000148848,0,0,15319,196871,0,0,0,DAVIDSON,7/6/2015 0:00,20:25,2015,2015,"H303,","CSX,",7,"H3,","H,",INDUSTRY,Tennessee,36.120712,-86.772372,"Tennessee
(36.120712, -86.772372)"
Derailments,2014:11:CSX:000138056,0,0,250,29455,0,0,0,DAVIDSON,11/25/2014 0:00,13:30,2014,2015,"T310,","CSX,",1,"T3,","T,",YARD,Tennessee,36.119261,-86.772365,"Tennessee
(36.119261, -86.772365)"
Derailments,2015:03:CSX:000143434,0,0,500,16000,13,0,0,DAVIDSON,3/22/2015 0:00,2:00,2015,2015,"E04C,","CSX,",7,"E0,","E,",YARD,Tennessee,36.112148,-86.770741,"Tennessee
(36.112148, -86.770741)"
Derailments,2015:04:CSX:000144410,0,0,500,19048,28,0,0,DAVIDSON,4/7/2015 0:00,24:35:00,2015,2015,"T310,","CSX,",1,"T3,","T,",YARD,Tennessee,36.112148,-86.770741,"Tennessee
(36.112148, -86.770741)"
Side collision,2015:08:CSX:000150399,0,0,0,12458,1,0,0,DAVIDSON,8/10/2015 0:00,21:30,2015,2015,"M408,","CSX,",65,"M4,","M,",YARD,Tennessee,36.112148,-86.770741,"Tennessee
(36.112148, -86.770741)"
Derailments,2016:01:CSX:000156092,0,0,100,38400,0,0,0,DAVIDSON,1/16/2016 0:00,5:05,2016,2016,"T314,","CSX,",1,"T3,","T,",YARD,Tennessee,36.112143,-86.770738,"Tennessee
(36.112143, -86.770738)"
Raking collision,2016:02:CSX:000157530,0,0,0,22640,0,0,0,DAVIDSON,2/28/2016 0:00,24:20:00,2016,2016,"E04C,","CSX,",6,"E0,","E,",YARD,Tennessee,36.112143,-86.770738,"Tennessee
(36.112143, -86.770738)"
Derailments,2016:06:CSX:000160795,0,0,6488,21838,0,0,0,DAVIDSON,6/24/2016 0:00,6:00,2016,2016,"T207,","CSX,",1,"T2,","T,",YARD,Tennessee,36.112143,-86.770738,"Tennessee
(36.112143, -86.770738)"
Derailments,2012:12:CSX:000111317,0,0,1100,13021,8,2,0,DAVIDSON,12/20/2012 0:00,17:00,2012,2013,"T220,","CSX,",7,"T2,","T,",YARD,Tennessee,36.112013,-86.770667,"Tennessee
(36.112013, -86.770667)"
Derailments,2013:12:CSX:000124180,0,0,50,13738,16,0,0,DAVIDSON,12/26/2013 0:00,6:40,2013,2014,"H995,","CSX,",7,"H9,","H,",YARD,Tennessee,36.112013,-86.770667,"Tennessee
(36.112013, -86.770667)"
Derailments,2011:06:CHMQ:INDUSTRY,0,0,500,10053,0,0,0,SHELBY,6/7/2011 0:00,17:00,2011,2011,"M506,","CSX,",1,"M5,","M,",INDUSTRY,Alabama,33.175565,-86.76646,"Alabama
(33.175565, -86.76646)"
Derailments,2011:10:CSX:000095414,0,0,100,30215,2,0,0,MARSHALL,10/7/2011 0:00,9:42,2011,2012,"E33C,","CSX,",1,"E3,","E,",MAIN,Tennessee,35.532936,-86.762185,"Tennessee
(35.532936, -86.762185)"
Raking collision,2015:08:CSX:000150388,0,0,0,61048,1,0,0,DAVIDSON,8/10/2015 0:00,15:00,2015,2015,"E06C,","CSX,",6,"E0,","E,",YARD,Tennessee,36.09217,-86.760617,"Tennessee
(36.09217, -86.760617)"
Derailments,2015:09:CSX:000151771,0,0,22100,243968,0,0,0,DAVIDSON,9/4/2015 0:00,23:15,2015,2015,"E30C,","CSX,",7,"E3,","E,",YARD,Tennessee,36.09217,-86.760617,"Tennessee
(36.09217, -86.760617)"
Derailments,2016:02:CSX:000157120,0,0,1200,23217,0,0,0,DAVIDSON,2/16/2016 0:00,18:30,2016,2016,"E04C,","CSX,",7,"E0,","E,",YARD,Tennessee,36.09217,-86.760617,"Tennessee
(36.09217, -86.760617)"
Derailments,2012:07:CSX:000106432,0,0,11600,13740,0,0,0,SHELBY,7/28/2012 0:00,4:00,2012,2012,"M501,","CSX,",1,"M5,","M,",MAIN,Alabama,33.287693,-86.758038,"Alabama
(33.287693, -86.758038)"
Derailments,2013:07:CSX:000118546,0,0,30000,139812,0,0,0,CULLMAN,7/17/2013 0:00,6:34,2013,2013,"T207,","CSX,",1,"T2,","T,",SIDING,Alabama,34.054089,-86.751798,"Alabama
(34.054089, -86.751798)"
Derailments,2016:08:CSX:000162221,0,0,615,22025,0,0,0,SHELBY,8/18/2016 0:00,11:09,2016,2016,"H702,H799,","CSX,",1,"H7,","H,",YARD,Alabama,33.117021,-86.751195,"Alabama
(33.117021, -86.751195)"
Derailments,2011:06:CSX:000091000,0,1,500,9668,0,0,0,SHELBY,6/26/2011 0:00,16:00,2011,2011,"T210,","CSX,",1,"T2,","T,",YARD,Alabama,33.119205,-86.751181,"Alabama
(33.119205, -86.751181)"
Other impacts,2013:08:CSX:000119283,0,0,200,10760,0,0,0,HANCOCK,8/8/2013 0:00,8:55,2013,2013,"H018,","CSX,",61,"H0,","H,",YARD,Kentucky,37.904068,-86.750474,"Kentucky
(37.904068, -86.750474)"
Side collision,2015:03:NS:115073,0,0,164034,88693,55,10,0,JEFFERSON,3/31/2015 0:00,20:40,2015,2015,"H306,","NS,",71,"H3,","H,",YARD,Alabama,33.539022,-86.706299,"Alabama
(33.539022, -86.706299)"
Derailments,2015:01:XKIE:INDUSTRY,0,0,8932,147234,0,0,0,LA PORTE,1/28/2015 0:00,12:30,2015,2015,"H703,","GTW,",1,"H7,","H,",INDUSTRY,Indiana,41.523699,-86.696021,"Indiana
(41.523699, -86.696021)"
Side collision,2011:09:CSX:000094993,0,0,3000,67577,0,0,0,HENDRICKS,9/27/2011 0:00,5:15,2011,2011,"H306,H702,H399,","CSX,INRD,",71,"H3,H7,H3,","H,",YARD,Indiana,39.763157,-86.695334,"Indiana
(39.763157, -86.695334)"
Other impacts,2013:11:NS:107627,0,0,0,40700,0,0,0,JEFFERSON,11/6/2013 0:00,12:55,2013,2014,"M411,","NS,",7,"M4,","M,",YARD,Alabama,33.548905,-86.678008,"Alabama
(33.548905, -86.678008)"
Derailments,2014:01:NS:108796,0,0,152,11956,0,0,0,JEFFERSON,1/28/2014 0:00,22:25,2014,2014,"M101,","NS,",1,"M1,","M,",YARD,Alabama,33.548905,-86.678008,"Alabama
(33.548905, -86.678008)"
Derailments,2014:01:NS:108844,0,0,0,11576,0,0,0,JEFFERSON,1/31/2014 0:00,1:40,2014,2014,"H303,","NS,",8,"H3,","H,",YARD,Alabama,33.548905,-86.678008,"Alabama
(33.548905, -86.678008)"
Derailments,2014:05:NS:110510,0,0,1546,10767,0,0,0,JEFFERSON,5/18/2014 0:00,12:30,2014,2014,"H706,","NS,",71,"H7,","H,",YARD,Alabama,33.548905,-86.678008,"Alabama
(33.548905, -86.678008)"
Other impacts,2014:11:NS:113139,0,0,0,12234,0,0,0,JEFFERSON,11/22/2014 0:00,3:40,2014,2015,"H306,","NS,",8,"H3,","H,",YARD,Alabama,33.548905,-86.678008,"Alabama
(33.548905, -86.678008)"
Raking collision,2015:01:NS:113635,0,0,0,19650,0,0,0,JEFFERSON,1/1/2015 0:00,17:30,2015,2015,"S016,","NS,",7,"S0,","S,",YARD,Alabama,33.548905,-86.678008,"Alabama
(33.548905, -86.678008)"
Derailments,2015:01:NS:113932,0,0,5684,15000,0,0,0,JEFFERSON,1/20/2015 0:00,14:20,2015,2015,"M411,","NS,",7,"M4,","M,",YARD,Alabama,33.548905,-86.678008,"Alabama
(33.548905, -86.678008)"
Derailments,2015:04:NS:115184,0,0,1275,18900,0,0,0,JEFFERSON,4/9/2015 0:00,1:25,2015,2015,"H021,","NS,",7,"H0,","H,",YARD,Alabama,33.548905,-86.678008,"Alabama
(33.548905, -86.678008)"
Derailments,2015:05:NS:115492,0,0,3287,27098,0,0,0,JEFFERSON,5/1/2015 0:00,21:35,2015,2015,"T215,","NS,",8,"T2,","T,",YARD,Alabama,33.548905,-86.678008,"Alabama
(33.548905, -86.678008)"
Derailments,2015:07:NS:116598,0,0,3300,17000,1,1,1,JEFFERSON,7/19/2015 0:00,8:55,2015,2015,"S016,","NS,",7,"S0,","S,",YARD,Alabama,33.548905,-86.678008,"Alabama
(33.548905, -86.678008)"
Derailments,2015:08:NS:116782,0,0,3675,11700,0,0,0,JEFFERSON,8/3/2015 0:00,19:20,2015,2015,"M411,","NS,",7,"M4,","M,",YARD,Alabama,33.548905,-86.678008,"Alabama
(33.548905, -86.678008)"
Other events,2015:10:NS:117738,0,0,11305,0,0,0,0,JEFFERSON,10/11/2015 0:00,10:45,2015,2016,"T399,","NS,",7,"T3,","T,",YARD,Alabama,33.548905,-86.678008,"Alabama
(33.548905, -86.678008)"
Derailments,2015:11:NS:118150,0,0,6000,10080,0,0,0,JEFFERSON,11/10/2015 0:00,13:45,2015,2016,"T110,","NS,",7,"T1,","T,",YARD,Alabama,33.548905,-86.678008,"Alabama
(33.548905, -86.678008)"
Derailments,2015:12:NS:118595,0,0,5790,101785,2,2,0,JEFFERSON,12/17/2015 0:00,12:15,2015,2016,"T207,","NS,",7,"T2,","T,",YARD,Alabama,33.548905,-86.678008,"Alabama
(33.548905, -86.678008)"
Derailments,2016:08:NS:121827,0,0,0,127935,0,0,0,JEFFERSON,8/26/2016 0:00,12:40,2016,2016,"S007,","NS,",7,"S0,","S,",YARD,Alabama,33.548905,-86.678008,"Alabama
(33.548905, -86.678008)"
Derailments,2011:07:NS:095465,0,0,0,9800,0,0,0,JEFFERSON,7/2/2011 0:00,5:10,2011,2011,"H702,","NS,",6,"H7,","H,",YARD,Alabama,33.548875,-86.677927,"Alabama
(33.548875, -86.677927)"
Derailments,2012:04:NS:099367,0,0,13900,1750,0,0,0,JEFFERSON,4/13/2012 0:00,17:00,2012,2012,"E61C,","NS,",1,"E6,","E,",YARD,Alabama,33.548875,-86.677927,"Alabama
(33.548875, -86.677927)"
Derailments,2012:06:NS:100160,0,0,23500,2000,0,0,0,JEFFERSON,6/19/2012 0:00,8:20,2012,2012,"T317,","NS,",7,"T3,","T,",YARD,Alabama,33.548875,-86.677927,"Alabama
(33.548875, -86.677927)"
Derailments,2012:06:NS:100248,0,0,17300,400,0,0,0,JEFFERSON,6/25/2012 0:00,6:45,2012,2012,"M101,","NS,",7,"M1,","M,",YARD,Alabama,33.548875,-86.677927,"Alabama
(33.548875, -86.677927)"
Derailments,2012:08:NS:100928,0,0,0,11125,0,0,0,JEFFERSON,8/11/2012 0:00,3:55,2012,2012,"M599,","NS,",8,"M5,","M,",YARD,Alabama,33.548875,-86.677927,"Alabama
(33.548875, -86.677927)"
Derailments,2012:10:NS:101653,0,0,36000,300,0,0,0,JEFFERSON,10/2/2012 0:00,16:35,2012,2013,"S006,","NS,",7,"S0,","S,",YARD,Alabama,33.548875,-86.677927,"Alabama
(33.548875, -86.677927)"
Derailments,2012:10:NS:101858,0,0,200,30000,0,0,0,JEFFERSON,10/18/2012 0:00,3:05,2012,2013,"T207,","NS,",7,"T2,","T,",YARD,Alabama,33.548875,-86.677927,"Alabama
(33.548875, -86.677927)"
Derailments,2012:10:NS:101946,0,0,0,20000,0,0,0,JEFFERSON,10/24/2012 0:00,20:07,2012,2013,"H220,","NS,",8,"H2,","H,",MAIN,Alabama,33.548875,-86.677927,"Alabama
(33.548875, -86.677927)"
Derailments,2013:02:NS:103484,0,0,16500,18000,0,0,0,JEFFERSON,2/18/2013 0:00,2:38,2013,2013,"H019,","NS,",7,"H0,","H,",YARD,Alabama,33.548875,-86.677927,"Alabama
(33.548875, -86.677927)"
Derailments,2013:03:NS:103736,0,0,16800,600,0,0,0,JEFFERSON,3/7/2013 0:00,12:50,2013,2013,"S007,","NS,",7,"S0,","S,",YARD,Alabama,33.548875,-86.677927,"Alabama
(33.548875, -86.677927)"
Derailments,2013:04:NS:104325,0,0,1000,63000,4,1,0,JEFFERSON,4/19/2013 0:00,12:01,2013,2013,"M411,","NS,",7,"M4,","M,",YARD,Alabama,33.548875,-86.677927,"Alabama
(33.548875, -86.677927)"
Derailments,2013:06:NS:105088,0,0,18000,1100,0,0,0,JEFFERSON,6/16/2013 0:00,21:25,2013,2013,"S006,","NS,",1,"S0,","S,",YARD,Alabama,33.548875,-86.677927,"Alabama
(33.548875, -86.677927)"
Derailments,2013:06:NS:105118,0,0,0,11000,0,0,0,JEFFERSON,6/18/2013 0:00,13:40,2013,2013,"H306,","NS,",8,"H3,","H,",YARD,Alabama,33.548875,-86.677927,"Alabama
(33.548875, -86.677927)"
Derailments,2014:07:NS:111384,0,0,26163,6600,0,0,0,LA PORTE,7/19/2014 0:00,19:15,2014,2014,"E53C,","NS,",1,"E5,","E,",MAIN,Indiana,41.641376,-86.669551,"Indiana
(41.641376, -86.669551)"
Derailments,2014:02:ATN:ATNCS14632,0,0,70000,304000,0,0,0,JEFFERSON,2/13/2014 0:00,23:03,2014,2014,"T110,T222,","ATN,",1,"T1,T2,","T,",MAIN,Alabama,33.557184,-86.663621,"Alabama
(33.557184, -86.663621)"
Highway-rail impact,2015:04:NS:115120,0,0,62042,30,0,0,0,CLINTON,4/3/2015 0:00,20:50,2015,2015,"M302,","NS,",1,"M3,","M,",MAIN,Indiana,40.338566,-86.661114,"Indiana
(40.338566, -86.661114)"
Obstruction impact,2012:09:NS:101506,0,0,0,20000,0,0,0,STARKE,9/22/2012 0:00,9:15,2012,2012,"H402,","NS,",NA,"H4,","H,",MAIN,Indiana,41.307551,-86.644251,"Indiana
(41.307551, -86.644251)"
Derailments,2011:07:INRD:644123,0,0,145270,1750000,0,0,0,MONROE,7/10/2011 0:00,14:52,2011,2011,"T109,","INRD,",1,"T1,","T,",MAIN,Indiana,39.001947,-86.633405,"Indiana
(39.001947, -86.633405)"
Highway-rail impact,2016:07:CSX:000161596,1,0,32000,0,0,0,0,SHELBY,7/25/2016 0:00,12:48,2016,2016,"M302,","CSX,",1,"M3,","M,",MAIN,Alabama,33.340998,-86.630428,"Alabama
(33.340998, -86.630428)"
Highway-rail impact,2013:07:NERR:7232013,0,0,0,30000,0,0,0,DAVIDSON,7/23/2013 0:00,7:15,2013,2013,"M302,","NERR,NRTX,",NA,"M3,","M,",MAIN,Tennessee,36.184978,-86.618957,"Tennessee
(36.184978, -86.618957)"
Other impacts,2013:11:NS:107811,0,0,0,10000,0,0,0,CRAWFORD,11/20/2013 0:00,9:22,2013,2014,"H997,","NS,",NA,"H9,","H,",MAIN,Indiana,38.318339,-86.587831,"Indiana
(38.318339, -86.587831)"
Head on collision,2013:07:CSX:000118366,0,0,2400,72650,2,0,0,SIMPSON,7/13/2013 0:00,22:50,2013,2013,"M502,","CSX,",51,"M5,","M,",MAIN,Kentucky,36.736455,-86.574316,"Kentucky
(36.736455, -86.574316)"
Derailments,2012:01:CSX:000100093,0,0,3850,5685,0,0,0,SIMPSON,1/26/2012 0:00,19:45,2012,2012,"H307,","CSX,",1,"H3,","H,",INDUSTRY,Kentucky,36.740772,-86.573352,"Kentucky
(36.740772, -86.573352)"
Derailments,2014:04:ATN:ATN140723,0,0,80000,40000,0,0,0,JEFFERSON,4/28/2014 0:00,7:05,2014,2014,"T110,","ATN,",1,"T1,","T,",MAIN,Alabama,33.607027,-86.570262,"Alabama
(33.607027, -86.570262)"
Derailments,2012:11:BHRR:D424612,0,0,2500,11500,0,0,0,JEFFERSON,11/17/2012 0:00,15:25,2012,2013,"T319,H306,","BHRR,",1,"T3,H3,","T,H,",YARD,Alabama,33.300736,-86.544049,"Alabama
(33.300736, -86.544049)"
Derailments,2014:10:NS:112460,0,0,94040,125000,26,0,0,SHELBY,10/4/2014 0:00,18:00,2014,2015,"E27C,","NS,",1,"E2,","E,",MAIN,Alabama,33.512072,-86.544045,"Alabama
(33.512072, -86.544045)"
Derailments,2013:03:CSX:000113951,0,0,300,29147,12,0,0,HENDRICKS,3/15/2013 0:00,16:30,2013,2013,"E33C,","CSX,",1,"E3,","E,",MAIN,Indiana,39.886178,-86.537434,"Indiana
(39.886178, -86.537434)"
Derailments,2015:10:NS:117814,0,0,300,23012,0,0,0,CLINTON,10/16/2015 0:00,21:30,2015,2016,"H704,","NS,",7,"H7,","H,",YARD,Indiana,40.282476,-86.52475,"Indiana
(40.282476, -86.52475)"
Derailments,2012:06:NS:100107,0,0,800,65923,0,0,0,CLINTON,6/14/2012 0:00,9:30,2012,2012,"T314,","NS,",1,"T3,","T,",INDUSTRY,Indiana,40.282437,-86.522931,"Indiana
(40.282437, -86.522931)"
Derailments,2012:08:NS:101013,0,0,300,24400,0,0,0,CLINTON,8/16/2012 0:00,2:00,2012,2012,"H702,","NS,",7,"H7,","H,",YARD,Indiana,40.282617,-86.505358,"Indiana
(40.282617, -86.505358)"
Highway-rail impact,2013:12:CSX:000124032,0,1,0,25000,0,0,0,WARREN,12/19/2013 0:00,24:19:00,2013,2014,"M303,","CSX,",1,"M3,","M,",MAIN,Kentucky,36.910216,-86.500937,"Kentucky
(36.910216, -86.500937)"
Derailments,2013:09:CSX:000120303,0,0,50,304376,0,0,0,LAWRENCE,9/8/2013 0:00,10:53,2013,2013,"M502,","CSX,",6,"M5,","M,",MAIN,Indiana,38.811053,-86.499663,"Indiana
(38.811053, -86.499663)"
Derailments,2015:04:CSX:000144233,0,0,254489,3165,2,0,0,SUMNER,4/5/2015 0:00,2:50,2015,2015,"E53C,","CSX,",1,"E5,","E,",MAIN,Tennessee,36.379103,-86.479771,"Tennessee
(36.379103, -86.479771)"
Derailments,2015:05:CSX:000145686,0,0,500,13100,0,0,0,RUTHERFORD,5/2/2015 0:00,1:00,2015,2015,"H306,","CSX,",1,"H3,","H,",YARD,Tennessee,35.936606,-86.479426,"Tennessee
(35.936606, -86.479426)"
Side collision,2015:07:CSX:000150076,0,0,58134,35750,0,0,0,JEFFERSON,7/30/2015 0:00,9:25,2015,2015,"H020,","ATN,CSX,",7,"H0,","H,",YARD,Alabama,33.513495,-86.471598,"Alabama
(33.513495, -86.471598)"
Derailments,2013:11:CSX:000123107,0,0,1200,60200,0,0,0,RUTHERFORD,11/23/2013 0:00,11:00,2013,2014,"T110,","CSX,",1,"T1,","T,",SIDING,Tennessee,35.923432,-86.467978,"Tennessee
(35.923432, -86.467978)"
Derailments,2011:06:CSX:000090204,0,0,250000,740306,9,6,0,SHELBY,6/3/2011 0:00,14:30,2011,2011,"E47C,","CSX,",1,"E4,","E,",MAIN,Alabama,33.338586,-86.465389,"Alabama
(33.338586, -86.465389)"
Derailments,2013:05:MQT:MQT374313D,0,0,7000,11000,0,0,0,MASON,5/6/2013 0:00,20:00,2013,2013,"T221,","MQT,",7,"T2,","T,",YARD,Michigan,43.949296,-86.423414,"Michigan
(43.949296, -86.423414)"
Highway-rail impact,2012:12:NS:102558,0,1,115912,28405,5,0,0,CASS,12/17/2012 0:00,7:58,2012,2013,"M304,","NS,",1,"M3,","M,",MAIN,Indiana,40.730168,-86.40459,"Indiana
(40.730168, -86.40459)"
Derailments,2016:03:XHRB:INDUSTRY,0,0,9850,12631,0,0,0,HENDRICKS,3/11/2016 0:00,9:40,2016,2016,"E76L,","CSX,",7,"E7,","E,",INDUSTRY,Indiana,39.758381,-86.390744,"Indiana
(39.758381, -86.390744)"
Derailments,2011:06:IC:711050X,0,0,35000,57939,8,5,0,COOK,6/5/2011 0:00,19:00,2011,2011,"M599,","IC,WC,",1,"M5,","M,",YARD,Illinois,41.356,-86.39,"Illinois
(41.356, -86.39)"
Derailments,2012:11:CSX:000110303,0,0,200,19306,0,0,0,MARSHALL,11/17/2012 0:00,1:37,2012,2013,"E24C,","CSX,",1,"E2,","E,",MAIN,Indiana,41.464562,-86.388106,"Indiana
(41.464562, -86.388106)"
Other events,2015:02:NS:114266,0,0,403,24100,0,0,0,CASS,2/9/2015 0:00,12:45,2015,2015,"E20C,","NS,",1,"E2,","E,",MAIN,Indiana,40.741266,-86.38325,"Indiana
(40.741266, -86.38325)"
Derailments,2015:05:CSX:000146308,0,0,1000,36484,9,9,0,HENDRICKS,5/16/2015 0:00,21:45,2015,2015,"E46C,T311,","CSX,",7,"E4,T3,","E,T,",YARD,Indiana,39.758864,-86.371503,"Indiana
(39.758864, -86.371503)"
Other impacts,2011:06:CSX:000090318,0,0,0,12000,0,0,0,HENDRICKS,6/4/2011 0:00,23:45,2011,2011,"M199,","CSX,",65,"M1,","M,",YARD,Indiana,39.759222,-86.3539,"Indiana
(39.759222, -86.3539)"
Other impacts,2011:06:CSX:000090549,0,0,0,22645,1,0,0,HENDRICKS,6/15/2011 0:00,21:45,2011,2011,"E04C,","CSX,",5,"E0,","E,",YARD,Indiana,39.759222,-86.3539,"Indiana
(39.759222, -86.3539)"
Derailments,2011:06:CSX:000090886,0,0,400,23000,1,0,0,HENDRICKS,6/23/2011 0:00,23:15,2011,2011,"T317,","CSX,",6,"T3,","T,",YARD,Indiana,39.759222,-86.3539,"Indiana
(39.759222, -86.3539)"
Other impacts,2011:07:CSX:000091878,0,0,0,13402,0,0,0,HENDRICKS,7/15/2011 0:00,8:51,2011,2011,"H316,","CSX,",6,"H3,","H,",YARD,Indiana,39.759222,-86.3539,"Indiana
(39.759222, -86.3539)"
Other impacts,2011:10:CSX:000095813,0,0,200,62714,0,0,0,HENDRICKS,10/18/2011 0:00,15:15,2011,2012,"H305,","CSX,",7,"H3,","H,",YARD,Indiana,39.759222,-86.3539,"Indiana
(39.759222, -86.3539)"
Other impacts,2011:11:CSX:000097964,0,0,1000,39464,1,0,0,HENDRICKS,11/21/2011 0:00,21:30,2011,2012,"M407,","CSX,",75,"M4,","M,",YARD,Indiana,39.759222,-86.3539,"Indiana
(39.759222, -86.3539)"
Other impacts,2011:11:CSX:000098072,0,0,0,81580,1,1,0,HENDRICKS,11/28/2011 0:00,21:27,2011,2012,"H019,","CSX,",56,"H0,","H,",YARD,Indiana,39.759222,-86.3539,"Indiana
(39.759222, -86.3539)"
Other impacts,2012:04:CSX:000102660,0,0,0,117844,2,2,0,HENDRICKS,4/12/2012 0:00,5:10,2012,2012,"M407,","CSX,",6,"M4,","M,",YARD,Indiana,39.759222,-86.353899,"Indiana
(39.759222, -86.353899)"
Derailments,2012:04:CSX:000102849,0,0,0,24420,4,2,0,HENDRICKS,4/17/2012 0:00,19:45,2012,2012,"E06C,","CSX,",56,"E0,","E,",YARD,Indiana,39.759222,-86.353899,"Indiana
(39.759222, -86.353899)"
Other impacts,2012:05:CSX:000103511,0,0,500,43247,9,1,0,HENDRICKS,5/8/2012 0:00,12:05,2012,2012,"H702,","CSX,",87,"H7,","H,",YARD,Indiana,39.759222,-86.353899,"Indiana
(39.759222, -86.353899)"
Other impacts,2012:06:CSX:000104957,0,0,0,16979,4,0,0,HENDRICKS,6/18/2012 0:00,2:05,2012,2012,"H306,","CSX,",68,"H3,","H,",YARD,Indiana,39.759222,-86.353899,"Indiana
(39.759222, -86.353899)"
Other impacts,2012:12:CSX:000110966,0,0,0,43452,0,0,0,HENDRICKS,12/12/2012 0:00,9:44,2012,2013,"H316,","CSX,",65,"H3,","H,",YARD,Indiana,39.759222,-86.353899,"Indiana
(39.759222, -86.353899)"
Derailments,2012:12:CSX:000111299,0,0,1500,9877,8,0,0,HENDRICKS,12/22/2012 0:00,24:55:00,2012,2013,"E26C,","CSX,",1,"E2,","E,",YARD,Indiana,39.759222,-86.353899,"Indiana
(39.759222, -86.353899)"
Other impacts,2013:03:CSX:000114354,0,0,0,17398,4,0,0,HENDRICKS,3/27/2013 0:00,3:00,2013,2013,"H317,","CSX,",56,"H3,","H,",YARD,Indiana,39.759222,-86.353899,"Indiana
(39.759222, -86.353899)"
Other impacts,2013:10:CSX:000121884,0,0,0,17065,0,0,0,HENDRICKS,10/18/2013 0:00,24:15:00,2013,2014,"E66C,","CSX,",5,"E6,","E,",YARD,Indiana,39.759222,-86.353899,"Indiana
(39.759222, -86.353899)"
Derailments,2013:11:CSX:000123095,0,0,4500,15681,0,0,0,HENDRICKS,11/24/2013 0:00,21:00,2013,2014,"S007,","CSX,",7,"S0,","S,",YARD,Indiana,39.759222,-86.353899,"Indiana
(39.759222, -86.353899)"
Other impacts,2013:12:CSX:000123284,0,0,100,64964,0,0,0,HENDRICKS,12/1/2013 0:00,2:52,2013,2014,"M407,","CSX,",676,"M4,","M,",YARD,Indiana,39.759222,-86.353899,"Indiana
(39.759222, -86.353899)"
Other impacts,2013:12:CSX:000124100,0,0,0,17036,0,0,0,HENDRICKS,12/21/2013 0:00,23:55,2013,2014,"M407,","CSX,",6,"M4,","M,",YARD,Indiana,39.759222,-86.353899,"Indiana
(39.759222, -86.353899)"
Other impacts,2014:02:CSX:000126522,0,0,100,17725,0,0,0,HENDRICKS,2/27/2014 0:00,6:00,2014,2014,"T305,","CSX,",76,"T3,","T,",YARD,Indiana,39.759222,-86.353899,"Indiana
(39.759222, -86.353899)"
Other impacts,2014:03:CSX:000127095,0,0,100,16680,0,0,0,HENDRICKS,3/10/2014 0:00,2:30,2014,2014,"E39C,","CSX,",67,"E3,","E,",YARD,Indiana,39.759222,-86.353899,"Indiana
(39.759222, -86.353899)"
Side collision,2014:03:CSX:000127279,0,0,0,34437,2,0,0,HENDRICKS,3/14/2014 0:00,23:30,2014,2014,"H306,","CSX,",7,"H3,","H,",YARD,Indiana,39.759222,-86.353899,"Indiana
(39.759222, -86.353899)"
Derailments,2014:03:CSX:000127595,0,0,50,23893,0,0,0,HENDRICKS,3/24/2014 0:00,1:35,2014,2014,"S006,","CSX,",6,"S0,","S,",YARD,Indiana,39.759222,-86.353899,"Indiana
(39.759222, -86.353899)"
Side collision,2014:05:CSX:000129794,0,0,200,68172,0,0,0,HENDRICKS,5/15/2014 0:00,1:05,2014,2014,"H702,H599,","CSX,",17,"H7,H5,H7,H5,","H,",YARD,Indiana,39.759222,-86.353899,"Indiana
(39.759222, -86.353899)"
Derailments,2014:07:CSX:000131994,0,0,0,48738,0,0,0,HENDRICKS,7/11/2014 0:00,12:14,2014,2014,"M407,","CSX,",56,"M4,","M,",YARD,Indiana,39.759222,-86.353899,"Indiana
(39.759222, -86.353899)"