AccidentType,inckey,Fatalities,Injuries,TrackDamage,EquipmentDamage,HazmatCars,HazmatCarsDerailed,HazmatCarsReleasing,County,DisplayDate,DisplayTime,calendar,Fiscal,AccidentCause,RailroadCodes,RAILEQUIPMENT_TYPE,CauseGroup,CauseDiscipline,TYPE_OF_TRACK,StateName,latitude,longitude,GeoLocation
Derailments,2014:10:MSO:10292014,0,0,9088,11516,0,0,0,ST JOSEPH,10/29/2014 0:00,24:10:00,2014,2015,"T113,","MSO,",1,"T1,","T,",MAIN,Michigan,41.789069,-85.553601,"Michigan
(41.789069, -85.553601)"
Derailments,2014:08:NS:111993,0,0,23057,194,1,1,0,DADE,8/31/2014 0:00,23:12,2014,2014,"H521,","NS,",1,"H5,","H,",MAIN,Georgia,34.693015,-85.538343,"Georgia
(34.693015, -85.538343)"
Derailments,2015:03:CSX:000143990,0,0,100,17870,0,0,0,JEFFERSON,3/31/2015 0:00,23:56,2015,2015,"H306,","CSX,",1,"H3,","H,",YARD,Kentucky,38.279918,-85.516804,"Kentucky
(38.279918, -85.516804)"
Derailments,2012:04:CSX:000102562,0,0,5000,20663,0,0,0,JEFFERSON,4/11/2012 0:00,3:52,2012,2012,"E49C,","CSX,",7,"E4,","E,",YARD,Kentucky,38.291972,-85.510505,"Kentucky
(38.291972, -85.510505)"
Derailments,2016:05:CSX:000159803,0,0,11400,7060,0,0,0,JEFFERSON,5/15/2016 0:00,1:01,2016,2016,"M405,","CSX,",1,"M4,","M,",YARD,Kentucky,38.291972,-85.510505,"Kentucky
(38.291972, -85.510505)"
Highway-rail impact,2014:11:CSX:000137662,0,0,26000,800,3,0,0,JEFFERSON,11/17/2014 0:00,16:40,2014,2015,"M399,","CSX,",1,"M3,","M,",MAIN,Kentucky,38.30155,-85.498989,"Kentucky
(38.30155, -85.498989)"
Derailments,2012:10:NS:101723,0,0,83000,295179,0,0,0,DADE,10/7/2012 0:00,19:34,2012,2013,"E51C,","NS,",1,"E5,","E,",MAIN,Georgia,34.939601,-85.451008,"Georgia
(34.939601, -85.451008)"
Derailments,2014:11:CSX:000137225,0,0,60000,575382,0,0,0,DALE,11/3/2014 0:00,23:10,2014,2015,"T207,","CSX,",1,"T2,","T,",MAIN,Alabama,31.2974,-85.428795,"Alabama
(31.2974, -85.428795)"
Derailments,2016:06:GLC:GLC063016D,0,0,19701,0,0,0,0,WEXFORD,6/30/2016 0:00,15:30,2016,2016,"T319,","GLC,",1,"T3,","T,",YARD,Michigan,44.25868,-85.426583,"Michigan
(44.25868, -85.426583)"
Rear end collision,2013:05:NS:104652,0,1,0,13750,0,0,0,DELAWARE,5/13/2013 0:00,13:05,2013,2013,"H997,","NS,",NA,"H9,","H,",MAIN,Indiana,40.1966,-85.388415,"Indiana
(40.1966, -85.388415)"
Derailments,2011:05:CSX:000089740,0,0,200,49221,1,1,1,HOUSTON,5/25/2011 0:00,1:20,2011,2011,"H018,","CSX,",5,"H0,","H,",YARD,Alabama,31.230613,-85.387526,"Alabama
(31.230613, -85.387526)"
Derailments,2012:02:CSX:000100578,0,0,10000,84059,0,0,0,HOUSTON,2/9/2012 0:00,20:10,2012,2012,"T202,","CSX,",7,"T2,","T,",YARD,Alabama,31.230613,-85.387526,"Alabama
(31.230613, -85.387526)"
Other events,2016:06:CSX:000160634,0,0,0,19186,0,0,0,HAMILTON,6/15/2016 0:00,2:27,2016,2016,"M204,","CSX,",65,"M2,","M,",YARD,Tennessee,35.006723,-85.376506,"Tennessee
(35.006723, -85.376506)"
Derailments,2016:07:CSX:000161184,0,0,1000,70272,0,0,0,HAMILTON,7/10/2016 0:00,22:00,2016,2016,"T207,","CSX,",7,"T2,","T,",YARD,Tennessee,35.006723,-85.376506,"Tennessee
(35.006723, -85.376506)"
Highway-rail impact,2016:07:NS:121260,0,3,210000,1731641,5,0,0,HAMILTON,7/14/2016 0:00,8:18,2016,2016,"M304,","NS,",1,"M3,","M,",MAIN,Tennessee,35.00812,-85.37467,"Tennessee
(35.00812, -85.37467)"
Raking collision,2012:10:CSX:000109587,0,0,70100,19000,0,0,0,HAMILTON,10/26/2012 0:00,4:34,2012,2013,"H306,","CSX,",15,"H3,","H,",YARD,Tennessee,35.009102,-85.374454,"Tennessee
(35.009102, -85.374454)"
Derailments,2012:11:CSX:000110397,0,0,1000,16000,7,0,0,HAMILTON,11/21/2012 0:00,9:44,2012,2013,"H702,","CSX,",1,"H7,","H,",YARD,Tennessee,35.009102,-85.374454,"Tennessee
(35.009102, -85.374454)"
Derailments,2014:02:CSX:000125971,0,0,150,26913,0,0,0,HAMILTON,2/13/2014 0:00,9:26,2014,2014,"M101,","CSX,",1,"M1,","M,",YARD,Tennessee,35.009102,-85.374454,"Tennessee
(35.009102, -85.374454)"
Derailments,2014:08:CSX:000133692,0,0,50,13007,0,0,0,HAMILTON,8/19/2014 0:00,11:56,2014,2014,"S011,E64C,","CSX,",7,"S0,E6,","S,E,",YARD,Tennessee,35.01258,-85.371495,"Tennessee
(35.01258, -85.371495)"
Derailments,2011:08:CSX:000092561,0,0,76000,166585,8,1,0,OLDHAM,8/4/2011 0:00,23:38,2011,2011,"T221,","CSX,",1,"T2,","T,",MAIN,Kentucky,38.413581,-85.356387,"Kentucky
(38.413581, -85.356387)"
Other events,2012:03:NS:098981,0,0,0,16000,0,0,0,FLOYD,3/8/2012 0:00,9:30,2012,2012,"M406,","NS,",5,"M4,","M,",YARD,Georgia,34.25286,-85.355293,"Georgia
(34.25286, -85.355293)"
Derailments,2016:04:NS:119959,0,0,425000,805189,24,0,0,LEE,4/1/2016 0:00,8:15,2016,2016,"T002,","NS,",1,"T0,","T,",MAIN,Alabama,32.622992,-85.321347,"Alabama
(32.622992, -85.321347)"
Derailments,2015:05:NS:115701,0,0,200,51486,0,0,0,HAMILTON,5/18/2015 0:00,14:30,2015,2015,"T314,","NS,",1,"T3,","T,",MAIN,Tennessee,35.008624,-85.315731,"Tennessee
(35.008624, -85.315731)"
Derailments,2011:07:NS:095398,0,0,1800,14100,0,0,0,HAMILTON,7/1/2011 0:00,15:35,2011,2011,"H504,","NS,",1,"H5,","H,",YARD,Tennessee,35.045629,-85.30968,"Tennessee
(35.045629, -85.30968)"
Derailments,2015:04:BAYL:BAY687415,0,0,0,24000,0,0,0,HENRY,4/19/2015 0:00,11:00,2015,2015,"M102,","BAYL,",6,"M1,","M,",INDUSTRY,Alabama,31.511825,-85.305147,"Alabama
(31.511825, -85.305147)"
Derailments,2014:01:NS:108521,0,0,1000,14400,0,0,0,BLACKFORD,1/10/2014 0:00,21:45,2014,2014,"T207,","NS,",1,"T2,","T,",INDUSTRY,Indiana,40.533195,-85.295991,"Indiana
(40.533195, -85.295991)"
Derailments,2016:02:NS:119213,0,0,750,16500,0,0,0,SHELBY,2/3/2016 0:00,11:55,2016,2016,"T102,","NS,",1,"T1,","T,",INDUSTRY,Kentucky,38.209689,-85.291587,"Kentucky
(38.209689, -85.291587)"
Other impacts,2014:07:NS:111288,0,0,6398,10517,0,0,0,HAMILTON,7/11/2014 0:00,23:45,2014,2014,"M407,","NS,",7,"M4,","M,",YARD,Tennessee,35.049761,-85.283134,"Tennessee
(35.049761, -85.283134)"
Derailments,2011:05:NS:094821,0,0,2500000,2000,0,0,0,SHELBY,5/8/2011 0:00,2:10,2011,2011,"E68C,","NS,",1,"E6,","E,",MAIN,Kentucky,38.207491,-85.273149,"Kentucky
(38.207491, -85.273149)"
Derailments,2014:03:NS:109614,0,0,36682,385,0,0,0,HAMILTON,3/13/2014 0:00,16:30,2014,2014,"T311,","NS,",7,"T3,","T,",YARD,Tennessee,35.060735,-85.2668,"Tennessee
(35.060735, -85.2668)"
Derailments,2014:03:NS:109821,0,0,300,21291,0,0,0,HAMILTON,3/31/2014 0:00,2:00,2014,2014,"H303,","NS,",8,"H3,","H,",YARD,Tennessee,35.060735,-85.2668,"Tennessee
(35.060735, -85.2668)"
Other events,2014:10:NS:112552,0,0,300,35000,0,0,0,HAMILTON,10/12/2014 0:00,18:11,2014,2015,"M407,","NS,",7,"M4,","M,",YARD,Tennessee,35.060735,-85.2668,"Tennessee
(35.060735, -85.2668)"
Derailments,2014:10:NS:112792,0,0,50,25891,0,0,0,HAMILTON,10/28/2014 0:00,8:40,2014,2015,"H702,","NS,",8,"H7,","H,",YARD,Tennessee,35.060735,-85.2668,"Tennessee
(35.060735, -85.2668)"
Derailments,2015:04:NS:115114,0,0,27203,5400,0,0,0,HAMILTON,4/3/2015 0:00,10:15,2015,2015,"T313,","NS,",7,"T3,","T,",YARD,Tennessee,35.060735,-85.2668,"Tennessee
(35.060735, -85.2668)"
Derailments,2016:06:NS:120766,0,0,5000,70457,0,0,0,HAMILTON,6/7/2016 0:00,8:00,2016,2016,"M411,","NS,",7,"M4,","M,",YARD,Tennessee,35.060735,-85.2668,"Tennessee
(35.060735, -85.2668)"
Derailments,2015:11:NS:118106,0,0,15000,19000,0,0,0,HAMILTON,11/7/2015 0:00,9:45,2015,2016,"H525,","NS,",7,"H5,","H,",YARD,Tennessee,35.072249,-85.255534,"Tennessee
(35.072249, -85.255534)"
Derailments,2011:12:NS:097182,0,0,0,23159,0,0,0,HAMILTON,12/1/2011 0:00,18:00,2011,2012,"T314,","NS,",8,"T3,","T,",YARD,Tennessee,35.063642,-85.254824,"Tennessee
(35.063642, -85.254824)"
Other impacts,2011:12:NS:097307,0,0,0,18400,0,0,0,HAMILTON,12/11/2011 0:00,7:15,2011,2012,"M411,","NS,",7,"M4,","M,",YARD,Tennessee,35.063642,-85.254824,"Tennessee
(35.063642, -85.254824)"
Derailments,2012:04:NS:099397,0,0,21700,15200,0,0,0,HAMILTON,4/16/2012 0:00,14:30,2012,2012,"M411,","NS,",7,"M4,","M,",YARD,Tennessee,35.063642,-85.254824,"Tennessee
(35.063642, -85.254824)"
Derailments,2012:10:NS:101961,0,0,950,12000,0,0,0,HAMILTON,10/25/2012 0:00,19:30,2012,2013,"H702,","NS,",4,"H7,","H,",YARD,Tennessee,35.063642,-85.254824,"Tennessee
(35.063642, -85.254824)"
Derailments,2013:01:NS:102811,0,0,0,12088,0,0,0,HAMILTON,1/4/2013 0:00,19:40,2013,2013,"H303,","NS,",8,"H3,","H,",YARD,Tennessee,35.063642,-85.254824,"Tennessee
(35.063642, -85.254824)"
Derailments,2013:04:NS:104351,0,0,709,37433,0,0,0,HAMILTON,4/20/2013 0:00,14:40,2013,2013,"H303,","NS,",8,"H3,","H,",YARD,Tennessee,35.063642,-85.254824,"Tennessee
(35.063642, -85.254824)"
Derailments,2013:06:NS:105013,0,0,0,12459,0,0,0,HAMILTON,6/11/2013 0:00,10:45,2013,2013,"T217,","NS,",7,"T2,","T,",YARD,Tennessee,35.063642,-85.254824,"Tennessee
(35.063642, -85.254824)"
Derailments,2013:06:NS:105106,0,0,0,27612,0,0,0,HAMILTON,6/18/2013 0:00,2:40,2013,2013,"H702,","NS,",8,"H7,","H,",YARD,Tennessee,35.063642,-85.254824,"Tennessee
(35.063642, -85.254824)"
Derailments,2013:08:NS:106016,0,0,6864,4100,0,0,0,HAMILTON,8/19/2013 0:00,11:18,2013,2013,"H305,","NS,",7,"H3,","H,",YARD,Tennessee,35.063642,-85.254824,"Tennessee
(35.063642, -85.254824)"
Derailments,2013:10:NS:106680,0,0,33500,1300,0,0,0,HAMILTON,10/8/2013 0:00,1:05,2013,2014,"H310,","NS,",5,"H3,","H,",YARD,Tennessee,35.063642,-85.254824,"Tennessee
(35.063642, -85.254824)"
Derailments,2013:10:NS:106686,0,0,30500,300,0,0,0,HAMILTON,10/8/2013 0:00,14:05,2013,2014,"M411,","NS,",6,"M4,","M,",YARD,Tennessee,35.063642,-85.254824,"Tennessee
(35.063642, -85.254824)"
Derailments,2013:10:NS:106740,0,0,0,12129,0,0,0,HAMILTON,10/12/2013 0:00,2:45,2013,2014,"H303,","NS,",8,"H3,","H,",INDUSTRY,Tennessee,35.063642,-85.254824,"Tennessee
(35.063642, -85.254824)"
Derailments,2013:10:NS:106906,0,0,12500,100,0,0,0,HAMILTON,10/24/2013 0:00,6:50,2013,2014,"H313,","NS,",7,"H3,","H,",YARD,Tennessee,35.063642,-85.254824,"Tennessee
(35.063642, -85.254824)"
Derailments,2015:02:NS:114279,0,0,5389,8416,0,0,0,HAMILTON,2/9/2015 0:00,19:45,2015,2015,"H399,","NS,",7,"H3,","H,",YARD,Tennessee,35.10095,-85.233074,"Tennessee
(35.10095, -85.233074)"
Other events,2015:06:NS:116184,0,0,0,60000,0,0,0,HAMILTON,6/22/2015 0:00,17:00,2015,2015,"S016,","NS,",7,"S0,","S,",YARD,Tennessee,35.10095,-85.233074,"Tennessee
(35.10095, -85.233074)"
Derailments,2015:08:NS:117172,0,0,1159,25086,0,0,0,HAMILTON,8/30/2015 0:00,8:15,2015,2015,"H303,","NS,",8,"H3,","H,",YARD,Tennessee,35.10095,-85.233074,"Tennessee
(35.10095, -85.233074)"
Obstruction impact,2014:03:CSX:000126684,0,0,13857,57,0,0,0,HAMILTON,3/3/2014 0:00,21:56,2014,2014,"M402,","CSX,",1,"M4,","M,",MAIN,Tennessee,35.068611,-85.219531,"Tennessee
(35.068611, -85.219531)"
Derailments,2015:03:NS:115003,0,0,16208,7900,0,0,0,HAMILTON,3/27/2015 0:00,4:30,2015,2015,"T207,","NS,",61,"T2,","T,",YARD,Tennessee,35.076193,-85.216146,"Tennessee
(35.076193, -85.216146)"
Derailments,2012:08:NS:101230,0,0,16000,1200,0,0,0,FLOYD,8/30/2012 0:00,17:43,2012,2012,"H704,","NS,",1,"H7,","H,",YARD,Georgia,34.26429,-85.191592,"Georgia
(34.26429, -85.191592)"
Highway-rail impact,2015:07:CSX:000149531,0,1,18100,1318,3,0,0,HAMILTON,7/22/2015 0:00,6:27,2015,2015,"M399,","CSX,",1,"M3,","M,",MAIN,Tennessee,35.002781,-85.181763,"Tennessee
(35.002781, -85.181763)"
Derailments,2015:09:CSX:000151688,0,0,24804,220498,0,0,0,RANDOLPH,9/2/2015 0:00,15:30,2015,2015,"E07C,","CSX,",1,"E0,","E,",MAIN,Indiana,40.188989,-85.167025,"Indiana
(40.188989, -85.167025)"
Highway-rail impact,2015:08:NS:116810,0,0,11170,3500,0,0,0,FLOYD,8/5/2015 0:00,14:45,2015,2015,"M303,","NS,",1,"M3,","M,",MAIN,Georgia,34.244515,-85.166363,"Georgia
(34.244515, -85.166363)"
Derailments,2014:08:ATK:134563,0,0,60000,25000,0,0,0,CALHOUN,8/7/2014 0:00,21:00,2014,2014,"M503,","ATK,NS,",1,"M5,","M,",YARD,Michigan,42.320351,-85.156178,"Michigan
(42.320351, -85.156178)"
Derailments,2014:02:NS:109204,0,0,24721,25000,0,0,0,SHELBY,2/11/2014 0:00,15:00,2014,2014,"H997,","NS,",NA,"H9,","H,",MAIN,Kentucky,38.158399,-85.146206,"Kentucky
(38.158399, -85.146206)"
Derailments,2012:09:GTW:757267,0,0,58025,42000,18,0,0,CALHOUN,9/7/2012 0:00,23:25,2012,2012,"T310,","GTW,",1,"T3,","T,",YARD,Michigan,42.331773,-85.144622,"Michigan
(42.331773, -85.144622)"
Highway-rail impact,2013:06:NS:105071,1,0,20000,20000,0,0,0,WAYNE,6/13/2013 0:00,24:50:00,2013,2013,"M308,","NS,",1,"M3,","M,",MAIN,Indiana,39.89464,-85.143281,"Indiana
(39.89464, -85.143281)"
Derailments,2014:03:CSX:000127282,0,0,30000,97189,0,0,0,DE KALB,3/15/2014 0:00,12:10,2014,2014,"T207,","CSX,",1,"T2,","T,",YARD,Indiana,41.352862,-85.142092,"Indiana
(41.352862, -85.142092)"
Other events,2014:03:GTW:807824,0,0,0,14400,0,0,0,CALHOUN,3/14/2014 0:00,8:20,2014,2014,"E49C,","GTW,",6,"E4,","E,",YARD,Michigan,42.33705,-85.140524,"Michigan
(42.33705, -85.140524)"
Other impacts,2014:07:GTW:819072,0,0,0,36150,1,1,0,CALHOUN,7/5/2014 0:00,10:15,2014,2014,"H302,","GTW,",7,"H3,","H,",YARD,Michigan,42.345,-85.1355,"Michigan
(42.345, -85.1355)"
Other impacts,2013:05:CSX:000115738,0,0,200,27949,0,0,0,DE KALB,5/1/2013 0:00,22:51,2013,2013,"M501,","CSX,",68,"M5,","M,",INDUSTRY,Indiana,41.352432,-85.134383,"Indiana
(41.352432, -85.134383)"
Derailments,2012:08:NS:100890,0,0,0,11327,0,0,0,ALLEN,8/9/2012 0:00,11:00,2012,2012,"H702,","NS,",8,"H7,","H,",YARD,Indiana,41.080658,-85.131521,"Indiana
(41.080658, -85.131521)"
Side collision,2015:04:GTW:845526,0,0,12221,97321,0,0,0,CALHOUN,4/2/2015 0:00,19:30,2015,2015,"H310,H306,","GTW,",71,"H3,","H,",YARD,Michigan,42.351156,-85.131223,"Michigan
(42.351156, -85.131223)"
Derailments,2013:06:GTW:783628,0,0,105845,86950,0,0,0,CALHOUN,6/26/2013 0:00,5:30,2013,2013,"T113,","GTW,",1,"T1,","T,",YARD,Michigan,42.352233,-85.13089,"Michigan
(42.352233, -85.13089)"
Derailments,2015:09:NS:117468,0,0,21000,8900,6,0,0,ALLEN,9/21/2015 0:00,22:00,2015,2015,"T319,","CFE,NS,",1,"T3,","T,",MAIN,Indiana,41.071365,-85.129443,"Indiana
(41.071365, -85.129443)"
Derailments,2013:02:TRSZ:INDUSTRY,0,0,700,15000,0,0,0,ALLEN,2/2/2013 0:00,20:10,2013,2013,"H306,H702,","NS,",1,"H3,H7,","H,",YARD,Indiana,41.07142,-85.108238,"Indiana
(41.07142, -85.108238)"
Derailments,2011:06:NS:095177,0,0,1675,13000,0,0,0,ALLEN,6/11/2011 0:00,19:25,2011,2011,"M404,","NS,",1,"M4,","M,",YARD,Indiana,41.7142,-85.108238,"Indiana
(41.7142, -85.108238)"
Derailments,2016:06:CFE:CFE998816R,0,0,4000,21060,0,0,0,ALLEN,6/15/2016 0:00,21:30,2016,2016,"T207,","CFE,NS,",1,"T2,","T,",MAIN,Indiana,41.071439,-85.108189,"Indiana
(41.071439, -85.108189)"
Derailments,2012:09:NS:101351,0,0,0,441739,0,0,0,ALLEN,9/8/2012 0:00,7:30,2012,2012,"H524,","NS,",1,"H5,","H,",YARD,Indiana,41.071483,-85.088718,"Indiana
(41.071483, -85.088718)"
Derailments,2011:04:CSX:000087796,0,0,10000,877689,2,2,0,TROUP,4/12/2011 0:00,17:00,2011,2011,"H519,","CSX,",1,"H5,","H,",MAIN,Georgia,32.980994,-85.065794,"Georgia
(32.980994, -85.065794)"
Derailments,2015:06:CSX:000148110,0,0,314,52704,0,0,0,TROUP,6/19/2015 0:00,10:10,2015,2015,"H303,","CSX,",7,"H3,","H,",INDUSTRY,Georgia,32.983707,-85.064201,"Georgia
(32.983707, -85.064201)"
Derailments,2012:06:NS:100341,0,0,500,20000,0,0,0,ALLEN,6/29/2012 0:00,15:00,2012,2012,"M105,","NS,",6,"M1,","M,",YARD,Indiana,41.07409,-85.058755,"Indiana
(41.07409, -85.058755)"
Derailments,2016:07:NS:121417,0,0,1000,34818,0,0,0,ALLEN,7/26/2016 0:00,20:41,2016,2016,"H210,","NS,",1,"H2,","H,",MAIN,Indiana,41.071597,-85.058354,"Indiana
(41.071597, -85.058354)"
Derailments,2015:02:NS:114132,0,0,13092,3550,0,0,0,ALLEN,2/2/2015 0:00,4:30,2015,2015,"H312,","NS,",7,"H3,","H,",YARD,Indiana,41.074436,-85.057585,"Indiana
(41.074436, -85.057585)"
Derailments,2016:08:NS:121490,0,0,1500,13670,2,2,0,ALLEN,8/1/2016 0:00,4:15,2016,2016,"T110,","NS,",1,"T1,","T,",YARD,Indiana,41.074436,-85.057585,"Indiana
(41.074436, -85.057585)"
Derailments,2012:03:NS:099075,0,0,500,14200,0,0,0,ALLEN,3/20/2012 0:00,16:30,2012,2012,"H318,","NS,",7,"H3,","H,",YARD,Indiana,41.073557,-85.039602,"Indiana
(41.073557, -85.039602)"
Other impacts,2015:02:NS:114133,0,0,0,45670,0,0,0,ALLEN,2/2/2015 0:00,3:55,2015,2015,"H318,","NS,",7,"H3,","H,",YARD,Indiana,41.074135,-85.038857,"Indiana
(41.074135, -85.038857)"
Highway-rail impact,2014:07:NS:111221,0,1,0,13085,0,0,0,CARROLL,7/8/2014 0:00,9:41,2014,2014,"M304,","ATK,NS,",2,"M3,","M,",MAIN,Georgia,33.737268,-85.031691,"Georgia
(33.737268, -85.031691)"
Derailments,2014:08:CCHA:CCH580914,0,0,10500,0,0,0,0,RUSSELL,8/3/2014 0:00,4:30,2014,2014,"H399,","CCHA,",4,"H3,","H,",INDUSTRY,Alabama,32.178155,-85.028429,"Alabama
(32.178155, -85.028429)"
Derailments,2012:01:CSX:000099635,0,0,35000,346853,15,4,0,JACKSON,1/14/2012 0:00,8:45,2012,2012,"T220,","CSX,",1,"T2,","T,",MAIN,Florida,30.712559,-85.025982,"Florida
(30.712559, -85.025982)"
Highway-rail impact,2014:08:WC:822125,0,0,18082,19403,1,0,0,CHIPPEWA,8/5/2014 0:00,15:25,2014,2014,"M308,M304,","WC,",1,"M3,","M,",MAIN,Michigan,46.19445,-85.021279,"Michigan
(46.19445, -85.021279)"
Derailments,2015:12:CIRR:CIR800415,0,0,0,18000,4,0,0,EARLY,12/9/2015 0:00,9:20,2015,2016,"E33C,","CIRR,",1,"E3,","E,",MAIN,Georgia,31.081595,-85.020125,"Georgia
(31.081595, -85.020125)"
Derailments,2014:07:CIRR:CIR575014,0,0,80000,0,0,0,0,EARLY,7/25/2014 0:00,9:00,2014,2014,"S001,","CIRR,",7,"S0,","S,",INDUSTRY,Georgia,31.081596,-85.020125,"Georgia
(31.081596, -85.020125)"
Derailments,2015:08:CIRR:CIR746315,0,0,20000,10000,0,0,0,EARLY,8/25/2015 0:00,8:40,2015,2015,"T210,","CIRR,",1,"T2,","T,",YARD,Georgia,31.081596,-85.020125,"Georgia
(31.081596, -85.020125)"
Derailments,2016:02:CIRR:CIR833616,0,0,10000,45000,11,4,0,EARLY,2/17/2016 0:00,11:10,2016,2016,"M507,","CIRR,",1,"M5,","M,",YARD,Georgia,31.081596,-85.020125,"Georgia
(31.081596, -85.020125)"
Highway-rail impact,2011:11:NS:097572,0,0,986,11584,0,0,0,RHEA,11/3/2011 0:00,19:40,2011,2012,"M303,","NS,",1,"M3,","M,",MAIN,Tennessee,35.495091,-85.011778,"Tennessee
(35.495091, -85.011778)"
Derailments,2012:03:NS:099191,0,0,0,33000,0,0,0,RUSSELL,3/28/2012 0:00,20:30,2012,2012,"H318,","NS,",7,"H3,","H,",MAIN,Alabama,32.414888,-85.002493,"Alabama
(32.414888, -85.002493)"
Derailments,2013:09:NS:106304,0,0,0,16000,0,0,0,MUSCOGEE,9/9/2013 0:00,17:55,2013,2013,"H312,","NS,",7,"H3,","H,",YARD,Georgia,32.465828,-84.982415,"Georgia
(32.465828, -84.982415)"
Derailments,2015:01:NS:113994,0,0,0,25441,0,0,0,MUSCOGEE,1/23/2015 0:00,5:41,2015,2015,"M404,","NS,",7,"M4,","M,",YARD,Georgia,32.465828,-84.982415,"Georgia
(32.465828, -84.982415)"
Derailments,2015:03:NS:114726,0,0,4799,18550,0,0,0,MUSCOGEE,3/7/2015 0:00,16:25,2015,2015,"H601,","NS,",67,"H6,","H,",YARD,Georgia,32.465828,-84.982415,"Georgia
(32.465828, -84.982415)"
Derailments,2014:04:NS:110115,0,0,361903,1500,0,0,0,WHITFIELD,4/18/2014 0:00,13:25,2014,2014,"E61C,","NS,",1,"E6,","E,",MAIN,Georgia,34.883591,-84.976206,"Georgia
(34.883591, -84.976206)"
Rear end collision,2011:08:NS:096019,0,0,11000,93250,0,0,0,DE KALB,8/19/2011 0:00,5:45,2011,2011,"H222,H605,","NS,",1,"H2,H6,","H,",MAIN,Indiana,41.429577,-84.968856,"Indiana
(41.429577, -84.968856)"
Derailments,2014:01:CSX:000124475,0,0,25000,13669,2,1,0,TROUP,1/6/2014 0:00,16:20,2014,2014,"T207,","CSX,",7,"T2,","T,",YARD,Georgia,33.023719,-84.968452,"Georgia
(33.023719, -84.968452)"
Derailments,2015:11:VM:INDUSTRY,0,0,0,51200,0,0,0,MUSCOGEE,11/17/2015 0:00,5:35,2015,2016,"T210,","NS,",1,"T2,","T,",INDUSTRY,Georgia,32.590817,-84.945626,"Georgia
(32.590817, -84.945626)"
Highway-rail impact,2014:04:NS:110154,0,1,9700,1409,1,0,0,CARROLL,4/22/2014 0:00,7:30,2014,2014,"M303,","NS,",1,"M3,","M,",MAIN,Georgia,33.737078,-84.927955,"Georgia
(33.737078, -84.927955)"
Derailments,2014:09:NS:112175,0,0,260254,1007463,0,0,0,ALLEN,9/15/2014 0:00,6:00,2014,2014,"T221,","NS,",1,"T2,","T,",MAIN,Indiana,41.072942,-84.924112,"Indiana
(41.072942, -84.924112)"
Derailments,2014:04:CSX:000128856,0,0,510000,227153,0,0,0,DE KALB,4/22/2014 0:00,24:20:00,2014,2014,"E59C,","CSX,",1,"E5,","E,",MAIN,Indiana,41.320226,-84.923299,"Indiana
(41.320226, -84.923299)"
Derailments,2016:06:HAL:HAL891916,0,0,50000,134000,4,0,0,EARLY,6/13/2016 0:00,15:22,2016,2016,"M599,","HAL,",1,"M5,","M,",MAIN,Georgia,31.39624,-84.90733,"Georgia
(31.39624, -84.90733)"
Derailments,2011:07:GAP:INDUSTRY,0,0,1400,21440,0,0,0,BARTOW,7/8/2011 0:00,9:45,2011,2011,"T302,","CSX,",1,"T3,","T,",INDUSTRY,Georgia,34.123535,-84.90733,"Georgia
(34.123535, -84.90733)"
Highway-rail impact,2014:08:CSX:000133730,0,2,10000,19826,0,0,0,TROUP,8/20/2014 0:00,23:52,2014,2014,"M303,","CSX,",1,"M3,","M,",MAIN,Georgia,33.19078,-84.903617,"Georgia
(33.19078, -84.903617)"
Derailments,2013:11:CSX:000122514,0,2,100,15048,0,0,0,BARTOW,11/5/2013 0:00,22:44,2013,2014,"H303,","CSX,",1,"H3,","H,",INDUSTRY,Georgia,34.125889,-84.90297,"Georgia
(34.125889, -84.90297)"
Derailments,2014:10:NS:112759,0,0,0,18249,0,0,0,DE KALB,10/25/2014 0:00,17:45,2014,2015,"H702,","NS,",7,"H7,","H,",INDUSTRY,Indiana,41.377146,-84.898063,"Indiana
(41.377146, -84.898063)"
Derailments,2011:09:NS:096305,0,0,0,50250,0,0,0,BRADLEY,9/14/2011 0:00,10:05,2011,2011,"H018,","NS,",1,"H0,","H,",SIDING,Tennessee,35.152967,-84.87666,"Tennessee
(35.152967, -84.87666)"
Derailments,2013:01:IPC:INDUSTRY,0,0,600,12600,0,0,0,BRADLEY,1/11/2013 0:00,10:10,2013,2013,"T111,","NS,",7,"T1,","T,",INDUSTRY,Tennessee,35.182744,-84.873132,"Tennessee
(35.182744, -84.873132)"
Derailments,2016:07:NS:121458,0,0,1918012,3257017,0,0,0,RHEA,7/28/2016 0:00,21:15,2016,2016,"E61C,","NS,",1,"E6,","E,",MAIN,Tennessee,35.696645,-84.857457,"Tennessee
(35.696645, -84.857457)"
Highway-rail impact,2016:08:NS:121765,0,0,40000,581,0,0,0,MERCER,8/20/2016 0:00,13:00,2016,2016,"M303,","NS,",1,"M3,","M,",MAIN,Kentucky,37.770827,-84.857387,"Kentucky
(37.770827, -84.857387)"
Derailments,2015:05:NS:115672,0,0,34467,3000,0,0,0,PAULDING,5/15/2015 0:00,20:30,2015,2015,"E47C,","NS,",1,"E4,","E,",MAIN,Georgia,33.929772,-84.856957,"Georgia
(33.929772, -84.856957)"
Derailments,2012:08:CSX:000107104,0,0,1000,149784,0,0,0,GADSDEN,8/15/2012 0:00,20:15,2012,2012,"T206,","CSX,",1,"T2,","T,",YARD,Florida,30.689298,-84.837232,"Florida
(30.689298, -84.837232)"