AccidentType,inckey,Fatalities,Injuries,TrackDamage,EquipmentDamage,HazmatCars,HazmatCarsDerailed,HazmatCarsReleasing,County,DisplayDate,DisplayTime,calendar,Fiscal,AccidentCause,RailroadCodes,RAILEQUIPMENT_TYPE,CauseGroup,CauseDiscipline,TYPE_OF_TRACK,StateName,latitude,longitude,GeoLocation
Highway-rail impact,2016:05:CSX:000159721,0,1,7459,5130,0,0,0,COWETA,5/13/2016 0:00,4:20,2016,2016,"M302,","CSX,",1,"M3,","M,",MAIN,Georgia,33.234333,-84.835176,"Georgia
(33.234333, -84.835176)"
Highway-rail impact,2011:10:CSX:000095562,0,0,70185,7682,0,0,0,COWETA,10/12/2011 0:00,6:30,2011,2012,"M303,","CSX,",1,"M3,","M,",MAIN,Georgia,33.234482,-84.834969,"Georgia
(33.234482, -84.834969)"
Derailments,2015:02:XTLW:INDUSTRY,0,0,5000,7400,0,0,0,WAYNE,2/9/2015 0:00,14:30,2015,2015,"T111,","NS,",1,"T1,","T,",INDUSTRY,Indiana,39.82289,-84.821253,"Indiana
(39.82289, -84.821253)"
Other events,2013:08:CSX:000119690,0,0,0,29614,0,0,0,GALLATIN,8/19/2013 0:00,12:10,2013,2013,"E22C,","CSX,",1,"E2,","E,",MAIN,Kentucky,38.715852,-84.815141,"Kentucky
(38.715852, -84.815141)"
Derailments,2012:04:CSX:000102248,0,0,11900,17758,0,0,0,BARTOW,4/1/2012 0:00,15:00,2012,2012,"M204,","CSX,",7,"M2,","M,",YARD,Georgia,34.163037,-84.794745,"Georgia
(34.163037, -84.794745)"
Derailments,2011:08:GSWR:GSW164811,0,0,25000,85000,0,0,0,RANDOLPH,8/31/2011 0:00,18:45,2011,2011,"T101,T108,","GSWR,",1,"T1,","T,",MAIN,Georgia,31.772385,-84.789365,"Georgia
(31.772385, -84.789365)"
Derailments,2013:03:NS:103902,0,0,8500,4600,0,0,0,BOYLE,3/19/2013 0:00,9:25,2013,2013,"H702,","NS,",7,"H7,","H,",MAIN,Kentucky,37.65089,-84.787993,"Kentucky
(37.65089, -84.787993)"
Derailments,2015:02:GLC:GLC2282014,0,0,655,0,1,0,0,CLARE,2/28/2015 0:00,24:15:00,2015,2015,"M101,","GLC,",1,"M1,","M,",SIDING,Michigan,43.825599,-84.786976,"Michigan
(43.825599, -84.786976)"
Derailments,2012:01:CSX:000099672,0,0,300,28038,0,0,0,BARTOW,1/15/2012 0:00,15:48,2012,2012,"H702,","CSX,",7,"H7,","H,",YARD,Georgia,34.235922,-84.784029,"Georgia
(34.235922, -84.784029)"
Derailments,2015:12:GLC:GLC121415,0,0,14764,6658,0,0,0,CLARE,12/14/2015 0:00,24:40:00,2015,2016,"H702,","GLC,",1,"H7,","H,",YARD,Michigan,43.823346,-84.778639,"Michigan
(43.823346, -84.778639)"
Derailments,2013:12:NS:108320,0,0,248000,630,9,0,0,WILLIAMS,12/27/2013 0:00,9:10,2013,2014,"E65C,","CP,NS,",1,"E6,","E,",MAIN,Ohio,41.493999,-84.775802,"Ohio
(41.493999, -84.775802)"
Derailments,2014:05:CSX:000130369,0,0,165000,162499,0,0,0,HAMILTON,5/31/2014 0:00,9:10,2014,2014,"T399,","CSX,",1,"T3,","T,",MAIN,Ohio,39.131592,-84.774415,"Ohio
(39.131592, -84.774415)"
Derailments,2013:11:NS:107842,0,0,13156,0,0,0,0,PAULDING,11/21/2013 0:00,16:00,2013,2014,"H019,","NS,",1,"H0,","H,",MAIN,Georgia,33.882362,-84.771287,"Georgia
(33.882362, -84.771287)"
Derailments,2013:07:CIND:CIN416513D,0,0,6500,25000,3,0,0,HAMILTON,7/29/2013 0:00,23:30,2013,2013,"H306,","CIND,",7,"H3,","H,",YARD,Ohio,39.162943,-84.749136,"Ohio
(39.162943, -84.749136)"
Derailments,2011:07:NS:095503,0,0,380999,434364,0,0,0,LINCOLN,7/11/2011 0:00,13:15,2011,2011,"T109,","NS,",1,"T1,","T,",MAIN,Kentucky,37.438656,-84.746621,"Kentucky
(37.438656, -84.746621)"
Derailments,2016:04:GSWR:GSW871916,0,0,1000,29002,0,0,0,RANDOLPH,4/27/2016 0:00,17:20,2016,2016,"H306,","GSWR,",1,"H3,","H,",SIDING,Georgia,31.763166,-84.738947,"Georgia
(31.763166, -84.738947)"
Highway-rail impact,2010:08:CSX:000079360,0,0,17864,3551,0,0,0,BARTOW,8/23/2010 0:00,13:00,2010,2010,"M304,","CSX,",1,"M3,","M,",MAIN,Georgia,34.108613,-84.712183,"Georgia
(34.108613, -84.712183)"
Highway-rail impact,2013:08:CSX:000119210,0,5,7870,75571,0,0,0,COWETA,8/7/2013 0:00,5:08,2013,2013,"M399,","CSX,",1,"M3,","M,",MAIN,Georgia,33.450049,-84.700327,"Georgia
(33.450049, -84.700327)"
Other events,2014:03:NS:109616,0,0,463,20000,0,0,0,DOUGLAS,3/13/2014 0:00,5:50,2014,2014,"E37C,","NS,",1,"E3,","E,",MAIN,Georgia,33.791478,-84.694018,"Georgia
(33.791478, -84.694018)"
Derailments,2014:05:LSRC:D140523,0,0,7172,4323,3,3,0,CRAWFORD,5/23/2014 0:00,8:50,2014,2014,"H702,","LSRC,",7,"H7,","H,",MAIN,Michigan,44.591599,-84.690951,"Michigan
(44.591599, -84.690951)"
Derailments,2014:06:CSX:000131012,0,0,2000,31752,1,0,0,BOONE,6/15/2014 0:00,21:40,2014,2014,"M201,","CSX,",1,"M2,","M,",MAIN,Kentucky,38.794404,-84.688394,"Kentucky
(38.794404, -84.688394)"
Other impacts,2013:06:LSRC:OTR130605,0,0,0,50000,0,0,0,CRAWFORD,6/5/2013 0:00,10:30,2013,2013,"H601,H602,","LSRC,",8,"H6,","H,",MAIN,Michigan,44.59473,-84.686737,"Michigan
(44.59473, -84.686737)"
Derailments,2013:08:LSRC:D130822,0,0,12714,2000,0,0,0,CRAWFORD,8/22/2013 0:00,9:40,2013,2013,"H503,H602,","LSRC,",1,"H5,H6,","H,",YARD,Michigan,44.59473,-84.686651,"Michigan
(44.59473, -84.686651)"
Derailments,2014:09:LSRC:D140926,0,0,0,17846,0,0,0,CRAWFORD,9/26/2014 0:00,8:00,2014,2014,"H702,","LSRC,",7,"H7,","H,",YARD,Michigan,44.593572,-84.686472,"Michigan
(44.593572, -84.686472)"
Derailments,2013:05:NS:104712,0,0,102000,420697,2,1,1,MUSCOGEE,5/19/2013 0:00,22:45,2013,2013,"T207,","NS,",1,"T2,","T,",MAIN,Georgia,32.535011,-84.684086,"Georgia
(32.535011, -84.684086)"
Highway-rail impact,2012:08:CSX:000107258,0,0,15000,10000,0,0,0,FULTON,8/21/2012 0:00,8:05,2012,2012,"M304,","CSX,",1,"M3,","M,",MAIN,Georgia,33.510877,-84.67075,"Georgia
(33.510877, -84.67075)"
Derailments,2013:07:NS:105456,0,0,10000,927745,0,0,0,WILLIAMS,7/10/2013 0:00,13:30,2013,2013,"M105,","NS,",1,"M1,","M,",MAIN,Ohio,41.460933,-84.668362,"Ohio
(41.460933, -84.668362)"
Derailments,2013:01:CSX:000111711,0,0,110000,367084,0,0,0,DECATUR,1/6/2013 0:00,21:52,2013,2013,"T207,","CSX,",1,"T2,","T,",MAIN,Georgia,30.946421,-84.656668,"Georgia
(30.946421, -84.656668)"
Other impacts,2014:12:NS:113469,0,0,0,25000,0,0,0,MORGAN,12/17/2014 0:00,12:30,2014,2015,"M407,","NS,",7,"M4,","M,",YARD,Tennessee,36.13515,-84.649386,"Tennessee
(36.13515, -84.649386)"
Derailments,2013:08:NS:105925,0,0,36200,8500,0,0,0,COBB,8/13/2013 0:00,4:50,2013,2013,"H019,","NS,",1,"H0,","H,",MAIN,Georgia,33.816404,-84.643857,"Georgia
(33.816404, -84.643857)"
Other impacts,2016:04:CSQZ:INDUSTRY,0,0,0,60000,0,0,0,FULTON,4/5/2016 0:00,4:25,2016,2016,"M501,","CSX,",51,"M5,","M,",INDUSTRY,Georgia,33.536477,-84.639516,"Georgia
(33.536477, -84.639516)"
Highway-rail impact,2012:04:NS:099428,0,0,3215,11907,0,0,0,COBB,4/13/2012 0:00,9:11,2012,2012,"M304,","ATK,NS,",2,"M3,","M,",MAIN,Georgia,33.813461,-84.632978,"Georgia
(33.813461, -84.632978)"
Derailments,2016:06:NS:120856,0,0,400,12600,0,0,0,PREBLE,6/13/2016 0:00,21:35,2016,2016,"H702,","NS,",1,"H7,","H,",SIDING,Ohio,39.648838,-84.630524,"Ohio
(39.648838, -84.630524)"
Highway-rail impact,2012:02:GTW:736062,1,0,820,8970,0,0,0,EATON,2/16/2012 0:00,21:08,2012,2012,"M308,","ATK,GTW,",2,"M3,","M,",MAIN,Michigan,42.697498,-84.630302,"Michigan
(42.697498, -84.630302)"
Highway-rail impact,2014:07:NS:111373,0,1,0,100000,0,0,0,PULASKI,7/18/2014 0:00,15:00,2014,2014,"M302,","NS,",1,"M3,","M,",MAIN,Kentucky,37.122214,-84.6279,"Kentucky
(37.122214, -84.6279)"
Head on collision,2015:05:CSX:000152135,0,0,5000,25500,0,0,0,POLK,5/19/2015 0:00,15:40,2015,2015,"H993,","CSX,",19,"H9,","H,",MAIN,Tennessee,35.22747,-84.627038,"Tennessee
(35.22747, -84.627038)"
Highway-rail impact,2011:12:CSX:000098533,0,0,15500,0,14,0,0,COBB,12/9/2011 0:00,17:55,2011,2012,"M302,","CSX,",1,"M3,","M,",MAIN,Georgia,34.023375,-84.614733,"Georgia
(34.023375, -84.614733)"
Broken train collision,2012:06:CSX:000105442,0,0,132000,58552,5,0,0,MERIWETHER,6/29/2012 0:00,17:30,2012,2012,"T109,","CSX,",1,"T1,","T,",SIDING,Georgia,32.915534,-84.604022,"Georgia
(32.915534, -84.604022)"
Highway-rail impact,2014:02:NS:109309,1,0,32763,529,0,0,0,KENTON,2/23/2014 0:00,19:40,2014,2014,"M308,","NS,",1,"M3,","M,",MAIN,Kentucky,39.016371,-84.599489,"Kentucky
(39.016371, -84.599489)"
Derailments,2011:07:CSX:000092097,0,0,10000,72885,0,0,0,MERIWETHER,7/24/2011 0:00,17:45,2011,2011,"M204,","CSX,",1,"M2,","M,",SIDING,Georgia,32.855341,-84.596802,"Georgia
(32.855341, -84.596802)"
Highway-rail impact,2013:05:NS:104723,0,1,15000,7000,0,0,0,DE KALB,5/17/2013 0:00,8:27,2013,2013,"M303,","NS,",1,"M3,","M,",MAIN,Alabama,38.552097,-84.590989,"Alabama
(38.552097, -84.590989)"
Derailments,2013:07:CSX:000118713,0,0,200,14521,0,0,0,DECATUR,7/22/2013 0:00,24:50:00,2013,2013,"E46C,","CSX,",7,"E4,","E,",INDUSTRY,Georgia,30.909324,-84.584061,"Georgia
(30.909324, -84.584061)"
Other events,2013:11:CSX:000123021,0,0,1000,12421,4,0,0,DECATUR,11/21/2013 0:00,14:30,2013,2014,"H702,","CSX,",7,"H7,","H,",YARD,Georgia,30.909324,-84.584061,"Georgia
(30.909324, -84.584061)"
Derailments,2016:07:NS:121374,0,0,3000,29900,0,0,0,WILLIAMS,7/24/2016 0:00,1:44,2016,2016,"T221,","NS,",1,"T2,","T,",YARD,Ohio,41.586368,-84.580116,"Ohio
(41.586368, -84.580116)"
Derailments,2014:02:NS:109030,0,0,11417,7000,0,0,0,KENTON,2/10/2014 0:00,5:30,2014,2014,"E49C,","NS,",1,"E4,","E,",MAIN,Kentucky,39.050385,-84.576419,"Kentucky
(39.050385, -84.576419)"
Derailments,2013:03:NS:103687,0,0,2500,20685,0,0,0,WILLIAMS,3/4/2013 0:00,8:30,2013,2013,"H018,","NS,",61,"H0,","H,",YARD,Ohio,41.589022,-84.575823,"Ohio
(41.589022, -84.575823)"
Highway-rail impact,2011:07:CSX:000091294,0,1,41500,1862,0,0,0,DECATUR,7/5/2011 0:00,9:58,2011,2011,"M303,","CSX,",1,"M3,","M,",MAIN,Georgia,30.910353,-84.571924,"Georgia
(30.910353, -84.571924)"
Highway-rail impact,2015:03:NS:115056,0,0,24154,482,0,0,0,GRANT,3/30/2015 0:00,16:30,2015,2015,"M303,","NS,",1,"M3,","M,",MAIN,Kentucky,38.651937,-84.571577,"Kentucky
(38.651937, -84.571577)"
Derailments,2014:07:GLC:GLC7172014,0,0,0,122938,0,0,0,GRATIOT,7/17/2014 0:00,13:30,2014,2014,"M507,","GLC,",1,"M5,","M,",MAIN,Michigan,43.18318,-84.56302,"Michigan
(43.18318, -84.56302)"
Derailments,2013:07:CSX:000118093,0,0,2700,18811,11,0,0,BUTLER,7/5/2013 0:00,19:40,2013,2013,"H518,","CSX,",1,"H5,","H,",MAIN,Ohio,39.390594,-84.557672,"Ohio
(39.390594, -84.557672)"
Derailments,2016:07:NS:121289,0,0,150000,42000,0,0,0,BUTLER,7/16/2016 0:00,15:35,2016,2016,"T111,","NS,",1,"T1,","T,",MAIN,Ohio,39.399302,-84.556905,"Ohio
(39.399302, -84.556905)"
Derailments,2014:12:CSX:000139289,0,0,500,29607,0,0,0,BUTLER,12/23/2014 0:00,5:45,2014,2015,"T210,","CSX,",1,"T2,","T,",YARD,Ohio,39.387969,-84.556712,"Ohio
(39.387969, -84.556712)"
Highway-rail impact,2011:11:CSX:000097552,0,0,40000,20000,0,0,0,FULTON,11/10/2011 0:00,22:48,2011,2012,"M304,","CSX,",1,"M3,","M,",MAIN,Georgia,33.579391,-84.554832,"Georgia
(33.579391, -84.554832)"
Highway-rail impact,2013:01:CSX:000111521,0,0,10000,280,0,0,0,FULTON,1/2/2013 0:00,15:36,2013,2013,"M304,","CSX,",1,"M3,","M,",MAIN,Georgia,33.579748,-84.554067,"Georgia
(33.579748, -84.554067)"
Derailments,2016:01:CSX:000156336,0,0,50069,268636,0,0,0,TALBOT,1/24/2016 0:00,5:36,2016,2016,"T207,","CSX,",1,"T2,","T,",MAIN,Georgia,32.811216,-84.552572,"Georgia
(32.811216, -84.552572)"
Highway-rail impact,2013:01:CSX:000112427,0,2,10000,16588,0,0,0,FULTON,1/29/2013 0:00,21:20,2013,2013,"M399,","CSX,",1,"M3,","M,",MAIN,Georgia,33.581344,-84.55141,"Georgia
(33.581344, -84.55141)"
Derailments,2011:11:CSX:000098115,0,0,800,94798,0,0,0,FULTON,11/29/2011 0:00,10:00,2011,2012,"T101,","CSX,",1,"T1,","T,",YARD,Georgia,33.577838,-84.551023,"Georgia
(33.577838, -84.551023)"
Other impacts,2014:08:NS:111609,0,1,1740,77002,0,0,0,SCOTT,8/4/2014 0:00,17:55,2014,2014,"M502,","NS,",1,"M5,","M,",MAIN,Kentucky,38.218441,-84.548584,"Kentucky
(38.218441, -84.548584)"
Other impacts,2013:12:NS:108181,0,0,500,15400,0,0,0,SCOTT,12/16/2013 0:00,17:05,2013,2014,"H702,","NS,",1,"H7,","H,",YARD,Kentucky,38.273608,-84.548537,"Kentucky
(38.273608, -84.548537)"
Derailments,2014:02:NS:109359,0,0,4110,9800,0,0,0,HAMILTON,2/26/2014 0:00,5:00,2014,2014,"H702,","NS,",1,"H7,","H,",YARD,Ohio,39.143378,-84.543969,"Ohio
(39.143378, -84.543969)"
Derailments,2014:09:NS:112034,0,0,54836,24000,0,0,0,HAMILTON,9/3/2014 0:00,22:00,2014,2014,"H306,H702,","NS,",7,"H3,H7,","H,",YARD,Ohio,39.143378,-84.543969,"Ohio
(39.143378, -84.543969)"
Derailments,2016:02:NS:119302,0,0,5750,189954,3,3,0,HAMILTON,2/10/2016 0:00,3:45,2016,2016,"T207,","NS,",1,"T2,","T,",YARD,Ohio,39.143378,-84.543969,"Ohio
(39.143378, -84.543969)"
Derailments,2016:04:NS:120277,0,0,2150,55000,0,0,0,HAMILTON,4/27/2016 0:00,6:20,2016,2016,"H306,","NS,",51,"H3,","H,",YARD,Ohio,39.143378,-84.543969,"Ohio
(39.143378, -84.543969)"
Derailments,2011:07:CSX:000091769,0,0,9500,20561,10,0,0,HAMILTON,7/15/2011 0:00,16:00,2011,2011,"H525,","CSX,",1,"H5,","H,",YARD,Ohio,39.102276,-84.542438,"Ohio
(39.102276, -84.542438)"
Side collision,2011:07:CSX:000092018,0,0,9000,124374,7,0,0,HAMILTON,7/21/2011 0:00,11:11,2011,2011,"H307,","CSX,",17,"H3,","H,",YARD,Ohio,39.102276,-84.542438,"Ohio
(39.102276, -84.542438)"
Other impacts,2011:09:CSX:000094854,0,0,50,59146,1,0,0,HAMILTON,9/23/2011 0:00,1:06,2011,2011,"H306,","CSX,",76,"H3,","H,",YARD,Ohio,39.102276,-84.542438,"Ohio
(39.102276, -84.542438)"
Derailments,2011:10:CSX:000096031,0,0,500,9722,0,0,0,HAMILTON,10/25/2011 0:00,16:50,2011,2012,"M407,","CSX,",6,"M4,","M,",YARD,Ohio,39.102276,-84.542438,"Ohio
(39.102276, -84.542438)"
Derailments,2011:10:CSX:000097192,0,0,3000,26486,0,0,0,HAMILTON,10/31/2011 0:00,4:16,2011,2012,"E46C,","CSX,",1,"E4,","E,",YARD,Ohio,39.102276,-84.542438,"Ohio
(39.102276, -84.542438)"
Derailments,2012:01:CSX:000100025,0,0,200,16325,0,0,0,HAMILTON,1/26/2012 0:00,12:30,2012,2012,"T111,","CSX,",7,"T1,","T,",YARD,Ohio,39.102276,-84.542438,"Ohio
(39.102276, -84.542438)"
Derailments,2012:07:CSX:000105452,0,0,600,23066,14,0,0,HAMILTON,7/1/2012 0:00,14:25,2012,2012,"H525,","CSX,",1,"H5,","H,",YARD,Ohio,39.102276,-84.542438,"Ohio
(39.102276, -84.542438)"
Other impacts,2012:09:CSX:000108377,0,0,0,25858,0,0,0,HAMILTON,9/21/2012 0:00,7:10,2012,2012,"S007,","CSX,",6,"S0,","S,",YARD,Ohio,39.102276,-84.542438,"Ohio
(39.102276, -84.542438)"
Other impacts,2012:12:CSX:000110997,0,0,50,12500,0,0,0,HAMILTON,12/13/2012 0:00,2:50,2012,2013,"E06C,","CSX,",6,"E0,","E,",YARD,Ohio,39.102276,-84.542438,"Ohio
(39.102276, -84.542438)"
Derailments,2012:12:CSX:000111213,0,0,1000,24914,0,0,0,HAMILTON,12/19/2012 0:00,19:45,2012,2013,"T207,","CSX,",7,"T2,","T,",YARD,Ohio,39.102276,-84.542438,"Ohio
(39.102276, -84.542438)"
Derailments,2013:01:CSX:000111879,0,0,14000,40262,0,0,0,HAMILTON,1/13/2013 0:00,10:35,2013,2013,"H704,","CSX,",7,"H7,","H,",YARD,Ohio,39.102276,-84.542438,"Ohio
(39.102276, -84.542438)"
Other impacts,2013:03:CSX:000114211,0,0,0,16937,0,0,0,HAMILTON,3/23/2013 0:00,6:15,2013,2013,"E06C,","CSX,",6,"E0,","E,",YARD,Ohio,39.102276,-84.542438,"Ohio
(39.102276, -84.542438)"
Other impacts,2013:04:CSX:000115085,0,0,0,83728,0,0,0,HAMILTON,4/17/2013 0:00,4:13,2013,2013,"M407,","CSX,",6,"M4,","M,",YARD,Ohio,39.102276,-84.542438,"Ohio
(39.102276, -84.542438)"
Derailments,2013:04:CSX:000115680,0,0,14500,34595,9,0,0,HAMILTON,4/30/2013 0:00,21:15,2013,2013,"H518,","CSX,",1,"H5,","H,",YARD,Ohio,39.102276,-84.542438,"Ohio
(39.102276, -84.542438)"
Side collision,2013:05:CSX:000116722,0,0,250,82938,0,0,0,HAMILTON,5/30/2013 0:00,10:00,2013,2013,"H017,","CSX,",17,"H0,","H,",YARD,Ohio,39.102276,-84.542438,"Ohio
(39.102276, -84.542438)"
Derailments,2013:07:CSX:000118121,0,0,1700,32074,0,0,0,HAMILTON,7/7/2013 0:00,24:40:00,2013,2013,"H702,","CSX,",76,"H7,","H,",YARD,Ohio,39.102276,-84.542438,"Ohio
(39.102276, -84.542438)"
Derailments,2013:12:CSX:000123391,0,0,0,46860,0,0,0,HAMILTON,12/3/2013 0:00,5:50,2013,2014,"M407,","CSX,",5,"M4,","M,",YARD,Ohio,39.102276,-84.542438,"Ohio
(39.102276, -84.542438)"
Other impacts,2013:12:CSX:000123531,0,0,0,46310,0,0,0,HAMILTON,12/7/2013 0:00,1:13,2013,2014,"M407,","CSX,",6,"M4,","M,",YARD,Ohio,39.102276,-84.542438,"Ohio
(39.102276, -84.542438)"
Derailments,2013:12:CSX:000124099,0,0,500,212473,7,3,0,HAMILTON,12/22/2013 0:00,23:50,2013,2014,"T207,","CSX,",1,"T2,","T,",YARD,Ohio,39.102276,-84.542438,"Ohio
(39.102276, -84.542438)"
Derailments,2014:01:CSX:000124788,0,0,150,12944,0,0,0,HAMILTON,1/14/2014 0:00,13:26,2014,2014,"S006,","CSX,",8,"S0,","S,",YARD,Ohio,39.102276,-84.542438,"Ohio
(39.102276, -84.542438)"
Derailments,2014:01:CSX:000125307,0,0,250,12504,6,1,0,HAMILTON,1/27/2014 0:00,4:36,2014,2014,"H702,","CSX,",7,"H7,","H,",YARD,Ohio,39.102276,-84.542438,"Ohio
(39.102276, -84.542438)"
Derailments,2014:02:CSX:000126073,0,0,500,54263,1,1,0,HAMILTON,2/18/2014 0:00,2:30,2014,2014,"T207,","CSX,",7,"T2,","T,",YARD,Ohio,39.102276,-84.542438,"Ohio
(39.102276, -84.542438)"
Derailments,2014:03:CSX:000126881,0,0,200,85808,0,0,0,HAMILTON,3/6/2014 0:00,18:15,2014,2014,"H303,","CSX,",5,"H3,","H,",YARD,Ohio,39.102276,-84.542438,"Ohio
(39.102276, -84.542438)"
Derailments,2014:03:CSX:000127018,0,0,10500,37185,0,0,0,HAMILTON,3/8/2014 0:00,17:30,2014,2014,"S016,","CSX,",7,"S0,","S,",YARD,Ohio,39.102276,-84.542438,"Ohio
(39.102276, -84.542438)"
Derailments,2014:05:CSX:000129269,0,0,2500,22711,0,0,0,HAMILTON,5/1/2014 0:00,6:00,2014,2014,"M204,","CSX,",7,"M2,","M,",YARD,Ohio,39.102276,-84.542438,"Ohio
(39.102276, -84.542438)"
Other impacts,2014:05:CSX:000129499,0,0,100,25196,0,0,0,HAMILTON,5/6/2014 0:00,16:30,2014,2014,"S007,","CSX,",76,"S0,","S,",YARD,Ohio,39.102276,-84.542438,"Ohio
(39.102276, -84.542438)"
Other impacts,2014:06:CSX:000131364,0,0,0,30667,0,0,0,HAMILTON,6/23/2014 0:00,19:45,2014,2014,"H302,","CSX,",56,"H3,","H,",YARD,Ohio,39.102276,-84.542438,"Ohio
(39.102276, -84.542438)"
Side collision,2014:10:CSX:000136276,0,0,1600,12092,0,0,0,HAMILTON,10/15/2014 0:00,20:26,2014,2015,"H305,","CSX,",7,"H3,","H,",YARD,Ohio,39.102276,-84.542438,"Ohio
(39.102276, -84.542438)"
Derailments,2014:11:CSX:000137304,0,0,38000,47639,7,0,0,HAMILTON,11/6/2014 0:00,13:29,2014,2015,"S006,","CSX,",1,"S0,","S,",YARD,Ohio,39.102276,-84.542438,"Ohio
(39.102276, -84.542438)"
Derailments,2014:12:CSX:000138698,0,0,12000,50055,3,3,0,HAMILTON,12/10/2014 0:00,11:28,2014,2015,"E07C,","CSX,",7,"E0,","E,",YARD,Ohio,39.102276,-84.542438,"Ohio
(39.102276, -84.542438)"
Derailments,2014:12:CSX:000139288,0,0,2000,20934,0,0,0,HAMILTON,12/24/2014 0:00,14:23,2014,2015,"H307,","CSX,",7,"H3,","H,",YARD,Ohio,39.102276,-84.542438,"Ohio
(39.102276, -84.542438)"
Side collision,2015:08:CSX:000151331,0,0,0,11507,0,0,0,HAMILTON,8/26/2015 0:00,4:48,2015,2015,"S016,","CSX,",65,"S0,","S,",YARD,Ohio,39.104323,-84.542438,"Ohio
(39.104323, -84.542438)"
Derailments,2011:12:CSX:000098233,0,0,50000,80009,0,0,0,INGHAM,12/1/2011 0:00,13:09,2011,2012,"E67C,","CSX,",1,"E6,","E,",MAIN,Michigan,42.728784,-84.540752,"Michigan
(42.728784, -84.540752)"
Highway-rail impact,2014:06:GTW:815609,0,0,11201,0,99,0,0,INGHAM,6/4/2014 0:00,22:29,2014,2014,"M301,M304,","GTW,",1,"M3,","M,",MAIN,Michigan,42.752899,-84.540703,"Michigan
(42.752899, -84.540703)"
Derailments,2016:07:NS:121345,0,0,85925,27425,0,0,0,HAMILTON,7/21/2016 0:00,14:45,2016,2016,"H702,","NS,",1,"H7,","H,",YARD,Ohio,39.102514,-84.54005,"Ohio
(39.102514, -84.54005)"
Derailments,2015:03:CSX:000142433,0,0,3140,27221,0,0,0,HAMILTON,3/4/2015 0:00,18:10,2015,2015,"M411,","CSX,",7,"M4,","M,",YARD,Ohio,39.104323,-84.538947,"Ohio
(39.104323, -84.538947)"
Derailments,2015:08:CSX:000151018,0,0,2600,8722,1,0,0,HAMILTON,8/23/2015 0:00,10:23,2015,2015,"S016,","CSX,",7,"S0,","S,",YARD,Ohio,39.104323,-84.538947,"Ohio
(39.104323, -84.538947)"
Other impacts,2015:09:CSX:000152539,0,0,0,13311,0,0,0,HAMILTON,9/28/2015 0:00,14:06,2015,2015,"S016,","CSX,",56,"S0,","S,",YARD,Ohio,39.104323,-84.538947,"Ohio
(39.104323, -84.538947)"
Other impacts,2016:01:CSX:000155694,0,0,0,13639,0,0,0,HAMILTON,1/4/2016 0:00,16:30,2016,2016,"M407,","CSX,",6,"M4,","M,",YARD,Ohio,39.104323,-84.538947,"Ohio
(39.104323, -84.538947)"
Other impacts,2016:02:CSX:000156726,0,0,0,23000,0,0,0,HAMILTON,2/2/2016 0:00,1:00,2016,2016,"M407,","CSX,",6,"M4,","M,",YARD,Ohio,39.104323,-84.538947,"Ohio
(39.104323, -84.538947)"
Derailments,2014:07:CSX:000131941,0,0,0,36942,5,0,0,MCMINN,7/9/2014 0:00,19:43,2014,2014,"H306,","CSX,",7,"H3,","H,",INDUSTRY,Tennessee,35.301519,-84.535315,"Tennessee
(35.301519, -84.535315)"
Derailments,2011:06:IC:711831,0,0,134295,139057,0,0,0,FULTON,6/13/2011 0:00,9:30,2011,2011,"E51C,","IC,",1,"E5,","E,",MAIN,Kentucky,36.29693,-84.5341,"Kentucky
(36.29693, -84.5341)"
Highway-rail impact,2011:06:CSX:000091097,0,0,54241,200,0,0,0,FULTON,6/29/2011 0:00,7:40,2011,2011,"M304,","CSX,",1,"M3,","M,",MAIN,Georgia,33.605939,-84.533157,"Georgia
(33.605939, -84.533157)"
Derailments,2016:01:CSX:000156627,0,0,8540,34500,0,0,0,MCMINN,1/30/2016 0:00,7:15,2016,2016,"M204,","CSX,",1,"M2,","M,",YARD,Tennessee,35.328132,-84.521392,"Tennessee
(35.328132, -84.521392)"
Derailments,2015:02:NS:114371,0,0,11374,13014,0,0,0,FAYETTE,2/15/2015 0:00,23:15,2015,2015,"H702,","NS,",1,"H7,","H,",YARD,Kentucky,38.077334,-84.5184,"Kentucky
(38.077334, -84.5184)"
Derailments,2011:06:NS:095195,0,0,0,12186,0,0,0,WILLIAMS,6/13/2011 0:00,10:04,2011,2011,"H303,","NS,",8,"H3,","H,",YARD,Ohio,41.485857,-84.518027,"Ohio
(41.485857, -84.518027)"
Derailments,2012:04:NS:099408,0,0,150,10000,0,0,0,HAMILTON,4/17/2012 0:00,12:17,2012,2012,"T313,","NS,",8,"T3,","T,",YARD,Ohio,39.099233,-84.517486,"Ohio
(39.099233, -84.517486)"
Derailments,2012:12:NS:102389,0,0,0,12227,0,0,0,HAMILTON,12/3/2012 0:00,18:00,2012,2013,"H017,","NS,",7,"H0,","H,",YARD,Ohio,39.099233,-84.517486,"Ohio
(39.099233, -84.517486)"
Derailments,2013:11:NS:107716,0,0,255,11819,0,0,0,HAMILTON,11/12/2013 0:00,20:00,2013,2014,"H306,H702,","NS,",8,"H3,H7,","H,",YARD,Ohio,39.099233,-84.517466,"Ohio
(39.099233, -84.517466)"
Derailments,2014:12:CSX:000139275,0,0,12050,32679,0,0,0,TALBOT,12/23/2014 0:00,7:00,2014,2015,"M501,","CSX,",1,"M5,","M,",MAIN,Georgia,32.64587,-84.504597,"Georgia
(32.64587, -84.504597)"
Raking collision,2015:11:RASX:FRAR631,0,0,0,85000,0,0,0,HAMILTON,11/13/2015 0:00,17:25,2015,2016,"H302,H307,","RASX,",7,"H3,","H,",YARD,Ohio,39.178079,-84.50046,"Ohio
(39.178079, -84.50046)"