AccidentType,inckey,Fatalities,Injuries,TrackDamage,EquipmentDamage,HazmatCars,HazmatCarsDerailed,HazmatCarsReleasing,County,DisplayDate,DisplayTime,calendar,Fiscal,AccidentCause,RailroadCodes,RAILEQUIPMENT_TYPE,CauseGroup,CauseDiscipline,TYPE_OF_TRACK,StateName,latitude,longitude,GeoLocation
Derailments,2012:06:CSX:000105125,0,0,5000,39550,0,0,0,HAMILTON,6/20/2012 0:00,19:40,2012,2012,"H525,","CSX,",7,"H5,","H,",YARD,Ohio,39.179986,-84.500367,"Ohio
(39.179986, -84.500367)"
Derailments,2014:02:CSX:000126351,0,1,1500,19824,0,0,0,KENTON,2/22/2014 0:00,14:50,2014,2014,"M503,","CSX,",1,"M5,","M,",MAIN,Kentucky,39.052251,-84.499713,"Kentucky
(39.052251, -84.499713)"
Other impacts,2011:05:CSX:000089527,0,0,0,15815,0,0,0,DEFIANCE,5/12/2011 0:00,24:00:00,2011,2011,"M599,","CSX,",5,"M5,","M,",SIDING,Ohio,41.282991,-84.492814,"Ohio
(41.282991, -84.492814)"
Derailments,2015:11:NS:118341,0,0,50000,5650,0,0,0,FULTON,11/23/2015 0:00,23:45,2015,2016,"E67C,","NS,",1,"E6,","E,",MAIN,Georgia,33.809524,-84.487033,"Georgia
(33.809524, -84.487033)"
Other events,2011:05:NS:094954,0,0,0,10000,0,0,0,MCCREARY,5/16/2011 0:00,2:00,2011,2011,"E33C,","NS,",1,"E3,","E,",MAIN,Kentucky,36.761878,-84.483662,"Kentucky
(36.761878, -84.483662)"
Derailments,2014:04:NS:110204,0,0,2540,13718,4,0,0,MCCREARY,4/25/2014 0:00,8:30,2014,2014,"T314,","NS,",1,"T3,","T,",YARD,Kentucky,36.690786,-84.474791,"Kentucky
(36.690786, -84.474791)"
Highway-rail impact,2015:05:CSX:000146138,0,2,0,37111,0,0,0,DEFIANCE,5/13/2015 0:00,8:50,2015,2015,"M304,","CSX,",8,"M3,","M,",MAIN,Ohio,41.278631,-84.474307,"Ohio
(41.278631, -84.474307)"
Other impacts,2011:12:MMZ:INDUSTRY,0,0,0,25710,0,0,0,TALBOT,12/28/2011 0:00,9:55,2011,2012,"M501,","CSX,",1,"M5,","M,",INDUSTRY,Georgia,32.623908,-84.474065,"Georgia
(32.623908, -84.474065)"
Obstruction impact,2016:03:MMZ:INDUSTRY,0,0,50,23175,0,0,0,TALBOT,3/9/2016 0:00,24:24:00,2016,2016,"H017,","CSX,",8,"H0,","H,",INDUSTRY,Georgia,32.625758,-84.473878,"Georgia
(32.625758, -84.473878)"
Derailments,2012:01:CSX:000099287,0,0,2000,29819,1,0,0,KENTON,1/5/2012 0:00,10:17,2012,2012,"H993,T221,","CSX,",1,"H9,T2,","H,T,",YARD,Kentucky,39.002902,-84.469002,"Kentucky
(39.002902, -84.469002)"
Derailments,2012:07:VALV:INDUSTRY,0,0,500,14606,0,0,0,FULTON,7/13/2012 0:00,11:30,2012,2012,"T205,","CSX,",1,"T2,","T,",INDUSTRY,Georgia,33.631827,-84.467758,"Georgia
(33.631827, -84.467758)"
Derailments,2015:06:NS:116243,0,0,10966,28,0,0,0,FULTON,6/25/2015 0:00,3:30,2015,2015,"T110,","NS,",7,"T1,","T,",YARD,Georgia,33.806706,-84.462846,"Georgia
(33.806706, -84.462846)"
Other impacts,2016:05:JCMZ:INDUSTRY,0,1,0,12000,0,0,0,TALBOT,5/11/2016 0:00,16:29,2016,2016,"H702,","CSX,",14,"H7,","H,",INDUSTRY,Georgia,32.599055,-84.454598,"Georgia
(32.599055, -84.454598)"
Derailments,2016:06:CSX:000160537,0,0,376,11606,8,0,0,FULTON,6/13/2016 0:00,24:15:00,2016,2016,"H503,","CSX,",1,"H5,","H,",YARD,Georgia,33.801524,-84.450001,"Georgia
(33.801524, -84.450001)"
Derailments,2011:08:CSX:000092584,0,0,300,24063,0,0,0,FULTON,8/6/2011 0:00,1:30,2011,2011,"T217,","CSX,",6,"T2,","T,",YARD,Georgia,33.801524,-84.45,"Georgia
(33.801524, -84.45)"
Other impacts,2012:02:CSX:000100630,0,0,0,59207,0,0,0,FULTON,2/11/2012 0:00,3:47,2012,2012,"S016,","CSX,",56,"S0,","S,",YARD,Georgia,33.801524,-84.45,"Georgia
(33.801524, -84.45)"
Other impacts,2012:05:CSX:000103519,0,0,0,40041,1,0,0,FULTON,5/8/2012 0:00,15:50,2012,2012,"E06C,","CSX,",56,"E0,","E,",YARD,Georgia,33.801524,-84.45,"Georgia
(33.801524, -84.45)"
Other impacts,2012:06:CSX:000104882,0,1,750,18172,9,0,0,FULTON,6/16/2012 0:00,4:00,2012,2012,"H306,H702,","CSX,",7,"H3,H7,","H,",YARD,Georgia,33.801524,-84.45,"Georgia
(33.801524, -84.45)"
Derailments,2012:09:CSX:000108500,0,0,3000,63756,31,0,0,FULTON,9/23/2012 0:00,22:40,2012,2012,"T207,","CSX,",1,"T2,","T,",YARD,Georgia,33.801524,-84.45,"Georgia
(33.801524, -84.45)"
Derailments,2012:10:CSX:000109184,0,0,500,10803,6,0,0,FULTON,10/11/2012 0:00,23:45,2012,2013,"M204,","CSX,",7,"M2,","M,",YARD,Georgia,33.801524,-84.45,"Georgia
(33.801524, -84.45)"
Other impacts,2012:12:CSX:000110751,0,0,1000,209883,5,1,0,FULTON,12/4/2012 0:00,10:20,2012,2013,"H399,","CSX,",67,"H3,","H,",YARD,Georgia,33.801524,-84.45,"Georgia
(33.801524, -84.45)"
Derailments,2012:12:CSX:000110922,0,0,750,63903,0,0,0,FULTON,12/10/2012 0:00,16:00,2012,2013,"T207,","CSX,",76,"T2,","T,",YARD,Georgia,33.801524,-84.45,"Georgia
(33.801524, -84.45)"
Other impacts,2013:01:CSX:000111814,0,0,0,49672,1,0,0,FULTON,1/10/2013 0:00,18:48,2013,2013,"S016,","CSX,",5,"S0,","S,",YARD,Georgia,33.801524,-84.45,"Georgia
(33.801524, -84.45)"
Derailments,2013:03:CSX:000113945,0,0,2774,8941,2,0,0,FULTON,3/15/2013 0:00,2:25,2013,2013,"H308,","CSX,",7,"H3,","H,",YARD,Georgia,33.801524,-84.45,"Georgia
(33.801524, -84.45)"
Derailments,2013:04:CSX:000114968,0,0,7100,4719,0,0,0,FULTON,4/13/2013 0:00,3:20,2013,2013,"T207,","CSX,",7,"T2,","T,",YARD,Georgia,33.801524,-84.45,"Georgia
(33.801524, -84.45)"
Other impacts,2013:05:CSX:000116043,0,0,50,99974,3,3,0,FULTON,5/10/2013 0:00,10:50,2013,2013,"H018,","CSX,",56,"H0,","H,",YARD,Georgia,33.801524,-84.45,"Georgia
(33.801524, -84.45)"
Other impacts,2013:06:CSX:000117513,0,0,0,18064,0,0,0,FULTON,6/18/2013 0:00,19:54,2013,2013,"S016,","CSX,",5,"S0,","S,",YARD,Georgia,33.801524,-84.45,"Georgia
(33.801524, -84.45)"
Derailments,2013:07:CSX:000117917,0,0,11200,10015,0,0,0,FULTON,7/1/2013 0:00,4:40,2013,2013,"S011,","CSX,",7,"S0,","S,",YARD,Georgia,33.801524,-84.45,"Georgia
(33.801524, -84.45)"
Side collision,2013:09:CSX:000120496,0,0,0,35265,6,0,0,FULTON,9/14/2013 0:00,17:15,2013,2013,"H306,","CSX,",7,"H3,","H,",YARD,Georgia,33.801524,-84.45,"Georgia
(33.801524, -84.45)"
Other impacts,2014:01:CSX:000124401,0,0,50,17511,0,0,0,FULTON,1/4/2014 0:00,10:30,2014,2014,"E09C,","CSX,",6,"E0,","E,",YARD,Georgia,33.801524,-84.45,"Georgia
(33.801524, -84.45)"
Derailments,2014:01:CSX:000124983,0,0,200,16354,0,0,0,FULTON,1/18/2014 0:00,20:36,2014,2014,"M411,H999,","CSX,",65,"M4,H9,M4,H9,","M,H,M,H,",YARD,Georgia,33.801524,-84.45,"Georgia
(33.801524, -84.45)"
Derailments,2014:06:CSX:000130362,0,0,8800,69650,0,0,0,FULTON,6/1/2014 0:00,10:37,2014,2014,"T220,","CSX,",1,"T2,","T,",YARD,Georgia,33.801524,-84.45,"Georgia
(33.801524, -84.45)"
Derailments,2014:11:CSX:000137328,0,0,500,14639,0,0,0,FULTON,11/6/2014 0:00,20:33,2014,2015,"H314,H099,","CSX,",7,"H3,H0,","H,",YARD,Georgia,33.801524,-84.45,"Georgia
(33.801524, -84.45)"
Derailments,2013:06:IORY:IOR384113D,0,0,1000,46000,4,0,0,HAMILTON,6/12/2013 0:00,20:26,2013,2013,"H702,","IORY,",1,"H7,","H,",MAIN,Ohio,39.162361,-84.448332,"Ohio
(39.162361, -84.448332)"
Derailments,2011:05:NS:094847,0,0,21100,2150,0,0,0,FULTON,5/7/2011 0:00,14:10,2011,2011,"S011,","NS,",1,"S0,","S,",YARD,Georgia,33.793938,-84.44553,"Georgia
(33.793938, -84.44553)"
Derailments,2011:10:NS:096717,0,0,150,12038,0,0,0,FULTON,10/15/2011 0:00,5:50,2011,2012,"T313,","NS,",7,"T3,","T,",YARD,Georgia,33.793938,-84.44553,"Georgia
(33.793938, -84.44553)"
Derailments,2011:11:NS:096990,0,0,2500,48257,0,0,0,FULTON,11/10/2011 0:00,12:50,2011,2012,"H702,","NS,",8,"H7,","H,",YARD,Georgia,33.793938,-84.44553,"Georgia
(33.793938, -84.44553)"
Derailments,2012:03:NS:098897,0,0,4000,10100,0,0,0,FULTON,3/4/2012 0:00,5:00,2012,2012,"H702,","NS,",1,"H7,","H,",YARD,Georgia,33.793938,-84.44553,"Georgia
(33.793938, -84.44553)"
Derailments,2012:06:NS:100078,0,0,11476,28,0,0,0,FULTON,6/12/2012 0:00,2:50,2012,2012,"E64L,","NS,",7,"E6,","E,",YARD,Georgia,33.793938,-84.44553,"Georgia
(33.793938, -84.44553)"
Derailments,2012:07:NS:100734,0,0,110000,11800,0,0,0,FULTON,7/30/2012 0:00,12:35,2012,2012,"H704,","NS,",1,"H7,","H,",YARD,Georgia,33.793938,-84.44553,"Georgia
(33.793938, -84.44553)"
Side collision,2012:09:NS:101572,0,0,1200,83000,0,0,0,FULTON,9/27/2012 0:00,8:40,2012,2012,"H306,","NS,",71,"H3,","H,",YARD,Georgia,33.793938,-84.44553,"Georgia
(33.793938, -84.44553)"
Derailments,2013:10:NS:106832,0,0,4000,35100,0,0,0,FULTON,10/19/2013 0:00,5:30,2013,2014,"T311,","NS,",7,"T3,","T,",YARD,Georgia,33.79308,-84.445462,"Georgia
(33.79308, -84.445462)"
Derailments,2013:08:NS:106076,0,0,41200,85000,0,0,0,FULTON,8/23/2013 0:00,12:06,2013,2013,"H702,","NS,",1,"H7,","H,",YARD,Georgia,33.793908,-84.445462,"Georgia
(33.793908, -84.445462)"
Derailments,2014:01:NS:108801,0,0,25300,6000,0,0,0,FULTON,1/29/2014 0:00,8:10,2014,2014,"H513,","NS,",1,"H5,","H,",YARD,Georgia,33.793908,-84.445462,"Georgia
(33.793908, -84.445462)"
Side collision,2014:02:NS:109219,0,0,24533,29600,0,0,0,FULTON,2/19/2014 0:00,2:00,2014,2014,"H306,","NS,",1,"H3,","H,",YARD,Georgia,33.793908,-84.445462,"Georgia
(33.793908, -84.445462)"
Derailments,2014:06:NS:111083,0,0,27590,1500,0,0,0,FULTON,6/29/2014 0:00,10:40,2014,2014,"T314,","NS,",7,"T3,","T,",YARD,Georgia,33.793908,-84.445462,"Georgia
(33.793908, -84.445462)"
Side collision,2014:09:NS:112015,0,0,3057,12500,0,0,0,FULTON,9/2/2014 0:00,17:06,2014,2014,"H99D,","NS,",7,"H9,","H,",YARD,Georgia,33.793908,-84.445462,"Georgia
(33.793908, -84.445462)"
Derailments,2014:10:NS:112450,0,0,12834,58,0,0,0,FULTON,10/4/2014 0:00,1:00,2014,2015,"H702,","NS,",8,"H7,","H,",YARD,Georgia,33.793908,-84.445462,"Georgia
(33.793908, -84.445462)"
Derailments,2015:05:NS:115601,0,0,2998,12871,0,0,0,FULTON,5/10/2015 0:00,5:30,2015,2015,"H305,","NS,",7,"H3,","H,",YARD,Georgia,33.793908,-84.445462,"Georgia
(33.793908, -84.445462)"
Derailments,2015:05:NS:115668,0,0,41454,20000,0,0,0,FULTON,5/15/2015 0:00,13:00,2015,2015,"H303,","NS,",1,"H3,","H,",YARD,Georgia,33.793908,-84.445462,"Georgia
(33.793908, -84.445462)"
Derailments,2016:03:NS:119791,0,0,20550,200,0,0,0,FULTON,3/18/2016 0:00,13:30,2016,2016,"T311,","NS,",1,"T3,","T,",YARD,Georgia,33.793908,-84.445462,"Georgia
(33.793908, -84.445462)"
Side collision,2015:05:CSX:000145694,0,0,1060,56223,0,0,0,FULTON,5/2/2015 0:00,21:26,2015,2015,"E09C,","CSX,",5,"E0,","E,",YARD,Georgia,33.799641,-84.439903,"Georgia
(33.799641, -84.439903)"
Derailments,2015:08:CSX:000150343,0,0,126,24017,2,2,0,FULTON,8/8/2015 0:00,1:38,2015,2015,"M411,","CSX,",6,"M4,","M,",YARD,Georgia,33.799641,-84.439903,"Georgia
(33.799641, -84.439903)"
Derailments,2015:09:CSX:000152192,0,0,10350,110560,0,0,0,FULTON,9/18/2015 0:00,18:30,2015,2015,"H403,","CSX,",7,"H4,","H,",YARD,Georgia,33.799641,-84.439903,"Georgia
(33.799641, -84.439903)"
Derailments,2015:09:CSX:000152199,0,0,14408,247793,39,0,0,FULTON,9/18/2015 0:00,15:30,2015,2015,"H503,","CSX,",1,"H5,","H,",YARD,Georgia,33.799641,-84.439903,"Georgia
(33.799641, -84.439903)"
Derailments,2015:10:CSX:000152978,0,0,1273,17952,0,0,0,FULTON,10/7/2015 0:00,2:15,2015,2016,"S016,","CSX,",56,"S0,","S,",YARD,Georgia,33.799641,-84.439903,"Georgia
(33.799641, -84.439903)"
Derailments,2014:01:NS:108428,0,0,0,29400,0,0,0,FULTON,1/6/2014 0:00,18:20,2014,2014,"H210,","NS,",7,"H2,","H,",YARD,Georgia,33.680766,-84.439848,"Georgia
(33.680766, -84.439848)"
Other impacts,2014:04:NS:110199,0,0,0,16000,0,0,0,FULTON,4/24/2014 0:00,17:27,2014,2014,"H399,","NS,",1,"H3,","H,",YARD,Georgia,33.680766,-84.439848,"Georgia
(33.680766, -84.439848)"
Derailments,2016:08:NS:121783,0,0,400,12455,0,0,0,FULTON,8/22/2016 0:00,8:00,2016,2016,"T110,","NS,",8,"T1,","T,",YARD,Georgia,33.677863,-84.439277,"Georgia
(33.677863, -84.439277)"
Derailments,2012:09:NS:101430,0,0,21000,1430,0,0,0,FULTON,9/16/2012 0:00,18:05,2012,2012,"H525,","NS,",1,"H5,","H,",YARD,Georgia,33.677981,-84.439262,"Georgia
(33.677981, -84.439262)"
Other events,2012:10:NS:101711,0,0,0,14000,0,0,0,FULTON,10/6/2012 0:00,15:35,2012,2013,"H307,","NS,",7,"H3,","H,",YARD,Georgia,33.677981,-84.439262,"Georgia
(33.677981, -84.439262)"
Derailments,2012:06:NS:099940,0,0,20415,2219,0,0,0,TUSCALOOSA,6/5/2012 0:00,2:45,2012,2012,"T311,","NS,",1,"T3,","T,",YARD,Alabama,36.632001,-84.438018,"Alabama
(36.632001, -84.438018)"
Derailments,2015:05:NS:115876,0,0,3025,10550,1,1,0,FULTON,5/31/2015 0:00,14:20,2015,2015,"H312,","NS,",7,"H3,","H,",YARD,Georgia,33.689885,-84.436434,"Georgia
(33.689885, -84.436434)"
Derailments,2011:05:NS:094846,0,0,1000,13950,0,0,0,FULTON,5/7/2011 0:00,3:20,2011,2011,"H702,","NS,",1,"H7,","H,",YARD,Georgia,33.69055,-84.435836,"Georgia
(33.69055, -84.435836)"
Derailments,2012:01:NS:097882,0,0,0,31900,0,0,0,FULTON,1/30/2012 0:00,9:35,2012,2012,"H306,","NS,",1,"H3,","H,",YARD,Georgia,33.69055,-84.435836,"Georgia
(33.69055, -84.435836)"
Side collision,2015:11:CSX:000154713,0,0,126,143809,54,0,0,FULTON,11/27/2015 0:00,16:04,2015,2016,"H221,","CSX,",1,"H2,","H,",MAIN,Georgia,33.761979,-84.431417,"Georgia
(33.761979, -84.431417)"
Derailments,2014:04:CSX:000128347,0,0,5000,74282,16,1,0,FULTON,4/8/2014 0:00,5:00,2014,2014,"E64C,","CSX,",1,"E6,","E,",MAIN,Georgia,33.785648,-84.419961,"Georgia
(33.785648, -84.419961)"
Derailments,2011:11:CSX:000098192,0,0,2500,39753,0,0,0,FULTON,11/30/2011 0:00,13:15,2011,2012,"T207,","CSX,",76,"T2,","T,",YARD,Georgia,33.794142,-84.41766,"Georgia
(33.794142, -84.41766)"
Derailments,2012:01:TDQQ:INDUSTRY,0,0,0,24502,0,0,0,FULTON,1/16/2012 0:00,19:30,2012,2012,"H303,","CSX,",57,"H3,","H,",INDUSTRY,Georgia,33.794142,-84.41766,"Georgia
(33.794142, -84.41766)"
Side collision,2015:12:CSX:000155067,0,0,0,59223,0,0,0,FULTON,12/10/2015 0:00,17:45,2015,2016,"H018,","CSX,",65,"H0,","H,",YARD,Georgia,33.794142,-84.41766,"Georgia
(33.794142, -84.41766)"
Derailments,2012:06:NS:100243,0,0,12244,6685,0,0,0,BUTLER,6/23/2012 0:00,9:25,2012,2012,"E40C,","NS,",1,"E4,","E,",MAIN,Ohio,39.305418,-84.410453,"Ohio
(39.305418, -84.410453)"
Other impacts,2011:07:CSX:000092297,0,0,1500,24368,0,0,0,BUTLER,7/29/2011 0:00,1:47,2011,2011,"H017,","CSX,",81,"H0,","H,",YARD,Ohio,39.485922,-84.408279,"Ohio
(39.485922, -84.408279)"
Derailments,2014:09:NS:112166,0,0,40976,3000,0,0,0,FULTON,9/14/2014 0:00,12:01,2014,2014,"H520,","NS,",1,"H5,","H,",MAIN,Georgia,33.738048,-84.405332,"Georgia
(33.738048, -84.405332)"
Derailments,2013:03:ZAKQ:INDUSTRY,0,0,0,12695,0,0,0,BUTLER,3/25/2013 0:00,14:45,2013,2013,"H703,","NS,",1,"H7,","H,",INDUSTRY,Ohio,39.426573,-84.404193,"Ohio
(39.426573, -84.404193)"
Derailments,2013:07:NS:105687,0,0,4000,35270,0,0,0,BUTLER,7/26/2013 0:00,2:15,2013,2013,"H702,","NS,",7,"H7,","H,",YARD,Ohio,39.455539,-84.393893,"Ohio
(39.455539, -84.393893)"
Derailments,2014:04:ZAKQ:INDUSTRY,0,0,50,17500,0,0,0,BUTLER,4/11/2014 0:00,6:00,2014,2014,"H524,","NS,",1,"H5,","H,",INDUSTRY,Ohio,39.455575,-84.393871,"Ohio
(39.455575, -84.393871)"
Derailments,2016:06:NS:120712,0,0,1500,18000,0,0,0,BUTLER,6/1/2016 0:00,14:05,2016,2016,"H210,","NS,",1,"H2,","H,",YARD,Ohio,39.513095,-84.392487,"Ohio
(39.513095, -84.392487)"
Derailments,2015:01:NS:113665,0,0,10654,2800,0,0,0,FULTON,1/5/2015 0:00,3:30,2015,2015,"T110,","NS,",1,"T1,","T,",MAIN,Georgia,33.64978,-84.392311,"Georgia
(33.64978, -84.392311)"
Derailments,2013:06:ATK:129459,0,0,0,25200,0,0,0,JACKSON,6/3/2013 0:00,23:01,2013,2013,"T207,","ATK,NS,",1,"T2,","T,",MAIN,Michigan,42.245215,-84.391256,"Michigan
(42.245215, -84.391256)"
Highway-rail impact,2012:12:NS:102708,0,0,75000,4150,8,0,0,CLAYTON,12/27/2012 0:00,16:00,2012,2013,"M303,","NS,",1,"M3,","M,",MAIN,Georgia,33.639484,-84.390406,"Georgia
(33.639484, -84.390406)"
Derailments,2012:01:GNRR:011912A,0,0,12100,476,0,0,0,CHEROKEE,1/19/2012 0:00,9:10,2012,2012,"T205,T201,","GNRR,",1,"T2,","T,",SIDING,Georgia,34.334293,-84.37766,"Georgia
(34.334293, -84.37766)"
Side collision,2015:11:CSX:000154347,0,0,251,18642,0,0,0,FULTON,11/17/2015 0:00,5:35,2015,2016,"H306,","CSX,",67,"H3,","H,",YARD,Georgia,33.749426,-84.376845,"Georgia
(33.749426, -84.376845)"
Derailments,2013:07:GNRR:070313A,0,0,23951,9076,0,0,0,CHEROKEE,7/3/2013 0:00,24:15:00,2013,2013,"T002,T101,","GNRR,",1,"T0,T1,","T,",MAIN,Georgia,34.345632,-84.376802,"Georgia
(34.345632, -84.376802)"
Derailments,2013:07:NS:105389,0,0,23000,28200,0,0,0,FULTON,7/5/2013 0:00,19:20,2013,2013,"H306,H702,","NS,",1,"H3,H7,","H,",YARD,Georgia,33.812693,-84.376252,"Georgia
(33.812693, -84.376252)"
Derailments,2011:08:NS:096096,0,0,15000,3000,9,0,0,PAULDING,8/25/2011 0:00,7:30,2011,2011,"E61C,","NS,",1,"E6,","E,",MAIN,Ohio,41.93908,-84.368991,"Ohio
(41.93908, -84.368991)"
Other events,2015:07:GSWR:GSW733715,0,0,0,65000,0,0,0,TERRELL,7/21/2015 0:00,20:40,2015,2015,"M501,","GSWR,",6,"M5,","M,",YARD,Georgia,31.733377,-84.368573,"Georgia
(31.733377, -84.368573)"
Derailments,2014:10:NS:112785,0,0,73696,46600,2,2,0,TAYLOR,10/27/2014 0:00,23:07,2014,2015,"H701,","NS,",1,"H7,","H,",MAIN,Georgia,32.589921,-84.357478,"Georgia
(32.589921, -84.357478)"
Derailments,2013:03:NS:103823,0,0,0,36354,0,0,0,LOUDON,3/13/2013 0:00,8:55,2013,2013,"H306,","NS,",8,"H3,","H,",YARD,Tennessee,35.738838,-84.343528,"Tennessee
(35.738838, -84.343528)"
Derailments,2016:08:CSX:000162016,0,0,285911,1254317,51,6,0,PENDLETON,8/10/2016 0:00,10:30,2016,2016,"H218,","CSX,",1,"H2,","H,",MAIN,Kentucky,38.676943,-84.335412,"Kentucky
(38.676943, -84.335412)"
Derailments,2016:05:NS:120641,0,0,180294,288178,0,0,0,TAYLOR,5/25/2016 0:00,16:51,2016,2016,"H508,","NS,",1,"H5,","H,",MAIN,Georgia,32.582788,-84.330173,"Georgia
(32.582788, -84.330173)"
Derailments,2015:08:NS:117178,0,0,340565,540057,0,0,0,DE KALB,8/31/2015 0:00,9:05,2015,2015,"T204,","NS,",1,"T2,","T,",MAIN,Georgia,33.671295,-84.329898,"Georgia
(33.671295, -84.329898)"
Derailments,2014:06:HAL:HAL559014,0,0,200000,150000,0,0,0,DOUGHERTY,6/19/2014 0:00,14:25,2014,2014,"T212,","GSWR,HAL,",1,"T2,","T,",MAIN,Georgia,31.54387,-84.302859,"Georgia
(31.54387, -84.302859)"
Highway-rail impact,2013:05:CSX:000116468,0,2,29000,1690,22,0,0,DE KALB,5/22/2013 0:00,6:22,2013,2013,"M399,","CSX,",1,"M3,","M,",MAIN,Georgia,33.769967,-84.296374,"Georgia
(33.769967, -84.296374)"
Derailments,2011:11:XLBS:INDUSTRY,0,0,300,11125,0,0,0,FULTON,11/18/2011 0:00,10:45,2011,2012,"T210,","NS,",1,"T2,","T,",INDUSTRY,Ohio,41.523493,-84.289954,"Ohio
(41.523493, -84.289954)"
Side collision,2016:04:NS:120161,0,0,0,30929,0,0,0,DE KALB,4/16/2016 0:00,24:15:00,2016,2016,"H307,","NS,",1,"H3,","H,",YARD,Georgia,33.899959,-84.285001,"Georgia
(33.899959, -84.285001)"
Derailments,2015:03:NS:114640,0,2,4757,14600,0,0,0,CAMPBELL,3/3/2015 0:00,1:15,2015,2015,"M101,","NS,",1,"M1,","M,",INDUSTRY,Tennessee,36.393958,-84.281702,"Tennessee
(36.393958, -84.281702)"
Derailments,2012:06:GLC:062812,0,0,96640,485234,0,0,0,SHIAWASSEE,6/28/2012 0:00,15:40,2012,2012,"T203,","GLC,",1,"T2,","T,",MAIN,Michigan,43.049619,-84.272582,"Michigan
(43.049619, -84.272582)"
Highway-rail impact,2012:02:NS:097888,0,17,37000,2281720,0,0,0,JACKSON,2/1/2012 0:00,8:19,2012,2012,"M304,M303,","ATK,NS,",2,"M3,","M,",MAIN,Michigan,42.2435,-84.269302,"Michigan
(42.2435, -84.269302)"
Other impacts,2015:12:CSX:000155481,0,0,1775,19604,0,0,0,HAMILTON,12/23/2015 0:00,18:00,2015,2016,"M105,","CSX,",7,"M1,","M,",INDUSTRY,Ohio,37.850439,-84.256888,"Ohio
(37.850439, -84.256888)"
Derailments,2015:04:CSX:000144162,0,0,1000,102127,11,0,0,HAMILTON,4/2/2015 0:00,22:30,2015,2015,"H525,","CSX,",7,"H5,","H,",MAIN,Ohio,37.850352,-84.256836,"Ohio
(37.850352, -84.256836)"
Derailments,2015:10:CSX:000152871,0,0,1000,12210,0,0,0,MADISON,10/5/2015 0:00,8:30,2015,2016,"H702,","CSX,",7,"H7,","H,",YARD,Kentucky,37.850352,-84.256836,"Kentucky
(37.850352, -84.256836)"
Side collision,2016:06:CSX:000160297,0,0,1500,155076,0,0,0,HAMILTON,6/5/2016 0:00,9:24,2016,2016,"H607,","CSX,",7,"H6,","H,",YARD,Ohio,37.850352,-84.256836,"Ohio
(37.850352, -84.256836)"
Derailments,2014:12:CSX:000138883,0,0,100000,137404,0,0,0,BOURBON,12/15/2014 0:00,2:45,2014,2015,"T499,","CSX,",1,"T4,","T,",MAIN,Kentucky,38.212451,-84.247722,"Kentucky
(38.212451, -84.247722)"
Derailments,2011:08:NS:095785,0,0,500,29411,0,0,0,SPAULDING,8/2/2011 0:00,17:30,2011,2011,"H509,","NS,",1,"H5,","H,",YARD,Georgia,33.244079,-84.244528,"Georgia
(33.244079, -84.244528)"
Derailments,2016:02:NS:119247,0,0,8500,33300,0,0,0,GWINNETT,2/4/2016 0:00,23:00,2016,2016,"T110,","NS,",1,"T1,","T,",INDUSTRY,Georgia,33.927358,-84.24427,"Georgia
(33.927358, -84.24427)"
Derailments,2014:07:NS:111547,0,0,38032,13200,0,0,0,SUMTER,7/30/2014 0:00,15:35,2014,2014,"T110,","NS,",1,"T1,","T,",YARD,Georgia,32.061534,-84.240731,"Georgia
(32.061534, -84.240731)"
Rear end collision,2013:12:CSX:000124315,0,0,15000,0,11,0,0,ROCKCASTLE,12/29/2013 0:00,11:14,2013,2014,"H993,","CSX,",NA,"H9,","H,",MAIN,Kentucky,37.340596,-84.232264,"Kentucky
(37.340596, -84.232264)"
Derailments,2015:05:NS:115493,0,0,67545,83000,0,0,0,CAMPBELL,5/2/2015 0:00,2:30,2015,2015,"T002,","NS,",1,"T0,","T,",MAIN,Tennessee,36.294447,-84.219076,"Tennessee
(36.294447, -84.219076)"
Derailments,2013:12:XPRE:INDUSTRY,0,0,0,52935,0,0,0,MONTGOMERY,12/30/2013 0:00,9:55,2013,2014,"T110,","NS,",7,"T1,","T,",INDUSTRY,Ohio,39.706191,-84.218683,"Ohio
(39.706191, -84.218683)"
Derailments,2015:01:NS:113940,0,0,6133,31649,0,0,0,MONTGOMERY,1/21/2015 0:00,1:45,2015,2015,"H302,","NS,",1,"H3,","H,",YARD,Ohio,39.706191,-84.218683,"Ohio
(39.706191, -84.218683)"
Derailments,2015:03:NS:114779,0,0,6778,6000,0,0,0,MONTGOMERY,3/11/2015 0:00,18:00,2015,2015,"T110,","NS,",7,"T1,","T,",YARD,Ohio,39.706191,-84.218683,"Ohio
(39.706191, -84.218683)"
Derailments,2015:08:NS:116960,0,0,15200,39000,0,0,0,MONTGOMERY,8/16/2015 0:00,15:05,2015,2015,"H018,","NS,",1,"H0,","H,",YARD,Ohio,39.706191,-84.218683,"Ohio
(39.706191, -84.218683)"
Rear end collision,2015:08:CSX:000150986,0,2,1500,94502,0,0,0,ROCKCASTLE,8/20/2015 0:00,23:13,2015,2015,"H220,","CSX,",81,"H2,","H,",MAIN,Kentucky,37.291698,-84.218581,"Kentucky
(37.291698, -84.218581)"
Highway-rail impact,2013:11:NS:107910,0,0,10000,6000,0,0,0,GWINNETT,11/26/2013 0:00,11:35,2013,2014,"M303,","NS,",1,"M3,","M,",MAIN,Georgia,33.940604,-84.214426,"Georgia
(33.940604, -84.214426)"