AccidentType,inckey,Fatalities,Injuries,TrackDamage,EquipmentDamage,HazmatCars,HazmatCarsDerailed,HazmatCarsReleasing,County,DisplayDate,DisplayTime,calendar,Fiscal,AccidentCause,RailroadCodes,RAILEQUIPMENT_TYPE,CauseGroup,CauseDiscipline,TYPE_OF_TRACK,StateName,latitude,longitude,GeoLocation
Derailments,2015:04:GFRR:GFRR151058,0,0,50000,400000,0,0,0,MITCHELL,4/17/2015 0:00,23:30,2015,2015,"T210,","GFRR,",1,"T2,","T,",MAIN,Georgia,31.252382,-84.199303,"Georgia
(31.252382, -84.199303)"
Derailments,2015:05:CSX:000146344,0,0,38094,3384,0,0,0,MACON,5/18/2015 0:00,2:10,2015,2015,"E39C,","CSX,",1,"E3,","E,",MAIN,Georgia,32.377725,-84.191823,"Georgia
(32.377725, -84.191823)"
Other impacts,2011:10:CSX:000095334,0,0,1000,22075,0,0,0,MONTGOMERY,10/5/2011 0:00,11:25,2011,2012,"H318,","CSX,",75,"H3,","H,",YARD,Ohio,39.755283,-84.190877,"Ohio
(39.755283, -84.190877)"
Highway-rail impact,2011:07:NS:095699,0,0,18000,10000,0,0,0,GWINNETT,7/24/2011 0:00,16:57,2011,2011,"M303,","NS,",1,"M3,","M,",MAIN,Georgia,33.974433,-84.169105,"Georgia
(33.974433, -84.169105)"
Derailments,2016:02:TVA:INDUSTRY,0,0,50000,326435,0,0,0,ANDERSON,2/19/2016 0:00,7:20,2016,2016,"T110,","CSX,",1,"T1,","T,",INDUSTRY,Tennessee,36.019741,-84.162292,"Tennessee
(36.019741, -84.162292)"
Derailments,2016:08:CSX:000162327,0,0,146,35000,0,0,0,LEON,8/22/2016 0:00,17:45,2016,2016,"E33C,","CSX,",1,"E3,","E,",MAIN,Florida,30.43669,-84.158148,"Florida
(30.43669, -84.158148)"
Derailments,2013:02:NS:103448,0,0,12807,6250,0,0,0,DOUGHERTY,2/13/2013 0:00,21:10,2013,2013,"T314,","HAL,NS,",1,"T3,","T,",YARD,Georgia,31.578507,-84.155741,"Georgia
(31.578507, -84.155741)"
Derailments,2015:02:NS:114236,0,0,688800,693191,0,0,0,HENRY,2/6/2015 0:00,6:00,2015,2015,"E4BC,","NS,",1,"E4,","E,",MAIN,Georgia,33.404297,-84.146166,"Georgia
(33.404297, -84.146166)"
Derailments,2013:09:NS:106275,0,0,2500,8500,1,1,0,SUMTER,9/6/2013 0:00,22:45,2013,2013,"H306,H702,","NS,",1,"H3,H7,","H,",SIDING,Georgia,32.181488,-84.141399,"Georgia
(32.181488, -84.141399)"
Other events,2015:01:CFE:CFE677815S,0,0,0,180000,6,3,0,ALLEN,1/8/2015 0:00,14:00,2015,2015,"H302,H306,","CFE,",1,"H3,","H,",YARD,Ohio,40.757161,-84.139658,"Ohio
(40.757161, -84.139658)"
Derailments,2015:11:CSX:000154785,0,0,10000,45811,0,0,0,LAUREL,11/29/2015 0:00,23:00,2015,2016,"M101,","CSX,",1,"M1,","M,",MAIN,Kentucky,37.21372,-84.137612,"Kentucky
(37.21372, -84.137612)"
Derailments,2014:09:HESR:HES635114O,0,0,7773,230615,0,0,0,SHIAWASSEE,9/30/2014 0:00,15:45,2014,2014,"T110,","GLC,HESR,",1,"T1,","T,",YARD,Michigan,42.980508,-84.137163,"Michigan
(42.980508, -84.137163)"
Highway-rail impact,2013:04:CSX:000115477,0,1,750,30000,18,0,0,LEON,4/26/2013 0:00,24:40:00,2013,2013,"M308,","CSX,",1,"M3,","M,",MAIN,Florida,30.434681,-84.136797,"Florida
(30.434681, -84.136797)"
Derailments,2014:07:GFRR:GFRR140822,0,0,18600,25000,0,0,0,DOUGHERTY,7/12/2014 0:00,8:35,2014,2014,"T210,","GFRR,",1,"T2,","T,",MAIN,Georgia,31.574631,-84.126386,"Georgia
(31.574631, -84.126386)"
Fire/violent rupture,2013:05:CSX:000121708,0,0,0,103713,0,0,0,LAUREL,5/23/2013 0:00,11:55,2013,2013,"E73L,","CSX,",1,"E7,","E,",MAIN,Kentucky,37.191572,-84.118963,"Kentucky
(37.191572, -84.118963)"
Other impacts,2015:10:CSX:000153785,0,0,251,26000,0,0,0,DE KALB,10/30/2015 0:00,13:50,2015,2016,"H020,","CSX,",61,"H0,","H,",YARD,Georgia,33.722693,-84.109432,"Georgia
(33.722693, -84.109432)"
Derailments,2013:08:NS:105962,0,0,400,14500,0,0,0,ALLEN,8/15/2013 0:00,14:00,2013,2013,"H702,","NS,",1,"H7,","H,",YARD,Ohio,40.743422,-84.101088,"Ohio
(40.743422, -84.101088)"
Other impacts,2012:08:CSX:000106721,0,0,500,16332,5,1,0,ALLEN,8/6/2012 0:00,20:20,2012,2012,"H302,","CSX,",57,"H3,","H,",YARD,Ohio,40.788242,-84.092372,"Ohio
(40.788242, -84.092372)"
Derailments,2013:06:IORY:IOR3929135,0,0,3000,62000,29,0,0,ALLEN,6/24/2013 0:00,22:00,2013,2013,"H018,","IORY,",7,"H0,","H,",YARD,Ohio,40.773197,-84.081674,"Ohio
(40.773197, -84.081674)"
Derailments,2013:07:NS:105404,0,0,88086,38237,0,0,0,KNOX,7/7/2013 0:00,10:00,2013,2013,"M404,","NS,",1,"M4,","M,",MAIN,Tennessee,35.906729,-84.04471,"Tennessee
(35.906729, -84.04471)"
Derailments,2012:05:CSX:000103305,0,0,35000,279843,11,0,0,GWINNETT,5/1/2012 0:00,13:45,2012,2012,"H993,T109,","CSX,",1,"H9,T1,","H,T,",MAIN,Georgia,33.932173,-84.034204,"Georgia
(33.932173, -84.034204)"
Derailments,2014:03:XGGC:INDUSTRY,0,0,12000,43000,0,0,0,HENRY,3/4/2014 0:00,22:30,2014,2014,"T111,","CSX,",1,"T1,","T,",INDUSTRY,Ohio,41.228502,-84.023183,"Ohio
(41.228502, -84.023183)"
Derailments,2013:02:HESR:HES391313O,0,0,9649,118320,0,0,0,SAGINAW,2/9/2013 0:00,1:05,2013,2013,"T220,","HESR,LSRC,",1,"T2,","T,",MAIN,Michigan,43.408227,-84.012193,"Michigan
(43.408227, -84.012193)"
Highway-rail impact,2015:07:NS:116447,0,0,14013,180,0,0,0,GWINNETT,7/9/2015 0:00,21:25,2015,2015,"M303,","NS,",1,"M3,","M,",MAIN,Georgia,34.118455,-84.008983,"Georgia
(34.118455, -84.008983)"
Derailments,2013:03:RACQ:INDUSTRY,0,0,200,21092,0,0,0,GWINNETT,3/7/2013 0:00,24:01:00,2013,2013,"T110,","CSX,",1,"T1,","T,",INDUSTRY,Georgia,33.958416,-84.005996,"Georgia
(33.958416, -84.005996)"
Derailments,2013:05:HESR:HES369613O,0,0,0,24098,0,0,0,SAGINAW,5/1/2013 0:00,16:45,2013,2013,"T108,T206,","HESR,LSRC,",1,"T1,T2,T1,T2,","T,",MAIN,Michigan,43.407853,-83.993482,"Michigan
(43.407853, -83.993482)"
Derailments,2013:09:XHOI:INDUSTRY,0,0,600,9915,0,0,0,THOMAS,9/25/2013 0:00,13:34,2013,2013,"E40C,T217,","CSX,",7,"E4,T2,","E,T,",INDUSTRY,Georgia,30.707558,-83.983941,"Georgia
(30.707558, -83.983941)"
Derailments,2011:10:GTW:725838,0,0,7155,77782,0,0,0,LUCAS,10/27/2011 0:00,18:30,2011,2012,"T111,","GTW,",1,"T1,","T,",YARD,Ohio,42.11667,-83.98333,"Ohio
(42.11667, -83.98333)"
Derailments,2015:10:GTW:869813,0,1,151993,236482,43,0,0,SHIAWASSEE,10/30/2015 0:00,12:30,2015,2016,"E07C,","GTW,",1,"E0,","E,",MAIN,Michigan,42.909593,-83.98323,"Michigan
(42.909593, -83.98323)"
Derailments,2014:08:CSX:000132989,0,0,4500,35737,2,0,0,THOMAS,8/4/2014 0:00,10:30,2014,2014,"T220,","CSX,",7,"T2,","T,",YARD,Georgia,30.834441,-83.977498,"Georgia
(30.834441, -83.977498)"
Derailments,2014:10:CSX:000136472,0,0,1500,31947,0,0,0,GWINNETT,10/19/2014 0:00,10:25,2014,2015,"H306,","CSX,",1,"H3,","H,",YARD,Georgia,33.969937,-83.973825,"Georgia
(33.969937, -83.973825)"
Derailments,2013:07:HESR:HES409413O,0,0,9063,7074,0,0,0,SAGINAW,7/24/2013 0:00,11:00,2013,2013,"M405,","HESR,LSRC,",1,"M4,","M,",MAIN,Michigan,43.413995,-83.966274,"Michigan
(43.413995, -83.966274)"
Derailments,2015:07:CSX:000148646,0,197,152121,119559,27,1,1,BLOUNT,7/1/2015 0:00,23:45,2015,2015,"E53C,","CSX,",1,"E5,","E,",MAIN,Tennessee,35.870749,-83.960941,"Tennessee
(35.870749, -83.960941)"
Derailments,2013:08:NS:106084,0,0,15000,0,0,0,0,KNOX,8/22/2013 0:00,23:30,2013,2013,"M405,","NS,",1,"M4,","M,",MAIN,Tennessee,35.813322,-83.960494,"Tennessee
(35.813322, -83.960494)"
Highway-rail impact,2015:02:NS:114357,0,1,12697,10000,0,0,0,PUTNAM,2/14/2015 0:00,24:45:00,2015,2015,"M306,","NS,",1,"M3,","M,",MAIN,Ohio,41.105324,-83.957542,"Ohio
(41.105324, -83.957542)"
Derailments,2012:10:KXHR:101212,0,0,50000,200000,3,3,1,KNOX,10/12/2012 0:00,7:22,2012,2013,"T311,","KXHR,",1,"T3,","T,",YARD,Tennessee,35.99016,-83.946275,"Tennessee
(35.99016, -83.946275)"
Derailments,2016:03:GLC:GLC031316D,0,0,24900,537906,0,0,0,LIVINGSTON,3/13/2016 0:00,9:30,2016,2016,"T207,","GLC,",1,"T2,","T,",MAIN,Michigan,42.642454,-83.942273,"Michigan
(42.642454, -83.942273)"
Derailments,2013:08:LSRC:D130806,0,0,240,17000,0,0,0,SAGINAW,8/6/2013 0:00,23:30,2013,2013,"H702,H602,","LSRC,",1,"H7,H6,","H,",YARD,Michigan,43.441266,-83.93401,"Michigan
(43.441266, -83.93401)"
Derailments,2013:03:LSRC:D130323,0,0,53315,222050,0,0,0,SAGINAW,3/23/2013 0:00,3:50,2013,2013,"T110,T001,","LSRC,",1,"T1,T0,","T,",MAIN,Michigan,43.441328,-83.934001,"Michigan
(43.441328, -83.934001)"
Derailments,2011:08:XTAF:INDUSTRY,0,0,2000,13976,81,7,0,GWINNETT,8/25/2011 0:00,15:15,2011,2011,"T109,","CSX,",1,"T1,","T,",INDUSTRY,Georgia,33.983896,-83.928208,"Georgia
(33.983896, -83.928208)"
Derailments,2016:04:LSRC:D160406A,0,0,3000,23892,2,2,0,SAGINAW,4/6/2016 0:00,7:18,2016,2016,"T399,","LSRC,",1,"T3,","T,",YARD,Michigan,43.439708,-83.92647,"Michigan
(43.439708, -83.92647)"
Derailments,2014:09:CSX:000135061,0,0,0,15500,0,0,0,KNOX,9/18/2014 0:00,22:24,2014,2014,"H312,","CSX,",1,"H3,","H,",YARD,Tennessee,35.946627,-83.926012,"Tennessee
(35.946627, -83.926012)"
Derailments,2011:06:LSRC:D110613,0,0,27931,40000,0,0,0,SAGINAW,6/13/2011 0:00,14:50,2011,2011,"T308,M507,","HESR,LSRC,",7,"T3,M5,","T,M,",YARD,Michigan,43.441078,-83.924425,"Michigan
(43.441078, -83.924425)"
Derailments,2013:05:KXHR:52213,0,0,45000,25000,0,0,0,KNOX,5/22/2013 0:00,11:50,2013,2013,"T109,","KXHR,",1,"T1,","T,",MAIN,Tennessee,35.951607,-83.924109,"Tennessee
(35.951607, -83.924109)"
Derailments,2011:07:LSRC:D110715,0,0,22351,3533,0,0,0,ARENAC,7/15/2011 0:00,24:00:00,2011,2011,"M199,","LSRC,",1,"M1,","M,",MAIN,Michigan,43.924911,-83.915878,"Michigan
(43.924911, -83.915878)"
Derailments,2016:07:LSRC:D160712,0,0,3500,68296,9,0,0,SAGINAW,7/12/2016 0:00,14:10,2016,2016,"H702,","LSRC,",1,"H7,","H,",YARD,Michigan,43.443408,-83.91427,"Michigan
(43.443408, -83.91427)"
Derailments,2015:10:XBLC:INDUSTRY,0,0,400,13058,0,0,0,GWINNETT,10/29/2015 0:00,24:00:00,2015,2016,"M501,","CSX,",1,"M5,","M,",INDUSTRY,Georgia,33.99086,-83.913642,"Georgia
(33.99086, -83.913642)"
Derailments,2014:02:HESR:HES524914D,0,0,2000,10583,0,0,0,BAY,2/27/2014 0:00,21:35,2014,2014,"E07C,","HESR,",1,"E0,","E,",MAIN,Michigan,43.608022,-83.893018,"Michigan
(43.608022, -83.893018)"
Derailments,2016:01:LSRC:D160116,0,0,10090,35000,0,0,0,BAY,1/16/2016 0:00,6:30,2016,2016,"T110,","HESR,LSRC,",1,"T1,","T,",MAIN,Michigan,43.603202,-83.885078,"Michigan
(43.603202, -83.885078)"
Derailments,2013:08:KXHR:82113,0,0,137800,6500,0,0,0,KNOX,8/21/2013 0:00,13:10,2013,2013,"M204,T101,","KXHR,",1,"M2,T1,","M,T,",MAIN,Tennessee,35.970782,-83.86847,"Tennessee
(35.970782, -83.86847)"
Derailments,2016:04:CSX:000158849,0,0,2000,10307,0,0,0,HENRY,4/7/2016 0:00,3:40,2016,2016,"E61C,","CSX,",1,"E6,","E,",MAIN,Ohio,41.201228,-83.86664,"Ohio
(41.201228, -83.86664)"
Derailments,2015:09:LSRC:D150916,0,0,9855,24952,0,0,0,BAY,9/16/2015 0:00,18:00,2015,2015,"T312,","LSRC,",1,"T3,","T,",MAIN,Michigan,43.61113,-83.854926,"Michigan
(43.61113, -83.854926)"
Derailments,2012:11:CSX:000110222,0,0,100000,1651039,0,0,0,LEE,11/13/2012 0:00,17:20,2012,2013,"T202,","CSX,",1,"T2,","T,",MAIN,Kentucky,37.618873,-83.849971,"Kentucky
(37.618873, -83.849971)"
Derailments,2013:07:COYZ:INDUSTRY,0,0,500,14000,0,0,0,BAY,7/22/2013 0:00,3:00,2013,2013,"H602,","HESR,",1,"H6,","H,",INDUSTRY,Michigan,43.6153,-83.842,"Michigan
(43.6153, -83.842)"
Highway-rail impact,2015:03:NS:114956,0,1,12348,30,1,0,0,HALL,3/20/2015 0:00,22:02,2015,2015,"M303,","NS,",1,"M3,","M,",MAIN,Georgia,34.272332,-83.837626,"Georgia
(34.272332, -83.837626)"
Derailments,2012:01:CSX:000099472,0,0,1050,44551,0,0,0,BARROW,1/10/2012 0:00,7:28,2012,2012,"H702,","CSX,",1,"H7,","H,",INDUSTRY,Georgia,34.012471,-83.836637,"Georgia
(34.012471, -83.836637)"
Derailments,2013:01:NS:102803,0,0,0,11981,0,0,0,HALL,1/4/2013 0:00,9:07,2013,2013,"T314,","NS,",8,"T3,","T,",YARD,Georgia,34.283331,-83.825992,"Georgia
(34.283331, -83.825992)"
Derailments,2012:04:CSX:000102567,0,0,100,18015,0,0,0,HALL,4/11/2012 0:00,13:15,2012,2012,"H503,H511,","CSX,",1,"H5,","H,",INDUSTRY,Georgia,34.283524,-83.823641,"Georgia
(34.283524, -83.823641)"
Derailments,2011:06:NS:095381,0,0,0,395000,0,0,0,MONROE,6/29/2011 0:00,8:45,2011,2011,"T199,","NS,",1,"T1,","T,",MAIN,Georgia,33.139446,-83.8222,"Georgia
(33.139446, -83.8222)"
Derailments,2015:08:IORY:IOR794015D,0,0,145000,1640,6,0,0,CLARK,8/28/2015 0:00,13:20,2015,2015,"M405,","IORY,",1,"M4,","M,",MAIN,Ohio,39.933026,-83.82194,"Ohio
(39.933026, -83.82194)"
Derailments,2013:06:KXHR:61413,0,0,12500,0,0,0,0,KNOX,6/14/2013 0:00,24:15:00,2013,2013,"T110,","KXHR,",1,"T1,","T,",MAIN,Tennessee,35.962706,-83.821499,"Tennessee
(35.962706, -83.821499)"
Derailments,2011:07:NS:095407,0,0,3591,18955,0,0,0,KNOX,7/3/2011 0:00,12:30,2011,2011,"H306,","NS,",7,"H3,","H,",YARD,Tennessee,36.034921,-83.820673,"Tennessee
(36.034921, -83.820673)"
Derailments,2012:10:NS:101713,0,0,31677,0,0,0,0,KNOX,10/6/2012 0:00,24:10:00,2012,2013,"M411,","NS,",7,"M4,","M,",YARD,Tennessee,36.033005,-83.817293,"Tennessee
(36.033005, -83.817293)"
Derailments,2012:12:NS:102604,0,0,450,11500,0,0,0,KNOX,12/19/2012 0:00,21:30,2012,2013,"M411,","NS,",7,"M4,","M,",YARD,Tennessee,36.033005,-83.817293,"Tennessee
(36.033005, -83.817293)"
Raking collision,2012:10:NS:101820,0,0,9612,0,0,0,0,KNOX,10/16/2012 0:00,7:05,2012,2013,"M407,","NS,",7,"M4,","M,",YARD,Tennessee,36.03306,-83.817174,"Tennessee
(36.03306, -83.817174)"
Derailments,2013:09:NS:106198,0,0,0,26317,0,0,0,KNOX,9/1/2013 0:00,13:50,2013,2013,"H303,","NS,",8,"H3,","H,",YARD,Tennessee,36.03306,-83.817174,"Tennessee
(36.03306, -83.817174)"
Other impacts,2013:10:NS:106746,0,0,3000,11700,0,0,0,KNOX,10/12/2013 0:00,8:15,2013,2014,"M203,","NS,",7,"M2,","M,",YARD,Tennessee,36.03306,-83.817174,"Tennessee
(36.03306, -83.817174)"
Derailments,2013:10:NS:106755,0,0,550,14850,0,0,0,KNOX,10/13/2013 0:00,20:44,2013,2014,"E39C,","NS,",7,"E3,","E,",YARD,Tennessee,36.03306,-83.817174,"Tennessee
(36.03306, -83.817174)"
Other impacts,2013:12:NS:108264,0,0,2000,23000,0,0,0,KNOX,12/21/2013 0:00,14:00,2013,2014,"M411,","NS,",76,"M4,","M,",YARD,Tennessee,36.03306,-83.817174,"Tennessee
(36.03306, -83.817174)"
Derailments,2014:01:NS:108453,0,0,19448,1500,0,0,0,KNOX,1/8/2014 0:00,10:00,2014,2014,"T311,","NS,",6,"T3,","T,",YARD,Tennessee,36.03306,-83.817174,"Tennessee
(36.03306, -83.817174)"
Derailments,2014:01:NS:108501,0,0,25710,450,0,0,0,KNOX,1/9/2014 0:00,20:00,2014,2014,"T110,","NS,",1,"T1,","T,",YARD,Tennessee,36.03306,-83.817174,"Tennessee
(36.03306, -83.817174)"
Derailments,2014:07:NS:111496,0,0,7423,14500,0,0,0,KNOX,7/26/2014 0:00,10:00,2014,2014,"S011,","NS,",7,"S0,","S,",YARD,Tennessee,36.03306,-83.817174,"Tennessee
(36.03306, -83.817174)"
Derailments,2014:09:NS:112146,0,0,981,14900,0,0,0,KNOX,9/12/2014 0:00,1:45,2014,2014,"H317,","NS,",7,"H3,","H,",YARD,Tennessee,36.03306,-83.817174,"Tennessee
(36.03306, -83.817174)"
Derailments,2015:08:NS:116857,0,0,13532,1400,0,0,0,KNOX,8/8/2015 0:00,9:15,2015,2015,"M411,","NS,",7,"M4,","M,",YARD,Tennessee,36.03306,-83.817174,"Tennessee
(36.03306, -83.817174)"
Derailments,2012:01:NS:097658,0,0,0,10193,0,0,0,HALL,1/15/2012 0:00,8:30,2012,2012,"T303,","NS,",1,"T3,","T,",INDUSTRY,Georgia,34.29378,-83.813152,"Georgia
(34.29378, -83.813152)"
Highway-rail impact,2015:10:CSX:000153446,1,3,50,137092,0,0,0,DOOLY,10/20/2015 0:00,17:10,2015,2016,"M308,","CSX,",1,"M3,","M,",MAIN,Georgia,32.056269,-83.804058,"Georgia
(32.056269, -83.804058)"
Rear end collision,2012:11:NS:102296,0,0,0,12500,0,0,0,HALL,11/23/2012 0:00,6:50,2012,2013,"H318,","NS,",16,"H3,","H,",YARD,Georgia,34.303998,-83.800068,"Georgia
(34.303998, -83.800068)"
Derailments,2014:02:NS:109331,0,0,447,38531,0,0,0,HALL,2/24/2014 0:00,24:15:00,2014,2014,"H702,","NS,",1,"H7,","H,",YARD,Georgia,34.310252,-83.794782,"Georgia
(34.310252, -83.794782)"
Highway-rail impact,2014:06:NS:110932,0,0,19469,225,0,0,0,MONROE,6/19/2014 0:00,13:30,2014,2014,"M303,","NS,",1,"M3,","M,",MAIN,Georgia,32.926416,-83.78712,"Georgia
(32.926416, -83.78712)"
Highway-rail impact,2013:05:ATK:128411,0,1,0,27959,0,0,0,WASHTENAW,5/25/2013 0:00,24:55:00,2013,2013,"M302,","ATK,",2,"M3,","M,",MAIN,Michigan,42.17564,-83.774429,"Michigan
(42.17564, -83.774429)"
Derailments,2011:06:IORY:ID110297,0,0,1000,26000,0,0,0,CLARK,6/18/2011 0:00,16:00,2011,2011,"T299,","IORY,",1,"T2,","T,",YARD,Ohio,39.902,-83.77,"Ohio
(39.902, -83.77)"
Derailments,2014:07:NS:111170,0,2,400046,391436,0,0,0,LUCAS,7/3/2014 0:00,8:30,2014,2014,"M404,","NS,",1,"M4,","M,",MAIN,Ohio,41.6093,-83.76203,"Ohio
(41.6093, -83.76203)"
Derailments,2014:09:GS:09022014,0,0,10442,415,0,0,0,HOUSTON,9/2/2014 0:00,11:00,2014,2014,"T101,","GS,",1,"T1,","T,",MAIN,Georgia,32.4625,-83.745,"Georgia
(32.4625, -83.745)"
Derailments,2014:02:CSX:000126063,0,0,250000,232893,0,0,0,WOOD,2/17/2014 0:00,21:45,2014,2014,"T201,","CSX,",1,"T2,","T,",MAIN,Ohio,41.41852,-83.739958,"Ohio
(41.41852, -83.739958)"
Derailments,2016:07:CSX:000161220,0,0,131649,81255,49,2,0,WOOD,7/10/2016 0:00,16:36,2016,2016,"E53C,","CSX,",1,"E5,","E,",MAIN,Ohio,41.418935,-83.73964,"Ohio
(41.418935, -83.73964)"
Derailments,2011:12:NS:097272,0,0,12700,26150,0,0,0,LUCAS,12/9/2011 0:00,12:20,2011,2012,"T110,","NS,",1,"T1,","T,",MAIN,Ohio,41.71269,-83.704588,"Ohio
(41.71269, -83.704588)"
Derailments,2016:02:CSX:000157544,0,0,187840,15495,0,0,0,CRISP,2/26/2016 0:00,9:05,2016,2016,"T202,","CSX,",1,"T2,","T,",MAIN,Georgia,31.937498,-83.687227,"Georgia
(31.937498, -83.687227)"
Derailments,2012:06:NS:100326,0,0,16000,4500,0,0,0,LUCAS,6/28/2012 0:00,17:30,2012,2012,"T108,","NS,",7,"T1,","T,",MAIN,Ohio,41.69019,-83.685925,"Ohio
(41.69019, -83.685925)"
Other impacts,2014:01:CSX:000124957,0,0,0,16218,0,0,0,WOOD,1/18/2014 0:00,20:10,2014,2014,"H307,","CSX,",7,"H3,","H,",YARD,Ohio,41.182022,-83.684399,"Ohio
(41.182022, -83.684399)"
Derailments,2014:06:CSQZ:INDUSTRY,0,0,1000,96316,0,0,0,WOOD,6/15/2014 0:00,24:51:00,2014,2014,"M501,M599,","CSX,",7,"M5,","M,",YARD,Ohio,41.182022,-83.684399,"Ohio
(41.182022, -83.684399)"
Raking collision,2015:10:CSX:000153187,0,0,0,14154,1,0,0,WOOD,10/13/2015 0:00,7:16,2015,2016,"H399,","CSX,",78,"H3,","H,",YARD,Ohio,41.182022,-83.684399,"Ohio
(41.182022, -83.684399)"
Derailments,2013:06:CSX:000117633,0,0,920000,192043,0,0,0,LEE,6/22/2013 0:00,14:20,2013,2013,"T105,","CSX,",1,"T1,","T,",MAIN,Kentucky,37.584751,-83.681055,"Kentucky
(37.584751, -83.681055)"
Other impacts,2012:12:CSX:000111407,0,0,800,10382,0,0,0,WOOD,12/28/2012 0:00,16:45,2012,2013,"H306,H305,","CSX,",17,"H3,","H,",YARD,Ohio,41.181518,-83.679413,"Ohio
(41.181518, -83.679413)"
Head on collision,2016:08:NS:121894,0,0,0,60030,0,0,0,HALL,8/30/2016 0:00,10:50,2016,2016,"H405,","NS,",NA,"H4,","H,",MAIN,Georgia,34.385467,-83.679269,"Georgia
(34.385467, -83.679269)"
Other impacts,2014:08:LSRC:D140814,0,0,0,12000,0,0,0,GENESEE,8/14/2014 0:00,2:30,2014,2014,"H306,","LSRC,",8,"H3,","H,",YARD,Michigan,43.088875,-83.677133,"Michigan
(43.088875, -83.677133)"
Derailments,2011:07:CSX:000092338,0,0,50,23448,0,0,0,WOOD,7/29/2011 0:00,15:05,2011,2011,"M501,","CSX,",1,"M5,","M,",INDUSTRY,Ohio,41.196674,-83.645252,"Ohio
(41.196674, -83.645252)"
Highway-rail impact,2012:06:NS:100264,0,0,110000,50000,8,0,0,TURNER,6/23/2012 0:00,10:25,2012,2012,"M304,","NS,",1,"M3,","M,",MAIN,Georgia,31.677559,-83.639362,"Georgia
(31.677559, -83.639362)"
Highway-rail impact,2015:07:NS:116393,0,0,17969,3666,0,0,0,TURNER,7/6/2015 0:00,13:10,2015,2015,"M303,","NS,",1,"M3,","M,",MAIN,Georgia,31.671281,-83.636218,"Georgia
(31.671281, -83.636218)"
Derailments,2016:02:NS:119524,0,0,12000,560,0,0,0,TURNER,2/27/2016 0:00,21:05,2016,2016,"H222,H605,","NS,",1,"H2,H6,","H,",MAIN,Georgia,31.666196,-83.633657,"Georgia
(31.666196, -83.633657)"
Derailments,2011:10:NS:096773,0,0,6500,4800,0,0,0,BIBB,10/22/2011 0:00,14:25,2011,2012,"E39C,","NS,",7,"E3,","E,",YARD,Georgia,32.815024,-83.623596,"Georgia
(32.815024, -83.623596)"
Side collision,2012:06:NS:100093,0,0,51000,37500,0,0,0,BIBB,6/12/2012 0:00,18:25,2012,2012,"H706,","NS,",7,"H7,","H,",YARD,Georgia,32.815024,-83.623596,"Georgia
(32.815024, -83.623596)"
Raking collision,2012:12:NS:102367,0,0,0,19000,0,0,0,BIBB,12/1/2012 0:00,1:20,2012,2013,"H019,","NS,",7,"H0,","H,",YARD,Georgia,32.815024,-83.623596,"Georgia
(32.815024, -83.623596)"
Raking collision,2012:12:NS:102752,0,0,40500,79100,0,0,0,BIBB,12/30/2012 0:00,14:00,2012,2013,"H305,","NS,",7,"H3,","H,",YARD,Georgia,32.815024,-83.623596,"Georgia
(32.815024, -83.623596)"
Derailments,2013:02:NS:103320,0,1,35000,54900,0,0,0,BIBB,2/7/2013 0:00,2:00,2013,2013,"T207,","NS,",1,"T2,","T,",YARD,Georgia,32.815024,-83.623596,"Georgia
(32.815024, -83.623596)"
Derailments,2013:03:NS:104072,0,0,8500,28400,0,0,0,BIBB,3/31/2013 0:00,13:50,2013,2013,"H601,","NS,",1,"H6,","H,",YARD,Georgia,32.815024,-83.623596,"Georgia
(32.815024, -83.623596)"
Side collision,2013:05:NS:104847,0,0,2000,33300,0,0,0,BIBB,5/30/2013 0:00,20:10,2013,2013,"E30C,","NS,",7,"E3,","E,",YARD,Georgia,32.815024,-83.623596,"Georgia
(32.815024, -83.623596)"
Other impacts,2013:08:NS:105847,0,0,0,19000,0,0,0,BIBB,8/4/2013 0:00,8:30,2013,2013,"H317,","NS,",7,"H3,","H,",YARD,Georgia,32.813729,-83.622793,"Georgia
(32.813729, -83.622793)"
Derailments,2014:01:NS:108425,0,0,13737,5600,0,0,0,BIBB,1/6/2014 0:00,16:45,2014,2014,"M101,","NS,",7,"M1,","M,",YARD,Georgia,32.813729,-83.622793,"Georgia
(32.813729, -83.622793)"
Derailments,2014:01:NS:108822,0,0,1000,11847,0,0,0,BIBB,1/30/2014 0:00,4:50,2014,2014,"T314,","NS,",7,"T3,","T,",YARD,Georgia,32.813729,-83.622793,"Georgia
(32.813729, -83.622793)"
Derailments,2014:03:NS:109640,0,0,2000,12000,0,0,0,BIBB,3/15/2014 0:00,3:45,2014,2014,"H306,H702,","NS,",8,"H3,H7,","H,",YARD,Georgia,32.813729,-83.622793,"Georgia
(32.813729, -83.622793)"
Derailments,2014:06:NS:110791,0,0,182484,147600,0,0,0,BIBB,6/10/2014 0:00,10:00,2014,2014,"E39C,","NS,",7,"E3,","E,",YARD,Georgia,32.813729,-83.622793,"Georgia
(32.813729, -83.622793)"
Raking collision,2014:08:NS:111675,0,0,824,22000,0,0,0,BIBB,8/9/2014 0:00,19:30,2014,2014,"S016,","NS,",7,"S0,","S,",YARD,Georgia,32.813729,-83.622793,"Georgia
(32.813729, -83.622793)"
Derailments,2015:01:NS:113766,0,0,19680,4700,0,0,0,BIBB,1/10/2015 0:00,18:35,2015,2015,"M411,","NS,",7,"M4,","M,",YARD,Georgia,32.813729,-83.622793,"Georgia
(32.813729, -83.622793)"