AccidentType,inckey,Fatalities,Injuries,TrackDamage,EquipmentDamage,HazmatCars,HazmatCarsDerailed,HazmatCarsReleasing,County,DisplayDate,DisplayTime,calendar,Fiscal,AccidentCause,RailroadCodes,RAILEQUIPMENT_TYPE,CauseGroup,CauseDiscipline,TYPE_OF_TRACK,StateName,latitude,longitude,GeoLocation
Derailments,2015:04:NS:115089,0,0,4050,43800,4,1,0,BIBB,4/1/2015 0:00,14:45,2015,2015,"H306,H702,","NS,",71,"H3,H7,H3,H7,","H,",YARD,Georgia,32.813729,-83.622793,"Georgia
(32.813729, -83.622793)"
Other impacts,2015:08:NS:116816,0,0,0,30000,0,0,0,BIBB,8/6/2015 0:00,5:50,2015,2015,"H706,","NS,",7,"H7,","H,",YARD,Georgia,32.813729,-83.622793,"Georgia
(32.813729, -83.622793)"
Derailments,2015:08:NS:117166,0,0,1000,11000,0,0,0,BIBB,8/29/2015 0:00,19:20,2015,2015,"H995,","NS,",7,"H9,","H,",YARD,Georgia,32.813729,-83.622793,"Georgia
(32.813729, -83.622793)"
Other impacts,2015:10:NS:117909,0,0,0,12100,0,0,0,BIBB,10/24/2015 0:00,6:30,2015,2016,"H316,","NS,",57,"H3,","H,",YARD,Georgia,32.813729,-83.622793,"Georgia
(32.813729, -83.622793)"
Derailments,2016:02:NS:119221,0,0,19000,91798,1,1,0,BIBB,2/3/2016 0:00,20:50,2016,2016,"H607,","NS,",1,"H6,","H,",YARD,Georgia,32.813729,-83.622793,"Georgia
(32.813729, -83.622793)"
Obstruction impact,2016:03:NS:119605,0,0,16500,60,0,0,0,BIBB,3/3/2016 0:00,18:30,2016,2016,"M202,","NS,",7,"M2,","M,",YARD,Georgia,32.813729,-83.622793,"Georgia
(32.813729, -83.622793)"
Derailments,2016:04:NS:120068,0,0,100,40200,4,0,0,BIBB,4/9/2016 0:00,5:30,2016,2016,"H607,","NS,",7,"H6,","H,",YARD,Georgia,32.813729,-83.622793,"Georgia
(32.813729, -83.622793)"
Other impacts,2016:06:NS:120769,0,0,0,12500,0,0,0,BIBB,6/4/2016 0:00,1:27,2016,2016,"M407,","NS,",7,"M4,","M,",YARD,Georgia,32.813729,-83.622793,"Georgia
(32.813729, -83.622793)"
Derailments,2016:07:NS:121475,0,0,250,27600,0,0,0,BIBB,7/30/2016 0:00,3:50,2016,2016,"S016,","NS,",7,"S0,","S,",YARD,Georgia,32.813729,-83.622793,"Georgia
(32.813729, -83.622793)"
Derailments,2013:02:NS:103318,0,0,5000,17000,0,0,0,LUCAS,2/6/2013 0:00,17:20,2013,2013,"H306,H702,","NS,",1,"H3,H7,","H,",YARD,Ohio,41.633357,-83.611065,"Ohio
(41.633357, -83.611065)"
Derailments,2011:08:CSX:000093413,0,0,2700,40110,0,0,0,HARDIN,8/29/2011 0:00,3:28,2011,2011,"T101,","CSX,",1,"T1,","T,",YARD,Ohio,40.639988,-83.601485,"Ohio
(40.639988, -83.601485)"
Derailments,2011:12:CSX:000098827,0,0,25000,3805,22,0,0,LEWIS,12/16/2011 0:00,19:34,2011,2012,"E61C,","CSX,",1,"E6,","E,",MAIN,Kentucky,38.681671,-83.599389,"Kentucky
(38.681671, -83.599389)"
Highway-rail impact,2011:06:CSX:000090132,0,1,9578,512,22,0,0,BARROW,6/3/2011 0:00,10:54,2011,2011,"M304,","CSX,",1,"M3,","M,",MAIN,Georgia,33.964514,-83.596828,"Georgia
(33.964514, -83.596828)"
Derailments,2013:02:NS:103246,0,0,50,46300,0,0,0,LUCAS,2/3/2013 0:00,16:46,2013,2013,"M204,","NS,",1,"M2,","M,",MAIN,Ohio,41.651559,-83.586119,"Ohio
(41.651559, -83.586119)"
Derailments,2014:01:GFRR:GFRR140582,0,0,35000,6000,0,0,0,TAYLOR,1/14/2014 0:00,11:25,2014,2014,"M299,","GFRR,",1,"M2,","M,",MAIN,Florida,30.117435,-83.581814,"Florida
(30.117435, -83.581814)"
Derailments,2011:12:NS:097365,0,0,0,14650,0,0,0,LUCAS,12/19/2011 0:00,12:57,2011,2012,"H318,","NS,",71,"H3,","H,",YARD,Ohio,41.65292,-83.577782,"Ohio
(41.65292, -83.577782)"
Derailments,2015:03:IORY:IOR710515D,0,0,315000,10000,0,0,0,FAYETTE,3/17/2015 0:00,15:40,2015,2015,"E53C,","IORY,",1,"E5,","E,",MAIN,Ohio,39.509606,-83.560953,"Ohio
(39.509606, -83.560953)"
Derailments,2014:12:NS:113549,0,0,5000,7220,0,0,0,BANKS,12/22/2014 0:00,9:50,2014,2015,"H524,","NS,",1,"H5,","H,",INDUSTRY,Georgia,34.483508,-83.554297,"Georgia
(34.483508, -83.554297)"
Derailments,2015:12:CSX:000155196,0,0,1000,11167,0,0,0,WOOD,12/14/2015 0:00,19:15,2015,2016,"T110,","CSX,",7,"T1,","T,",YARD,Ohio,41.607998,-83.553451,"Ohio
(41.607998, -83.553451)"
Obstruction impact,2015:04:CSX:000144488,0,3,0,63000,0,0,0,WAYNE,4/9/2015 0:00,8:30,2015,2015,"H997,","CSX,",NA,"H9,","H,",MAIN,Michigan,42.396018,-83.549047,"Michigan
(42.396018, -83.549047)"
Other impacts,2014:02:CSX:000125706,0,0,0,32142,0,0,0,MONTGOMERY,2/6/2014 0:00,17:40,2014,2014,"H601,","CSX,",7,"H6,","H,",SIDING,Ohio,41.707626,-83.541028,"Ohio
(41.707626, -83.541028)"
Other events,2014:02:CSX:000126048,0,0,500,14212,11,0,0,WOOD,2/16/2014 0:00,18:30,2014,2014,"H702,","CSX,",7,"H7,","H,",YARD,Ohio,41.586321,-83.538218,"Ohio
(41.586321, -83.538218)"
Raking collision,2014:02:CSX:000126575,0,0,7500,91524,115,14,0,WOOD,2/28/2014 0:00,10:30,2014,2014,"T221,","CSX,",67,"T2,","T,",YARD,Ohio,41.586402,-83.538082,"Ohio
(41.586402, -83.538082)"
Derailments,2014:07:CSX:000132142,0,0,50,25798,0,0,0,LUCAS,7/15/2014 0:00,3:00,2014,2014,"M411,","CSX,",6,"M4,","M,",YARD,Ohio,41.586402,-83.538082,"Ohio
(41.586402, -83.538082)"
Side collision,2014:07:CSX:000132258,0,0,500,585282,24,1,0,WOOD,7/17/2014 0:00,13:17,2014,2014,"H307,","CSX,",7,"H3,","H,",YARD,Ohio,41.586402,-83.538082,"Ohio
(41.586402, -83.538082)"
Other impacts,2014:11:CSX:000137034,0,0,100,81866,4,0,0,WOOD,11/1/2014 0:00,19:00,2014,2015,"M407,","CSX,",6,"M4,","M,",YARD,Ohio,41.586402,-83.538082,"Ohio
(41.586402, -83.538082)"
Other events,2015:01:CSX:000139829,0,0,250,13157,4,0,0,WOOD,1/11/2015 0:00,2:05,2015,2015,"H702,","CSX,",7,"H7,","H,",YARD,Ohio,41.586402,-83.538082,"Ohio
(41.586402, -83.538082)"
Derailments,2015:07:CSX:000148709,0,0,100,22150,0,0,0,WOOD,7/3/2015 0:00,8:30,2015,2015,"M411,","CSX,",6,"M4,","M,",YARD,Ohio,41.586402,-83.538082,"Ohio
(41.586402, -83.538082)"
Other impacts,2015:09:CSX:000151606,0,0,0,12507,0,0,0,WOOD,9/3/2015 0:00,4:40,2015,2015,"H317,","CSX,",65,"H3,","H,",YARD,Ohio,41.586402,-83.538082,"Ohio
(41.586402, -83.538082)"
Derailments,2014:06:NS:110999,0,0,0,17400,0,0,0,JACKSON,6/24/2014 0:00,8:20,2014,2014,"H702,","NS,",1,"H7,","H,",INDUSTRY,Georgia,34.242895,-83.535561,"Georgia
(34.242895, -83.535561)"
Other impacts,2011:07:CSX:000092287,0,0,0,10572,0,0,0,WOOD,7/29/2011 0:00,5:47,2011,2011,"H317,","CSX,",5,"H3,","H,",YARD,Ohio,41.589331,-83.531708,"Ohio
(41.589331, -83.531708)"
Derailments,2011:10:CSX:000095421,0,0,0,89834,0,0,0,WOOD,10/8/2011 0:00,11:29,2011,2012,"H306,H305,","CSX,",71,"H3,","H,",YARD,Ohio,41.589331,-83.531708,"Ohio
(41.589331, -83.531708)"
Derailments,2011:12:CSX:000099126,0,0,5000,19270,3,0,0,WOOD,12/30/2011 0:00,9:10,2011,2012,"E49C,","CSX,",7,"E4,","E,",YARD,Ohio,41.589331,-83.531708,"Ohio
(41.589331, -83.531708)"
Derailments,2012:04:CSX:000102935,0,0,50,18143,14,2,0,WOOD,4/20/2012 0:00,17:30,2012,2012,"H599,","CSX,",7,"H5,","H,",YARD,Ohio,41.589331,-83.531708,"Ohio
(41.589331, -83.531708)"
Other impacts,2012:08:CSX:000107028,0,0,0,25069,2,0,0,WOOD,8/15/2012 0:00,3:00,2012,2012,"M411,","CSX,",6,"M4,","M,",YARD,Ohio,41.589331,-83.531708,"Ohio
(41.589331, -83.531708)"
Side collision,2012:09:CSX:000108122,0,0,750,115168,6,0,0,WOOD,9/13/2012 0:00,15:30,2012,2012,"E29C,","CSX,",5,"E2,","E,",YARD,Ohio,41.589331,-83.531708,"Ohio
(41.589331, -83.531708)"
Derailments,2012:12:CSX:000111096,0,0,11000,6600,0,0,0,WOOD,12/16/2012 0:00,11:36,2012,2013,"S006,","CSX,",6,"S0,","S,",YARD,Ohio,41.589331,-83.531708,"Ohio
(41.589331, -83.531708)"
Derailments,2013:01:CSX:000112126,0,0,2500,25013,0,0,0,WOOD,1/19/2013 0:00,1:20,2013,2013,"H993,","CSX,",7,"H9,","H,",YARD,Ohio,41.589331,-83.531708,"Ohio
(41.589331, -83.531708)"
Derailments,2013:02:CSX:000113307,0,0,200,49801,0,0,0,WOOD,2/25/2013 0:00,5:16,2013,2013,"E29C,","CSX,",6,"E2,","E,",YARD,Ohio,41.589331,-83.531708,"Ohio
(41.589331, -83.531708)"
Derailments,2013:03:CSX:000113713,0,0,1500,103689,37,0,0,WOOD,3/10/2013 0:00,4:00,2013,2013,"E45C,","CSX,",1,"E4,","E,",YARD,Ohio,41.589331,-83.531708,"Ohio
(41.589331, -83.531708)"
Other impacts,2013:06:CSX:000117659,0,0,0,38137,2,0,0,WOOD,6/24/2013 0:00,1:02,2013,2013,"M407,","CSX,",6,"M4,","M,",YARD,Ohio,41.589331,-83.531708,"Ohio
(41.589331, -83.531708)"
Other impacts,2013:08:CSX:000119423,0,0,0,24987,0,0,0,WOOD,8/12/2013 0:00,4:27,2013,2013,"H313,","CSX,",5,"H3,","H,",YARD,Ohio,41.589331,-83.531708,"Ohio
(41.589331, -83.531708)"
Derailments,2013:10:CSX:000121890,0,0,100,45730,0,0,0,WOOD,10/19/2013 0:00,5:14,2013,2014,"M411,","CSX,",6,"M4,","M,",YARD,Ohio,41.589331,-83.531708,"Ohio
(41.589331, -83.531708)"
Derailments,2014:04:CSX:000128170,0,1,2100,68168,17,2,0,WOOD,4/7/2014 0:00,13:07,2014,2014,"E44C,","CSX,",7,"E4,","E,",YARD,Ohio,41.589331,-83.531708,"Ohio
(41.589331, -83.531708)"
Derailments,2014:04:CSX:000128757,0,0,50,25428,18,1,0,WOOD,4/18/2014 0:00,18:30,2014,2014,"M599,","CSX,",7,"M5,","M,",YARD,Ohio,41.589331,-83.531708,"Ohio
(41.589331, -83.531708)"
Derailments,2015:03:CSX:000143227,0,0,38474,4013,0,0,0,WOOD,3/18/2015 0:00,11:30,2015,2015,"T220,","CSX,",1,"T2,","T,",YARD,Ohio,41.589331,-83.531708,"Ohio
(41.589331, -83.531708)"
Derailments,2015:07:CSX:000149372,0,0,350,11064,17,1,0,WOOD,7/17/2015 0:00,11:04,2015,2015,"H702,","CSX,",7,"H7,","H,",YARD,Ohio,41.589331,-83.531708,"Ohio
(41.589331, -83.531708)"
Other impacts,2015:09:CSX:000152649,0,0,0,12827,0,0,0,WOOD,9/27/2015 0:00,22:20,2015,2015,"M407,","CSX,",6,"M4,","M,",YARD,Ohio,41.589331,-83.531708,"Ohio
(41.589331, -83.531708)"
Derailments,2015:04:LSRC:D150423,0,0,16945,29896,0,0,0,IOSCO,4/23/2015 0:00,23:20,2015,2015,"M201,T106,","LSRC,",1,"M2,T1,","M,T,",MAIN,Michigan,44.26043,-83.528611,"Michigan
(44.26043, -83.528611)"
Derailments,2013:06:CSX:000117085,0,0,50,23281,8,0,0,BROOKS,6/9/2013 0:00,1:08,2013,2013,"H525,","CSX,",1,"H5,","H,",MAIN,Georgia,30.785945,-83.515019,"Georgia
(30.785945, -83.515019)"
Other impacts,2013:12:CSX:000124273,0,0,50,11359,0,0,0,WOOD,12/30/2013 0:00,5:55,2013,2014,"T306,","CSX,",6,"T3,","T,",YARD,Ohio,41.581177,-83.514231,"Ohio
(41.581177, -83.514231)"
Derailments,2016:08:CSX:000162079,0,0,0,18482,24,0,0,WOOD,8/12/2016 0:00,6:00,2016,2016,"M411,","CSX,",6,"M4,","M,",YARD,Ohio,41.581062,-83.514223,"Ohio
(41.581062, -83.514223)"
Derailments,2015:12:CSX:000155419,0,0,200,51758,16,1,0,WOOD,12/21/2015 0:00,16:30,2015,2016,"T305,","CSX,",76,"T3,","T,",YARD,Ohio,41.573731,-83.513595,"Ohio
(41.573731, -83.513595)"
Obstruction impact,2015:12:CSX:000155769,0,0,0,23192,0,0,0,WOOD,12/26/2015 0:00,15:11,2015,2016,"M204,","CSX,",6,"M2,","M,",YARD,Ohio,41.573731,-83.513595,"Ohio
(41.573731, -83.513595)"
Side collision,2011:11:MMAZ:INDUSTRY,0,1,0,67000,0,0,0,JONES,11/30/2011 0:00,9:35,2011,2012,"H525,","NS,",68,"H5,","H,",INDUSTRY,Georgia,32.931792,-83.51305,"Georgia
(32.931792, -83.51305)"
Derailments,2012:01:GTW:732706,0,0,49635,114600,0,0,0,LUCAS,1/14/2012 0:00,2:40,2012,2012,"T220,","GTW,",1,"T2,","T,",INDUSTRY,Ohio,41.731099,-83.503819,"Ohio
(41.731099, -83.503819)"
Derailments,2011:10:GTW:724023,0,0,363,17800,0,0,0,LUCAS,10/10/2011 0:00,16:23,2011,2012,"H704,H018,","GTW,",76,"H7,H0,H7,H0,","H,",YARD,Ohio,41.69637,-83.50279,"Ohio
(41.69637, -83.50279)"
Derailments,2016:06:CSX:000160290,0,0,40528,31371,0,0,0,WOOD,6/3/2016 0:00,16:29,2016,2016,"M204,","CSX,",1,"M2,","M,",MAIN,Ohio,41.592267,-83.499216,"Ohio
(41.592267, -83.499216)"
Derailments,2015:05:AA:D451215,0,0,1336,90000,0,0,0,LUCAS,5/1/2015 0:00,7:47,2015,2015,"H503,H525,T111,","AA,NS,",1,"H5,T1,","H,T,",MAIN,Ohio,41.679968,-83.499107,"Ohio
(41.679968, -83.499107)"
Side collision,2012:02:CSX:000101056,0,0,0,13663,0,0,0,WOOD,2/23/2012 0:00,10:30,2012,2012,"H306,H307,","CSX,",7,"H3,","H,",YARD,Ohio,41.589907,-83.496854,"Ohio
(41.589907, -83.496854)"
Derailments,2012:07:CSX:000106061,0,0,2200,32444,0,0,0,WOOD,7/17/2012 0:00,24:25:00,2012,2012,"E40C,","CSX,",1,"E4,","E,",YARD,Ohio,41.589907,-83.496854,"Ohio
(41.589907, -83.496854)"
Derailments,2013:08:CSX:000119084,0,0,500,14325,15,3,0,WOOD,8/2/2013 0:00,6:15,2013,2013,"T220,","CSX,",1,"T2,","T,",YARD,Ohio,41.589907,-83.496854,"Ohio
(41.589907, -83.496854)"
Raking collision,2014:02:CSX:000125968,0,0,0,24401,0,0,0,WOOD,2/13/2014 0:00,17:45,2014,2014,"M408,","CSX,",7,"M4,","M,",YARD,Ohio,41.589907,-83.496854,"Ohio
(41.589907, -83.496854)"
Derailments,2014:04:CSX:000128451,0,0,3000,32883,0,0,0,WOOD,4/11/2014 0:00,6:00,2014,2014,"T220,","CSX,",7,"T2,","T,",YARD,Ohio,41.589907,-83.496854,"Ohio
(41.589907, -83.496854)"
Derailments,2014:09:CSX:000134375,0,0,1500,28020,0,0,0,WOOD,9/3/2014 0:00,11:30,2014,2014,"T110,","CSX,",1,"T1,","T,",YARD,Ohio,41.589907,-83.496854,"Ohio
(41.589907, -83.496854)"
Derailments,2016:07:CSX:000161745,0,0,200,12856,0,0,0,WOOD,7/31/2016 0:00,2:50,2016,2016,"E32C,","CSX,",1,"E3,","E,",YARD,Ohio,41.572948,-83.492604,"Ohio
(41.572948, -83.492604)"
Derailments,2012:08:NS:100772,0,0,443972,528785,0,0,0,HABERSHAM,8/1/2012 0:00,15:15,2012,2012,"T109,","NS,",1,"T1,","T,",MAIN,Georgia,34.528291,-83.481058,"Georgia
(34.528291, -83.481058)"
Derailments,2013:05:SCS:SCSMGA002,0,0,36128,0,0,0,0,MORGAN,5/29/2013 0:00,16:15,2013,2013,"H503,H603,","SCS,",1,"H5,H6,","H,",MAIN,Georgia,33.594708,-83.475891,"Georgia
(33.594708, -83.475891)"
Derailments,2012:12:CSX:000110825,0,0,1500,12810,0,0,0,LUCAS,12/7/2012 0:00,2:35,2012,2013,"T220,","CSX,",1,"T2,","T,",YARD,Ohio,41.669159,-83.473225,"Ohio
(41.669159, -83.473225)"
Derailments,2014:03:CSX:000127854,0,0,2000,18500,0,0,0,LUCAS,3/29/2014 0:00,14:25,2014,2014,"H702,","CSX,",67,"H7,","H,",YARD,Ohio,41.669434,-83.4728,"Ohio
(41.669434, -83.4728)"
Highway-rail impact,2011:11:CSX:000097803,0,3,0,19294,0,0,0,MORGAN,11/18/2011 0:00,9:31,2011,2012,"M304,","CSX,",1,"M3,","M,",MAIN,Georgia,33.598241,-83.470115,"Georgia
(33.598241, -83.470115)"
Derailments,2012:04:NS:099402,0,0,3100,18200,0,0,0,LUCAS,4/17/2012 0:00,3:20,2012,2012,"H702,","NS,",7,"H7,","H,",YARD,Ohio,41.664069,-83.468986,"Ohio
(41.664069, -83.468986)"
Derailments,2012:06:NS:100065,0,0,1800,12300,0,0,0,LUCAS,6/11/2012 0:00,11:30,2012,2012,"H702,","NS,",1,"H7,","H,",YARD,Ohio,41.664069,-83.468986,"Ohio
(41.664069, -83.468986)"
Derailments,2014:05:GTW:813186,0,0,37490,270890,0,0,0,MONROE,5/11/2014 0:00,6:44,2014,2014,"T207,","GTW,",1,"T2,","T,",INDUSTRY,Michigan,41.783349,-83.468279,"Michigan
(41.783349, -83.468279)"
Highway-rail impact,2014:01:GTW:802217,0,0,10896,0,0,0,0,LAPEER,1/17/2014 0:00,7:30,2014,2014,"M304,","ATK,GTW,",2,"M3,","M,",MAIN,Michigan,43.210812,-83.459129,"Michigan
(43.210812, -83.459129)"
Derailments,2016:07:NS:121078,0,0,4000,40140,0,0,0,JACKSON,7/1/2016 0:00,17:50,2016,2016,"H303,","NS,",1,"H3,","H,",SIDING,Georgia,34.166213,-83.432119,"Georgia
(34.166213, -83.432119)"
Derailments,2016:02:WMZZ:INDUSTRY,0,0,15000,22003,0,0,0,HANCOCK,2/2/2016 0:00,23:20,2016,2016,"T205,","CSX,",1,"T2,","T,",INDUSTRY,Ohio,41.152943,-83.414599,"Ohio
(41.152943, -83.414599)"
Derailments,2013:07:NS:105390,0,0,11609,1353,0,0,0,BLECKLEY,7/5/2013 0:00,21:45,2013,2013,"M404,","NS,",1,"M4,","M,",MAIN,Georgia,32.433335,-83.407352,"Georgia
(32.433335, -83.407352)"
Derailments,2016:04:CSX:000159124,0,0,92849,177498,21,0,0,SENECA,4/18/2016 0:00,6:15,2016,2016,"E09C,","CSX,",1,"E0,","E,",MAIN,Ohio,41.151208,-83.402832,"Ohio
(41.151208, -83.402832)"
Other impacts,2014:11:XHOD:INDUSTRY,0,0,500,16492,0,0,0,WAYNE,11/18/2014 0:00,1:40,2014,2015,"H302,","CSX,",16,"H3,","H,",INDUSTRY,Michigan,42.223869,-83.395345,"Michigan
(42.223869, -83.395345)"
Derailments,2016:01:CSX:000156500,0,2,79290,798771,0,0,0,BREATHITT,1/26/2016 0:00,8:56,2016,2016,"M101,","CSX,",1,"M1,","M,",MAIN,Kentucky,37.397798,-83.379772,"Kentucky
(37.397798, -83.379772)"
Derailments,2014:10:NLIZ:INDUSTRY,0,0,5000,18184,0,0,0,WYANDOT,10/7/2014 0:00,12:32,2014,2015,"T221,","CSX,",1,"T2,","T,",INDUSTRY,Ohio,40.958397,-83.379374,"Ohio
(40.958397, -83.379374)"
Derailments,2012:08:WE:120059,0,0,629,98979,0,0,0,WYANDOT,8/20/2012 0:00,5:50,2012,2012,"H702,","WE,",7,"H7,","H,",YARD,Ohio,40.957116,-83.378384,"Ohio
(40.957116, -83.378384)"
Raking collision,2012:11:CSX:000109895,0,0,225400,15385,1,0,0,SANDUSKY,11/6/2012 0:00,2:45,2012,2013,"H993,","CSX,",NA,"H9,","H,",MAIN,Ohio,41.469147,-83.377429,"Ohio
(41.469147, -83.377429)"
Obstruction impact,2014:04:NS:110248,0,0,26484,19,0,0,0,WILKINSON,4/29/2014 0:00,9:45,2014,2014,"M404,","NS,",1,"M4,","M,",MAIN,Georgia,32.889389,-83.371423,"Georgia
(32.889389, -83.371423)"
Side collision,2015:08:AUST:INDUSTRY,0,0,0,18357,6,0,0,PERRY,8/5/2015 0:00,13:55,2015,2015,"M501,","CSX,",16,"M5,","M,",INDUSTRY,Kentucky,37.360281,-83.370548,"Kentucky
(37.360281, -83.370548)"
Derailments,2016:04:WE:160048,0,0,0,36000,0,0,0,WYANDOT,4/27/2016 0:00,17:45,2016,2016,"H702,","WE,",7,"H7,","H,",INDUSTRY,Ohio,40.963434,-83.368483,"Ohio
(40.963434, -83.368483)"
Derailments,2012:08:WE:120055,0,0,11703,7414,0,0,0,WYANDOT,8/6/2012 0:00,10:30,2012,2012,"T110,","WE,",1,"T1,","T,",YARD,Ohio,40.956302,-83.365034,"Ohio
(40.956302, -83.365034)"
Derailments,2015:12:CSX:000155069,0,0,14738,9862,102,0,0,HANCOCK,12/10/2015 0:00,9:31,2015,2016,"E67C,","CSX,",1,"E6,","E,",MAIN,Ohio,41.143666,-83.350327,"Ohio
(41.143666, -83.350327)"
Derailments,2015:08:CSX:000150659,0,0,14936,30765,0,0,0,HARLAN,8/14/2015 0:00,22:55,2015,2015,"E40C,E41C,","CSX,",1,"E4,","E,",YARD,Kentucky,36.855335,-83.34749,"Kentucky
(36.855335, -83.34749)"
Derailments,2013:06:BASQ:INDUSTRY,0,0,25000,500,0,0,0,WILKINSON,6/3/2013 0:00,16:10,2013,2013,"H312,","NS,",1,"H3,","H,",INDUSTRY,Georgia,32.882692,-83.347421,"Georgia
(32.882692, -83.347421)"
Derailments,2014:10:LSRC:D141020,0,0,8353,9500,0,0,0,IOSCO,10/20/2014 0:00,21:30,2014,2015,"T110,T106,","LSRC,",1,"T1,","T,",MAIN,Michigan,44.439694,-83.34485,"Michigan
(44.439694, -83.34485)"
Other events,2012:03:CSX:000101845,0,0,100,35017,18,0,0,MADISON,3/17/2012 0:00,13:05,2012,2012,"H519,","CSX,",1,"H5,","H,",MAIN,Florida,30.427595,-83.335674,"Florida
(30.427595, -83.335674)"
Highway-rail impact,2014:08:NS:111887,0,0,14245,8176,0,0,0,OTTAWA,8/22/2014 0:00,8:46,2014,2014,"M303,","NS,",1,"M3,","M,",MAIN,Ohio,41.558082,-83.332414,"Ohio
(41.558082, -83.332414)"
Highway-rail impact,2014:04:WE:CA14002,0,1,0,27800,0,0,0,WYANDOT,4/22/2014 0:00,10:34,2014,2014,"M302,","WE,",1,"M3,","M,",MAIN,Ohio,41.602184,-83.328289,"Ohio
(41.602184, -83.328289)"
Other impacts,2016:03:NS:119831,0,0,0,32399,0,0,0,STEPHENS,3/22/2016 0:00,6:45,2016,2016,"H318,","NS,",1,"H3,","H,",YARD,Georgia,34.57834,-83.326112,"Georgia
(34.57834, -83.326112)"
Other impacts,2015:09:GTW:864723,0,0,25,11678,2,1,0,OAKLAND,9/6/2015 0:00,9:30,2015,2015,"H318,","GTW,",1,"H3,","H,",YARD,Michigan,42.65871,-83.323928,"Michigan
(42.65871, -83.323928)"
Other impacts,2011:12:CSX:000099117,0,0,250,15284,0,0,0,UNION,12/28/2011 0:00,8:00,2011,2012,"H022,","CSX,",6,"H0,","H,",INDUSTRY,Ohio,40.205155,-83.319767,"Ohio
(40.205155, -83.319767)"
Other impacts,2016:02:XSMG:INDUSTRY,0,2,186747,379717,0,0,0,UNION,2/9/2016 0:00,9:54,2016,2016,"M501,","CSX,",61,"M5,","M,",INDUSTRY,Ohio,40.201849,-83.31618,"Ohio
(40.201849, -83.31618)"
Side collision,2011:10:GTW:724392,0,0,990,34395,5,0,0,OAKLAND,10/13/2011 0:00,21:53,2011,2012,"H306,","GTW,",1,"H3,","H,",YARD,Michigan,42.64891,-83.31019,"Michigan
(42.64891, -83.31019)"
Highway-rail impact,2015:09:GTW:864691,0,0,15943,0,38,0,0,MONROE,9/7/2015 0:00,2:25,2015,2015,"M399,","GTW,",1,"M3,","M,",MAIN,Michigan,42.002365,-83.308853,"Michigan
(42.002365, -83.308853)"
Derailments,2016:07:LSRC:D160710,0,0,8259,21251,0,0,0,ALCONA,7/10/2016 0:00,5:56,2016,2016,"M405,","LSRC,",1,"M4,","M,",MAIN,Michigan,44.830323,-83.306983,"Michigan
(44.830323, -83.306983)"
Derailments,2015:10:ATK:139773,0,0,1650,20000,0,0,0,OAKLAND,10/24/2015 0:00,17:35,2015,2016,"H303,","ATK,",2,"H3,","H,",YARD,Michigan,42.629202,-83.289555,"Michigan
(42.629202, -83.289555)"
Derailments,2012:02:CSX:000101260,0,0,100,88861,0,0,0,LEE,2/29/2012 0:00,22:57,2012,2012,"H306,","CSX,",1,"H3,","H,",MAIN,Virginia,36.692039,-83.28631,"Virginia
(36.692039, -83.28631)"
Highway-rail impact,2011:08:NS:095850,0,0,12514,238,0,0,0,LOWNDES,8/8/2011 0:00,8:04,2011,2011,"M303,","NS,",1,"M3,","M,",MAIN,Georgia,30.824892,-83.286162,"Georgia
(30.824892, -83.286162)"
Derailments,2014:03:CSX:000127673,0,0,20000,67920,0,0,0,LOWNDES,3/24/2014 0:00,22:50,2014,2014,"T202,","CSX,",1,"T2,","T,",SIDING,Georgia,30.829324,-83.275302,"Georgia
(30.829324, -83.275302)"
Derailments,2013:08:XWSQ:INDUSTRY,0,0,9000,6000,0,0,0,HURON,8/7/2013 0:00,10:45,2013,2013,"T108,","HESR,",1,"T1,","T,",INDUSTRY,Michigan,43.829722,-83.271944,"Michigan
(43.829722, -83.271944)"
Derailments,2016:02:CSX:000157545,0,0,12955,29642,15,0,0,WYANDOT,2/25/2016 0:00,22:55,2016,2016,"E67C,","CSX,",1,"E6,","E,",SIDING,Ohio,40.739043,-83.250929,"Ohio
(40.739043, -83.250929)"
Derailments,2013:02:TDQQ:INDUSTRY,0,0,1500,10390,0,0,0,DELAWARE,2/10/2013 0:00,22:15,2013,2013,"T207,","CSX,",7,"T2,","T,",YARD,Ohio,40.443989,-83.249626,"Ohio
(40.443989, -83.249626)"
Derailments,2012:01:ADMS:INDUSTRY,0,0,0,29386,0,0,0,LOWNDES,1/14/2012 0:00,17:45,2012,2012,"H504,","CSX,",1,"H5,","H,",INDUSTRY,Georgia,30.842065,-83.247322,"Georgia
(30.842065, -83.247322)"
Derailments,2015:09:NS:117284,0,0,3000,34695,0,0,0,LOWNDES,9/8/2015 0:00,18:05,2015,2015,"M405,","NS,",1,"M4,","M,",INDUSTRY,Georgia,30.830296,-83.245052,"Georgia
(30.830296, -83.245052)"
Derailments,2013:10:NS:106630,0,0,5000,22500,0,0,0,LOWNDES,10/3/2013 0:00,11:00,2013,2014,"T313,","NS,",1,"T3,","T,",INDUSTRY,Georgia,30.830298,-83.245052,"Georgia
(30.830298, -83.245052)"
Derailments,2014:01:XGGL:INDUSTRY,0,0,7500,58333,0,0,0,WYANDOT,1/19/2014 0:00,18:00,2014,2014,"M501,","CSX,",1,"M5,","M,",INDUSTRY,Ohio,40.723243,-83.23928,"Ohio
(40.723243, -83.23928)"
Derailments,2016:04:NS:120159,0,0,9500,19000,0,0,0,WAYNE,4/16/2016 0:00,3:40,2016,2016,"H506,","NS,",1,"H5,","H,",SIDING,Michigan,42.273143,-83.194064,"Michigan
(42.273143, -83.194064)"
Derailments,2012:01:NS:097533,0,0,1500,14500,0,0,0,WAYNE,1/8/2012 0:00,2:15,2012,2012,"H704,","NS,",1,"H7,","H,",YARD,Michigan,42.273678,-83.191806,"Michigan
(42.273678, -83.191806)"