AccidentType,inckey,Fatalities,Injuries,TrackDamage,EquipmentDamage,HazmatCars,HazmatCarsDerailed,HazmatCarsReleasing,County,DisplayDate,DisplayTime,calendar,Fiscal,AccidentCause,RailroadCodes,RAILEQUIPMENT_TYPE,CauseGroup,CauseDiscipline,TYPE_OF_TRACK,StateName,latitude,longitude,GeoLocation
Derailments,2015:08:GTW:863666,0,0,18925,84139,0,0,0,WAYNE,8/27/2015 0:00,22:02,2015,2015,"M503,","GTW,",1,"M5,","M,",YARD,Michigan,42.294759,-83.18451,"Michigan
(42.294759, -83.18451)"
Raking collision,2014:08:FMCZ:INDUSTRY,0,0,9000,13593,0,0,0,WAYNE,8/2/2014 0:00,9:45,2014,2014,"H306,H702,","GTW,",76,"H3,H7,H3,H7,","H,",INDUSTRY,Michigan,42.307997,-83.174341,"Michigan
(42.307997, -83.174341)"
Derailments,2014:11:CSX:000138052,0,0,1000,30805,4,4,0,WAYNE,11/24/2014 0:00,18:24,2014,2015,"H312,","CSX,",7,"H3,","H,",YARD,Michigan,42.303435,-83.150096,"Michigan
(42.303435, -83.150096)"
Derailments,2015:06:CSX:000147646,0,0,167298,137487,0,0,0,GREENE,6/10/2015 0:00,15:30,2015,2015,"E51C,E59C,","CSX,",1,"E5,","E,",MAIN,Georgia,33.600387,-83.141547,"Georgia
(33.600387, -83.141547)"
Derailments,2014:09:GTW:827611,0,0,17349,955,15,0,0,WAYNE,9/25/2014 0:00,21:00,2014,2014,"H525,","CRSH,GTW,",1,"H5,","H,",MAIN,Michigan,42.274826,-83.138772,"Michigan
(42.274826, -83.138772)"
Derailments,2012:10:CRSH:101893,0,0,600,41500,0,0,0,WAYNE,10/21/2012 0:00,6:30,2012,2013,"H702,","CRSH,NS,",1,"H7,","H,",YARD,Michigan,42.274403,-83.138546,"Michigan
(42.274403, -83.138546)"
Raking collision,2014:12:CRSH:113440,0,0,0,23797,0,0,0,WAYNE,12/13/2014 0:00,12:30,2014,2015,"H020,","CRSH,",67,"H0,","H,",YARD,Michigan,42.274454,-83.138534,"Michigan
(42.274454, -83.138534)"
Derailments,2015:09:CRSH:117296,0,0,10800,1011,0,0,0,WAYNE,9/9/2015 0:00,1:30,2015,2015,"H702,","CRSH,",1,"H7,","H,",YARD,Michigan,42.274454,-83.138534,"Michigan
(42.274454, -83.138534)"
Raking collision,2013:04:CRSH:104190,0,0,500,41489,0,0,0,WAYNE,4/10/2013 0:00,2:38,2013,2013,"H306,","CRSH,",17,"H3,","H,",YARD,Michigan,42.274249,-83.137772,"Michigan
(42.274249, -83.137772)"
Other impacts,2011:07:CSX:000092337,0,0,200,29276,0,0,0,FRANKLIN,7/31/2011 0:00,19:03,2011,2011,"H306,H399,","CSX,",76,"H3,","H,",YARD,Ohio,39.994211,-83.132234,"Ohio
(39.994211, -83.132234)"
Derailments,2011:10:CSQZ:INDUSTRY1,0,0,50,29352,0,0,0,FRANKLIN,10/21/2011 0:00,22:00,2011,2012,"H307,","CSX,",7,"H3,","H,",INDUSTRY,Ohio,39.994211,-83.132234,"Ohio
(39.994211, -83.132234)"
Derailments,2012:04:CSX:000102784,0,0,1000,123896,0,0,0,FRANKLIN,4/17/2012 0:00,19:29,2012,2012,"H306,","CSX,",76,"H3,","H,",YARD,Ohio,39.994211,-83.132234,"Ohio
(39.994211, -83.132234)"
Derailments,2012:08:CSQZ:INDUSTRY,0,0,3000,55285,1,1,0,FRANKLIN,8/17/2012 0:00,1:30,2012,2012,"T309,","CSX,",75,"T3,","T,",INDUSTRY,Ohio,39.994211,-83.132234,"Ohio
(39.994211, -83.132234)"
Highway-rail impact,2013:05:CSQZ:INDUSTRY,0,0,0,10329,0,0,0,FRANKLIN,5/29/2013 0:00,17:00,2013,2013,"M302,","CSX,",7,"M3,","M,",INDUSTRY,Ohio,39.994211,-83.132234,"Ohio
(39.994211, -83.132234)"
Rear end collision,2013:04:NS:104140,0,0,0,217525,0,0,0,SENECA,4/5/2013 0:00,13:31,2013,2013,"H221,","NS,",NA,"H2,","H,",MAIN,Ohio,41.24617,-83.127438,"Ohio
(41.24617, -83.127438)"
Derailments,2014:06:CSX:000130638,0,0,73000,30799,7,1,0,FRANKLIN,6/8/2014 0:00,10:27,2014,2014,"H702,","CSX,",7,"H7,","H,",YARD,Ohio,39.994772,-83.125855,"Ohio
(39.994772, -83.125855)"
Derailments,2014:11:GTW:833882,0,0,3009,10661,0,0,0,OAKLAND,11/28/2014 0:00,21:45,2014,2015,"H704,","GTW,",1,"H7,","H,",YARD,Michigan,42.450704,-83.117128,"Michigan
(42.450704, -83.117128)"
Derailments,2013:11:CRSH:107595,0,0,0,40952,0,0,0,WAYNE,11/1/2013 0:00,8:20,2013,2014,"M501,","CRSH,",7,"M5,","M,",YARD,Michigan,42.3236,-83.115513,"Michigan
(42.3236, -83.115513)"
Derailments,2013:08:CRSH:106124,0,0,3430,6944,0,0,0,WAYNE,8/26/2013 0:00,18:55,2013,2013,"T102,","CRSH,",8,"T1,","T,",YARD,Michigan,42.323605,-83.115513,"Michigan
(42.323605, -83.115513)"
Derailments,2013:11:CRSH:107721,0,0,0,13870,0,0,0,WAYNE,11/12/2013 0:00,17:50,2013,2014,"H306,","CRSH,",1,"H3,","H,",YARD,Michigan,42.323605,-83.115513,"Michigan
(42.323605, -83.115513)"
Derailments,2014:07:NS:111500,0,0,220242,10000,0,0,0,WILKINSON,7/26/2014 0:00,20:02,2014,2014,"H702,","NS,",1,"H7,","H,",SIDING,Georgia,32.835271,-83.114513,"Georgia
(32.835271, -83.114513)"
Other events,2016:06:NS:120942,0,0,2000,13386,0,0,0,SANDUSKY,6/20/2016 0:00,7:20,2016,2016,"E29C,","NS,",1,"E2,","E,",MAIN,Ohio,41.348488,-83.11322,"Ohio
(41.348488, -83.11322)"
Derailments,2015:09:NS:117239,0,0,7200,42860,0,0,0,SANDUSKY,9/3/2015 0:00,23:10,2015,2015,"H702,","NS,",1,"H7,","H,",YARD,Ohio,41.353903,-83.110903,"Ohio
(41.353903, -83.110903)"
Derailments,2014:11:NS:113208,0,0,11138,8700,0,0,0,SANDUSKY,11/28/2014 0:00,9:04,2014,2015,"M101,","NS,",1,"M1,","M,",INDUSTRY,Ohio,41.356054,-83.108558,"Ohio
(41.356054, -83.108558)"
Highway-rail impact,2011:12:GTW:729279,0,1,14872,74,12,0,0,WAYNE,12/4/2011 0:00,18:43,2011,2012,"M308,","GTW,",1,"M3,","M,",MAIN,Michigan,42.336155,-83.09893,"Michigan
(42.336155, -83.09893)"
Derailments,2011:06:CRSH:095184,0,0,40061,45587,12,0,0,WAYNE,6/10/2011 0:00,19:37,2011,2011,"E00C,","CRSH,GTW,",1,"E0,","E,",MAIN,Michigan,42.327141,-83.0964,"Michigan
(42.327141, -83.0964)"
Derailments,2011:09:NS:096315,0,0,0,60800,0,0,0,ORLEANS,9/16/2011 0:00,1:25,2011,2011,"H021,","NS,",7,"H0,","H,",YARD,Louisiana,29.989479,-83.09638,"Louisiana
(29.989479, -83.09638)"
Derailments,2011:09:NS:096363,0,0,97131,245882,0,0,0,CAMPBELL,9/19/2011 0:00,19:06,2011,2011,"T207,","NS,",1,"T2,","T,",MAIN,Virginia,37.774019,-83.09638,"Virginia
(37.774019, -83.09638)"
Derailments,2012:02:NS:098076,0,0,21000,18600,0,0,0,HAWKINS,2/19/2012 0:00,12:30,2012,2012,"H704,","NS,",1,"H7,","H,",SIDING,Tennessee,36.255082,-83.088067,"Tennessee
(36.255082, -83.088067)"
Derailments,2011:08:CSX:000092919,0,0,11000,55000,0,0,0,PERRY,8/15/2011 0:00,12:35,2011,2011,"T102,","CSX,",1,"T1,","T,",MAIN,Kentucky,37.202437,-83.086072,"Kentucky
(37.202437, -83.086072)"
Raking collision,2014:03:CRSH:109512,0,0,450,29312,0,0,0,WAYNE,3/7/2014 0:00,11:15,2014,2014,"H306,","CRSH,",76,"H3,","H,",YARD,Michigan,42.160202,-83.082612,"Michigan
(42.160202, -83.082612)"
Derailments,2013:05:CRSH:104715,0,0,27580,16361,5,0,0,WAYNE,5/17/2013 0:00,18:20,2013,2013,"H702,","CRSH,CSX,",7,"H7,","H,",YARD,Michigan,42.191607,-83.075516,"Michigan
(42.191607, -83.075516)"
Derailments,2012:07:CSX:000106438,0,0,312,10868,0,0,0,WAYNE,7/28/2012 0:00,15:15,2012,2012,"T309,","CSX,SOO,",1,"T3,","T,",YARD,Michigan,42.319521,-83.070511,"Michigan
(42.319521, -83.070511)"
Side collision,2014:05:CSX:000130140,0,0,750,19128,6,1,0,WAYNE,5/26/2014 0:00,11:30,2014,2014,"H702,","CSX,",87,"H7,","H,",YARD,Michigan,42.319521,-83.070511,"Michigan
(42.319521, -83.070511)"
Derailments,2013:11:NS:107805,0,1,12000,124000,0,0,0,HAWKINS,11/19/2013 0:00,22:10,2013,2014,"H306,H702,","NS,",1,"H3,H7,","H,",INDUSTRY,Tennessee,36.273536,-83.066928,"Tennessee
(36.273536, -83.066928)"
Derailments,2016:08:CSX:000161895,0,0,530,13979,0,0,0,KNOTT,8/3/2016 0:00,19:45,2016,2016,"T110,","CSX,",1,"T1,","T,",INDUSTRY,Kentucky,37.221012,-83.056146,"Kentucky
(37.221012, -83.056146)"
Derailments,2012:12:NS:102473,1,1,55520,59955,0,0,0,LEE,12/9/2012 0:00,23:45,2012,2013,"T210,","CSX,NS,",1,"T2,","T,",MAIN,Virginia,36.81255,-83.053418,"Virginia
(36.81255, -83.053418)"
Derailments,2014:03:NS:109452,0,0,1449628,461769,0,0,0,DELAWARE,3/4/2014 0:00,13:35,2014,2014,"E61C,","NS,",1,"E6,","E,",MAIN,Ohio,40.317904,-83.049917,"Ohio
(40.317904, -83.049917)"
Derailments,2015:12:CRSH:118512,0,0,8829,2142,0,0,0,WAYNE,12/8/2015 0:00,21:20,2015,2016,"H602,","CRSH,",1,"H6,","H,",YARD,Michigan,42.37812,-83.04704,"Michigan
(42.37812, -83.04704)"
Derailments,2011:05:XCHR:INDUSTRY,0,0,25000,300,0,0,0,MACOMB,5/24/2011 0:00,18:30,2011,2011,"T310,","CRSH,",7,"T3,","T,",INDUSTRY,Michigan,42.579107,-83.041194,"Michigan
(42.579107, -83.041194)"
Derailments,2012:10:XDTN:INDUSTRY,0,0,25000,2088,0,0,0,MACOMB,10/6/2012 0:00,9:37,2012,2013,"T110,","CRSH,",7,"T1,","T,",INDUSTRY,Michigan,42.579107,-83.041194,"Michigan
(42.579107, -83.041194)"
Derailments,2015:05:CRSH:115858,0,0,9859,1217,0,0,0,MACOMB,5/29/2015 0:00,20:30,2015,2015,"H702,","CRSH,",1,"H7,","H,",YARD,Michigan,42.581434,-83.040072,"Michigan
(42.581434, -83.040072)"
Derailments,2015:10:CRSH:117973,0,0,140,12684,0,0,0,MACOMB,10/28/2015 0:00,6:00,2015,2016,"H704,","CRSH,NS,",8,"H7,","H,",YARD,Michigan,42.56695,-83.039447,"Michigan
(42.56695, -83.039447)"
Derailments,2014:02:NS:108856,0,0,5839,99752,0,0,0,LEE,2/1/2014 0:00,1:40,2014,2014,"M202,","CSX,NS,",1,"M2,","M,",MAIN,Virginia,36.795479,-83.034317,"Virginia
(36.795479, -83.034317)"
Highway-rail impact,2012:12:CRSH:102490,0,1,1090,11453,0,0,0,WAYNE,12/11/2012 0:00,9:35,2012,2013,"M304,","CRSH,",8,"M3,","M,",MAIN,Michigan,42.38506,-83.034207,"Michigan
(42.38506, -83.034207)"
Derailments,2016:05:CSX:000159608,0,0,766,45238,0,0,0,MADISON,5/5/2016 0:00,24:56:00,2016,2016,"M299,","CSX,",1,"M2,","M,",MAIN,Georgia,34.043504,-83.027823,"Georgia
(34.043504, -83.027823)"
Derailments,2015:12:CSX:000155474,0,0,1100,16415,0,0,0,DELAWARE,12/24/2015 0:00,1:37,2015,2016,"H704,","CSX,",7,"H7,","H,",YARD,Ohio,39.972334,-83.021122,"Ohio
(39.972334, -83.021122)"
Derailments,2014:09:CSX:000134797,0,0,1000,23107,6,1,0,FRANKLIN,9/12/2014 0:00,18:05,2014,2014,"T220,","CSX,",7,"T2,","T,",YARD,Ohio,39.970629,-83.015089,"Ohio
(39.970629, -83.015089)"
Derailments,2015:06:CSX:000148458,0,0,50,15000,0,0,0,HOCKING,6/28/2015 0:00,9:38,2015,2015,"H306,","CSX,",7,"H3,","H,",YARD,Ohio,39.970629,-83.015089,"Ohio
(39.970629, -83.015089)"
Side collision,2015:08:CSX:000150858,0,0,0,110211,0,0,0,HOCKING,8/19/2015 0:00,11:09,2015,2015,"H302,","CSX,",76,"H3,","H,",INDUSTRY,Ohio,39.970629,-83.015089,"Ohio
(39.970629, -83.015089)"
Derailments,2016:01:CSX:000155865,0,0,25000,193820,9,0,0,FRANKLIN,1/10/2016 0:00,24:20:00,2016,2016,"H702,","CSX,",7,"H7,","H,",YARD,Ohio,39.970629,-83.015089,"Ohio
(39.970629, -83.015089)"
Other impacts,2011:06:CSX:000090777,0,0,300,12589,0,0,0,FRANKLIN,6/19/2011 0:00,4:45,2011,2011,"H018,","CSX,",67,"H0,","H,",YARD,Ohio,39.970628,-83.015087,"Ohio
(39.970628, -83.015087)"
Derailments,2012:01:CSX:000099505,0,0,1500,40872,0,0,0,FRANKLIN,1/11/2012 0:00,3:30,2012,2012,"M404,","CSX,",7,"M4,","M,",YARD,Ohio,39.970628,-83.015087,"Ohio
(39.970628, -83.015087)"
Other impacts,2012:05:CSX:000103499,0,0,0,63895,2,0,0,FRANKLIN,5/8/2012 0:00,2:00,2012,2012,"H018,","CSX,",67,"H0,","H,",YARD,Ohio,39.970628,-83.015087,"Ohio
(39.970628, -83.015087)"
Derailments,2012:06:CSX:000105420,0,0,500,10946,0,0,0,FRANKLIN,6/29/2012 0:00,13:10,2012,2012,"H303,","CSX,",7,"H3,","H,",INDUSTRY,Ohio,39.970628,-83.015087,"Ohio
(39.970628, -83.015087)"
Derailments,2012:07:CSX:000106400,0,0,5000,98238,0,0,0,FRANKLIN,7/27/2012 0:00,2:30,2012,2012,"H702,","CSX,",7,"H7,","H,",YARD,Ohio,39.970628,-83.015087,"Ohio
(39.970628, -83.015087)"
Other impacts,2013:07:CSX:000118655,0,0,0,36280,1,0,0,FRANKLIN,7/22/2013 0:00,3:55,2013,2013,"H318,","CSX,",57,"H3,","H,",YARD,Ohio,39.970628,-83.015087,"Ohio
(39.970628, -83.015087)"
Derailments,2014:05:CSX:000129557,0,0,4900,258042,28,0,0,FRANKLIN,5/8/2014 0:00,2:47,2014,2014,"H306,","CSX,",71,"H3,","H,",YARD,Ohio,39.970628,-83.015087,"Ohio
(39.970628, -83.015087)"
Derailments,2014:06:CSX:000130697,0,0,8300,34000,15,1,0,FRANKLIN,6/9/2014 0:00,19:03,2014,2014,"M201,","CSX,CUOH,",1,"M2,","M,",YARD,Ohio,39.970628,-83.015087,"Ohio
(39.970628, -83.015087)"
Highway-rail impact,2015:07:CSX:000149941,0,0,10000,30000,0,0,0,SUWANNEE,7/28/2015 0:00,11:15,2015,2015,"M304,","CSX,",1,"M3,","M,",MAIN,Florida,30.304323,-83.00914,"Florida
(30.304323, -83.00914)"
Derailments,2013:08:NS:106070,0,1,450,18000,1,1,0,FRANKLIN,8/22/2013 0:00,11:50,2013,2013,"H318,","NS,",1,"H3,","H,",SIDING,Ohio,39.923705,-82.997581,"Ohio
(39.923705, -82.997581)"
Derailments,2012:07:NS:100477,0,3,77500,604366,49,3,3,FRANKLIN,7/11/2012 0:00,2:05,2012,2012,"M505,","NS,",1,"M5,","M,",MAIN,Ohio,39.99209,-82.993608,"Ohio
(39.99209, -82.993608)"
Derailments,2016:01:HESR:HES875716D,0,0,47000,30000,0,0,0,HURON,1/15/2016 0:00,11:40,2016,2016,"T312,","HESR,",1,"T3,","T,",MAIN,Michigan,43.805703,-82.992317,"Michigan
(43.805703, -82.992317)"
Derailments,2013:12:NS:108295,0,0,286513,44000,0,0,0,ROSS,12/23/2013 0:00,23:32,2013,2014,"E51C,","NS,",1,"E5,","E,",MAIN,Ohio,39.325776,-82.967849,"Ohio
(39.325776, -82.967849)"
Derailments,2011:06:NS:095164,0,0,94100,65500,0,0,0,CRAWFORD,6/9/2011 0:00,16:50,2011,2011,"H518,","NS,",1,"H5,","H,",YARD,Ohio,40.810198,-82.966388,"Ohio
(40.810198, -82.966388)"
Other impacts,2016:06:CSX:000160927,0,0,0,57121,8,0,0,ROSS,6/27/2016 0:00,19:10,2016,2016,"H018,","CSX,",6,"H0,","H,",YARD,Ohio,39.332635,-82.964855,"Ohio
(39.332635, -82.964855)"
Derailments,2014:01:NS:108838,0,0,40999,4200,1,1,0,FRANKLIN,1/30/2014 0:00,15:20,2014,2014,"T110,","NS,",1,"T1,","T,",SIDING,Ohio,39.804947,-82.959716,"Ohio
(39.804947, -82.959716)"
Highway-rail impact,2016:07:HRT:160719,0,0,0,10500,0,0,0,ELBERT,7/19/2016 0:00,13:55,2016,2016,"M304,","HRT,",1,"M3,","M,",MAIN,Georgia,34.176937,-82.959373,"Georgia
(34.176937, -82.959373)"
Derailments,2014:03:NS:109714,0,0,3200,12689,0,0,0,PICKAWAY,3/21/2014 0:00,5:15,2014,2014,"H702,","NS,",7,"H7,","H,",YARD,Ohio,39.782282,-82.957921,"Ohio
(39.782282, -82.957921)"
Derailments,2011:12:NS:097358,0,0,800,11400,0,0,0,FRANKLIN,12/19/2011 0:00,4:05,2011,2012,"H318,","NS,",7,"H3,","H,",YARD,Ohio,39.893505,-82.948894,"Ohio
(39.893505, -82.948894)"
Other impacts,2013:11:NS:107796,0,0,0,56306,0,0,0,FRANKLIN,11/11/2013 0:00,2:19,2013,2014,"E29C,","NS,",6,"E2,","E,",YARD,Ohio,39.908635,-82.947641,"Ohio
(39.908635, -82.947641)"
Derailments,2015:02:NS:114367,0,0,2000,12800,0,0,0,SCIOTO,2/15/2015 0:00,2:50,2015,2015,"H702,","NS,",1,"H7,","H,",YARD,Ohio,38.744825,-82.941787,"Ohio
(38.744825, -82.941787)"
Derailments,2012:07:NS:100514,0,0,18527,0,0,0,0,CRAWFORD,7/14/2012 0:00,10:40,2012,2012,"E39C,","NS,",1,"E3,","E,",MAIN,Ohio,40.94722,-82.939848,"Ohio
(40.94722, -82.939848)"
Highway-rail impact,2016:08:NS:121731,0,1,0,22200,7,0,0,ROSS,8/18/2016 0:00,16:00,2016,2016,"M302,","NS,",1,"M3,","M,",MAIN,Ohio,39.285487,-82.938988,"Ohio
(39.285487, -82.938988)"
Derailments,2012:01:NS:097655,0,0,5000,49190,0,0,0,PICKAWAY,1/16/2012 0:00,18:20,2012,2012,"T207,","NS,",1,"T2,","T,",INDUSTRY,Ohio,39.590365,-82.938329,"Ohio
(39.590365, -82.938329)"
Highway-rail impact,2014:11:GTW:832242,0,0,32740,250,18,0,0,MACOMB,11/11/2014 0:00,5:40,2014,2015,"M399,","GTW,",1,"M3,","M,",MAIN,Michigan,42.556961,-82.924438,"Michigan
(42.556961, -82.924438)"
Derailments,2014:09:GTW:826322,0,0,2740,13069,57,0,0,MACOMB,9/14/2014 0:00,2:40,2014,2014,"E53C,","GTW,",1,"E5,","E,",MAIN,Michigan,42.569216,-82.915029,"Michigan
(42.569216, -82.915029)"
Derailments,2011:08:NS:095981,0,0,200,10600,0,0,0,LUCAS,8/15/2011 0:00,8:30,2011,2011,"H702,","NS,",7,"H7,","H,",YARD,Ohio,36.860297,-82.877917,"Ohio
(36.860297, -82.877917)"
Derailments,2013:04:NS:104209,0,0,0,10900,0,0,0,HAMILTON,4/9/2013 0:00,20:45,2013,2013,"T303,","NS,",1,"T3,","T,",INDUSTRY,Florida,30.441202,-82.876643,"Florida
(30.441202, -82.876643)"
Derailments,2013:07:NS:105455,0,0,0,13500,0,0,0,SENECA,7/10/2013 0:00,15:35,2013,2013,"M105,","NS,",1,"M1,","M,",MAIN,Ohio,41.098413,-82.872606,"Ohio
(41.098413, -82.872606)"
Derailments,2014:01:NS:108811,0,0,3452,8050,0,0,0,SCIOTO,1/29/2014 0:00,13:55,2014,2014,"H306,H702,","NS,",1,"H3,H7,","H,",YARD,Ohio,38.70167,-82.865343,"Ohio
(38.70167, -82.865343)"
Derailments,2015:04:NS:115256,0,0,1500,41325,0,0,0,SCIOTO,4/14/2015 0:00,21:15,2015,2015,"H702,","NS,",1,"H7,","H,",INDUSTRY,Ohio,38.697311,-82.864541,"Ohio
(38.697311, -82.864541)"
Derailments,2014:03:NS:109476,0,0,4277,8050,0,0,0,HAYWOOD,3/5/2014 0:00,20:50,2014,2014,"H702,","NS,",1,"H7,","H,",YARD,North Carolina,35.534519,-82.857018,"North Carolina
(35.534519, -82.857018)"
Highway-rail impact,2015:07:CSX:000149792,0,0,1953,9603,0,0,0,LETCHER,7/27/2015 0:00,10:01,2015,2015,"M302,","CSX,",1,"M3,","M,",MAIN,Kentucky,37.22223,-82.856246,"Kentucky
(37.22223, -82.856246)"
Highway-rail impact,2015:06:CSX:000148132,0,1,12575,286,0,0,0,SCIOTO,6/19/2015 0:00,9:17,2015,2015,"M302,","CSX,",1,"M3,","M,",MAIN,Ohio,38.848565,-82.855718,"Ohio
(38.848565, -82.855718)"
Highway-rail impact,2016:05:CSX:000159582,0,1,0,85946,4,0,0,MORROW,5/6/2016 0:00,7:48,2016,2016,"M304,","CSX,",1,"M3,","M,",MAIN,Ohio,40.589077,-82.849188,"Ohio
(40.589077, -82.849188)"
Derailments,2014:07:NS:111124,0,0,109039,247300,0,0,0,SANDUSKY,7/1/2014 0:00,7:30,2014,2014,"H524,H508,","NS,WE,",1,"H5,","H,",MAIN,Ohio,41.262824,-82.844763,"Ohio
(41.262824, -82.844763)"
Derailments,2013:04:WE:130032,0,0,67528,80587,0,0,0,CRAWFORD,4/19/2013 0:00,23:20,2013,2013,"T110,","WE,",1,"T1,","T,",SIDING,Ohio,40.960028,-82.839866,"Ohio
(40.960028, -82.839866)"
Other impacts,2014:07:NS:111255,0,0,0,14000,0,0,0,HURON,7/9/2014 0:00,18:30,2014,2014,"M411,","NS,",7,"M4,","M,",YARD,Ohio,41.273354,-82.834598,"Ohio
(41.273354, -82.834598)"
Derailments,2014:09:NS:112165,0,0,600,22420,0,0,0,HURON,9/14/2014 0:00,1:00,2014,2014,"H702,","NS,",7,"H7,","H,",YARD,Ohio,41.273354,-82.834598,"Ohio
(41.273354, -82.834598)"
Other impacts,2015:01:NS:113841,0,0,84120,157600,0,0,0,HURON,1/14/2015 0:00,22:00,2015,2015,"H316,","NS,",7,"H3,","H,",YARD,Ohio,41.273354,-82.834598,"Ohio
(41.273354, -82.834598)"
Derailments,2015:07:NS:116377,0,0,19873,19950,0,0,0,HURON,7/4/2015 0:00,23:45,2015,2015,"T313,","NS,",1,"T3,","T,",YARD,Ohio,41.273354,-82.834598,"Ohio
(41.273354, -82.834598)"
Side collision,2016:01:NS:118852,0,2,0,11340,0,0,0,HURON,1/9/2016 0:00,16:10,2016,2016,"H607,","NS,",7,"H6,","H,",YARD,Ohio,41.273354,-82.834598,"Ohio
(41.273354, -82.834598)"
Derailments,2016:03:NS:119870,0,0,0,22600,0,0,0,HURON,3/25/2016 0:00,3:02,2016,2016,"M411,","NS,",7,"M4,","M,",YARD,Ohio,41.273354,-82.834598,"Ohio
(41.273354, -82.834598)"
Other impacts,2016:07:NS:121711,0,0,0,32500,0,0,0,HURON,7/22/2016 0:00,10:53,2016,2016,"M411,","NS,",7,"M4,","M,",YARD,Ohio,41.273354,-82.834598,"Ohio
(41.273354, -82.834598)"
Derailments,2012:12:OUCH:0113,0,0,22254,145,5,1,0,UNION,12/27/2012 0:00,9:28,2012,2013,"T314,","OUCH,UP,",7,"T3,","T,",MAIN,Arkansas,33.569008,-82.823071,"Arkansas
(33.569008, -82.823071)"
Derailments,2015:08:NS:116941,0,0,900,40000,0,0,0,WASHINGTON,8/14/2015 0:00,13:15,2015,2015,"H318,","NS,",1,"H3,","H,",YARD,Georgia,32.931581,-82.820583,"Georgia
(32.931581, -82.820583)"
Derailments,2016:01:NS:118784,0,0,18000,428339,0,0,0,HURON,1/4/2016 0:00,14:45,2016,2016,"T203,","NS,",1,"T2,","T,",YARD,Ohio,41.281572,-82.820217,"Ohio
(41.281572, -82.820217)"
Derailments,2012:01:NS:097833,0,0,7800,13300,0,0,0,WASHINGTON,1/26/2012 0:00,22:10,2012,2012,"T110,","NS,",1,"T1,","T,",YARD,Georgia,32.935193,-82.813278,"Georgia
(32.935193, -82.813278)"
Other impacts,2015:01:NS:114072,0,0,0,16000,0,0,0,HURON,1/28/2015 0:00,9:40,2015,2015,"M408,","NS,",7,"M4,","M,",YARD,Ohio,41.286173,-82.810424,"Ohio
(41.286173, -82.810424)"
Derailments,2012:04:NS:099519,0,0,23500,3750,0,0,0,ERIE,4/28/2012 0:00,18:10,2012,2012,"T314,","NS,",1,"T3,","T,",YARD,Ohio,41.288367,-82.804779,"Ohio
(41.288367, -82.804779)"
Side collision,2015:04:NS:115319,0,0,0,19500,0,0,0,HURON,4/18/2015 0:00,16:05,2015,2015,"H399,","NS,",7,"H3,","H,",YARD,Ohio,41.288346,-82.803539,"Ohio
(41.288346, -82.803539)"
Other impacts,2015:04:NS:115400,0,1,0,64977,0,0,0,HURON,4/25/2015 0:00,5:45,2015,2015,"H306,","NS,",7,"H3,","H,",YARD,Ohio,41.288346,-82.803539,"Ohio
(41.288346, -82.803539)"
Other impacts,2015:07:NS:116434,0,0,0,14444,0,0,0,HURON,7/9/2015 0:00,8:26,2015,2015,"H306,H702,","NS,",68,"H3,H7,H3,H7,","H,",YARD,Ohio,41.288346,-82.803539,"Ohio
(41.288346, -82.803539)"
Derailments,2014:08:NS:111914,0,0,11006,2250,0,0,0,HURON,8/25/2014 0:00,16:00,2014,2014,"T110,","NS,",7,"T1,","T,",YARD,Ohio,41.288481,-82.802003,"Ohio
(41.288481, -82.802003)"
Derailments,2013:09:SAN:09043023,1,0,0,12820,0,0,0,WASHINGTON,9/4/2013 0:00,10:16,2013,2013,"M204,","SAN,",7,"M2,","M,",INDUSTRY,Georgia,32.961974,-82.794926,"Georgia
(32.961974, -82.794926)"
Derailments,2011:11:NS:097170,0,0,12630,208000,0,0,0,ERIE,11/30/2011 0:00,19:50,2011,2012,"E67C,","NS,",7,"E6,","E,",YARD,Ohio,41.29052,-82.788126,"Ohio
(41.29052, -82.788126)"
Other events,2015:11:NS:118643,0,0,0,36000,0,0,0,ERIE,11/27/2015 0:00,18:50,2015,2016,"M407,","NS,",6,"M4,","M,",YARD,Ohio,41.29052,-82.788126,"Ohio
(41.29052, -82.788126)"
Derailments,2015:12:NS:118442,0,0,0,12876,0,0,0,ERIE,12/3/2015 0:00,9:45,2015,2016,"T110,","NS,",8,"T1,","T,",YARD,Ohio,41.29052,-82.788126,"Ohio
(41.29052, -82.788126)"
Other events,2016:05:NS:120598,0,0,0,17000,0,0,0,ERIE,5/22/2016 0:00,12:52,2016,2016,"M505,","NS,",5,"M5,","M,",YARD,Ohio,41.29052,-82.788126,"Ohio
(41.29052, -82.788126)"
Derailments,2011:06:NS:095417,0,0,750,61000,0,0,0,ERIE,6/30/2011 0:00,17:55,2011,2011,"H318,","NS,",7,"H3,","H,",YARD,Ohio,41.292957,-82.786828,"Ohio
(41.292957, -82.786828)"
Obstruction impact,2011:11:CSX:000097998,0,0,1000,10500,0,0,0,JOHNSON,11/23/2011 0:00,6:30,2011,2012,"M101,","CSX,",1,"M1,","M,",MAIN,Kentucky,37.752071,-82.786722,"Kentucky
(37.752071, -82.786722)"
Derailments,2012:05:NS:099705,0,0,2911,12063,0,0,0,HAMILTON,5/14/2012 0:00,12:30,2012,2012,"T314,","NS,",1,"T3,","T,",YARD,Florida,30.426278,-82.785845,"Florida
(30.426278, -82.785845)"
Derailments,2013:07:CSX:000118972,0,0,2600,12000,23,0,0,FLOYD,7/30/2013 0:00,21:30,2013,2013,"H993,T102,","CSX,",1,"H9,T1,","H,T,",MAIN,Kentucky,37.687734,-82.783632,"Kentucky
(37.687734, -82.783632)"
Other impacts,2015:07:NS:116363,0,0,0,18600,0,0,0,ERIE,7/3/2015 0:00,24:30:00,2015,2015,"M408,","NS,",7,"M4,","M,",YARD,Ohio,41.293152,-82.783204,"Ohio
(41.293152, -82.783204)"