AccidentType,inckey,Fatalities,Injuries,TrackDamage,EquipmentDamage,HazmatCars,HazmatCarsDerailed,HazmatCarsReleasing,County,DisplayDate,DisplayTime,calendar,Fiscal,AccidentCause,RailroadCodes,RAILEQUIPMENT_TYPE,CauseGroup,CauseDiscipline,TYPE_OF_TRACK,StateName,latitude,longitude,GeoLocation
Derailments,2011:12:NS:097367,0,0,200,16000,0,0,0,ERIE,12/20/2011 0:00,4:40,2011,2012,"H210,","NS,",1,"H2,","H,",YARD,Ohio,41.290513,-82.78301,"Ohio
(41.290513, -82.78301)"
Highway-rail impact,2011:07:NS:095624,0,0,3798,7900,0,0,0,GREENE,7/15/2011 0:00,15:35,2011,2011,"M304,","NS,",1,"M3,","M,",MAIN,Tennessee,36.19099,-82.78055,"Tennessee
(36.19099, -82.78055)"
Derailments,2014:04:HESR:HES550214D,0,0,7500,7500,0,0,0,SANILAC,4/14/2014 0:00,9:35,2014,2014,"T001,","HESR,",1,"T0,","T,",MAIN,Michigan,43.655981,-82.767906,"Michigan
(43.655981, -82.767906)"
Derailments,2011:06:NS:095363,0,0,1000,42400,0,0,0,ERIE,6/28/2011 0:00,14:50,2011,2011,"H702,","NS,",7,"H7,","H,",YARD,Ohio,41.296824,-82.767553,"Ohio
(41.296824, -82.767553)"
Derailments,2012:11:NS:102182,0,0,0,12172,0,0,0,ERIE,11/12/2012 0:00,16:30,2012,2013,"E64L,","NS,",8,"E6,","E,",YARD,Ohio,41.296824,-82.767553,"Ohio
(41.296824, -82.767553)"
Derailments,2012:01:NS:097688,0,0,497800,164170,8,0,0,ERIE,1/18/2012 0:00,15:30,2012,2012,"E67C,","NS,",1,"E6,","E,",MAIN,Ohio,41.445523,-82.765167,"Ohio
(41.445523, -82.765167)"
Side collision,2014:12:CSX:000138974,0,0,500,49902,46,1,0,HURON,12/16/2014 0:00,4:41,2014,2015,"H307,","CSX,",71,"H3,","H,",YARD,Ohio,41.065438,-82.756545,"Ohio
(41.065438, -82.756545)"
Derailments,2012:07:CSX:000105564,0,0,500,14439,0,0,0,HURON,7/4/2012 0:00,16:35,2012,2012,"M411,","CSX,",6,"M4,","M,",YARD,Ohio,41.065438,-82.756544,"Ohio
(41.065438, -82.756544)"
Derailments,2013:06:CSX:000116949,0,0,8000,53065,0,0,0,HURON,6/4/2013 0:00,16:40,2013,2013,"H993,","CSX,",5,"H9,","H,",YARD,Ohio,41.065438,-82.756544,"Ohio
(41.065438, -82.756544)"
Derailments,2013:06:CSX:000117504,0,0,500,30783,2,1,0,HURON,6/19/2013 0:00,24:15:00,2013,2013,"M411,","CSX,",6,"M4,","M,",YARD,Ohio,41.065438,-82.756544,"Ohio
(41.065438, -82.756544)"
Derailments,2013:11:CSX:000123157,0,0,5000,69255,15,3,1,HURON,11/26/2013 0:00,23:03,2013,2014,"T207,","CSX,",1,"T2,","T,",YARD,Ohio,41.065438,-82.756544,"Ohio
(41.065438, -82.756544)"
Derailments,2016:08:NS:121780,0,0,4365,11614,0,0,0,ERIE,8/22/2016 0:00,4:10,2016,2016,"E34C,","NS,",7,"E3,","E,",YARD,Ohio,41.300093,-82.751346,"Ohio
(41.300093, -82.751346)"
Derailments,2012:06:CSX:000105227,0,0,9000,104118,42,4,0,HURON,6/25/2012 0:00,6:15,2012,2012,"T220,","CSX,",1,"T2,","T,",YARD,Ohio,41.063958,-82.750657,"Ohio
(41.063958, -82.750657)"
Derailments,2013:11:CSX:000122743,0,0,26000,11254,0,0,0,HURON,11/12/2013 0:00,22:40,2013,2014,"T309,","CSX,",7,"T3,","T,",YARD,Ohio,41.063958,-82.750657,"Ohio
(41.063958, -82.750657)"
Other impacts,2013:11:CSX:000123274,0,0,0,11751,0,0,0,HURON,11/26/2013 0:00,8:45,2013,2014,"M411,","CSX,",6,"M4,","M,",YARD,Ohio,41.063958,-82.750657,"Ohio
(41.063958, -82.750657)"
Derailments,2014:01:CSX:000125175,0,0,50,20902,1,1,0,HURON,1/23/2014 0:00,11:15,2014,2014,"M411,","CSX,",6,"M4,","M,",YARD,Ohio,41.063958,-82.750657,"Ohio
(41.063958, -82.750657)"
Derailments,2014:11:CSX:000138121,0,0,0,15021,0,0,0,HURON,11/27/2014 0:00,14:10,2014,2015,"M101,","CSX,",6,"M1,","M,",YARD,Ohio,41.063958,-82.750657,"Ohio
(41.063958, -82.750657)"
Obstruction impact,2015:08:ESIX:INDUSTRY,0,0,100,20150,0,0,0,BOYD,8/9/2015 0:00,1:27,2015,2015,"H307,","CSX,",NA,"H3,","H,",INDUSTRY,Kentucky,38.385346,-82.746065,"Kentucky
(38.385346, -82.746065)"
Derailments,2013:11:CSX:000122353,0,0,5000,41211,38,2,0,HURON,11/1/2013 0:00,7:10,2013,2014,"H702,","CSX,",1,"H7,","H,",YARD,Ohio,41.063166,-82.742566,"Ohio
(41.063166, -82.742566)"
Other impacts,2012:01:ESIX:INDUSTRY,0,0,0,10246,0,0,0,BOYD,1/9/2012 0:00,20:50,2012,2012,"H302,","CSX,",86,"H3,","H,",INDUSTRY,Kentucky,38.393434,-82.73805,"Kentucky
(38.393434, -82.73805)"
Head on collision,2015:08:NS:116852,0,4,171325,4434143,0,0,0,WASHINGTON,8/7/2015 0:00,13:11,2015,2015,"H404,","NS,",1,"H4,","H,",MAIN,Georgia,32.951395,-82.727133,"Georgia
(32.951395, -82.727133)"
Obstruction impact,2014:04:CSX:000128146,0,0,100,13024,0,0,0,JOHNSON,4/6/2014 0:00,15:40,2014,2014,"M404,","CSX,",1,"M4,","M,",MAIN,Kentucky,37.854331,-82.727118,"Kentucky
(37.854331, -82.727118)"
Other impacts,2016:01:CSX:000156361,0,0,0,13425,0,0,0,HURON,1/22/2016 0:00,2:19,2016,2016,"M204,","CSX,",5,"M2,","M,",YARD,Ohio,41.059858,-82.723965,"Ohio
(41.059858, -82.723965)"
Other impacts,2016:03:CSX:000158018,0,0,1020,94709,10,4,0,HURON,3/12/2016 0:00,20:50,2016,2016,"H399,","CSX,",61,"H3,","H,",YARD,Ohio,41.059858,-82.723965,"Ohio
(41.059858, -82.723965)"
Derailments,2016:04:CSX:000158921,0,0,2498,31856,1,1,0,HURON,4/11/2016 0:00,9:30,2016,2016,"T221,","CSX,",7,"T2,","T,",YARD,Ohio,41.059858,-82.723965,"Ohio
(41.059858, -82.723965)"
Derailments,2016:05:CSX:000159815,0,0,100,12704,0,0,0,HURON,5/16/2016 0:00,15:30,2016,2016,"E20C,","CSX,",5,"E2,","E,",YARD,Ohio,41.059858,-82.723965,"Ohio
(41.059858, -82.723965)"
Derailments,2014:09:CSX:000134340,0,0,0,13751,1,1,0,HURON,9/2/2014 0:00,14:40,2014,2014,"M408,","CSX,",5,"M4,","M,",YARD,Ohio,41.059837,-82.723458,"Ohio
(41.059837, -82.723458)"
Derailments,2015:08:CSX:000151037,0,0,2500,19899,1,1,0,HURON,8/24/2015 0:00,12:32,2015,2015,"H305,","CSX,",7,"H3,","H,",YARD,Ohio,41.059837,-82.723458,"Ohio
(41.059837, -82.723458)"
Other impacts,2011:06:CSX:000090935,0,0,1000,110658,36,1,0,HURON,6/25/2011 0:00,5:40,2011,2011,"H306,","CSX,",617,"H3,","H,",YARD,Ohio,41.059193,-82.71995,"Ohio
(41.059193, -82.71995)"
Other impacts,2014:07:CSX:000132382,0,0,0,12292,0,0,0,HURON,7/21/2014 0:00,3:40,2014,2014,"M411,","CSX,",6,"M4,","M,",YARD,Ohio,41.058951,-82.718557,"Ohio
(41.058951, -82.718557)"
Other impacts,2015:01:CSX:000140780,0,0,0,31182,1,0,0,HURON,1/29/2015 0:00,21:13,2015,2015,"M411,","CSX,",6,"M4,","M,",YARD,Ohio,41.058951,-82.718557,"Ohio
(41.058951, -82.718557)"
Derailments,2015:07:CSX:000150056,0,0,0,69900,173,4,0,HURON,7/31/2015 0:00,3:53,2015,2015,"H018,","CSX,",61,"H0,","H,",YARD,Ohio,41.058951,-82.718557,"Ohio
(41.058951, -82.718557)"
Other impacts,2015:09:CSX:000152411,0,0,149,13440,1,0,0,HURON,9/25/2015 0:00,16:00,2015,2015,"S099,","CSX,",5,"S0,","S,",YARD,Ohio,41.058951,-82.718557,"Ohio
(41.058951, -82.718557)"
Derailments,2015:12:WE:150159,0,0,493491,165923,0,0,0,RICHLAND,12/10/2015 0:00,23:30,2015,2016,"T222,T223,","WE,",1,"T2,","T,",MAIN,Ohio,40.988447,-82.7178,"Ohio
(40.988447, -82.7178)"
Derailments,2016:03:GC:GCR933416D,0,0,45000,5000,0,0,0,LAURENS,3/31/2016 0:00,14:10,2016,2016,"E46C,E09C,","GC,",1,"E4,E0,","E,",MAIN,Georgia,32.459461,-82.708522,"Georgia
(32.459461, -82.708522)"
Highway-rail impact,2012:04:CSX:000102459,0,2,35000,123386,0,0,0,CLINCH,4/9/2012 0:00,9:00,2012,2012,"M302,","CSX,",1,"M3,","M,",MAIN,Georgia,31.050842,-82.70776,"Georgia
(31.050842, -82.70776)"
Derailments,2013:12:CSX:000123807,0,0,1000,11929,19,3,0,GREENUP,12/14/2013 0:00,16:59,2013,2014,"E45C,","CSX,",7,"E4,","E,",YARD,Kentucky,38.531911,-82.69725,"Kentucky
(38.531911, -82.69725)"
Derailments,2014:09:CSX:000134519,0,0,500,58970,0,0,0,GREENUP,9/6/2014 0:00,14:02,2014,2014,"T101,","CSX,",7,"T1,","T,",YARD,Kentucky,38.531911,-82.69725,"Kentucky
(38.531911, -82.69725)"
Derailments,2015:03:CSX:000142805,0,0,100,12849,1,0,0,GREENUP,3/10/2015 0:00,20:40,2015,2015,"H318,","CSX,",6,"H3,","H,",YARD,Kentucky,38.531911,-82.69725,"Kentucky
(38.531911, -82.69725)"
Other impacts,2012:02:CSX:000100332,0,0,0,41476,12,0,0,GREENUP,2/1/2012 0:00,11:40,2012,2012,"S014,","CSX,",65,"S0,","S,",YARD,Kentucky,38.529969,-82.694521,"Kentucky
(38.529969, -82.694521)"
Derailments,2012:02:CSX:000100470,0,0,500,280000,0,0,0,GREENUP,2/7/2012 0:00,5:46,2012,2012,"T207,","CSX,",1,"T2,","T,",YARD,Kentucky,38.529969,-82.694521,"Kentucky
(38.529969, -82.694521)"
Derailments,2012:02:CSX:000100884,0,0,1000,72140,0,0,0,GREENUP,2/18/2012 0:00,8:40,2012,2012,"T110,","CSX,",1,"T1,","T,",YARD,Kentucky,38.529969,-82.694521,"Kentucky
(38.529969, -82.694521)"
Side collision,2012:04:CSX:000103059,0,0,0,13153,1,1,0,GREENUP,4/25/2012 0:00,12:37,2012,2012,"H302,","CSX,",78,"H3,","H,",YARD,Kentucky,38.529969,-82.694521,"Kentucky
(38.529969, -82.694521)"
Other impacts,2012:09:CSX:000108090,0,0,1500,23791,4,0,0,GREENUP,9/12/2012 0:00,18:07,2012,2012,"H318,","CSX,",7,"H3,","H,",YARD,Kentucky,38.529969,-82.694521,"Kentucky
(38.529969, -82.694521)"
Other impacts,2012:10:CSX:000109513,0,0,0,12000,5,0,0,GREENUP,10/16/2012 0:00,3:23,2012,2013,"M599,","CSX,",1,"M5,","M,",YARD,Kentucky,38.529969,-82.694521,"Kentucky
(38.529969, -82.694521)"
Derailments,2013:08:CSX:000119099,0,0,0,32603,8,0,0,GREENUP,8/1/2013 0:00,19:53,2013,2013,"H305,","CSX,",6,"H3,","H,",YARD,Kentucky,38.529969,-82.694521,"Kentucky
(38.529969, -82.694521)"
Derailments,2014:03:CSX:000127294,0,0,500,101189,0,0,0,GREENUP,3/15/2014 0:00,17:31,2014,2014,"E40C,","CSX,",1,"E4,","E,",YARD,Kentucky,38.529969,-82.694521,"Kentucky
(38.529969, -82.694521)"
Derailments,2014:03:CSX:000127324,0,0,17000,86183,0,0,0,GREENUP,3/17/2014 0:00,7:33,2014,2014,"T207,","CSX,",1,"T2,","T,",YARD,Kentucky,38.529969,-82.694521,"Kentucky
(38.529969, -82.694521)"
Derailments,2014:10:CSX:000135631,0,0,0,17032,0,0,0,GREENUP,10/1/2014 0:00,19:30,2014,2015,"H017,H099,","CSX,",8,"H0,","H,",YARD,Kentucky,38.529969,-82.694521,"Kentucky
(38.529969, -82.694521)"
Derailments,2016:01:CSX:000156090,0,0,35600,178645,0,0,0,GREENUP,1/15/2016 0:00,20:26,2016,2016,"T207,","CSX,",7,"T2,","T,",YARD,Kentucky,38.529969,-82.694521,"Kentucky
(38.529969, -82.694521)"
Obstruction impact,2016:07:CSX:000161083,0,0,0,29468,0,0,0,FLOYD,7/4/2016 0:00,5:12,2016,2016,"M404,","CSX,",1,"M4,","M,",MAIN,Kentucky,37.594621,-82.684291,"Kentucky
(37.594621, -82.684291)"
Highway-rail impact,2015:12:CSX:000155446,0,0,0,240000,0,0,0,COFFEE,12/22/2015 0:00,13:26,2015,2016,"M302,","CSX,",1,"M3,","M,",MAIN,Georgia,31.514675,-82.683144,"Georgia
(31.514675, -82.683144)"
Highway-rail impact,2015:07:NS:116437,0,0,4800,10193,0,0,0,ERIE,7/9/2015 0:00,24:48:00,2015,2015,"M303,","NS,",1,"M3,","M,",MAIN,Ohio,41.436267,-82.674369,"Ohio
(41.436267, -82.674369)"
Derailments,2012:11:ASRY:D111312,0,0,5000,10059,0,0,0,RICHLAND,11/13/2012 0:00,5:15,2012,2013,"T204,T220,","ASRY,",1,"T2,","T,",YARD,Ohio,40.983435,-82.66668,"Ohio
(40.983435, -82.66668)"
Obstruction impact,2014:05:CSX:000129291,0,0,0,25385,0,0,0,FLOYD,5/1/2014 0:00,11:01,2014,2014,"H402,","CSX,",19,"H4,","H,",MAIN,Kentucky,37.559433,-82.648398,"Kentucky
(37.559433, -82.648398)"
Derailments,2012:03:CSX:000101322,0,0,100,305672,1,0,0,LAWRENCE,3/2/2012 0:00,18:33,2012,2012,"M102,","CSX,",1,"M1,","M,",MAIN,Kentucky,38.015625,-82.634278,"Kentucky
(38.015625, -82.634278)"
Highway-rail impact,2012:08:CSX:000107406,0,0,2488,14456,0,0,0,BOYD,8/24/2012 0:00,10:06,2012,2012,"M302,","CSX,",1,"M3,","M,",MAIN,Kentucky,38.478266,-82.633445,"Kentucky
(38.478266, -82.633445)"
Highway-rail impact,2013:08:CSX:000119410,0,2,75,19611,0,0,0,BOYD,8/12/2013 0:00,10:31,2013,2013,"M302,","CSX,",1,"M3,","M,",MAIN,Kentucky,38.473851,-82.623448,"Kentucky
(38.473851, -82.623448)"
Derailments,2013:08:NS:105955,0,0,750,19891,0,0,0,MARTIN,8/15/2013 0:00,4:50,2013,2013,"T202,","NS,",1,"T2,","T,",INDUSTRY,Kentucky,37.753504,-82.62075,"Kentucky
(37.753504, -82.62075)"
Other impacts,2014:01:XMYR:INDUSTRY,0,0,0,20000,0,0,0,PIKE,1/26/2014 0:00,19:57,2014,2014,"H522,H510,","CSX,",1,"H5,","H,",INDUSTRY,Kentucky,37.30736,-82.604769,"Kentucky
(37.30736, -82.604769)"
Other impacts,2014:02:NS:109285,0,0,0,25000,0,0,0,CLINCH,2/13/2014 0:00,16:05,2014,2014,"H997,","NS,",NA,"H9,","H,",MAIN,Georgia,30.731322,-82.593467,"Georgia
(30.731322, -82.593467)"
Derailments,2014:11:NS:113068,0,0,217729,568050,0,0,0,ERIE,11/18/2014 0:00,6:30,2014,2015,"T207,","NS,",1,"T2,","T,",SIDING,Ohio,41.333904,-82.584374,"Ohio
(41.333904, -82.584374)"
Derailments,2013:11:CSX:000122861,0,0,95500,342351,0,0,0,BACON,11/13/2013 0:00,23:21,2013,2014,"T204,","CSX,",1,"T2,","T,",MAIN,Georgia,31.515399,-82.582383,"Georgia
(31.515399, -82.582383)"
Derailments,2014:03:NS:109724,0,0,2000,38219,0,0,0,BUNCOMBE,3/22/2014 0:00,3:48,2014,2014,"H704,","NS,",8,"H7,","H,",YARD,North Carolina,35.580383,-82.565008,"North Carolina
(35.580383, -82.565008)"
Highway-rail impact,2011:06:CSX:000090042,0,0,10000,1500,0,0,0,HURON,6/1/2011 0:00,21:39,2011,2011,"M399,","CSX,",1,"M3,","M,",MAIN,Ohio,41.042436,-82.563433,"Ohio
(41.042436, -82.563433)"
Derailments,2012:01:NS:097624,0,0,10000,12000,0,0,0,BUNCOMBE,1/14/2012 0:00,12:25,2012,2012,"T110,","NS,",1,"T1,","T,",YARD,North Carolina,35.56703,-82.559679,"North Carolina
(35.56703, -82.559679)"
Highway-rail impact,2013:12:NS:108294,0,0,11040,56,0,0,0,PICKENS,12/23/2013 0:00,19:25,2013,2014,"M303,","NS,",1,"M3,","M,",MAIN,South Carolina,34.826523,-82.545455,"South Carolina
(34.826523, -82.545455)"
Derailments,2011:10:NS:096779,0,0,25000,46500,0,0,0,BUNCOMBE,10/24/2011 0:00,18:20,2011,2012,"T207,","NS,",7,"T2,","T,",YARD,North Carolina,35.567891,-82.543473,"North Carolina
(35.567891, -82.543473)"
Derailments,2012:11:XRAM:INDUSTRY,0,0,37531,1960,0,0,0,PIKE,11/7/2012 0:00,10:40,2012,2013,"H704,","CSX,",1,"H7,","H,",INDUSTRY,Kentucky,37.52853,-82.5417,"Kentucky
(37.52853, -82.5417)"
Highway-rail impact,2015:04:NS:115453,0,0,0,30000,1,0,0,BUNCOMBE,4/30/2015 0:00,6:13,2015,2015,"M303,","NS,",1,"M3,","M,",MAIN,North Carolina,35.568715,-82.519047,"North Carolina
(35.568715, -82.519047)"
Derailments,2013:12:CSX:000123995,0,0,200300,1988522,3,0,0,WARE,12/19/2013 0:00,24:05:00,2013,2014,"T214,","CSX,",1,"T2,","T,",MAIN,Georgia,31.449955,-82.513235,"Georgia
(31.449955, -82.513235)"
Derailments,2012:02:CSX:000100674,0,0,200000,995061,0,0,0,HURON,2/12/2012 0:00,20:53,2012,2012,"E61C,","CSX,",1,"E6,","E,",MAIN,Ohio,41.034838,-82.511201,"Ohio
(41.034838, -82.511201)"
Derailments,2014:03:NS:109833,0,0,1000,18200,0,0,0,RICHLAND,3/31/2014 0:00,4:15,2014,2014,"T110,","NS,",1,"T1,","T,",YARD,Ohio,40.764695,-82.510052,"Ohio
(40.764695, -82.510052)"
Derailments,2016:05:NS:120677,0,0,400,19200,0,0,0,RICHLAND,5/28/2016 0:00,15:55,2016,2016,"T110,","NS,",1,"T1,","T,",YARD,Ohio,40.764695,-82.510052,"Ohio
(40.764695, -82.510052)"
Derailments,2015:09:NS:117587,0,0,2000,14000,0,0,0,RICHLAND,9/30/2015 0:00,15:45,2015,2015,"T110,","NS,",1,"T1,","T,",YARD,Ohio,40.754054,-82.497262,"Ohio
(40.754054, -82.497262)"
Derailments,2015:03:WE:150048,0,0,26771,240249,0,0,0,HURON,3/28/2015 0:00,9:38,2015,2015,"T210,","WE,",7,"T2,","T,",YARD,Ohio,41.211986,-82.495861,"Ohio
(41.211986, -82.495861)"
Derailments,2015:02:WE:150022,0,0,12068,2301,121,5,0,HURON,2/4/2015 0:00,8:13,2015,2015,"H704,","WE,",1,"H7,","H,",YARD,Ohio,41.207678,-82.481048,"Ohio
(41.207678, -82.481048)"
Derailments,2014:04:GTW:809864,0,0,8822,3023,7,1,0,ST CLAIR,4/8/2014 0:00,5:15,2014,2014,"M599,","GTW,",1,"M5,","M,",YARD,Michigan,42.963941,-82.479549,"Michigan
(42.963941, -82.479549)"
Derailments,2012:01:CSX:000099791,0,0,650,37147,0,0,0,CABELL,1/17/2012 0:00,22:30,2012,2012,"T221,","CSX,",1,"T2,","T,",YARD,West Virginia,38.414167,-82.451186,"West Virginia
(38.414167, -82.451186)"
Derailments,2013:03:GTW:774619,0,0,25253,24765,0,0,0,ST CLAIR,3/27/2013 0:00,6:35,2013,2013,"T113,","ATK,GTW,",2,"T1,","T,",MAIN,Michigan,42.960667,-82.448017,"Michigan
(42.960667, -82.448017)"
Highway-rail impact,2013:11:NS:107820,1,1,60000,20,0,0,0,ERIE,11/20/2013 0:00,22:45,2013,2014,"M308,","NS,",1,"M3,","M,",MAIN,Ohio,41.376127,-82.440063,"Ohio
(41.376127, -82.440063)"
Derailments,2014:01:FNOR:FN0214,0,0,55000,590825,0,0,0,MARION,1/17/2014 0:00,3:42,2014,2014,"T207,","FNOR,",1,"T2,","T,",MAIN,Florida,29.185851,-82.438706,"Florida
(29.185851, -82.438706)"
Obstruction impact,2014:05:CSX:000129695,0,1,0,14953,0,0,0,WARE,5/11/2014 0:00,9:15,2014,2014,"H210,H993,","CSX,",NA,"H2,H9,","H,",MAIN,Georgia,31.357431,-82.431528,"Georgia
(31.357431, -82.431528)"
Derailments,2014:08:WE:140072,0,0,47551,98714,0,0,0,HURON,8/13/2014 0:00,2:40,2014,2014,"T112,","WE,",1,"T1,","T,",MAIN,Ohio,41.191378,-82.425808,"Ohio
(41.191378, -82.425808)"
Derailments,2013:07:NS:105652,0,0,2800,65700,0,0,0,JEFFERSON,7/24/2013 0:00,6:10,2013,2013,"H704,","NS,",1,"H7,","H,",INDUSTRY,Georgia,33.271295,-82.421506,"Georgia
(33.271295, -82.421506)"
Derailments,2013:07:CSX:000118826,0,0,25000,579307,82,11,3,HILLSBOROUGH,7/25/2013 0:00,1:00,2013,2013,"T220,","CSX,",1,"T2,","T,",YARD,Florida,27.955905,-82.421397,"Florida
(27.955905, -82.421397)"
Derailments,2015:02:XUTI:INDUSTRY,0,0,856,10259,0,0,0,GREENVILLE,2/19/2015 0:00,10:45,2015,2015,"T221,","CSX,",1,"T2,","T,",INDUSTRY,South Carolina,34.860097,-82.421332,"South Carolina
(34.860097, -82.421332)"
Derailments,2011:04:CSX:000087306,0,0,20000,103031,0,0,0,UNICOI,4/1/2011 0:00,4:00,2011,2011,"T207,","CSX,",1,"T2,","T,",YARD,Tennessee,36.146936,-82.416003,"Tennessee
(36.146936, -82.416003)"
Derailments,2011:09:CSX:000094257,0,0,25000,283034,0,0,0,UNICOI,9/20/2011 0:00,10:25,2011,2011,"T207,","CSX,",1,"T2,","T,",YARD,Tennessee,36.146936,-82.416003,"Tennessee
(36.146936, -82.416003)"
Derailments,2012:05:CSX:000104316,0,0,500,19370,33,2,0,UNICOI,5/28/2012 0:00,21:42,2012,2012,"H310,","CSX,",616,"H3,","H,",YARD,Tennessee,36.146936,-82.416003,"Tennessee
(36.146936, -82.416003)"
Derailments,2013:01:CSX:000112480,0,0,60500,5559,0,0,0,UNICOI,1/30/2013 0:00,20:06,2013,2013,"E67C,","CSX,",7,"E6,","E,",YARD,Tennessee,36.146936,-82.416003,"Tennessee
(36.146936, -82.416003)"
Side collision,2015:09:CSX:000151780,0,0,200,18815,10,1,0,UNICOI,9/6/2015 0:00,10:08,2015,2015,"T217,","CSX,",65,"T2,","T,",YARD,Tennessee,36.146937,-82.416002,"Tennessee
(36.146937, -82.416002)"
Derailments,2013:10:NS:106880,0,0,41195,12000,0,0,0,WAYNE,10/22/2013 0:00,4:16,2013,2014,"T202,","NS,",1,"T2,","T,",MAIN,West Virginia,38.190919,-82.413781,"West Virginia
(38.190919, -82.413781)"
Derailments,2014:05:CSX:000129402,0,0,800,64597,0,0,0,CABELL,5/4/2014 0:00,3:30,2014,2014,"M503,","CSX,",1,"M5,","M,",YARD,West Virginia,38.421598,-82.408132,"West Virginia
(38.421598, -82.408132)"
Highway-rail impact,2016:08:NS:121691,0,1,0,31000,0,0,0,WAYNE,8/16/2016 0:00,9:18,2016,2016,"H997,","NS,",NA,"H9,","H,",MAIN,West Virginia,37.868151,-82.406885,"West Virginia
(37.868151, -82.406885)"
Other impacts,2014:09:CSX:000135583,0,0,0,47568,0,0,0,WARE,9/28/2014 0:00,24:15:00,2014,2014,"M407,","CSX,",6,"M4,","M,",YARD,Georgia,31.170998,-82.404797,"Georgia
(31.170998, -82.404797)"
Derailments,2015:02:NS:114553,0,0,0,80000,0,0,0,APPLING,2/26/2015 0:00,15:05,2015,2015,"H997,","NS,",NA,"H9,","H,",MAIN,Georgia,31.794226,-82.398998,"Georgia
(31.794226, -82.398998)"
Derailments,2012:03:CSX:000101581,0,0,183000,1227079,14,3,0,ABBEVILLE,3/8/2012 0:00,3:52,2012,2012,"M204,","CSX,",1,"M2,","M,",MAIN,South Carolina,34.171898,-82.398962,"South Carolina
(34.171898, -82.398962)"
Other impacts,2014:09:CSX:000135585,0,0,37250,12204,0,0,0,WARE,9/28/2014 0:00,10:20,2014,2014,"M599,","CSX,",56,"M5,","M,",YARD,Georgia,31.17791,-82.396909,"Georgia
(31.17791, -82.396909)"
Derailments,2015:02:CUOH:CUO694915D,0,0,14300,14000,35,0,0,LICKING,2/14/2015 0:00,11:29,2015,2015,"E47C,E41C,","CUOH,",7,"E4,","E,",YARD,Ohio,40.056567,-82.396325,"Ohio
(40.056567, -82.396325)"
Derailments,2015:12:CSX:000155031,0,0,1500,11956,0,0,0,HILLSBOROUGH,12/7/2015 0:00,5:15,2015,2016,"T311,","CSX,",1,"T3,","T,",YARD,Florida,27.955864,-82.395816,"Florida
(27.955864, -82.395816)"
Derailments,2015:09:CUOH:CUO802415D,0,0,5000,40000,13,0,0,LICKING,9/11/2015 0:00,22:30,2015,2015,"H309,","CUOH,",7,"H3,","H,",YARD,Ohio,40.05669,-82.39579,"Ohio
(40.05669, -82.39579)"
Derailments,2013:06:CSX:000117495,0,0,500,45609,0,0,0,HILLSBOROUGH,6/18/2013 0:00,15:36,2013,2013,"T110,","CSX,",1,"T1,","T,",YARD,Florida,27.954773,-82.388552,"Florida
(27.954773, -82.388552)"
Derailments,2012:09:CSX:000108450,0,0,100,30068,0,0,0,HILLSBOROUGH,9/24/2012 0:00,5:15,2012,2012,"T299,","CSX,",7,"T2,","T,",YARD,Florida,27.954624,-82.386735,"Florida
(27.954624, -82.386735)"
Other impacts,2013:05:CSX:000115819,0,0,250,14130,1,0,0,HILLSBOROUGH,5/5/2013 0:00,10:30,2013,2013,"H301,","CSX,",7,"H3,","H,",YARD,Florida,27.954624,-82.386735,"Florida
(27.954624, -82.386735)"
Derailments,2015:11:XHRD:INDUSTRY,0,0,5000,34773,0,0,0,PIKE,11/24/2015 0:00,4:45,2015,2016,"T312,","CSX,",1,"T3,","T,",INDUSTRY,Kentucky,37.528877,-82.385388,"Kentucky
(37.528877, -82.385388)"
Highway-rail impact,2011:07:CSX:000091516,0,0,10000,200,0,0,0,HILLSBOROUGH,7/11/2011 0:00,6:50,2011,2011,"M308,","CSX,",1,"M3,","M,",MAIN,Florida,27.864376,-82.384656,"Florida
(27.864376, -82.384656)"
Derailments,2011:06:CSX:000090907,0,0,100,67952,0,0,0,DICKENSON,6/21/2011 0:00,22:59,2011,2011,"H303,","CSX,",1,"H3,","H,",INDUSTRY,Virginia,37.099053,-82.374446,"Virginia
(37.099053, -82.374446)"
Derailments,2013:06:CSX:000117141,0,0,1000,17000,16,0,0,BAKER,6/10/2013 0:00,4:20,2013,2013,"E53C,","CSX,",1,"E5,","E,",MAIN,Florida,30.220386,-82.364576,"Florida
(30.220386, -82.364576)"
Derailments,2015:10:CSX:000152683,0,0,1500,42813,10,2,0,WARE,10/1/2015 0:00,3:35,2015,2016,"S099,","CSX,",7,"S0,","S,",YARD,Georgia,31.205611,-82.363512,"Georgia
(31.205611, -82.363512)"
Other impacts,2015:12:CSX:000155146,0,0,50,174354,1,0,0,WARE,12/14/2015 0:00,5:07,2015,2016,"H305,H306,","CSX,",71,"H3,","H,",YARD,Georgia,31.205611,-82.363512,"Georgia
(31.205611, -82.363512)"
Raking collision,2014:05:CSX:000129900,0,0,50,41568,0,0,0,WARE,5/16/2014 0:00,9:47,2014,2014,"S006,","CSX,",78,"S0,","S,",YARD,Georgia,31.213524,-82.353589,"Georgia
(31.213524, -82.353589)"
Derailments,2014:06:CSX:000131459,0,0,10050,33000,0,0,0,WARE,6/29/2014 0:00,5:10,2014,2014,"E30C,","CSX,",6,"E3,","E,",YARD,Georgia,31.213524,-82.353589,"Georgia
(31.213524, -82.353589)"