AccidentType,inckey,Fatalities,Injuries,TrackDamage,EquipmentDamage,HazmatCars,HazmatCarsDerailed,HazmatCarsReleasing,County,DisplayDate,DisplayTime,calendar,Fiscal,AccidentCause,RailroadCodes,RAILEQUIPMENT_TYPE,CauseGroup,CauseDiscipline,TYPE_OF_TRACK,StateName,latitude,longitude,GeoLocation
Side collision,2014:07:CSX:000132003,0,0,300,21400,24,0,0,WARE,7/9/2014 0:00,23:20,2014,2014,"H307,","CSX,",1,"H3,","H,",YARD,Georgia,31.213524,-82.353589,"Georgia
(31.213524, -82.353589)"
Derailments,2014:11:CSX:000138057,0,0,50,41357,21,0,0,WARE,11/25/2014 0:00,16:55,2014,2015,"H503,","CSX,",1,"H5,","H,",YARD,Georgia,31.213524,-82.353589,"Georgia
(31.213524, -82.353589)"
Derailments,2015:03:CSX:000142366,0,0,29453,91447,0,0,0,WARE,3/2/2015 0:00,15:15,2015,2015,"M411,","CSX,",7,"M4,","M,",YARD,Georgia,31.213524,-82.353589,"Georgia
(31.213524, -82.353589)"
Other impacts,2015:03:CSX:000143422,0,0,5400,27619,1,0,0,WARE,3/21/2015 0:00,21:05,2015,2015,"M407,","CSX,",6,"M4,","M,",YARD,Georgia,31.213524,-82.353589,"Georgia
(31.213524, -82.353589)"
Derailments,2015:04:CSX:000145258,0,0,3426,15601,0,0,0,WARE,4/22/2015 0:00,13:27,2015,2015,"M411,","CSX,",7,"M4,","M,",YARD,Georgia,31.213524,-82.353589,"Georgia
(31.213524, -82.353589)"
Derailments,2015:07:CSX:000149173,0,0,601,34153,0,0,0,WARE,7/14/2015 0:00,5:07,2015,2015,"E30C,","CSX,",7,"E3,","E,",YARD,Georgia,31.213524,-82.353589,"Georgia
(31.213524, -82.353589)"
Other impacts,2015:11:CSX:000154725,0,0,50,38259,1,1,0,WARE,11/28/2015 0:00,23:00,2015,2016,"M411,","CSX,",6,"M4,","M,",YARD,Georgia,31.213524,-82.353588,"Georgia
(31.213524, -82.353588)"
Other impacts,2016:02:CSX:000157044,0,0,65502,42894,5,0,0,WARE,2/12/2016 0:00,1:17,2016,2016,"H305,","CSX,",7,"H3,","H,",YARD,Georgia,31.213524,-82.353588,"Georgia
(31.213524, -82.353588)"
Other impacts,2016:02:CSX:000157513,0,0,500,8200,0,0,0,WARE,2/27/2016 0:00,8:50,2016,2016,"H702,H399,","CSX,",8,"H7,H3,","H,",YARD,Georgia,31.213524,-82.353588,"Georgia
(31.213524, -82.353588)"
Derailments,2016:03:CSX:000158583,0,0,19153,10293,14,0,0,WARE,3/30/2016 0:00,4:05,2016,2016,"T220,","CSX,",1,"T2,","T,",YARD,Georgia,31.213524,-82.353588,"Georgia
(31.213524, -82.353588)"
Highway-rail impact,2014:08:NS:111574,0,1,9828,2320,0,0,0,ERIE,8/1/2014 0:00,10:58,2014,2014,"M308,","NS,",1,"M3,","M,",MAIN,Ohio,41.421029,-82.352296,"Ohio
(41.421029, -82.352296)"
Highway-rail impact,2012:10:NS:101790,0,0,0,10000,0,0,0,BUNCOMBE,10/13/2012 0:00,16:07,2012,2013,"M303,","NS,",1,"M3,","M,",MAIN,North Carolina,35.607959,-82.347574,"North Carolina
(35.607959, -82.347574)"
Other impacts,2012:06:CSX:000105295,0,0,0,19500,0,0,0,WARE,6/25/2012 0:00,8:00,2012,2012,"M411,","CSX,",6,"M4,","M,",YARD,Georgia,31.188684,-82.34176,"Georgia
(31.188684, -82.34176)"
Other impacts,2012:07:CSX:000106560,0,0,500,301536,0,0,0,WARE,7/31/2012 0:00,17:30,2012,2012,"H702,","CSX,",7,"H7,","H,",YARD,Georgia,31.188684,-82.34176,"Georgia
(31.188684, -82.34176)"
Other impacts,2012:08:CSX:000107057,0,0,0,23066,0,0,0,WARE,8/14/2012 0:00,7:47,2012,2012,"E08C,","CSX,",65,"E0,","E,",YARD,Georgia,31.188684,-82.34176,"Georgia
(31.188684, -82.34176)"
Other impacts,2013:01:CSX:000111811,0,0,500,14484,0,0,0,WARE,1/9/2013 0:00,11:05,2013,2013,"S007,","CSX,",57,"S0,","S,",YARD,Georgia,31.188684,-82.34176,"Georgia
(31.188684, -82.34176)"
Derailments,2013:05:CSX:000116688,0,0,500,147460,31,0,0,WARE,5/29/2013 0:00,11:00,2013,2013,"H503,","CSX,",1,"H5,","H,",YARD,Georgia,31.188684,-82.34176,"Georgia
(31.188684, -82.34176)"
Other impacts,2013:06:CSX:000118084,0,0,0,75000,0,0,0,WARE,6/29/2013 0:00,2:00,2013,2013,"H995,","CSX,",6,"H9,","H,",YARD,Georgia,31.188684,-82.34176,"Georgia
(31.188684, -82.34176)"
Derailments,2014:05:CSX:000129842,0,0,2000,42078,4,0,0,WARE,5/15/2014 0:00,16:45,2014,2014,"T220,","CSX,",1,"T2,","T,",YARD,Georgia,31.188676,-82.341751,"Georgia
(31.188676, -82.341751)"
Other impacts,2014:09:CSX:000135153,0,0,50,52464,0,0,0,WARE,9/21/2014 0:00,12:40,2014,2014,"M407,","CSX,",56,"M4,","M,",YARD,Georgia,31.188676,-82.341751,"Georgia
(31.188676, -82.341751)"
Derailments,2014:11:CSX:000137214,0,0,0,28125,0,0,0,WARE,11/5/2014 0:00,7:45,2014,2015,"H303,H399,","CSX,",8,"H3,","H,",YARD,Georgia,31.188676,-82.341751,"Georgia
(31.188676, -82.341751)"
Other impacts,2011:06:CSX:000090200,0,0,100,23407,0,0,0,WARE,6/5/2011 0:00,5:30,2011,2011,"S016,","CSX,",67,"S0,","S,",YARD,Georgia,31.188663,-82.341746,"Georgia
(31.188663, -82.341746)"
Other impacts,2011:10:CSX:000095490,0,0,0,50362,0,0,0,WARE,10/7/2011 0:00,3:10,2011,2012,"M407,","CSX,",6,"M4,","M,",YARD,Georgia,31.188663,-82.341746,"Georgia
(31.188663, -82.341746)"
Derailments,2012:02:CSX:000101118,0,0,7500,81972,0,0,0,WARE,2/26/2012 0:00,2:12,2012,2012,"M411,","CSX,",7,"M4,","M,",YARD,Georgia,31.188663,-82.341746,"Georgia
(31.188663, -82.341746)"
Derailments,2011:11:MAUP:112011,0,0,16822,1294,0,0,0,MANATEE,11/20/2011 0:00,3:00,2011,2012,"H702,H704,","CSX,MAUP,",1,"H7,","H,",INDUSTRY,Florida,27.38406,-82.33198,"Florida
(27.38406, -82.33198)"
Derailments,2012:08:MAUP:081312,0,0,15427,2500,0,0,0,MANATEE,8/13/2012 0:00,15:45,2012,2012,"T110,T111,","MAUP,",7,"T1,","T,",INDUSTRY,Florida,27.3809,-82.32276,"Florida
(27.3809, -82.32276)"
Highway-rail impact,2012:12:NS:102686,0,0,30000,5000,0,0,0,MINGO,12/27/2012 0:00,3:15,2012,2013,"M303,","NS,",1,"M3,","M,",MAIN,West Virginia,37.735388,-82.320708,"West Virginia
(37.735388, -82.320708)"
Derailments,2014:09:NS:112046,0,0,8406,2200,0,0,0,MINGO,9/4/2014 0:00,17:35,2014,2014,"E51C,","NS,",1,"E5,","E,",MAIN,West Virginia,37.7517,-82.320489,"West Virginia
(37.7517, -82.320489)"
Derailments,2011:11:NS:097070,0,0,1000,33000,0,0,0,WISE,11/19/2011 0:00,3:00,2011,2012,"T001,","NS,",1,"T0,","T,",MAIN,Virginia,36.908347,-82.319638,"Virginia
(36.908347, -82.319638)"
Derailments,2011:10:NS:096793,0,0,0,29960,0,0,0,MINGO,10/26/2011 0:00,3:40,2011,2012,"H020,","NS,",7,"H0,","H,",YARD,West Virginia,37.720394,-82.315046,"West Virginia
(37.720394, -82.315046)"
Other impacts,2015:03:CSX:000142701,0,0,0,25455,17,0,0,DICKENSON,3/5/2015 0:00,12:54,2015,2015,"M404,","CSX,",1,"M4,","M,",MAIN,Virginia,37.288731,-82.313474,"Virginia
(37.288731, -82.313474)"
Derailments,2014:02:ASRY:D140212,0,0,2000,27373,0,0,0,RICHLAND,2/12/2014 0:00,11:30,2014,2014,"E09C,E06C,","ASRY,",6,"E0,","E,",YARD,Ohio,40.4692,-82.3018,"Ohio
(40.4692, -82.3018)"
Derailments,2011:06:CSX:000090559,0,0,200,29618,10,1,0,DICKENSON,6/13/2011 0:00,14:40,2011,2011,"E41C,","CSX,",1,"E4,","E,",MAIN,Virginia,37.20589,-82.297405,"Virginia
(37.20589, -82.297405)"
Derailments,2013:03:CSX:000114306,0,0,125000,876211,8,2,1,DICKENSON,3/23/2013 0:00,9:40,2013,2013,"E41C,","CSX,",1,"E4,","E,",MAIN,Virginia,37.20722,-82.296742,"Virginia
(37.20722, -82.296742)"
Highway-rail impact,2014:11:CSX:000137319,0,0,85000,491530,0,0,0,MCCORMICK,11/7/2014 0:00,10:10,2014,2015,"M304,","CSX,",1,"M3,","M,",MAIN,South Carolina,33.911488,-82.292838,"South Carolina
(33.911488, -82.292838)"
Other impacts,2014:06:CSX:000131477,0,0,0,26000,0,0,0,HOCKING,6/24/2014 0:00,2:50,2014,2014,"E22C,","CSX,",5,"E2,","E,",YARD,Ohio,39.470528,-82.288397,"Ohio
(39.470528, -82.288397)"
Highway-rail impact,2013:03:CSX:000113566,0,0,200,13020,0,0,0,PIERCE,3/5/2013 0:00,17:28,2013,2013,"M304,","CSX,",1,"M3,","M,",MAIN,Georgia,31.274978,-82.276375,"Georgia
(31.274978, -82.276375)"
Derailments,2016:04:NS:120185,0,0,75,13200,0,0,0,MINGO,4/19/2016 0:00,12:41,2016,2016,"H306,H702,","NS,",1,"H3,H7,","H,",YARD,West Virginia,37.672216,-82.276213,"West Virginia
(37.672216, -82.276213)"
Derailments,2013:09:NS:106582,0,0,7500,14600,0,0,0,LORAIN,9/29/2013 0:00,13:30,2013,2013,"T108,","NS,",1,"T1,","T,",YARD,Ohio,41.405802,-82.271144,"Ohio
(41.405802, -82.271144)"
Derailments,2016:04:NS:120105,0,0,3500,67964,0,0,0,LORAIN,4/11/2016 0:00,24:15:00,2016,2016,"H506,","NS,",1,"H5,","H,",YARD,Ohio,41.405802,-82.271144,"Ohio
(41.405802, -82.271144)"
Derailments,2015:06:NS:116272,0,0,8011,68000,0,0,0,MCDOWELL,6/27/2015 0:00,9:10,2015,2015,"H506,","NS,",1,"H5,","H,",MAIN,North Carolina,35.656953,-82.254288,"North Carolina
(35.656953, -82.254288)"
Derailments,2015:08:NS:116812,0,0,11941,32250,0,0,0,MINGO,8/5/2015 0:00,20:15,2015,2015,"H306,H702,","NS,",7,"H3,H7,","H,",YARD,West Virginia,37.658448,-82.253871,"West Virginia
(37.658448, -82.253871)"
Derailments,2016:03:NS:119747,0,0,450,32800,0,0,0,MINGO,3/16/2016 0:00,12:57,2016,2016,"T207,","NS,",57,"T2,","T,",YARD,West Virginia,37.658448,-82.253871,"West Virginia
(37.658448, -82.253871)"
Other events,2012:09:NS:101317,0,0,0,30000,0,0,0,PERRY,9/6/2012 0:00,8:13,2012,2012,"H997,","NS,",NA,"H9,","H,",MAIN,Ohio,39.723835,-82.25332,"Ohio
(39.723835, -82.25332)"
Derailments,2012:10:NS:101872,0,0,2500,15000,0,0,0,MINGO,10/19/2012 0:00,1:40,2012,2013,"T221,","NS,",1,"T2,","T,",MAIN,West Virginia,37.77966,-82.249059,"West Virginia
(37.77966, -82.249059)"
Derailments,2012:02:WE:120010,0,0,30202,9886,0,0,0,LORAIN,2/27/2012 0:00,1:15,2012,2012,"T110,","WE,",1,"T1,","T,",SIDING,Ohio,41.167352,-82.238805,"Ohio
(41.167352, -82.238805)"
Derailments,2016:07:NS:121348,0,0,4500,35800,0,0,0,MINGO,7/21/2016 0:00,23:00,2016,2016,"T314,","NS,",1,"T3,","T,",MAIN,West Virginia,37.656691,-82.232218,"West Virginia
(37.656691, -82.232218)"
Derailments,2015:07:NS:116478,0,0,82974,100975,0,0,0,MINGO,7/11/2015 0:00,21:45,2015,2015,"T309,","NS,",1,"T3,","T,",YARD,West Virginia,37.655385,-82.229261,"West Virginia
(37.655385, -82.229261)"
Derailments,2016:07:NS:121371,0,0,1000,14350,0,0,0,MINGO,7/23/2016 0:00,22:15,2016,2016,"T314,","NS,",1,"T3,","T,",MAIN,West Virginia,37.655385,-82.229261,"West Virginia
(37.655385, -82.229261)"
Obstruction impact,2015:12:CSX:000155637,0,0,50,21344,0,0,0,CABELL,12/31/2015 0:00,12:25,2015,2016,"M101,","CSX,",1,"M1,","M,",MAIN,West Virginia,38.345171,-82.217185,"West Virginia
(38.345171, -82.217185)"
Highway-rail impact,2011:06:CSX:000090804,0,0,0,12086,0,0,0,HILLSBOROUGH,6/22/2011 0:00,11:44,2011,2011,"M304,","CSX,",8,"M3,","M,",MAIN,Florida,28.019983,-82.210014,"Florida
(28.019983, -82.210014)"
Derailments,2012:03:CSX:000101776,0,0,48200,173302,27,0,0,LORAIN,3/17/2012 0:00,14:18,2012,2012,"H526,","CSX,",1,"H5,","H,",MAIN,Ohio,41.183636,-82.197206,"Ohio
(41.183636, -82.197206)"
Highway-rail impact,2013:06:CSX:000117838,0,0,0,68701,3,0,0,PIERCE,6/28/2013 0:00,9:43,2013,2013,"M308,","CSX,",1,"M3,","M,",MAIN,Georgia,31.343829,-82.189948,"Georgia
(31.343829, -82.189948)"
Fire/violent rupture,2014:07:CSX:000134914,0,0,0,20000,0,0,0,GREENWOOD,7/20/2014 0:00,15:41,2014,2014,"E73L,","CSX,",1,"E7,","E,",YARD,South Carolina,34.176625,-82.187184,"South Carolina
(34.176625, -82.187184)"
Other impacts,2015:10:CSX:000152743,0,0,0,35293,0,0,0,GREENWOOD,10/3/2015 0:00,6:10,2015,2016,"H301,","CSX,",67,"H3,","H,",YARD,South Carolina,34.176627,-82.187181,"South Carolina
(34.176627, -82.187181)"
Derailments,2013:10:CSX:000121335,0,0,1000,86077,0,0,0,GREENWOOD,10/5/2013 0:00,18:24,2013,2014,"H702,","CSX,",7,"H7,","H,",YARD,South Carolina,34.176627,-82.18718,"South Carolina
(34.176627, -82.18718)"
Derailments,2013:04:CSX:000114891,0,0,80800,2859,4,0,0,MITCHELL,4/10/2013 0:00,21:38,2013,2013,"E48C,","CSX,",1,"E4,","E,",MAIN,North Carolina,35.930833,-82.169217,"North Carolina
(35.930833, -82.169217)"
Derailments,2016:03:NS:119694,0,0,600,12500,0,0,0,BUCHANAN,3/12/2016 0:00,2:30,2016,2016,"H702,","NS,",51,"H7,","H,",YARD,Virginia,37.323805,-82.166823,"Virginia
(37.323805, -82.166823)"
Derailments,2016:08:NS:121692,0,0,1500,13628,0,0,0,BRISTOL,8/16/2016 0:00,11:55,2016,2016,"E40C,","NS,",1,"E4,","E,",SIDING,Virginia,36.620056,-82.161168,"Virginia
(36.620056, -82.161168)"
Highway-rail impact,2014:02:NS:109178,0,1,23286,5,0,0,0,LORAIN,2/17/2014 0:00,13:00,2014,2014,"M308,","NS,",1,"M3,","M,",MAIN,Ohio,41.377786,-82.149696,"Ohio
(41.377786, -82.149696)"
Derailments,2012:03:NS:098865,0,0,250000,2400,0,0,0,MINGO,3/1/2012 0:00,3:40,2012,2012,"E61C,","NS,",1,"E6,","E,",MAIN,West Virginia,37.57537,-82.124239,"West Virginia
(37.57537, -82.124239)"
Derailments,2014:08:WE:140075,0,0,33384,33496,0,0,0,MEDINA,8/20/2014 0:00,22:40,2014,2014,"T110,","WE,",1,"T1,","T,",YARD,Ohio,41.103161,-82.123067,"Ohio
(41.103161, -82.123067)"
Highway-rail impact,2014:04:CSX:000128920,0,2,0,200000,10,0,0,HILLSBOROUGH,4/23/2014 0:00,9:44,2014,2014,"M302,","CSX,",1,"M3,","M,",MAIN,Florida,28.0157,-82.121636,"Florida
(28.0157, -82.121636)"
Derailments,2014:06:CSX:000130498,0,0,200000,553283,2,2,0,ALACHUA,6/2/2014 0:00,3:50,2014,2014,"E53C,E52C,","CSX,",1,"E5,","E,",MAIN,Florida,29.665361,-82.117697,"Florida
(29.665361, -82.117697)"
Obstruction impact,2016:03:CSX:000157734,0,0,50,15338,0,0,0,CABELL,3/1/2016 0:00,20:55,2016,2016,"M402,","CSX,",1,"M4,","M,",MAIN,West Virginia,38.417125,-82.112114,"West Virginia
(38.417125, -82.112114)"
Highway-rail impact,2012:08:CSX:000106558,0,0,14000,18433,0,0,0,PIERCE,8/1/2012 0:00,18:20,2012,2012,"M399,","CSX,",1,"M3,","M,",MAIN,Georgia,31.405755,-82.112107,"Georgia
(31.405755, -82.112107)"
Highway-rail impact,2015:02:CSX:000140971,0,0,56897,854,2,0,0,MARION,2/4/2015 0:00,19:05,2015,2015,"M399,","CSX,",1,"M3,","M,",MAIN,Florida,29.134962,-82.103379,"Florida
(29.134962, -82.103379)"
Derailments,2012:08:XPER:INDUSTRY,0,0,5000,59176,0,0,0,SPARTANBURG,8/7/2012 0:00,13:50,2012,2012,"T111,","CSX,",1,"T1,","T,",INDUSTRY,South Carolina,34.9137,-82.0986,"South Carolina
(34.9137, -82.0986)"
Highway-rail impact,2016:05:CSX:000159507,0,6,146,15066,0,0,0,HILLSBOROUGH,5/3/2016 0:00,24:50:00,2016,2016,"M302,","ATK,CSX,",2,"M3,","M,",MAIN,Florida,28.020007,-82.095781,"Florida
(28.020007, -82.095781)"
Derailments,2015:02:NS:114587,0,0,0,35500,0,0,0,BUCHANAN,2/28/2015 0:00,24:30:00,2015,2015,"M101,","NS,",1,"M1,","M,",INDUSTRY,Virginia,37.202809,-82.093854,"Virginia
(37.202809, -82.093854)"
Highway-rail impact,2012:12:CSX:000110914,0,1,25000,250,0,0,0,MARION,12/9/2012 0:00,2:49,2012,2013,"M308,","CSX,",1,"M3,","M,",MAIN,Florida,29.259228,-82.093639,"Florida
(29.259228, -82.093639)"
Highway-rail impact,2012:02:CSX:000101189,0,1,10000,18000,0,0,0,POLK,2/28/2012 0:00,24:39:00,2012,2012,"M304,","ATK,CSX,",2,"M3,","M,",MAIN,Florida,28.026886,-82.055783,"Florida
(28.026886, -82.055783)"
Derailments,2013:11:NS:107886,0,21,180000,65000,0,0,0,SPARTANBURG,11/25/2013 0:00,12:05,2013,2014,"T308,","ATK,NS,",2,"T3,","T,",MAIN,South Carolina,34.946418,-82.041603,"South Carolina
(34.946418, -82.041603)"
Highway-rail impact,2014:12:CSX:000138531,0,0,0,20445,0,0,0,POLK,12/6/2014 0:00,13:25,2014,2015,"M302,","ATK,CSX,",2,"M3,","M,",MAIN,Florida,28.029715,-82.039391,"Florida
(28.029715, -82.039391)"
Derailments,2011:12:MOSJ:INDUSTRY,0,0,10000,46271,0,0,0,POLK,12/27/2011 0:00,18:35,2011,2012,"T207,","CSX,",1,"T2,","T,",INDUSTRY,Florida,27.833083,-82.032722,"Florida
(27.833083, -82.032722)"
Derailments,2013:08:CSX:000120058,0,0,1000,28907,0,0,0,POLK,8/31/2013 0:00,14:45,2013,2013,"T110,","CSX,",1,"T1,","T,",SIDING,Florida,27.821078,-82.020922,"Florida
(27.821078, -82.020922)"
Highway-rail impact,2015:11:CSX:000154397,0,2,0,15172,1,0,0,POLK,11/19/2015 0:00,8:12,2015,2016,"M304,","CSX,",1,"M3,","M,",MAIN,Florida,28.109642,-82.017128,"Florida
(28.109642, -82.017128)"
Derailments,2012:02:CSX:000100929,0,0,20000,47437,0,0,0,POLK,2/19/2012 0:00,13:45,2012,2012,"H702,H310,","CSX,",76,"H7,H3,H7,H3,","H,",YARD,Florida,28.034191,-82.01288,"Florida
(28.034191, -82.01288)"
Derailments,2012:04:CSX:000102894,0,0,15000,12657,0,0,0,POLK,4/20/2012 0:00,3:00,2012,2012,"H702,","CSX,",7,"H7,","H,",YARD,Florida,28.034191,-82.01288,"Florida
(28.034191, -82.01288)"
Other impacts,2014:02:CSX:000126528,0,0,50,108691,10,0,0,POLK,2/27/2014 0:00,11:08,2014,2014,"H310,","CSX,",67,"H3,","H,",YARD,Florida,28.034191,-82.01288,"Florida
(28.034191, -82.01288)"
Highway-rail impact,2015:07:CSX:000149970,0,1,3166,8750,0,0,0,PUTNAM,7/30/2015 0:00,10:15,2015,2015,"M302,","CSX,",1,"M3,","M,",MAIN,Florida,29.595539,-82.008985,"Florida
(29.595539, -82.008985)"
Derailments,2013:06:OHCR:CUO393313D,0,0,10800,54000,0,0,0,MUSKINGUM,6/27/2013 0:00,5:50,2013,2013,"T220,","OHCR,",1,"T2,","T,",MAIN,Ohio,39.950732,-82.002693,"Ohio
(39.950732, -82.002693)"
Derailments,2013:05:NS:104792,0,0,1500,10000,0,0,0,BUCHANAN,5/26/2013 0:00,24:35:00,2013,2013,"M101,","NS,",1,"M1,","M,",INDUSTRY,Virginia,37.178685,-81.99699,"Virginia
(37.178685, -81.99699)"
Highway-rail impact,2014:08:CSX:000133582,0,1,10000,600,0,0,0,MEDINA,8/18/2014 0:00,4:11,2014,2014,"M304,","CSX,",1,"M3,","M,",MAIN,Ohio,41.020931,-81.995838,"Ohio
(41.020931, -81.995838)"
Raking collision,2014:08:NS:111757,0,0,50271,150,0,0,0,RICHMOND,8/15/2014 0:00,3:45,2014,2014,"H318,","NS,",7,"H3,","H,",YARD,Georgia,33.430854,-81.991113,"Georgia
(33.430854, -81.991113)"
Derailments,2012:04:CSX:000103189,0,0,2000,33670,0,0,0,LOGAN,4/28/2012 0:00,15:37,2012,2012,"T110,","CSX,",1,"T1,","T,",YARD,West Virginia,37.873762,-81.984997,"West Virginia
(37.873762, -81.984997)"
Derailments,2015:02:CSX:000142192,0,0,4000,134311,0,0,0,LOGAN,2/27/2015 0:00,21:38,2015,2015,"T203,","CSX,",1,"T2,","T,",YARD,West Virginia,37.904686,-81.983097,"West Virginia
(37.904686, -81.983097)"
Derailments,2012:11:OHCR:OHC296012D,0,0,18068,36759,0,0,0,MUSKINGUM,11/27/2012 0:00,18:50,2012,2013,"E41C,","OHCR,",1,"E4,","E,",MAIN,Ohio,40.066679,-81.979845,"Ohio
(40.066679, -81.979845)"
Other events,2012:01:CSX:000099740,0,0,0,119489,0,0,0,NASSAU,1/11/2012 0:00,10:45,2012,2012,"E84C,","CSX,",18,"E8,","E,",MAIN,Florida,30.759031,-81.979254,"Florida
(30.759031, -81.979254)"
Derailments,2011:06:CSX:000090443,0,0,1000,140152,0,0,0,DUVAL,6/13/2011 0:00,5:15,2011,2011,"T220,","CSX,",1,"T2,","T,",YARD,Florida,30.296312,-81.976593,"Florida
(30.296312, -81.976593)"
Highway-rail impact,2013:02:CSX:000113268,2,0,100000,165,0,0,0,POLK,2/24/2013 0:00,23:30,2013,2013,"M399,","CSX,",1,"M3,","M,",MAIN,Florida,27.953357,-81.972177,"Florida
(27.953357, -81.972177)"
Derailments,2012:06:NS:100046,0,0,36882,19600,10,0,0,RICHMOND,6/7/2012 0:00,6:40,2012,2012,"T205,","NS,",1,"T2,","T,",YARD,Georgia,33.460448,-81.970456,"Georgia
(33.460448, -81.970456)"
Head on collision,2012:02:CSX:000100485,0,0,50,10940,16,0,0,POLK,2/7/2012 0:00,21:10,2012,2012,"M504,","CSX,",61,"M5,","M,",MAIN,Florida,27.894224,-81.96273,"Florida
(27.894224, -81.96273)"
Derailments,2011:12:CSX:000098550,0,0,28000,248184,0,0,0,POLK,12/7/2011 0:00,7:00,2011,2012,"T207,","CSX,",1,"T2,","T,",MAIN,Florida,27.71707,-81.961161,"Florida
(27.71707, -81.961161)"
Derailments,2012:04:CSX:000102689,0,0,1000,36327,2,2,0,RICHMOND,4/15/2012 0:00,20:45,2012,2012,"T207,","CSX,",7,"T2,","T,",YARD,Georgia,33.458597,-81.960634,"Georgia
(33.458597, -81.960634)"
Derailments,2012:12:CSX:000111126,0,0,20000,2624,13,0,0,RICHMOND,12/17/2012 0:00,11:05,2012,2013,"H702,","CSX,",7,"H7,","H,",YARD,Georgia,33.458597,-81.960634,"Georgia
(33.458597, -81.960634)"
Derailments,2013:03:CSX:000114105,0,0,500,20275,19,0,0,RICHMOND,3/21/2013 0:00,2:30,2013,2013,"H503,","CSX,",1,"H5,","H,",MAIN,Georgia,33.458597,-81.960634,"Georgia
(33.458597, -81.960634)"
Other impacts,2016:02:CSX:000157313,0,0,150,37649,0,0,0,RICHMOND,2/23/2016 0:00,4:43,2016,2016,"H310,","CSX,",7,"H3,","H,",YARD,Georgia,33.458597,-81.960634,"Georgia
(33.458597, -81.960634)"
Derailments,2011:06:NS:095130,0,0,2000,19000,0,0,0,SPARTANBURG,6/6/2011 0:00,24:59:00,2011,2011,"H702,","NS,",1,"H7,","H,",YARD,South Carolina,34.96115,-81.957398,"South Carolina
(34.96115, -81.957398)"
Other impacts,2014:03:NS:109682,0,0,0,21800,0,0,0,RICHMOND,3/19/2014 0:00,2:10,2014,2014,"H020,","NS,",15,"H0,","H,",YARD,Georgia,33.337853,-81.956078,"Georgia
(33.337853, -81.956078)"
Derailments,2016:05:NS:120483,0,0,500,16000,0,0,0,RICHMOND,5/13/2016 0:00,13:00,2016,2016,"E25C,","NS,",7,"E2,","E,",MAIN,Georgia,33.337853,-81.956078,"Georgia
(33.337853, -81.956078)"
Side collision,2015:05:CSX:000145852,0,1,464,17128,7,1,0,RICHMOND,5/5/2015 0:00,17:05,2015,2015,"H307,","CSX,",87,"H3,","H,",YARD,Georgia,33.455379,-81.952251,"Georgia
(33.455379, -81.952251)"
Side collision,2015:06:CSX:000147968,0,0,50,32123,0,0,0,RICHMOND,6/17/2015 0:00,21:22,2015,2015,"H306,","CSX,",71,"H3,","H,",YARD,Georgia,33.455379,-81.952251,"Georgia
(33.455379, -81.952251)"
Highway-rail impact,2013:09:NS:106423,0,2,126000,833603,3,0,0,RICHMOND,9/17/2013 0:00,24:40:00,2013,2013,"M303,","NS,",1,"M3,","M,",MAIN,Georgia,33.244294,-81.94991,"Georgia
(33.244294, -81.94991)"
Derailments,2011:05:NS:095045,0,0,0,14000,0,0,0,RICHMOND,5/25/2011 0:00,12:45,2011,2011,"H303,","NS,",1,"H3,","H,",INDUSTRY,Georgia,33.324833,-81.948182,"Georgia
(33.324833, -81.948182)"
Obstruction impact,2016:05:AEPS:INDUSTRY,0,0,0,49213,0,0,0,MASON,5/21/2016 0:00,2:30,2016,2016,"M501,","CSX,",1,"M5,","M,",INDUSTRY,West Virginia,38.982139,-81.947333,"West Virginia
(38.982139, -81.947333)"
Derailments,2013:01:NS:102870,0,0,8000,18000,0,0,0,SPARTANBURG,1/9/2013 0:00,4:50,2013,2013,"H306,H702,","NS,",1,"H3,H7,","H,",YARD,South Carolina,34.951694,-81.944104,"South Carolina
(34.951694, -81.944104)"
Highway-rail impact,2011:06:CSX:000090909,0,1,1649,19027,1,0,0,LORAIN,6/23/2011 0:00,7:45,2011,2011,"M303,","CSX,",1,"M3,","M,",MAIN,Ohio,41.334943,-81.942804,"Ohio
(41.334943, -81.942804)"
Derailments,2014:07:CSX:000132574,0,0,4000,196409,80,3,0,SPARTANBURG,7/25/2014 0:00,1:30,2014,2014,"M405,","CSX,",1,"M4,","M,",YARD,South Carolina,34.951753,-81.938673,"South Carolina
(34.951753, -81.938673)"
Derailments,2011:12:CSX:000098293,0,0,4000,205114,0,0,0,SPARTANBURG,12/4/2011 0:00,9:19,2011,2012,"T220,","CSX,",1,"T2,","T,",YARD,South Carolina,34.942732,-81.936843,"South Carolina
(34.942732, -81.936843)"