AccidentType,inckey,Fatalities,Injuries,TrackDamage,EquipmentDamage,HazmatCars,HazmatCarsDerailed,HazmatCarsReleasing,County,DisplayDate,DisplayTime,calendar,Fiscal,AccidentCause,RailroadCodes,RAILEQUIPMENT_TYPE,CauseGroup,CauseDiscipline,TYPE_OF_TRACK,StateName,latitude,longitude,GeoLocation
Derailments,2016:08:CSX:000162533,0,0,8963,15000,0,0,0,LAURENS,8/30/2016 0:00,22:09,2016,2016,"H305,","CSX,",1,"H3,","H,",MAIN,South Carolina,34.428397,-81.922955,"South Carolina
(34.428397, -81.922955)"
Derailments,2011:08:DSM:INDUSTRY,0,0,3000,8707,10,3,0,RICHMOND,8/22/2011 0:00,19:25,2011,2011,"H704,","CSX,",7,"H7,","H,",INDUSTRY,Georgia,33.44298,-81.921949,"Georgia
(33.44298, -81.921949)"
Fire/violent rupture,2013:03:NS:103743,0,0,0,25000,0,0,0,NASSAU,3/7/2013 0:00,10:20,2013,2013,"E73L,","NS,",1,"E7,","E,",MAIN,Florida,30.513601,-81.914789,"Florida
(30.513601, -81.914789)"
Obstruction impact,2013:03:NS:103866,0,0,0,10349,0,0,0,CUYAHOGA,3/16/2013 0:00,4:35,2013,2013,"M402,","ATK,NS,",2,"M4,","M,",MAIN,Ohio,41.375141,-81.901485,"Ohio
(41.375141, -81.901485)"
Highway-rail impact,2012:03:CSX:000101524,1,1,68430,321000,0,0,0,POLK,3/7/2012 0:00,10:00,2012,2012,"M303,","CSX,",1,"M3,","M,",MAIN,Florida,27.896726,-81.897402,"Florida
(27.896726, -81.897402)"
Derailments,2013:01:CSX:000111590,0,0,350,13189,0,0,0,POLK,1/3/2013 0:00,19:00,2013,2013,"E53C,","CSX,",1,"E5,","E,",MAIN,Florida,27.896726,-81.897402,"Florida
(27.896726, -81.897402)"
Derailments,2015:02:WE:150026,0,0,313,13500,13,2,0,MEDINA,2/10/2015 0:00,7:30,2015,2015,"H306,","WE,",7,"H3,","H,",YARD,Ohio,41.139386,-81.89602,"Ohio
(41.139386, -81.89602)"
Derailments,2011:09:NS:096431,0,0,916,27284,0,0,0,MINGO,9/24/2011 0:00,14:50,2011,2011,"M101,","NS,",1,"M1,","M,",SIDING,West Virginia,37.617594,-81.890983,"West Virginia
(37.617594, -81.890983)"
Derailments,2015:03:NS:114963,0,0,5000,112090,0,0,0,WAYNE,3/24/2015 0:00,2:30,2015,2015,"T210,","NS,",1,"T2,","T,",INDUSTRY,Georgia,31.617457,-81.889794,"Georgia
(31.617457, -81.889794)"
Rear end collision,2014:02:CSX:000125669,0,0,0,22465,0,0,0,POLK,2/6/2014 0:00,11:45,2014,2014,"H017,M504,M501,","CNYX,CSX,",81,"H0,M5,","H,M,",INDUSTRY,Florida,27.89754,-81.880315,"Florida
(27.89754, -81.880315)"
Highway-rail impact,2011:07:GC:GCR151811,0,1,0,107000,0,0,0,EVANS,7/22/2011 0:00,15:12,2011,2011,"M302,","GC,",1,"M3,","M,",MAIN,Georgia,32.15718,-81.8689,"Georgia
(32.15718, -81.8689)"
Derailments,2013:04:CSX:000115196,0,0,80000,100501,0,0,0,POLK,4/18/2013 0:00,21:40,2013,2013,"T207,","CSX,",1,"T2,","T,",MAIN,Florida,27.898309,-81.864769,"Florida
(27.898309, -81.864769)"
Derailments,2015:02:CSX:000140889,0,0,500,16462,2,1,0,RUTHERFORD,2/2/2015 0:00,8:40,2015,2015,"T207,","CSX,",1,"T2,","T,",YARD,North Carolina,35.372715,-81.856187,"North Carolina
(35.372715, -81.856187)"
Highway-rail impact,2013:08:CSX:000119972,0,0,25050,7000,20,0,0,LAURENS,8/29/2013 0:00,7:25,2013,2013,"M303,","CSX,",1,"M3,","M,",MAIN,South Carolina,34.463136,-81.85477,"South Carolina
(34.463136, -81.85477)"
Derailments,2012:08:CSX:000107598,0,0,75000,48016,0,0,0,BOONE,8/28/2012 0:00,8:30,2012,2012,"E40C,","CSX,",1,"E4,","E,",MAIN,West Virginia,38.182906,-81.851492,"West Virginia
(38.182906, -81.851492)"
Highway-rail impact,2014:11:CSX:000138050,0,0,494,16555,0,0,0,DUVAL,11/25/2014 0:00,15:40,2014,2015,"M399,","CSX,",1,"M3,","M,",MAIN,Florida,30.31397,-81.847865,"Florida
(30.31397, -81.847865)"
Derailments,2011:07:RAYZ:INDUSTRY,0,1,1000,31472,4,0,0,WAYNE,7/28/2011 0:00,8:00,2011,2011,"T205,","CSX,",1,"T2,","T,",INDUSTRY,Georgia,31.64103,-81.842052,"Georgia
(31.64103, -81.842052)"
Derailments,2011:03:CSX:000087214,0,0,75000,499948,0,0,0,LOGAN,3/28/2011 0:00,12:30,2011,2011,"T207,","CSX,",1,"T2,","T,",MAIN,West Virginia,37.760592,-81.841291,"West Virginia
(37.760592, -81.841291)"
Derailments,2014:12:CSX:000138616,0,0,16000,115365,0,0,0,BOONE,12/6/2014 0:00,19:45,2014,2015,"T207,","CSX,",1,"T2,","T,",INDUSTRY,West Virginia,38.130237,-81.840879,"West Virginia
(38.130237, -81.840879)"
Derailments,2015:04:NS:115206,0,0,315222,2253127,0,0,0,EDGEFIELD,4/10/2015 0:00,21:00,2015,2015,"M404,","NS,",1,"M4,","M,",MAIN,South Carolina,33.771358,-81.839368,"South Carolina
(33.771358, -81.839368)"
Derailments,2011:06:CSX:000090802,0,0,0,17984,0,0,0,BOONE,6/21/2011 0:00,15:45,2011,2011,"H307,","CSX,",1,"H3,","H,",YARD,West Virginia,38.085588,-81.838845,"West Virginia
(38.085588, -81.838845)"
Derailments,2011:12:CSX:000098855,0,0,400,10688,0,0,0,BOONE,12/20/2011 0:00,1:40,2011,2012,"E67C,","CSX,",1,"E6,","E,",YARD,West Virginia,38.085588,-81.838845,"West Virginia
(38.085588, -81.838845)"
Derailments,2014:08:CSX:000133286,0,0,100000,1128579,0,0,0,RUTHERFORD,8/11/2014 0:00,18:05,2014,2014,"T207,","CSX,",1,"T2,","T,",MAIN,North Carolina,35.197822,-81.827689,"North Carolina
(35.197822, -81.827689)"
Derailments,2016:02:MOSJ:INDUSTRY,0,0,8000,28032,0,0,0,HARDEE,2/18/2016 0:00,15:30,2016,2016,"T110,","CSX,",1,"T1,","T,",INDUSTRY,Florida,27.668148,-81.818051,"Florida
(27.668148, -81.818051)"
Derailments,2011:10:NS:096859,0,0,1000,10250,0,0,0,MCDOWELL,10/31/2011 0:00,23:45,2011,2012,"H702,","NS,",1,"H7,","H,",YARD,West Virginia,37.464887,-81.812639,"West Virginia
(37.464887, -81.812639)"
Derailments,2016:06:BASQ:INDUSTRY,0,0,0,12000,2,2,0,SPARTANBURG,6/8/2016 0:00,18:30,2016,2016,"H307,","NS,",1,"H3,","H,",INDUSTRY,South Carolina,34.903383,-81.810612,"South Carolina
(34.903383, -81.810612)"
Derailments,2013:04:CSX:000115418,0,0,115864,89224,0,0,0,KANAWHA,4/24/2013 0:00,4:03,2013,2013,"E40C,","CSX,",1,"E4,","E,",MAIN,West Virginia,38.249436,-81.801862,"West Virginia
(38.249436, -81.801862)"
Highway-rail impact,2015:05:NS:115650,0,1,109493,75416,0,0,0,EDGEFIELD,5/14/2015 0:00,9:45,2015,2015,"M303,","NS,",1,"M3,","M,",MAIN,South Carolina,33.832099,-81.800585,"South Carolina
(33.832099, -81.800585)"
Derailments,2015:02:CWRO:201512,0,0,15000,5000,0,0,0,CUYAHOGA,2/7/2015 0:00,24:15:00,2015,2015,"T103,M199,","CWRO,",7,"T1,M1,","T,M,",INDUSTRY,Ohio,41.28,-81.8,"Ohio
(41.28, -81.8)"
Derailments,2015:02:CWRO:201514,0,0,6000,7500,0,0,0,CUYAHOGA,2/10/2015 0:00,11:13,2015,2015,"H701,","CWRO,",7,"H7,","H,",INDUSTRY,Ohio,41.28,-81.8,"Ohio
(41.28, -81.8)"
Derailments,2015:03:CWRO:201520,0,0,10000,7000,0,0,0,CUYAHOGA,3/8/2015 0:00,4:00,2015,2015,"T299,","CWRO,",7,"T2,","T,",INDUSTRY,Ohio,41.28,-81.8,"Ohio
(41.28, -81.8)"
Derailments,2015:11:NS:118317,0,0,2000,55239,0,0,0,CUYAHOGA,11/22/2015 0:00,11:45,2015,2016,"T110,","NS,",7,"T1,","T,",YARD,Ohio,41.422254,-81.798108,"Ohio
(41.422254, -81.798108)"
Derailments,2012:01:NS:097719,0,0,800,20500,0,0,0,CUYAHOGA,1/20/2012 0:00,14:30,2012,2012,"T202,","NS,",1,"T2,","T,",INDUSTRY,Ohio,41.452129,-81.796516,"Ohio
(41.452129, -81.796516)"
Derailments,2012:07:NS:100742,0,0,0,10000,0,0,0,CUYAHOGA,7/31/2012 0:00,10:00,2012,2012,"T111,","NS,",1,"T1,","T,",YARD,Ohio,41.452129,-81.796516,"Ohio
(41.452129, -81.796516)"
Derailments,2014:12:CSX:000138406,0,0,500,20456,0,0,0,CUYAHOGA,12/3/2014 0:00,23:45,2014,2015,"T110,","CSX,",7,"T1,","T,",INDUSTRY,Ohio,41.406978,-81.787482,"Ohio
(41.406978, -81.787482)"
Derailments,2014:01:NS:108791,0,0,7398,8200,0,0,0,TAZEWELL,1/28/2014 0:00,24:30:00,2014,2014,"H506,","NS,",1,"H5,","H,",MAIN,Virginia,37.136227,-81.786078,"Virginia
(37.136227, -81.786078)"
Derailments,2015:06:NS:116023,0,0,500,15950,0,0,0,CUYAHOGA,6/11/2015 0:00,24:30:00,2015,2015,"E04C,","NS,",7,"E0,","E,",YARD,Ohio,41.431187,-81.783385,"Ohio
(41.431187, -81.783385)"
Derailments,2013:04:NS:104282,0,0,10000,26750,0,0,0,DUVAL,4/16/2013 0:00,17:25,2013,2013,"H524,","NS,",7,"H5,","H,",INDUSTRY,Florida,30.41569,-81.778697,"Florida
(30.41569, -81.778697)"
Derailments,2016:03:XICL:INDUSTRY,0,0,100,15000,0,0,0,DUVAL,3/26/2016 0:00,10:04,2016,2016,"M501,","CSX,",1,"M5,","M,",INDUSTRY,Florida,30.383313,-81.768904,"Florida
(30.383313, -81.768904)"
Derailments,2015:04:CSX:000144580,0,0,569,9763,0,0,0,DUVAL,4/11/2015 0:00,4:15,2015,2015,"M501,","CSX,",7,"M5,","M,",INDUSTRY,Florida,30.382818,-81.768902,"Florida
(30.382818, -81.768902)"
Derailments,2013:07:CSX:000118645,0,0,8500,25000,0,0,0,DUVAL,7/21/2013 0:00,11:15,2013,2013,"E25C,","CSX,TTR,",7,"E2,","E,",YARD,Florida,30.387371,-81.768902,"Florida
(30.387371, -81.768902)"
Highway-rail impact,2012:12:NS:102414,1,0,36300,5000,0,0,0,WASHINGTON,12/5/2012 0:00,16:38,2012,2013,"M302,","NS,",1,"M3,","M,",MAIN,Virginia,36.793044,-81.765547,"Virginia
(36.793044, -81.765547)"
Derailments,2012:08:CSX:000107536,0,0,50,34494,0,0,0,DUVAL,8/28/2012 0:00,24:00:00,2012,2012,"H702,","CSX,",76,"H7,","H,",YARD,Florida,30.322954,-81.76319,"Florida
(30.322954, -81.76319)"
Highway-rail impact,2015:07:CSX:000149120,1,1,72972,190,0,0,0,CLAY,7/13/2015 0:00,16:37,2015,2015,"M308,","ATK,CSX,",2,"M3,","M,",MAIN,Florida,30.13585,-81.75423,"Florida
(30.13585, -81.75423)"
Highway-rail impact,2015:03:CSX:000143831,0,0,7081,29568,0,0,0,CLAY,3/27/2015 0:00,8:00,2015,2015,"M308,","CSX,",1,"M3,","M,",MAIN,Florida,30.142178,-81.745398,"Florida
(30.142178, -81.745398)"
Derailments,2015:07:NS:116594,0,0,38148,4000,0,0,0,DUVAL,7/19/2015 0:00,3:15,2015,2015,"H704,","NS,",1,"H7,","H,",YARD,Florida,30.368423,-81.730872,"Florida
(30.368423, -81.730872)"
Derailments,2014:08:NS:111939,0,0,13309,132600,0,0,0,DUVAL,8/27/2014 0:00,4:30,2014,2014,"H306,H702,","NS,",7,"H3,H7,","H,",YARD,Florida,30.360836,-81.723364,"Florida
(30.360836, -81.723364)"
Derailments,2015:05:NS:115862,0,0,11131,4500,0,0,0,DUVAL,5/30/2015 0:00,11:50,2015,2015,"T207,","NS,",1,"T2,","T,",YARD,Florida,30.360836,-81.723364,"Florida
(30.360836, -81.723364)"
Derailments,2014:10:XRMI:INDUSTRY,0,0,2100,164009,0,0,0,BOONE,10/15/2014 0:00,14:25,2014,2015,"T210,","CSX,",1,"T2,","T,",INDUSTRY,West Virginia,38.200583,-81.721048,"West Virginia
(38.200583, -81.721048)"
Other impacts,2016:04:CSX:000159338,0,0,50,80805,8,0,0,DUVAL,4/27/2016 0:00,19:15,2016,2016,"H302,","CSX,",57,"H3,","H,",YARD,Florida,30.359362,-81.716897,"Florida
(30.359362, -81.716897)"
Other impacts,2016:08:NS:121630,0,0,0,60000,0,0,0,MCDOWELL,8/9/2016 0:00,16:30,2016,2016,"H997,","NS,",NA,"H9,","H,",MAIN,West Virginia,37.340842,-81.716894,"West Virginia
(37.340842, -81.716894)"
Derailments,2013:07:CSX:000118074,0,0,1000,12785,0,0,0,DUVAL,7/4/2013 0:00,22:50,2013,2013,"H702,","CSX,",1,"H7,","H,",YARD,Florida,30.359293,-81.716812,"Florida
(30.359293, -81.716812)"
Derailments,2012:05:NS:099557,0,0,17954,4061,0,0,0,CUYAHOGA,5/1/2012 0:00,19:30,2012,2012,"T111,","NS,",1,"T1,","T,",YARD,Ohio,41.502235,-81.703341,"Ohio
(41.502235, -81.703341)"
Side collision,2012:10:CWRO:201242,0,0,0,18000,0,0,0,CUYAHOGA,10/13/2012 0:00,9:10,2012,2013,"H211,","CWRO,",7,"H2,","H,",INDUSTRY,Ohio,41,-81.7,"Ohio
(41, -81.7)"
Derailments,2012:05:CSX:000103795,0,0,200,23615,29,0,0,DUVAL,5/15/2012 0:00,19:20,2012,2012,"H099,","CSX,",1,"H0,","H,",MAIN,Florida,30.345785,-81.699865,"Florida
(30.345785, -81.699865)"
Derailments,2012:07:CSX:000105559,0,0,38000,64262,8,7,1,DUVAL,7/2/2012 0:00,5:45,2012,2012,"H702,","CSX,",7,"H7,","H,",YARD,Florida,30.345785,-81.699865,"Florida
(30.345785, -81.699865)"
Derailments,2013:07:CSX:000118068,0,0,4000,6964,0,0,0,DUVAL,7/4/2013 0:00,10:30,2013,2013,"H702,","CSX,",7,"H7,","H,",YARD,Florida,30.345785,-81.699865,"Florida
(30.345785, -81.699865)"
Other impacts,2013:09:CSX:000120480,0,0,300,71398,0,0,0,DUVAL,9/14/2013 0:00,9:15,2013,2013,"H306,","CSX,",78,"H3,","H,",YARD,Florida,30.345785,-81.699865,"Florida
(30.345785, -81.699865)"
Highway-rail impact,2016:01:CSX:000156056,1,0,146,16744,0,0,0,DUVAL,1/14/2016 0:00,18:57,2016,2016,"M302,","ATK,CSX,",2,"M3,","M,",MAIN,Florida,30.247657,-81.698087,"Florida
(30.247657, -81.698087)"
Derailments,2014:02:FEC:D78021114,0,0,800000,67000,52,49,1,DUVAL,2/11/2014 0:00,4:45,2014,2014,"T202,","FEC,NS,",1,"T2,","T,",MAIN,Florida,30.340763,-81.69802,"Florida
(30.340763, -81.69802)"
Highway-rail impact,2014:11:CSX:000138125,0,1,0,47089,0,0,0,WOOD,11/28/2014 0:00,9:19,2014,2015,"M308,","CSX,",1,"M3,","M,",MAIN,West Virginia,39.245344,-81.68533,"West Virginia
(39.245344, -81.68533)"
Derailments,2013:07:CSX:000119012,0,0,2000,16230,2,2,0,CUYAHOGA,7/31/2013 0:00,14:13,2013,2013,"T110,","CSX,",7,"T1,","T,",YARD,Ohio,41.474876,-81.677712,"Ohio
(41.474876, -81.677712)"
Derailments,2012:08:CWRO:201233,0,0,2000,16000,0,0,0,CUYAHOGA,8/24/2012 0:00,15:00,2012,2012,"T217,","CWRO,",7,"T2,","T,",INDUSTRY,Ohio,41.46219,-81.67742,"Ohio
(41.46219, -81.67742)"
Highway-rail impact,2016:04:CWRO:201625,0,0,500,1000,0,0,0,CUYAHOGA,4/27/2016 0:00,1:05,2016,2016,"M304,","CWRO,",7,"M3,","M,",INDUSTRY,Ohio,41.46525,-81.677151,"Ohio
(41.46525, -81.677151)"
Derailments,2012:08:CWRO:201228,0,0,10000,2500,0,0,0,CUYAHOGA,8/12/2012 0:00,15:45,2012,2012,"T110,","CWRO,",7,"T1,","T,",INDUSTRY,Ohio,41.4493,-81.67709,"Ohio
(41.4493, -81.67709)"
Derailments,2012:09:CWRO:201234,0,0,7500,4000,0,0,0,CUYAHOGA,9/4/2012 0:00,15:45,2012,2012,"T319,","CWRO,",7,"T3,","T,",INDUSTRY,Ohio,41.4493,-81.67709,"Ohio
(41.4493, -81.67709)"
Derailments,2012:08:CWRO:201227,0,0,10000,10000,0,0,0,CUYAHOGA,8/11/2012 0:00,17:10,2012,2012,"T113,","CWRO,",7,"T1,","T,",INDUSTRY,Ohio,44.4493,-81.67709,"Ohio
(44.4493, -81.67709)"
Derailments,2011:09:CWRO:201101,0,0,10000,2000,0,0,0,CUYAHOGA,9/27/2011 0:00,8:20,2011,2011,"T211,","CWRO,",1,"T2,","T,",INDUSTRY,Ohio,41.456,-81.677,"Ohio
(41.456, -81.677)"
Derailments,2014:08:AEPS:INDUSTRY,0,0,50,18114,0,0,0,WASHINGTON,8/19/2014 0:00,22:18,2014,2014,"M599,","CSX,",1,"M5,","M,",INDUSTRY,Ohio,39.584859,-81.675678,"Ohio
(39.584859, -81.675678)"
Derailments,2012:06:CWRO:201219,0,0,2000,12000,0,0,0,CUYAHOGA,6/12/2012 0:00,24:55:00,2012,2012,"T222,","CWRO,",7,"T2,","T,",INDUSTRY,Ohio,41.47,-81.668,"Ohio
(41.47, -81.668)"
Derailments,2012:10:FEC:D46101612,0,0,28090,9200,0,0,0,DUVAL,10/16/2012 0:00,24:10:00,2012,2013,"T314,","FEC,NS,",1,"T3,","T,",MAIN,Florida,30.326221,-81.657929,"Florida
(30.326221, -81.657929)"
Derailments,2015:01:NS:113939,0,0,21500,22000,0,0,0,WYOMING,1/20/2015 0:00,20:55,2015,2015,"M201,","NS,",1,"M2,","M,",MAIN,West Virginia,37.586276,-81.656385,"West Virginia
(37.586276, -81.656385)"
Other impacts,2011:11:XCBG:INDUSTRY,0,0,0,18676,0,0,0,DUVAL,11/2/2011 0:00,11:45,2011,2012,"M501,","CSX,",8,"M5,","M,",INDUSTRY,Florida,30.422621,-81.647938,"Florida
(30.422621, -81.647938)"
Derailments,2011:07:CSX:000092233,0,0,500,211349,0,0,0,WASHINGTON,7/26/2011 0:00,17:10,2011,2011,"T206,","CSX,",1,"T2,","T,",MAIN,Ohio,39.543033,-81.644029,"Ohio
(39.543033, -81.644029)"
Other impacts,2012:10:CSX:000109164,0,0,0,67123,0,0,0,DUVAL,10/13/2012 0:00,9:30,2012,2013,"H318,","CSX,",6,"H3,","H,",YARD,Florida,30.436274,-81.643345,"Florida
(30.436274, -81.643345)"
Derailments,2016:06:CSX:000160287,0,0,2658,48904,1,0,0,DUVAL,6/3/2016 0:00,1:05,2016,2016,"M599,","CSX,",1,"M5,","M,",YARD,Florida,30.437042,-81.643089,"Florida
(30.437042, -81.643089)"
Derailments,2015:03:WE:150046,0,0,165,15600,0,0,0,STARK,3/27/2015 0:00,6:00,2015,2015,"H602,","WE,",6,"H6,","H,",YARD,Ohio,40.715031,-81.630792,"Ohio
(40.715031, -81.630792)"
Highway-rail impact,2011:10:CSX:000095464,0,0,10000,13337,0,0,0,POLK,10/8/2011 0:00,24:34:00,2011,2012,"M302,M304,","ATK,CSX,",2,"M3,","M,",MAIN,Florida,28.106767,-81.629333,"Florida
(28.106767, -81.629333)"
Derailments,2016:02:WE:160009,0,0,26010,404000,71,8,1,STARK,2/1/2016 0:00,17:10,2016,2016,"H702,","WE,",7,"H7,","H,",YARD,Ohio,40.714825,-81.619458,"Ohio
(40.714825, -81.619458)"
Derailments,2012:06:WE:120031,0,0,1476,8081,16,0,0,STARK,6/14/2012 0:00,18:30,2012,2012,"H306,","WE,",7,"H3,","H,",YARD,Ohio,40.714245,-81.616738,"Ohio
(40.714245, -81.616738)"
Derailments,2014:03:FEC:D89032714,0,0,11524,6038,8,8,0,DUVAL,3/27/2014 0:00,23:45,2014,2014,"T111,","FEC,",1,"T1,","T,",YARD,Florida,30.257114,-81.614105,"Florida
(30.257114, -81.614105)"
Derailments,2013:06:FEC:D23062813,0,0,11471,13067,0,0,0,DUVAL,6/28/2013 0:00,19:15,2013,2013,"M405,","FEC,",7,"M4,","M,",YARD,Florida,30.25678,-81.61367,"Florida
(30.25678, -81.61367)"
Derailments,2012:01:WE:120004,0,0,24228,8777,0,0,0,STARK,1/25/2012 0:00,3:30,2012,2012,"T210,","WE,",1,"T2,","T,",YARD,Ohio,40.714609,-81.612578,"Ohio
(40.714609, -81.612578)"
Side collision,2014:11:FEC:D149111714,0,0,7147,65000,0,0,0,DUVAL,11/17/2014 0:00,10:30,2014,2015,"H306,","FEC,",7,"H3,","H,",YARD,Florida,30.251922,-81.61097,"Florida
(30.251922, -81.61097)"
Derailments,2014:11:WE:140117,0,0,3257,8633,0,0,0,STARK,11/9/2014 0:00,21:00,2014,2015,"H704,","WE,",7,"H7,","H,",YARD,Ohio,40.714814,-81.610897,"Ohio
(40.714814, -81.610897)"
Derailments,2015:09:WE:150129,0,0,0,41749,1,1,0,STARK,9/5/2015 0:00,17:13,2015,2015,"H607,","WE,",7,"H6,","H,",YARD,Ohio,40.714809,-81.610689,"Ohio
(40.714809, -81.610689)"
Raking collision,2016:02:NS:119315,0,0,1000,30000,0,0,0,SALUDA,2/11/2016 0:00,12:20,2016,2016,"H302,","NS,",1,"H3,","H,",INDUSTRY,South Carolina,33.850087,-81.609529,"South Carolina
(33.850087, -81.609529)"
Derailments,2013:07:WE:130048,0,0,2135,65046,15,3,0,STARK,7/2/2013 0:00,19:30,2013,2013,"H306,","WE,",7,"H3,","H,",YARD,Ohio,40.714673,-81.609208,"Ohio
(40.714673, -81.609208)"
Derailments,2014:11:FEC:D144110614,0,0,9975,25134,0,0,0,DUVAL,11/6/2014 0:00,2:15,2014,2015,"H703,","FEC,",7,"H7,","H,",YARD,Florida,30.249447,-81.608376,"Florida
(30.249447, -81.608376)"
Derailments,2013:09:FCRD:FCR422313,0,0,28900,0,0,0,0,NASSAU,9/21/2013 0:00,12:45,2013,2013,"M599,","FCRD,",1,"M5,","M,",YARD,Florida,30.63335,-81.608116,"Florida
(30.63335, -81.608116)"
Derailments,2012:08:WE:120057,0,0,22985,11529,0,0,0,STARK,8/16/2012 0:00,19:50,2012,2012,"H503,","WE,",7,"H5,","H,",YARD,Ohio,40.714325,-81.60775,"Ohio
(40.714325, -81.60775)"
Derailments,2014:02:FEC:D80021914,0,0,9280,9172,0,0,0,DUVAL,2/19/2014 0:00,17:40,2014,2014,"T212,","FEC,",7,"T2,","T,",YARD,Florida,30.24775,-81.606553,"Florida
(30.24775, -81.606553)"
Derailments,2014:08:WE:140079,0,0,15113,23929,11,6,0,STARK,8/26/2014 0:00,3:15,2014,2014,"H704,","WE,",7,"H7,","H,",YARD,Ohio,40.714092,-81.606047,"Ohio
(40.714092, -81.606047)"
Derailments,2014:11:WE:140113,0,0,17792,101720,50,13,0,STARK,11/5/2014 0:00,20:55,2014,2015,"H704,","WE,",7,"H7,","H,",YARD,Ohio,40.714084,-81.606011,"Ohio
(40.714084, -81.606011)"
Derailments,2016:04:WE:160036,0,0,3292,162000,64,3,0,STARK,4/4/2016 0:00,4:15,2016,2016,"H306,H607,","WE,",7,"H3,H6,","H,",YARD,Ohio,40.713817,-81.606006,"Ohio
(40.713817, -81.606006)"
Derailments,2014:04:FEC:D91040314,0,0,26387,4181,0,0,0,DUVAL,4/3/2014 0:00,15:50,2014,2014,"T311,","FEC,",7,"T3,","T,",YARD,Florida,30.246887,-81.605812,"Florida
(30.246887, -81.605812)"
Other impacts,2013:07:FEC:D27070513,0,0,0,78480,0,0,0,DUVAL,7/5/2013 0:00,6:00,2013,2013,"H607,","FEC,",8,"H6,","H,",YARD,Florida,30.246508,-81.605701,"Florida
(30.246508, -81.605701)"
Derailments,2013:08:FEC:D36081613,0,0,6689,4048,0,0,0,DUVAL,8/16/2013 0:00,18:50,2013,2013,"T210,","FEC,",7,"T2,","T,",YARD,Florida,30.246508,-81.605701,"Florida
(30.246508, -81.605701)"
Derailments,2015:03:WE:150045,0,0,13427,3160,5,2,0,STARK,3/26/2015 0:00,15:45,2015,2015,"T314,","WE,",7,"T3,","T,",YARD,Ohio,40.714067,-81.605619,"Ohio
(40.714067, -81.605619)"
Derailments,2012:07:WE:120044,0,0,2702,7240,1,1,0,STARK,7/19/2012 0:00,18:00,2012,2012,"H601,","WE,",7,"H6,","H,",YARD,Ohio,40.713481,-81.605269,"Ohio
(40.713481, -81.605269)"
Derailments,2014:06:WE:140047,0,0,150,18000,0,0,0,STARK,6/5/2014 0:00,1:45,2014,2014,"H306,","WE,",7,"H3,","H,",YARD,Ohio,40.717841,-81.604727,"Ohio
(40.717841, -81.604727)"
Derailments,2013:07:FEC:D28070913,0,0,5529,4750,0,0,0,DUVAL,7/9/2013 0:00,11:18,2013,2013,"T314,","FEC,",7,"T3,","T,",YARD,Florida,30.24312,-81.6041,"Florida
(30.24312, -81.6041)"
Derailments,2015:09:FEC:D54090415,0,0,6997,13944,0,0,0,DUVAL,9/4/2015 0:00,17:55,2015,2015,"M405,","FEC,",8,"M4,","M,",YARD,Florida,30.242392,-81.603512,"Florida
(30.242392, -81.603512)"
Derailments,2015:09:FEC:D54A090915,0,0,10845,4582,0,0,0,DUVAL,9/9/2015 0:00,19:10,2015,2015,"T111,","FEC,",7,"T1,","T,",YARD,Florida,30.240092,-81.602471,"Florida
(30.240092, -81.602471)"
Derailments,2012:01:WE:120002,0,0,8122,31752,2,0,0,STARK,1/18/2012 0:00,21:00,2012,2012,"H704,","WE,",7,"H7,","H,",YARD,Ohio,40.714553,-81.602324,"Ohio
(40.714553, -81.602324)"
Raking collision,2015:07:WE:150104,0,0,0,10324,0,0,0,STARK,7/23/2015 0:00,16:00,2015,2015,"H302,H607,","WE,",8,"H3,H6,","H,",YARD,Ohio,40.714492,-81.601997,"Ohio
(40.714492, -81.601997)"
Derailments,2014:08:WE:140077,0,0,7543,35390,53,12,0,STARK,8/23/2014 0:00,10:50,2014,2014,"T221,","WE,",7,"T2,","T,",YARD,Ohio,40.714048,-81.601972,"Ohio
(40.714048, -81.601972)"
Derailments,2015:02:FEC:D15022515,0,0,6925,7855,80,3,0,DUVAL,2/25/2015 0:00,18:40,2015,2015,"H702,","FEC,",7,"H7,","H,",YARD,Florida,30.238327,-81.601368,"Florida
(30.238327, -81.601368)"
Derailments,2011:05:FEC:D20052811,0,0,8436,4771,0,0,0,DUVAL,5/28/2011 0:00,9:50,2011,2011,"M405,","FEC,",7,"M4,","M,",YARD,Florida,30.238324,-81.601359,"Florida
(30.238324, -81.601359)"
Derailments,2013:02:FEC:D07022413,0,0,4643,89195,0,0,0,DUVAL,2/24/2013 0:00,19:30,2013,2013,"H703,","FEC,",7,"H7,","H,",YARD,Florida,30.238324,-81.601359,"Florida
(30.238324, -81.601359)"
Derailments,2013:07:FEC:D33073013,0,0,22748,33521,3,0,0,DUVAL,7/30/2013 0:00,24:20:00,2013,2013,"T310,","FEC,",7,"T3,","T,",YARD,Florida,30.238225,-81.601279,"Florida
(30.238225, -81.601279)"
Derailments,2014:11:FEC:D147111214,0,0,26012,7598,0,0,0,DUVAL,11/12/2014 0:00,3:00,2014,2015,"T309,","FEC,",7,"T3,","T,",YARD,Florida,30.237479,-81.600827,"Florida
(30.237479, -81.600827)"
Derailments,2011:10:CSX:000095373,0,0,205000,880922,0,0,0,KANAWHA,10/5/2011 0:00,24:38:00,2011,2012,"E54C,","CSX,",1,"E5,","E,",MAIN,West Virginia,38.326781,-81.60022,"West Virginia
(38.326781, -81.60022)"