AccidentType,inckey,Fatalities,Injuries,TrackDamage,EquipmentDamage,HazmatCars,HazmatCarsDerailed,HazmatCarsReleasing,County,DisplayDate,DisplayTime,calendar,Fiscal,AccidentCause,RailroadCodes,RAILEQUIPMENT_TYPE,CauseGroup,CauseDiscipline,TYPE_OF_TRACK,StateName,latitude,longitude,GeoLocation
Derailments,2015:05:FEC:D29050715,0,0,2885,10000,0,0,0,DUVAL,5/7/2015 0:00,1:15,2015,2015,"T210,","FEC,",8,"T2,","T,",YARD,Florida,30.23731,-81.599981,"Florida
(30.23731, -81.599981)"
Side collision,2015:07:FEC:D44071615,0,0,0,134781,0,0,0,DUVAL,7/16/2015 0:00,8:40,2015,2015,"H307,","FEC,",8,"H3,","H,",YARD,Florida,30.238194,-81.599842,"Florida
(30.238194, -81.599842)"
Derailments,2013:11:CVSX:1115201301,0,0,0,19929,0,0,0,SUMMIT,11/15/2013 0:00,14:00,2013,2014,"H702,M599,","CVSX,",7,"H7,M5,","H,M,",YARD,Ohio,41.350819,-81.599011,"Ohio
(41.350819, -81.599011)"
Derailments,2015:03:NS:114780,0,0,177030,14,0,0,0,MCDOWELL,3/12/2015 0:00,1:00,2015,2015,"T002,","NS,",1,"T0,","T,",MAIN,West Virginia,37.445481,-81.598919,"West Virginia
(37.445481, -81.598919)"
Derailments,2013:11:WE:130089,0,0,13932,6450,0,0,0,STARK,11/18/2013 0:00,18:30,2013,2014,"T202,","WE,",7,"T2,","T,",YARD,Ohio,40.71412,-81.598467,"Ohio
(40.71412, -81.598467)"
Derailments,2015:09:FEC:D55091015,0,0,18300,58394,40,0,0,DUVAL,9/10/2015 0:00,5:40,2015,2015,"T207,","FEC,",1,"T2,","T,",YARD,Florida,30.229148,-81.594734,"Florida
(30.229148, -81.594734)"
Highway-rail impact,2014:06:CSX:000131191,0,0,17787,85,65,0,0,SUMMIT,6/21/2014 0:00,22:36,2014,2014,"M301,M303,","CSX,",1,"M3,","M,",MAIN,Ohio,41.024493,-81.592564,"Ohio
(41.024493, -81.592564)"
Derailments,2015:12:FEC:D84121315,0,0,13834,1065,0,0,0,DUVAL,12/13/2015 0:00,14:30,2015,2016,"H306,","FEC,",7,"H3,","H,",YARD,Florida,30.226568,-81.592556,"Florida
(30.226568, -81.592556)"
Derailments,2014:03:WE:140024,0,0,12097,10815,45,6,0,STARK,3/17/2014 0:00,8:00,2014,2014,"T314,","WE,",7,"T3,","T,",YARD,Ohio,40.713609,-81.591711,"Ohio
(40.713609, -81.591711)"
Derailments,2015:01:CUOH:CUO681315D,0,0,14000,40500,0,0,0,TUSCARAWAS,1/15/2015 0:00,3:13,2015,2015,"E52C,","CUOH,",1,"E5,","E,",MAIN,Ohio,40.279184,-81.585613,"Ohio
(40.279184, -81.585613)"
Fire/violent rupture,2014:07:WE:140063,0,0,0,10709,0,0,0,STARK,7/26/2014 0:00,16:00,2014,2014,"E73L,","WE,",7,"E7,","E,",YARD,Ohio,40.713156,-81.582853,"Ohio
(40.713156, -81.582853)"
Derailments,2011:12:NS:097423,0,0,108000,17400,0,0,0,MCDOWELL,12/26/2011 0:00,11:15,2011,2012,"E06C,","NS,",1,"E0,","E,",MAIN,West Virginia,37.436098,-81.58098,"West Virginia
(37.436098, -81.58098)"
Derailments,2013:08:NS:106184,0,0,1000,60000,0,0,0,WYOMING,8/30/2013 0:00,16:05,2013,2013,"H022,","NS,",6,"H0,","H,",MAIN,West Virginia,37.578943,-81.580357,"West Virginia
(37.578943, -81.580357)"
Derailments,2011:10:CSX:000095413,0,0,100,26609,0,0,0,CUYAHOGA,10/8/2011 0:00,4:20,2011,2012,"T316,","CSX,",1,"T3,","T,",YARD,Ohio,41.564902,-81.570901,"Ohio
(41.564902, -81.570901)"
Other events,2014:08:NS:111835,0,0,0,12000,0,0,0,MCDOWELL,8/19/2014 0:00,6:30,2014,2014,"H019,","NS,",1,"H0,","H,",MAIN,West Virginia,37.43267,-81.568438,"West Virginia
(37.43267, -81.568438)"
Derailments,2012:04:ZCBK:INDUSTRY,0,0,200,23000,0,0,0,DUVAL,4/12/2012 0:00,5:50,2012,2012,"H307,","CSX,",1,"H3,","H,",INDUSTRY,Florida,30.42336,-81.566017,"Florida
(30.42336, -81.566017)"
Derailments,2013:11:FEC:D57112013,0,0,4343,10350,0,0,0,DUVAL,11/20/2013 0:00,24:05:00,2013,2014,"M405,","FEC,",7,"M4,","M,",INDUSTRY,Florida,30.188677,-81.565616,"Florida
(30.188677, -81.565616)"
Derailments,2015:04:CSX:000145311,0,0,300,34810,0,0,0,WOOD,4/22/2015 0:00,22:31,2015,2015,"E67C,","CSX,",1,"E6,","E,",MAIN,West Virginia,39.267578,-81.564647,"West Virginia
(39.267578, -81.564647)"
Derailments,2012:06:CSX:000105221,0,0,4000,101904,0,0,0,CUYAHOGA,6/24/2012 0:00,13:07,2012,2012,"T110,","CSX,",1,"T1,","T,",YARD,Ohio,41.568365,-81.563248,"Ohio
(41.568365, -81.563248)"
Derailments,2012:12:CSX:000111456,0,0,1500,16772,0,0,0,CUYAHOGA,12/31/2012 0:00,6:07,2012,2013,"T319,","CSX,",1,"T3,","T,",YARD,Ohio,41.568365,-81.563248,"Ohio
(41.568365, -81.563248)"
Derailments,2015:04:CSX:000144737,0,0,6000,24125,0,0,0,CUYAHOGA,4/7/2015 0:00,23:45,2015,2015,"M405,","CSX,",1,"M4,","M,",YARD,Ohio,41.568365,-81.563248,"Ohio
(41.568365, -81.563248)"
Derailments,2014:12:CSX:000138455,0,0,500,13488,9,1,0,WOOD,12/5/2014 0:00,16:41,2014,2015,"T207,","CSX,",7,"T2,","T,",YARD,West Virginia,39.276565,-81.558631,"West Virginia
(39.276565, -81.558631)"
Derailments,2011:06:CSX:000090217,0,0,12500,249241,0,0,0,WOOD,6/6/2011 0:00,14:35,2011,2011,"T207,","CSX,",1,"T2,","T,",YARD,West Virginia,39.277797,-81.558135,"West Virginia
(39.277797, -81.558135)"
Side collision,2013:11:CSX:000123053,0,0,0,155719,48,0,0,WOOD,11/23/2013 0:00,16:59,2013,2014,"H301,","CSX,",76,"H3,","H,",YARD,West Virginia,39.277797,-81.558135,"West Virginia
(39.277797, -81.558135)"
Derailments,2014:07:CSX:000131704,0,0,50,13101,0,0,0,WOOD,7/2/2014 0:00,17:20,2014,2014,"T311,","CSX,",7,"T3,","T,",YARD,West Virginia,39.277797,-81.558135,"West Virginia
(39.277797, -81.558135)"
Derailments,2015:12:CSX:000155246,0,0,1050,15899,0,0,0,CUYAHOGA,12/16/2015 0:00,14:32,2015,2016,"H702,","CSX,",1,"H7,","H,",YARD,Ohio,41.571339,-81.556841,"Ohio
(41.571339, -81.556841)"
Derailments,2016:05:CSX:000159870,0,0,10363,25200,0,0,0,CUYAHOGA,5/18/2016 0:00,5:55,2016,2016,"H702,","CSX,",8,"H7,","H,",YARD,Ohio,41.571339,-81.556841,"Ohio
(41.571339, -81.556841)"
Side collision,2014:10:CSX:000136359,0,0,0,21800,0,0,0,CUYAHOGA,10/17/2014 0:00,8:44,2014,2015,"H401,","CSX,",18,"H4,","H,",MAIN,Ohio,41.571674,-81.55618,"Ohio
(41.571674, -81.55618)"
Derailments,2012:03:JPA:INDUSTRY,0,0,400,12700,0,0,0,DUVAL,3/30/2012 0:00,5:25,2012,2012,"T108,","CSX,",1,"T1,","T,",INDUSTRY,Florida,30.431362,-81.556053,"Florida
(30.431362, -81.556053)"
Derailments,2013:02:CSX:000112894,0,0,50,43615,0,0,0,DUVAL,2/11/2013 0:00,11:00,2013,2013,"T311,","CSX,",1,"T3,","T,",INDUSTRY,Florida,30.431365,-81.555747,"Florida
(30.431365, -81.555747)"
Other impacts,2013:01:CSX:000112054,0,0,0,230814,18,0,0,CUYAHOGA,1/18/2013 0:00,1:30,2013,2013,"H302,","CSX,",76,"H3,","H,",INDUSTRY,Ohio,41.573977,-81.550955,"Ohio
(41.573977, -81.550955)"
Derailments,2015:12:CSX:000155556,0,0,5060,213642,80,6,0,CUYAHOGA,12/28/2015 0:00,14:05,2015,2016,"T220,","CSX,",1,"T2,","T,",YARD,Ohio,41.575262,-81.548488,"Ohio
(41.575262, -81.548488)"
Obstruction impact,2015:01:CSX:000139496,0,0,150,38897,0,0,0,WASHINGTON,1/2/2015 0:00,20:36,2015,2015,"M402,","CSX,",1,"M4,","M,",MAIN,Ohio,39.35835,-81.547278,"Ohio
(39.35835, -81.547278)"
Derailments,2013:07:GITM:GIT380913,0,1,6000,5000,0,0,0,GLYNN,7/8/2013 0:00,14:02,2013,2013,"T314,","GITM,",7,"T3,","T,",INDUSTRY,Georgia,31.129265,-81.546299,"Georgia
(31.129265, -81.546299)"
Derailments,2012:06:GITM:GIT236612,0,0,39010,184960,0,0,0,GLYNN,6/8/2012 0:00,11:15,2012,2012,"H503,","GITM,",1,"H5,","H,",YARD,Georgia,31.127,-81.542,"Georgia
(31.127, -81.542)"
Derailments,2013:04:XMKC:INDUSTRY,0,0,500,28429,0,0,0,RALEIGH,4/3/2013 0:00,18:50,2013,2013,"T099,M501,","CSX,",1,"T0,M5,","T,M,",INDUSTRY,West Virginia,37.958002,-81.534554,"West Virginia
(37.958002, -81.534554)"
Derailments,2016:02:CCRL:0102162016,0,0,95000,1500,0,0,0,CUYAHOGA,2/16/2016 0:00,2:05,2016,2016,"T202,T205,","CCRL,",1,"T2,","T,",MAIN,Ohio,41.388684,-81.533534,"Ohio
(41.388684, -81.533534)"
Highway-rail impact,2015:01:NS:114078,0,0,93477,9798,1,0,0,STARK,1/28/2015 0:00,11:30,2015,2015,"M399,","NS,",1,"M3,","M,",MAIN,Ohio,40.792308,-81.516115,"Ohio
(40.792308, -81.516115)"
Derailments,2014:02:NS:109375,0,0,500,10400,0,0,0,KANAWHA,2/26/2014 0:00,17:42,2014,2014,"T314,","NS,",1,"T3,","T,",YARD,West Virginia,38.212073,-81.514408,"West Virginia
(38.212073, -81.514408)"
Rear end collision,2012:07:CSX:000105841,0,0,2000,309984,0,0,0,SUMMIT,7/12/2012 0:00,1:19,2012,2012,"H221,","CSX,",1,"H2,","H,",MAIN,Ohio,41.082518,-81.50979,"Ohio
(41.082518, -81.50979)"
Derailments,2013:11:WE:130084,0,0,34563,8816,0,0,0,SUMMIT,11/1/2013 0:00,9:30,2013,2014,"T110,","AB,WE,",1,"T1,","T,",SIDING,Ohio,41.086891,-81.50268,"Ohio
(41.086891, -81.50268)"
Derailments,2014:12:NS:113644,0,0,107685,4668,0,0,0,NEWBERRY,12/26/2014 0:00,10:00,2014,2015,"H307,","CSX,NS,",6,"H3,","H,",SIDING,South Carolina,34.217679,-81.497163,"South Carolina
(34.217679, -81.497163)"
Derailments,2013:12:NS:108317,0,0,175000,442500,12,12,3,MCDOWELL,12/27/2013 0:00,8:35,2013,2014,"T207,","NS,",1,"T2,","T,",MAIN,West Virginia,37.420396,-81.482219,"West Virginia
(37.420396, -81.482219)"
Highway-rail impact,2012:05:FEC:X06050612,1,0,220422,71486,6,2,0,ST JOHNS,5/6/2012 0:00,4:17,2012,2012,"M301,","FEC,",1,"M3,","M,",MAIN,Florida,30.104584,-81.479456,"Florida
(30.104584, -81.479456)"
Other events,2015:01:CSX:000140697,0,2,41950,3006182,5,3,2,ALLENDALE,1/27/2015 0:00,2:17,2015,2015,"M505,","CSX,",61,"M5,","M,",MAIN,South Carolina,33.068728,-81.476697,"South Carolina
(33.068728, -81.476697)"
Obstruction impact,2014:03:CSX:000127505,0,1,50000,0,0,0,0,UNION,3/20/2014 0:00,6:10,2014,2014,"M501,","CSX,",NA,"M5,","M,",MAIN,South Carolina,34.634786,-81.4644,"South Carolina
(34.634786, -81.4644)"
Derailments,2012:08:FCRD:FCR257512,0,0,22000,0,0,0,0,NASSAU,8/18/2012 0:00,11:45,2012,2012,"T308,","FCRD,",1,"T3,","T,",YARD,Florida,30.67785,-81.463371,"Florida
(30.67785, -81.463371)"
Derailments,2015:03:NS:114805,0,0,20873,120,0,0,0,MCDOWELL,3/12/2015 0:00,23:00,2015,2015,"H702,","NS,",1,"H7,","H,",YARD,West Virginia,37.409371,-81.460963,"West Virginia
(37.409371, -81.460963)"
Derailments,2013:08:FCRD:FCR400713,0,0,50000,67489,0,0,0,NASSAU,8/11/2013 0:00,15:45,2013,2013,"T001,","FCRD,",1,"T0,","T,",MAIN,Florida,30.638916,-81.459333,"Florida
(30.638916, -81.459333)"
Derailments,2011:10:WE:110074,0,0,16859,102099,5,4,0,SUMMIT,10/29/2011 0:00,12:45,2011,2012,"M405,","WE,",7,"M4,","M,",YARD,Ohio,41.063423,-81.456583,"Ohio
(41.063423, -81.456583)"
Derailments,2012:10:CSX:000109022,0,0,11500,33426,0,0,0,KANAWHA,10/9/2012 0:00,9:15,2012,2013,"T207,","CSX,",1,"T2,","T,",MAIN,West Virginia,38.14404,-81.452407,"West Virginia
(38.14404, -81.452407)"
Derailments,2011:08:TOMQ:INDUSTRY,0,0,1000,28059,0,0,0,KANAWHA,8/3/2011 0:00,16:12,2011,2011,"M506,","CSX,",1,"M5,","M,",INDUSTRY,West Virginia,38.157946,-81.448008,"West Virginia
(38.157946, -81.448008)"
Derailments,2016:05:CSX:000159610,0,0,49184,149730,0,0,0,KANAWHA,5/5/2016 0:00,17:07,2016,2016,"T207,","CSX,",1,"T2,","T,",MAIN,West Virginia,38.171994,-81.447314,"West Virginia
(38.171994, -81.447314)"
Derailments,2011:10:WE:110068,0,0,12092,4159,12,2,0,SUMMIT,10/12/2011 0:00,1:50,2011,2012,"T314,","WE,",7,"T3,","T,",YARD,Ohio,41.065085,-81.445984,"Ohio
(41.065085, -81.445984)"
Derailments,2012:06:ZSNQ:INDUSTRY,0,0,10000,5000,3,1,0,LIBERTY,6/2/2012 0:00,10:50,2012,2012,"T313,","RSOR,",1,"T3,","T,",INDUSTRY,Georgia,31.733333,-81.442222,"Georgia
(31.733333, -81.442222)"
Derailments,2012:03:WE:120013,0,0,752,24000,0,0,0,SUMMIT,3/15/2012 0:00,16:30,2012,2012,"E46C,","WE,",NA,"E4,","E,",INDUSTRY,Ohio,41.063073,-81.432748,"Ohio
(41.063073, -81.432748)"
Derailments,2012:10:GS:10012012,0,0,13558,7365,0,0,0,BULLOCH,10/1/2012 0:00,11:00,2012,2013,"T110,T105,","GS,",1,"T1,","T,",MAIN,Georgia,32.3247,-81.4313,"Georgia
(32.3247, -81.4313)"
Derailments,2012:09:GS:09122012,0,0,7743,77054,0,0,0,BULLOCH,9/12/2012 0:00,16:25,2012,2012,"T110,T105,","GS,",1,"T1,","T,",MAIN,Georgia,32.3248,-81.4313,"Georgia
(32.3248, -81.4313)"
Derailments,2015:06:RSOR:RSO765315D,0,0,25000,10417,0,0,0,LIBERTY,6/30/2015 0:00,10:50,2015,2015,"E4BC,","RSOR,",1,"E4,","E,",MAIN,Georgia,31.742686,-81.427628,"Georgia
(31.742686, -81.427628)"
Derailments,2011:12:WE:110088,0,0,21949,20304,12,1,0,STARK,12/23/2011 0:00,23:10,2011,2012,"T216,","WE,",1,"T2,","T,",YARD,Ohio,40.766628,-81.423447,"Ohio
(40.766628, -81.423447)"
Derailments,2015:12:NS:118581,0,0,250,22676,0,0,0,STARK,12/15/2015 0:00,23:20,2015,2016,"T110,","NS,WE,",1,"T1,","T,",SIDING,Ohio,40.781764,-81.420731,"Ohio
(40.781764, -81.420731)"
Derailments,2013:04:WE:130033,0,0,85315,79000,0,0,0,STARK,4/25/2013 0:00,18:10,2013,2013,"T210,","WE,",7,"T2,","T,",YARD,Ohio,40.76793,-81.417513,"Ohio
(40.76793, -81.417513)"
Derailments,2013:05:WE:130039,0,0,5003,6142,0,0,0,STARK,5/31/2013 0:00,7:00,2013,2013,"T314,","WE,",7,"T3,","T,",YARD,Ohio,40.768022,-81.417249,"Ohio
(40.768022, -81.417249)"
Derailments,2013:11:CWRO:201374,0,0,10000,5000,0,0,0,CUYAHOGA,11/27/2013 0:00,18:05,2013,2014,"T314,","CWRO,",7,"T3,","T,",INDUSTRY,Ohio,41.287,-81.405,"Ohio
(41.287, -81.405)"
Derailments,2016:03:CWRO:201622,0,0,7500,7500,0,0,0,CUYAHOGA,3/30/2016 0:00,11:45,2016,2016,"T314,","CWRO,",7,"T3,","T,",INDUSTRY,Ohio,41.2828,-81.404,"Ohio
(41.2828, -81.404)"
Derailments,2016:07:CWRO:201646,0,0,5000,15000,0,0,0,CUYAHOGA,7/24/2016 0:00,9:30,2016,2016,"M405,","CWRO,",7,"M4,","M,",INDUSTRY,Ohio,41.275699,-81.403677,"Ohio
(41.275699, -81.403677)"
Derailments,2014:04:NS:110135,0,0,1000,17000,0,0,0,WYOMING,4/21/2014 0:00,6:40,2014,2014,"T205,","NS,",1,"T2,","T,",YARD,West Virginia,37.570894,-81.403404,"West Virginia
(37.570894, -81.403404)"
Derailments,2014:02:CWRO:201414,0,0,7500,10000,0,0,0,CUYAHOGA,2/11/2014 0:00,4:30,2014,2014,"T314,","CWRO,",7,"T3,","T,",INDUSTRY,Ohio,41.284,-81.3923,"Ohio
(41.284, -81.3923)"
Derailments,2013:01:CWRO:201305,0,0,12000,5000,0,0,0,CUYAHOGA,1/21/2013 0:00,21:20,2013,2013,"H602,","CWRO,",7,"H6,","H,",INDUSTRY,Ohio,41.28,-81.39,"Ohio
(41.28, -81.39)"
Other events,2011:10:FEC:D40101711,0,0,0,16375,0,0,0,ST JOHNS,10/17/2011 0:00,16:15,2011,2012,"H402,","FEC,",9,"H4,","H,",MAIN,Florida,30.008231,-81.38876,"Florida
(30.008231, -81.38876)"
Derailments,2011:07:NS:095404,0,0,2112,51027,0,0,0,RICHLAND,7/2/2011 0:00,3:15,2011,2011,"H306,","NS,",7,"H3,","H,",YARD,South Carolina,33.98625,-81.38579,"South Carolina
(33.98625, -81.38579)"
Obstruction impact,2012:08:CFRC:08222012,0,0,0,12695,0,0,0,ORANGE,8/22/2012 0:00,15:00,2012,2012,"M501,","CFRC,CSX,",1,"M5,","M,",MAIN,Florida,28.539764,-81.380783,"Florida
(28.539764, -81.380783)"
Derailments,2016:06:CFRC:16160A,0,0,4683,17341,0,0,0,ORANGE,6/8/2016 0:00,2:57,2016,2016,"T110,","CFRC,CSX,",1,"T1,","T,",SIDING,Florida,28.509858,-81.37977,"Florida
(28.509858, -81.37977)"
Raking collision,2015:05:NS:116818,0,0,5,20480,0,0,0,PORTAGE,5/30/2015 0:00,3:15,2015,2015,"E83C,","ATK,NS,",26,"E8,","E,",MAIN,Ohio,41.202988,-81.376419,"Ohio
(41.202988, -81.376419)"
Other impacts,2013:09:WC:791340,0,0,250,30000,0,0,0,LAKE,9/10/2013 0:00,9:00,2013,2013,"M411,","WC,",7,"M4,","M,",YARD,Indiana,41.618603,-81.370083,"Indiana
(41.618603, -81.370083)"
Derailments,2011:06:CSX:000090704,0,0,100,11031,0,0,0,ORANGE,6/18/2011 0:00,15:40,2011,2011,"T108,","CSX,",1,"T1,","T,",YARD,Florida,28.431904,-81.369599,"Florida
(28.431904, -81.369599)"
Highway-rail impact,2013:11:WE:CA13006,0,0,492,25110,16,0,0,TUSCARAWAS,11/29/2013 0:00,16:15,2013,2014,"M304,","WE,",1,"M3,","M,",MAIN,Ohio,40.639044,-81.368255,"Ohio
(40.639044, -81.368255)"
Highway-rail impact,2012:11:CFRC:12333,1,36,105500,88302,0,0,0,ORANGE,11/29/2012 0:00,11:15,2012,2013,"M302,","ATK,CFRC,",2,"M3,","M,",MAIN,Florida,28.461399,-81.367302,"Florida
(28.461399, -81.367302)"
Highway-rail impact,2015:08:CSX:000150147,0,1,0,13134,0,0,0,LEXINGTON,8/3/2015 0:00,7:57,2015,2015,"M304,","CSX,",1,"M3,","M,",MAIN,South Carolina,34.17433,-81.366914,"South Carolina
(34.17433, -81.366914)"
Derailments,2016:04:AB:DR16001,0,0,40930,1631,0,0,0,PORTAGE,4/12/2016 0:00,24:45:00,2016,2016,"T110,T112,","AB,WE,",1,"T1,","T,",MAIN,Ohio,41.246653,-81.36565,"Ohio
(41.246653, -81.36565)"
Fire/violent rupture,2013:03:NS:103955,0,0,0,10000,0,0,0,MCDOWELL,3/20/2013 0:00,10:10,2013,2013,"E74L,","NS,",1,"E7,","E,",MAIN,West Virginia,37.361805,-81.365394,"West Virginia
(37.361805, -81.365394)"
Derailments,2011:08:FEC:D34081311,0,0,2033,23171,0,0,0,DUVAL,8/13/2011 0:00,5:00,2011,2011,"T110,","FEC,",7,"T1,","T,",YARD,Florida,30.152673,-81.365207,"Florida
(30.152673, -81.365207)"
Other events,2012:12:NS:102529,0,0,0,10000,0,0,0,MCDOWELL,12/13/2012 0:00,16:45,2012,2013,"E74L,","NS,",1,"E7,","E,",MAIN,West Virginia,37.350823,-81.354193,"West Virginia
(37.350823, -81.354193)"
Raking collision,2015:10:CFRC:15281,0,7,0,17370,0,0,0,ORANGE,10/8/2015 0:00,8:10,2015,2016,"M402,","CFRC,",3,"M4,","M,",MAIN,Florida,28.604117,-81.352867,"Florida
(28.604117, -81.352867)"
Highway-rail impact,2013:03:SCXF:20130325,0,0,0,22550,1,1,0,HIGHLANDS,3/25/2013 0:00,14:15,2013,2013,"M304,M303,","SCXF,",1,"M3,","M,",MAIN,Florida,27.123752,-81.346153,"Florida
(27.123752, -81.346153)"
Highway-rail impact,2011:06:NS:095211,0,0,8000,30000,0,0,0,CLEVELAND,6/15/2011 0:00,5:00,2011,2011,"M304,","NS,",1,"M3,","M,",MAIN,North Carolina,35.23944,-81.344678,"North Carolina
(35.23944, -81.344678)"
Other events,2015:05:NS:119484,0,0,0,20480,0,0,0,PORTAGE,5/30/2015 0:00,3:20,2015,2015,"M208,","NS,",2,"M2,","M,",MAIN,Ohio,41.177507,-81.326805,"Ohio
(41.177507, -81.326805)"
Derailments,2014:02:NS:109152,0,0,14788,11500,0,0,0,TAZEWELL,2/16/2014 0:00,3:50,2014,2014,"E67C,","NS,",1,"E6,","E,",MAIN,Virginia,37.238409,-81.323948,"Virginia
(37.238409, -81.323948)"
Highway-rail impact,2013:07:NS:105450,0,0,0,21066,0,0,0,GASTON,7/10/2013 0:00,3:45,2013,2013,"M304,","ATK,NS,",2,"M3,","M,",MAIN,North Carolina,35.266659,-81.323259,"North Carolina
(35.266659, -81.323259)"
Derailments,2011:11:WE:110079,0,0,6036,14067,0,0,0,STARK,11/17/2011 0:00,14:25,2011,2012,"T110,","WE,",1,"T1,","T,",YARD,Ohio,40.816669,-81.317472,"Ohio
(40.816669, -81.317472)"
Derailments,2012:01:NS:097480,0,0,5050,5850,0,0,0,STARK,1/2/2012 0:00,18:50,2012,2012,"H704,","NS,",7,"H7,","H,",INDUSTRY,Ohio,40.819096,-81.313449,"Ohio
(40.819096, -81.313449)"
Obstruction impact,2013:09:NS:106577,1,0,18000,500,4,0,0,LEXINGTON,9/29/2013 0:00,2:09,2013,2013,"M402,","NS,",1,"M4,","M,",MAIN,South Carolina,33.931448,-81.312645,"South Carolina
(33.931448, -81.312645)"
Derailments,2015:01:NS:114006,0,0,500,13636,0,0,0,STARK,1/23/2015 0:00,18:45,2015,2015,"T205,","NS,",1,"T2,","T,",YARD,Ohio,40.822384,-81.305263,"Ohio
(40.822384, -81.305263)"
Derailments,2013:02:NS:103360,0,0,1800,32550,0,0,0,RALEIGH,2/9/2013 0:00,15:10,2013,2013,"T110,","NS,",1,"T1,","T,",INDUSTRY,West Virginia,37.624003,-81.299916,"West Virginia
(37.624003, -81.299916)"
Derailments,2012:06:CSX:000105433,0,0,25,20000,0,0,0,SEMINOLE,6/28/2012 0:00,17:20,2012,2012,"T113,M101,","ATK,CSX,",8,"T1,M1,","T,M,",MAIN,Florida,28.786717,-81.29192,"Florida
(28.786717, -81.29192)"
Derailments,2015:02:CSX:000141581,0,2,199832,2871245,107,27,20,FAYETTE,2/16/2015 0:00,13:15,2015,2015,"T221,","CSX,",1,"T2,","T,",MAIN,West Virginia,38.143797,-81.291657,"West Virginia
(38.143797, -81.291657)"
Derailments,2013:03:ATK:127602,0,0,2000,16384,0,0,0,SEMINOLE,3/19/2013 0:00,9:22,2013,2013,"E37C,","ATK,",7,"E3,","E,",YARD,Florida,28.807678,-81.290588,"Florida
(28.807678, -81.290588)"
Derailments,2015:09:ATK:139366,0,0,1000,60000,0,0,0,SEMINOLE,9/24/2015 0:00,9:19,2015,2015,"H303,","ATK,",8,"H3,","H,",YARD,Florida,28.80716,-81.28956,"Florida
(28.80716, -81.28956)"
Derailments,2015:12:ATK:140620,0,0,0,14700,0,0,0,SEMINOLE,12/31/2015 0:00,15:20,2015,2016,"H303,","ATK,",8,"H3,","H,",YARD,Florida,28.807255,-81.289228,"Florida
(28.807255, -81.289228)"
Side collision,2014:05:NS:110519,0,0,28081,110820,0,0,0,MERCER,5/19/2014 0:00,5:00,2014,2014,"H017,","NS,",81,"H0,","H,",MAIN,West Virginia,37.446942,-81.287205,"West Virginia
(37.446942, -81.287205)"
Other events,2013:01:NS:103191,0,0,0,62200,0,0,0,WYOMING,1/31/2013 0:00,7:00,2013,2013,"M103,","NS,",6,"M1,","M,",MAIN,West Virginia,37.621756,-81.281038,"West Virginia
(37.621756, -81.281038)"
Derailments,2014:12:WE:140126,0,0,19692,6108,14,4,0,STARK,12/7/2014 0:00,7:30,2014,2015,"T110,","WE,",1,"T1,","T,",YARD,Ohio,40.868467,-81.251883,"Ohio
(40.868467, -81.251883)"
Derailments,2014:04:NS:110058,0,0,153571,474000,0,0,0,MERCER,4/16/2014 0:00,2:04,2014,2014,"T207,","NS,",1,"T2,","T,",MAIN,West Virginia,37.375854,-81.231702,"West Virginia
(37.375854, -81.231702)"
Obstruction impact,2013:06:CSX:000117899,0,2,0,13537,0,0,0,CHATHAM,6/30/2013 0:00,5:55,2013,2013,"M402,","ATK,CSX,",2,"M4,","M,",MAIN,Georgia,31.98845,-81.223132,"Georgia
(31.98845, -81.223132)"
Highway-rail impact,2012:06:CSX:000104901,0,0,20000,5000,1,0,0,CHESTER,6/18/2012 0:00,6:35,2012,2012,"M399,","CSX,",1,"M3,","M,",MAIN,South Carolina,34.709112,-81.216646,"South Carolina
(34.709112, -81.216646)"
Derailments,2016:06:AB:DR16003,0,0,65000,10500,0,0,0,PORTAGE,6/19/2016 0:00,8:03,2016,2016,"T110,T222,","AB,",1,"T1,T2,","T,",MAIN,Ohio,41.08435,-81.215923,"Ohio
(41.08435, -81.215923)"
Derailments,2016:07:AB:DR16004,0,0,31490,0,0,0,0,PORTAGE,7/18/2016 0:00,9:05,2016,2016,"T110,","AB,",1,"T1,","T,",MAIN,Ohio,41.090267,-81.2138,"Ohio
(41.090267, -81.2138)"
Obstruction impact,2015:04:CSX:000147995,0,0,0,18708,0,0,0,CHATHAM,4/25/2015 0:00,22:40,2015,2015,"M404,","ATK,CSX,",2,"M4,","M,",MAIN,Georgia,32.018809,-81.198675,"Georgia
(32.018809, -81.198675)"
Obstruction impact,2012:05:NS:099791,0,0,0,14013,0,0,0,FAYETTE,5/21/2012 0:00,17:00,2012,2012,"M402,","NS,",1,"M4,","M,",MAIN,West Virginia,38.172018,-81.192691,"West Virginia
(38.172018, -81.192691)"
Derailments,2012:08:CSX:000106590,0,0,1200000,167685,0,0,0,RALEIGH,8/2/2012 0:00,14:15,2012,2012,"T108,","CSX,",1,"T1,","T,",MAIN,West Virginia,37.81501,-81.191231,"West Virginia
(37.81501, -81.191231)"
Derailments,2011:08:NS:095966,0,0,104500,20700,0,0,0,NICHOLAS,8/16/2011 0:00,12:30,2011,2011,"T221,","NS,",1,"T2,","T,",MAIN,West Virginia,38.218303,-81.190737,"West Virginia
(38.218303, -81.190737)"
Other events,2012:06:NS:099909,0,0,30000,0,0,0,0,NICHOLAS,6/1/2012 0:00,15:00,2012,2012,"M204,","NS,",4,"M2,","M,",MAIN,West Virginia,38.218303,-81.190737,"West Virginia
(38.218303, -81.190737)"