AccidentType,inckey,Fatalities,Injuries,TrackDamage,EquipmentDamage,HazmatCars,HazmatCarsDerailed,HazmatCarsReleasing,County,DisplayDate,DisplayTime,calendar,Fiscal,AccidentCause,RailroadCodes,RAILEQUIPMENT_TYPE,CauseGroup,CauseDiscipline,TYPE_OF_TRACK,StateName,latitude,longitude,GeoLocation
Derailments,2014:04:SAPT:SAP536914,0,0,21100,10000,1,1,0,CHATHAM,4/30/2014 0:00,16:00,2014,2014,"T314,","SAPT,",1,"T3,","T,",YARD,Georgia,32.164512,-81.180087,"Georgia
(32.164512, -81.180087)"
Derailments,2015:03:SAPT:SAP678215,0,0,9999,4000,0,0,0,CHATHAM,3/31/2015 0:00,23:15,2015,2015,"T314,","SAPT,",7,"T3,","T,",YARD,Georgia,32.164512,-81.180087,"Georgia
(32.164512, -81.180087)"
Derailments,2014:07:NS:111393,0,0,9852,650,0,0,0,CHATHAM,7/20/2014 0:00,18:15,2014,2014,"H312,","NS,",7,"H3,","H,",YARD,Georgia,32.108391,-81.174076,"Georgia
(32.108391, -81.174076)"
Derailments,2014:08:NS:111781,0,0,13027,3200,0,0,0,CHATHAM,8/15/2014 0:00,16:45,2014,2014,"H702,","NS,",7,"H7,","H,",YARD,Georgia,32.108391,-81.174076,"Georgia
(32.108391, -81.174076)"
Highway-rail impact,2014:08:CSX:000134112,0,0,6948,58899,0,0,0,CHATHAM,8/28/2014 0:00,7:53,2014,2014,"M302,","CSX,",1,"M3,","M,",MAIN,Georgia,32.126439,-81.170778,"Georgia
(32.126439, -81.170778)"
Derailments,2013:10:NS:106904,0,0,0,25130,0,0,0,CHATHAM,10/24/2013 0:00,6:05,2013,2014,"H306,H702,","NS,",8,"H3,H7,","H,",YARD,Georgia,32.097405,-81.167035,"Georgia
(32.097405, -81.167035)"
Derailments,2014:01:NS:108654,0,0,25219,100,0,0,0,CHATHAM,1/19/2014 0:00,23:10,2014,2014,"H703,","NS,",7,"H7,","H,",YARD,Georgia,32.097405,-81.167035,"Georgia
(32.097405, -81.167035)"
Obstruction impact,2012:03:CSX:000102885,0,0,0,10000,0,0,0,BAMBERG,3/24/2012 0:00,22:25,2012,2012,"M404,","ATK,CSX,",2,"M4,","M,",MAIN,South Carolina,33.248223,-81.164812,"South Carolina
(33.248223, -81.164812)"
Other impacts,2012:07:GIMY:GIM250412,0,0,10000,86355,3,0,0,CHATHAM,7/21/2012 0:00,4:55,2012,2012,"H306,","CSX,GIMY,",61,"H3,","H,",YARD,Georgia,32.100488,-81.160197,"Georgia
(32.100488, -81.160197)"
Derailments,2016:05:GPA:INDUSTRY,0,0,8000,13500,0,0,0,CHATHAM,5/13/2016 0:00,11:25,2016,2016,"T314,","NS,",1,"T3,","T,",INDUSTRY,Georgia,32.129225,-81.158782,"Georgia
(32.129225, -81.158782)"
Derailments,2014:08:NS:111793,0,0,1047,97000,0,0,0,CHATHAM,8/16/2014 0:00,15:10,2014,2014,"H506,","NS,",1,"H5,","H,",YARD,Georgia,32.123242,-81.156425,"Georgia
(32.123242, -81.156425)"
Derailments,2015:09:GIMY:GIM757215,0,0,20000,5000,0,0,0,CHATHAM,9/13/2015 0:00,23:30,2015,2015,"E4BC,","GIMY,",1,"E4,","E,",YARD,Georgia,32.051326,-81.155888,"Georgia
(32.051326, -81.155888)"
Derailments,2016:01:GIMY:GIM821216,0,0,10000,80000,0,0,0,CHATHAM,1/20/2016 0:00,11:30,2016,2016,"H704,","GIMY,",7,"H7,","H,",YARD,Georgia,32.051368,-81.155838,"Georgia
(32.051368, -81.155838)"
Derailments,2011:06:CSX:000090438,0,0,15000,44336,0,0,0,RALEIGH,6/12/2011 0:00,16:40,2011,2011,"M204,","CSX,",1,"M2,","M,",MAIN,West Virginia,37.757454,-81.155811,"West Virginia
(37.757454, -81.155811)"
Derailments,2011:05:CSX:000089961,0,0,400,42845,0,0,0,RALEIGH,5/30/2011 0:00,19:30,2011,2011,"E46L,E69L,","CSX,",1,"E4,E6,","E,",MAIN,West Virginia,37.771736,-81.155761,"West Virginia
(37.771736, -81.155761)"
Derailments,2015:03:NS:114986,0,0,4000,185000,0,0,0,CHATHAM,3/26/2015 0:00,12:45,2015,2015,"H306,H702,","NS,",1,"H3,H7,","H,",YARD,Georgia,32.117758,-81.154252,"Georgia
(32.117758, -81.154252)"
Derailments,2015:12:GIMY:GIM803215,0,0,25100,29935,0,0,0,CHATHAM,12/12/2015 0:00,11:30,2015,2016,"T311,","CSX,GIMY,",15,"T3,","T,",YARD,Georgia,32.056332,-81.152394,"Georgia
(32.056332, -81.152394)"
Derailments,2013:02:WE:130012,0,0,8898,2454,0,0,0,CARROLL,2/19/2013 0:00,23:00,2013,2013,"T110,","WE,",1,"T1,","T,",MAIN,Ohio,40.710044,-81.152147,"Ohio
(40.710044, -81.152147)"
Derailments,2012:11:CSX:000110324,0,0,50,28062,0,0,0,CHATHAM,11/19/2012 0:00,8:00,2012,2013,"T111,","ATK,CSX,",2,"T1,","T,",YARD,Georgia,32.086956,-81.151552,"Georgia
(32.086956, -81.151552)"
Derailments,2014:08:NS:111850,0,0,46461,53000,0,0,0,CHATHAM,8/20/2014 0:00,11:48,2014,2014,"H702,","NS,",7,"H7,","H,",YARD,Georgia,32.114738,-81.151231,"Georgia
(32.114738, -81.151231)"
Side collision,2015:03:CSX:000142306,0,0,18500,44276,0,0,0,CHATHAM,3/2/2015 0:00,13:04,2015,2015,"H699,","CSX,",7,"H6,","H,",YARD,Georgia,32.027669,-81.148944,"Georgia
(32.027669, -81.148944)"
Derailments,2011:10:GIMY:GIM176211,0,0,2000,10247,0,0,0,CHATHAM,10/19/2011 0:00,3:00,2011,2012,"T311,E64C,T319,","CSX,GIMY,",1,"T3,E6,T3,","T,E,T,",YARD,Georgia,32.075638,-81.14456,"Georgia
(32.075638, -81.14456)"
Derailments,2012:10:GIMY:GIT269312,0,0,1000,50000,0,0,0,CHATHAM,10/8/2012 0:00,21:55,2012,2013,"T002,","ATK,GIMY,",2,"T0,","T,",YARD,Georgia,32.056389,-81.138611,"Georgia
(32.056389, -81.138611)"
Derailments,2012:01:SAPT:SAP200012,0,0,25000,4634,0,0,0,CHATHAM,1/26/2012 0:00,13:30,2012,2012,"T205,T101,","CSX,SAPT,",7,"T2,T1,","T,",YARD,Georgia,32.110235,-81.137378,"Georgia
(32.110235, -81.137378)"
Derailments,2012:01:NS:097631,0,0,150,28000,0,0,0,JEFFERSON,1/8/2012 0:00,21:00,2012,2012,"T314,","BNSF,NS,",7,"T3,","T,",INDUSTRY,Alabama,33.559492,-81.136552,"Alabama
(33.559492, -81.136552)"
Highway-rail impact,2016:06:CSX:000160976,0,0,514,42980,0,0,0,CHESTER,6/30/2016 0:00,17:11,2016,2016,"M303,","CSX,",1,"M3,","M,",MAIN,South Carolina,34.739364,-81.131681,"South Carolina
(34.739364, -81.131681)"
Derailments,2015:11:GC:GCR787515,0,0,10000,12829,0,0,0,CHATHAM,11/12/2015 0:00,2:25,2015,2016,"E64C,E46C,","GC,",1,"E6,E4,","E,",YARD,Georgia,32.078316,-81.125426,"Georgia
(32.078316, -81.125426)"
Derailments,2014:03:GIMY:GIT511414,0,0,5000,5541,1,0,0,CHATHAM,3/16/2014 0:00,5:10,2014,2014,"H702,M599,","CSX,GIMY,",1,"H7,M5,H7,M5,","H,M,H,M,",YARD,Georgia,32.10017,-81.122825,"Georgia
(32.10017, -81.122825)"
Derailments,2015:12:GC:GCR807915,0,0,14000,16000,0,0,0,CHATHAM,12/27/2015 0:00,24:10:00,2015,2016,"T202,T001,","GC,",7,"T2,T0,","T,",YARD,Georgia,32.077427,-81.122666,"Georgia
(32.077427, -81.122666)"
Highway-rail impact,2016:07:PNRW:PN160718A,1,0,27477,112203,0,0,0,GASTON,7/18/2016 0:00,13:17,2016,2016,"M302,","PNRW,",1,"M3,","M,",MAIN,North Carolina,35.277275,-81.120739,"North Carolina
(35.277275, -81.120739)"
Highway-rail impact,2015:06:CSX:000147962,1,0,0,14185,0,0,0,LEXINGTON,6/17/2015 0:00,15:24,2015,2015,"M302,","CSX,",1,"M3,","M,",MAIN,South Carolina,34.027589,-81.117714,"South Carolina
(34.027589, -81.117714)"
Derailments,2014:12:NS:113489,0,0,300,12787,0,0,0,CHATHAM,12/17/2014 0:00,18:20,2014,2015,"T314,","NS,",7,"T3,","T,",INDUSTRY,Georgia,32.085938,-81.105972,"Georgia
(32.085938, -81.105972)"
Derailments,2014:06:LC:060414,0,0,84894,8507,0,0,0,CHESTER,6/4/2014 0:00,14:35,2014,2014,"M405,T102,","LC,",1,"M4,T1,","M,T,",MAIN,South Carolina,34.420023,-81.095102,"South Carolina
(34.420023, -81.095102)"
Derailments,2015:06:CSX:000147920,0,0,44905,235190,0,0,0,LEXINGTON,6/16/2015 0:00,16:45,2015,2015,"T109,","CSX,",1,"T1,","T,",MAIN,South Carolina,33.864037,-81.093611,"South Carolina
(33.864037, -81.093611)"
Derailments,2014:07:NS:111312,0,0,318899,811479,2,2,0,WYTHE,7/14/2014 0:00,18:15,2014,2014,"H519,","NS,",1,"H5,","H,",MAIN,Virginia,36.937494,-81.093231,"Virginia
(36.937494, -81.093231)"
Derailments,2012:12:NS:102622,0,0,2200,20500,0,0,0,STARK,12/20/2012 0:00,3:05,2012,2013,"E61C,","NS,",1,"E6,","E,",MAIN,Ohio,40.920569,-81.089596,"Ohio
(40.920569, -81.089596)"
Derailments,2013:08:GSWY:GIW406713,0,0,50000,10000,21,5,0,CHATHAM,8/23/2013 0:00,10:05,2013,2013,"T112,","GSWY,",1,"T1,","T,",MAIN,Georgia,32.065059,-81.087699,"Georgia
(32.065059, -81.087699)"
Derailments,2011:10:CSX:000095434,0,0,4000,148300,0,0,0,CHATHAM,10/9/2011 0:00,7:50,2011,2012,"T111,","CSX,",16,"T1,","T,",YARD,Georgia,32.065087,-81.08766,"Georgia
(32.065087, -81.08766)"
Derailments,2011:11:CSX:000097369,0,0,0,16820,0,0,0,CHATHAM,11/4/2011 0:00,20:47,2011,2012,"H305,","CSX,",7,"H3,","H,",YARD,Georgia,32.065087,-81.08766,"Georgia
(32.065087, -81.08766)"
Derailments,2015:01:OHIC:012015A,0,0,965,30000,0,0,0,CARROLL,1/20/2015 0:00,9:40,2015,2015,"T110,E64C,","OHIC,",7,"T1,E6,","T,E,",MAIN,Ohio,40.709331,-81.083333,"Ohio
(40.709331, -81.083333)"
Derailments,2014:08:CSX:000133163,0,0,10900,53782,13,0,0,FAYETTE,8/7/2014 0:00,11:35,2014,2014,"E40C,","CSX,",1,"E4,","E,",MAIN,West Virginia,37.961598,-81.082495,"West Virginia
(37.961598, -81.082495)"
Derailments,2014:09:CSX:000135435,0,0,10000,92910,0,0,0,FAYETTE,9/26/2014 0:00,22:00,2014,2014,"T314,","CSX,",1,"T3,","T,",SIDING,West Virginia,38.063415,-81.073513,"West Virginia
(38.063415, -81.073513)"
Derailments,2012:08:GSWY:GIW257012,0,0,8000,12000,0,0,0,CHATHAM,8/17/2012 0:00,9:55,2012,2012,"T110,","GSWY,",1,"T1,","T,",YARD,Georgia,32.076176,-81.073063,"Georgia
(32.076176, -81.073063)"
Derailments,2012:01:GSWY:GIW195712,0,0,2500,12000,2,0,0,CHATHAM,1/2/2012 0:00,9:45,2012,2012,"T313,","GSWY,",7,"T3,","T,",YARD,Georgia,32.076111,-81.073002,"Georgia
(32.076111, -81.073002)"
Highway-rail impact,2012:01:CSX:000099781,0,1,350,16500,4,0,0,LAKE,1/18/2012 0:00,16:00,2012,2012,"M308,","CSX,",1,"M3,","M,",MAIN,Ohio,41.770701,-81.070124,"Ohio
(41.770701, -81.070124)"
Derailments,2011:01:CSX:000084252,0,0,40500,333256,0,0,0,FAYETTE,1/18/2011 0:00,8:34,2011,2011,"T207,","CSX,",1,"T2,","T,",MAIN,West Virginia,37.863123,-81.070048,"West Virginia
(37.863123, -81.070048)"
Derailments,2012:08:NS:100836,0,0,225000,560098,0,0,0,GASTON,8/6/2012 0:00,16:45,2012,2012,"E68C,","NS,",1,"E6,","E,",MAIN,North Carolina,35.234175,-81.068077,"North Carolina
(35.234175, -81.068077)"
Derailments,2011:08:GSWY:GIW159311,0,0,3000,30000,0,0,0,CHATHAM,8/13/2011 0:00,11:30,2011,2011,"T101,","GSWY,",1,"T1,","T,",YARD,Georgia,32.077311,-81.064607,"Georgia
(32.077311, -81.064607)"
Highway-rail impact,2012:03:SCXF:20120305,0,1,122,16791,0,0,0,GLADES,3/5/2012 0:00,16:00,2012,2012,"M501,","SCXF,",8,"M5,","M,",MAIN,Florida,26.808497,-81.058384,"Florida
(26.808497, -81.058384)"
Derailments,2013:08:CSX:000119823,0,0,2000,65446,0,0,0,LEXINGTON,8/24/2013 0:00,19:04,2013,2013,"H306,","CSX,",7,"H3,","H,",YARD,South Carolina,33.973061,-81.052152,"South Carolina
(33.973061, -81.052152)"
Derailments,2013:01:NS:103004,0,0,10865,928,0,0,0,BELMONT,1/17/2013 0:00,7:15,2013,2013,"T205,","NS,",1,"T2,","T,",MAIN,Ohio,40.029378,-81.040087,"Ohio
(40.029378, -81.040087)"
Derailments,2014:05:NS:110567,0,0,800,10814,0,0,0,RICHLAND,5/23/2014 0:00,1:05,2014,2014,"M599,","NS,",7,"M5,","M,",YARD,South Carolina,33.985296,-81.039107,"South Carolina
(33.985296, -81.039107)"
Derailments,2015:03:GSWY:GIW715915R,0,0,11417,746843,10,1,0,CHATHAM,3/24/2015 0:00,19:10,2015,2015,"M599,","GSWY,",7,"M5,","M,",INDUSTRY,Georgia,32.080424,-81.028205,"Georgia
(32.080424, -81.028205)"
Derailments,2012:12:NS:102483,0,0,283271,0,0,0,0,MERCER,12/11/2012 0:00,8:45,2012,2013,"E61C,","NS,",1,"E6,","E,",MAIN,West Virginia,37.319011,-81.008667,"West Virginia
(37.319011, -81.008667)"
Derailments,2012:01:CWRO:201201,0,0,7500,5000,0,0,0,CUYAHOGA,1/30/2012 0:00,14:15,2012,2012,"T314,","CWRO,",7,"T3,","T,",INDUSTRY,Ohio,41,-81,"Ohio
(41, -81)"
Derailments,2012:02:CWRO:201202,0,0,12000,5000,0,0,0,CUYAHOGA,2/12/2012 0:00,20:15,2012,2012,"T113,","CWRO,",7,"T1,","T,",YARD,Ohio,41,-81,"Ohio
(41, -81)"
Derailments,2013:03:YVRR:321131,0,0,19500,10000,0,0,0,WILKES,3/21/2013 0:00,9:30,2013,2013,"E07C,E04C,","YVRR,",1,"E0,","E,",YARD,North Carolina,36.204428,-80.999827,"North Carolina
(36.204428, -80.999827)"
Head on collision,2013:05:CSX:000116112,0,1,0,50100,0,0,0,GASTON,5/13/2013 0:00,24:42:00,2013,2013,"H404,","CSX,",91,"H4,","H,",MAIN,North Carolina,35.295947,-80.991492,"North Carolina
(35.295947, -80.991492)"
Derailments,2013:03:DPOZ:INDUSTRY,0,0,2000,13500,0,0,0,CATAWBA,3/28/2013 0:00,6:40,2013,2013,"M501,","CSX,",1,"M5,","M,",INDUSTRY,North Carolina,35.59917,-80.977175,"North Carolina
(35.59917, -80.977175)"
Derailments,2013:06:XOVC:INDUSTRY,0,0,25000,122550,0,0,0,BELMONT,6/15/2013 0:00,14:15,2013,2013,"T110,","NS,",1,"T1,","T,",INDUSTRY,Ohio,39.898854,-80.9673,"Ohio
(39.898854, -80.9673)"
Rear end collision,2015:01:WE:150013,0,0,8279,298847,54,7,0,HARRISON,1/30/2015 0:00,10:20,2015,2015,"H607,","WE,",1,"H6,","H,",MAIN,Ohio,40.349337,-80.964623,"Ohio
(40.349337, -80.964623)"
Derailments,2015:09:LC:0925151,0,0,10000,11500,0,0,0,CHESTER,9/25/2015 0:00,14:15,2015,2015,"E4TC,E64C,","LC,",1,"E4,E6,","E,",MAIN,South Carolina,34.693067,-80.961078,"South Carolina
(34.693067, -80.961078)"
Derailments,2014:05:NS:110410,0,0,2121,30000,0,0,0,MECKLENBURG,5/12/2014 0:00,1:26,2014,2014,"H306,H702,","NS,",7,"H3,H7,","H,",YARD,North Carolina,35.232815,-80.959869,"North Carolina
(35.232815, -80.959869)"
Derailments,2015:08:NS:116862,0,0,1700,60000,0,0,0,BELMONT,8/8/2015 0:00,19:45,2015,2015,"E53C,","NS,",1,"E5,","E,",MAIN,Ohio,39.907084,-80.949118,"Ohio
(39.907084, -80.949118)"
Derailments,2012:11:CSX:000110499,0,0,125000,162924,4,0,0,YORK,11/26/2012 0:00,7:57,2012,2013,"E48C,","CSX,",1,"E4,","E,",SIDING,South Carolina,34.845636,-80.943439,"South Carolina
(34.845636, -80.943439)"
Derailments,2014:09:LC:0930141,0,0,10565,2000,0,0,0,CHESTER,9/30/2014 0:00,16:30,2014,2014,"H504,H505,","LC,",1,"H5,","H,",MAIN,South Carolina,34.683693,-80.937068,"South Carolina
(34.683693, -80.937068)"
Derailments,2013:11:WE:130086,0,0,12309,922,0,0,0,HARRISON,11/7/2013 0:00,23:30,2013,2014,"T110,","WE,",1,"T1,","T,",INDUSTRY,Ohio,40.270633,-80.935202,"Ohio
(40.270633, -80.935202)"
Other impacts,2013:09:SCXF:20130906,0,0,0,30000,0,0,0,HENDRY,9/6/2013 0:00,18:55,2013,2013,"M599,","SCXF,",7,"M5,","M,",YARD,Florida,26.747014,-80.933495,"Florida
(26.747014, -80.933495)"
Derailments,2012:06:BWAQ:INDUSTRY,0,0,0,38800,0,0,0,YORK,6/11/2012 0:00,16:00,2012,2012,"H020,","CSX,",6,"H0,","H,",INDUSTRY,South Carolina,34.846245,-80.929681,"South Carolina
(34.846245, -80.929681)"
Other events,2014:07:ZRSF:INDUSTRY,0,0,1500,21065,0,0,0,YORK,7/18/2014 0:00,24:30:00,2014,2014,"H702,","CSX,",1,"H7,","H,",INDUSTRY,South Carolina,34.850756,-80.920974,"South Carolina
(34.850756, -80.920974)"
Obstruction impact,2015:07:CSX:000149045,0,0,50,45000,0,0,0,SUMMERS,7/10/2015 0:00,17:50,2015,2015,"H402,","CSX,",19,"H4,","H,",MAIN,West Virginia,37.798182,-80.920174,"West Virginia
(37.798182, -80.920174)"
Derailments,2013:07:CSX:000118492,0,0,252000,324575,0,0,0,SUMMERS,7/15/2013 0:00,15:10,2013,2013,"M204,","CSX,",1,"M2,","M,",MAIN,West Virginia,37.79251,-80.916858,"West Virginia
(37.79251, -80.916858)"
Derailments,2012:02:ZRSF:INDUSTRY,0,0,800,35000,0,0,0,YORK,2/26/2012 0:00,11:57,2012,2012,"E04C,","CSX,",5,"E0,","E,",INDUSTRY,South Carolina,34.852739,-80.903838,"South Carolina
(34.852739, -80.903838)"
Derailments,2014:03:NS:109538,0,0,25423,5250,0,0,0,IREDELL,3/10/2014 0:00,8:06,2014,2014,"T110,","NS,",1,"T1,","T,",YARD,North Carolina,35.775117,-80.888839,"North Carolina
(35.775117, -80.888839)"
Derailments,2013:06:CSX:000116831,0,0,500,35449,7,0,0,MECKLENBURG,6/3/2013 0:00,17:25,2013,2013,"H702,","CSX,",7,"H7,","H,",INDUSTRY,North Carolina,35.267735,-80.886124,"North Carolina
(35.267735, -80.886124)"
Derailments,2012:11:NS:102300,0,0,0,11200,2,0,0,IREDELL,11/23/2012 0:00,18:15,2012,2013,"T110,","NS,",1,"T1,","T,",INDUSTRY,North Carolina,35.775791,-80.87322,"North Carolina
(35.775791, -80.87322)"
Derailments,2015:08:CSX:000150512,0,0,2500,84287,39,5,0,WETZEL,8/13/2015 0:00,1:30,2015,2015,"T220,","CSX,",1,"T2,","T,",INDUSTRY,West Virginia,39.628383,-80.868292,"West Virginia
(39.628383, -80.868292)"
Derailments,2015:12:CSX:000155478,0,0,20000,446066,73,6,0,WETZEL,12/24/2015 0:00,2:30,2015,2016,"T211,","CSX,",1,"T2,","T,",YARD,West Virginia,39.628383,-80.868292,"West Virginia
(39.628383, -80.868292)"
Derailments,2014:06:WE:140048,0,0,19268,2076,18,5,0,HARRISON,6/5/2014 0:00,6:30,2014,2014,"T110,","WE,",1,"T1,","T,",SIDING,Ohio,40.307578,-80.866777,"Ohio
(40.307578, -80.866777)"
Other impacts,2016:07:CSX:000161098,0,0,63,28500,21,0,0,WETZEL,7/6/2016 0:00,17:05,2016,2016,"H020,","CSX,",67,"H0,","H,",YARD,West Virginia,39.634446,-80.864151,"West Virginia
(39.634446, -80.864151)"
Side collision,2013:11:CSX:000123172,0,0,0,84912,2,0,0,WETZEL,11/26/2013 0:00,24:33:00,2013,2014,"H318,","CSX,",6,"H3,","H,",YARD,West Virginia,39.634749,-80.864023,"West Virginia
(39.634749, -80.864023)"
Other events,2014:03:CSX:000127562,0,0,250,36700,7,2,0,WETZEL,3/19/2014 0:00,23:10,2014,2014,"H702,","CSX,",1,"H7,","H,",YARD,West Virginia,39.634865,-80.863973,"West Virginia
(39.634865, -80.863973)"
Highway-rail impact,2014:04:NS:110077,0,1,14183,238,0,0,0,MECKLENBURG,4/16/2014 0:00,16:50,2014,2014,"M308,","NS,",1,"M3,","M,",MAIN,North Carolina,35.222167,-80.863023,"North Carolina
(35.222167, -80.863023)"
Derailments,2015:12:NS:118638,0,0,500,12871,0,0,0,TRUMBULL,12/21/2015 0:00,7:30,2015,2016,"H303,","NS,",7,"H3,","H,",YARD,Ohio,41.156104,-80.860822,"Ohio
(41.156104, -80.860822)"
Derailments,2011:12:CSX:000099168,0,0,500,19379,0,0,0,TRUMBULL,12/30/2011 0:00,20:12,2011,2012,"E49C,","CSX,",1,"E4,","E,",YARD,Ohio,41.177774,-80.858546,"Ohio
(41.177774, -80.858546)"
Derailments,2014:11:CSX:000137349,0,0,400,12289,0,0,0,TRUMBULL,11/8/2014 0:00,2:27,2014,2015,"E46C,","CSX,",7,"E4,","E,",YARD,Ohio,41.177774,-80.858546,"Ohio
(41.177774, -80.858546)"
Highway-rail impact,2014:10:NS:112604,0,1,12007,116,0,0,0,ORANGEBURG,10/15/2014 0:00,6:28,2014,2015,"M303,","NS,",1,"M3,","M,",MAIN,South Carolina,33.491209,-80.855228,"South Carolina
(33.491209, -80.855228)"
Highway-rail impact,2012:03:CSX:000101310,1,2,800,20000,0,0,0,OKEECHOBEE,3/2/2012 0:00,17:20,2012,2012,"M308,M302,","ATK,CSX,",2,"M3,","M,",MAIN,Florida,27.251786,-80.85225,"Florida
(27.251786, -80.85225)"
Derailments,2016:08:CSX:000162452,0,0,2504,21969,0,0,0,TRUMBULL,8/26/2016 0:00,8:23,2016,2016,"E24C,","CSX,",1,"E2,","E,",YARD,Ohio,41.176049,-80.843548,"Ohio
(41.176049, -80.843548)"
Derailments,2012:08:CSX:000106592,0,0,0,12180,0,0,0,MECKLENBURG,8/2/2012 0:00,2:45,2012,2012,"M503,","CSX,",7,"M5,","M,",INDUSTRY,North Carolina,35.236658,-80.838087,"North Carolina
(35.236658, -80.838087)"
Derailments,2015:09:CSX:000151689,0,0,5881,8742,3,0,0,LAKE,9/3/2015 0:00,2:50,2015,2015,"H993,","CSX,",1,"H9,","H,",SIDING,Ohio,41.857064,-80.834326,"Ohio
(41.857064, -80.834326)"
Other impacts,2011:06:CSX:000090990,0,0,200,15195,0,0,0,MECKLENBURG,6/27/2011 0:00,1:17,2011,2011,"H302,","CSX,",76,"H3,","H,",YARD,North Carolina,35.232893,-80.83055,"North Carolina
(35.232893, -80.83055)"
Derailments,2012:09:CSX:000108524,0,0,10000,381398,30,13,1,WETZEL,9/25/2012 0:00,2:35,2012,2012,"T207,","CSX,",1,"T2,","T,",MAIN,West Virginia,39.714409,-80.824623,"West Virginia
(39.714409, -80.824623)"
Derailments,2015:09:NS:117232,0,0,4100,10000,0,0,0,MECKLENBURG,9/3/2015 0:00,15:20,2015,2015,"H518,","NS,",1,"H5,","H,",YARD,North Carolina,35.240792,-80.82288,"North Carolina
(35.240792, -80.82288)"
Derailments,2011:10:NS:096805,0,0,1700,259064,0,0,0,BELMONT,10/26/2011 0:00,18:40,2011,2012,"T207,","NS,",1,"T2,","T,",MAIN,Ohio,39.856342,-80.813367,"Ohio
(39.856342, -80.813367)"
Derailments,2014:02:PEND:INDUSTRY,0,0,12668,78484,0,0,0,BELMONT,2/6/2014 0:00,1:00,2014,2014,"M101,","NS,",1,"M1,","M,",INDUSTRY,Ohio,39.856636,-80.812926,"Ohio
(39.856636, -80.812926)"
Highway-rail impact,2014:08:CSX:000132910,0,0,14574,119,0,0,0,COLLETON,8/3/2014 0:00,2:52,2014,2014,"M302,","CSX,",1,"M3,","M,",MAIN,South Carolina,32.705833,-80.8125,"South Carolina
(32.705833, -80.8125)"
Derailments,2013:08:NS:106192,0,0,10000,7600,0,0,0,ASHTABULA,8/31/2013 0:00,9:45,2013,2013,"T207,","NS,",1,"T2,","T,",YARD,Ohio,41.886653,-80.802503,"Ohio
(41.886653, -80.802503)"
Other events,2011:06:NS:096074,0,0,0,78000,0,0,0,ASHTABULA,6/28/2011 0:00,6:00,2011,2011,"E04C,","NS,",6,"E0,","E,",YARD,Ohio,41.888738,-80.802466,"Ohio
(41.888738, -80.802466)"
Other events,2015:06:NS:116064,0,0,3240,70000,0,0,0,COLUMBIANA,6/13/2015 0:00,14:52,2015,2015,"E13C,","NS,",1,"E1,","E,",MAIN,Ohio,40.862103,-80.794868,"Ohio
(40.862103, -80.794868)"
Derailments,2016:07:CSX:000161321,0,0,44500,95710,26,0,0,UNION,7/14/2016 0:00,9:40,2016,2016,"E54C,","CSX,",1,"E5,","E,",MAIN,North Carolina,34.921404,-80.790454,"North Carolina
(34.921404, -80.790454)"
Derailments,2014:11:NS:112934,0,0,15729,1800,29,1,0,COLUMBIANA,11/8/2014 0:00,17:30,2014,2015,"E61C,","NS,",1,"E6,","E,",MAIN,Ohio,40.865852,-80.787035,"Ohio
(40.865852, -80.787035)"
Other impacts,2016:06:YVRR:0662016,0,0,0,120000,0,0,0,SURRY,6/3/2016 0:00,14:27,2016,2016,"H302,H306,","YVRR,",7,"H3,","H,",SIDING,North Carolina,36.255264,-80.783022,"North Carolina
(36.255264, -80.783022)"
Derailments,2011:07:CSX:000092330,0,0,250000,760539,1,0,0,TRUMBULL,7/30/2011 0:00,14:30,2011,2011,"T109,","CSX,",1,"T1,","T,",MAIN,Ohio,41.168107,-80.775446,"Ohio
(41.168107, -80.775446)"
Derailments,2012:07:WE:120046,0,0,16565,4435,0,0,0,JEFFERSON,7/22/2012 0:00,10:30,2012,2012,"T110,","WE,",1,"T1,","T,",MAIN,Ohio,40.201138,-80.770269,"Ohio
(40.201138, -80.770269)"
Derailments,2015:03:YVRR:03242015,0,0,18862,40000,0,0,0,SURRY,3/24/2015 0:00,16:30,2015,2015,"E49C,E4BC,","YVRR,",1,"E4,","E,",MAIN,North Carolina,36.278259,-80.759471,"North Carolina
(36.278259, -80.759471)"
Other impacts,2013:07:CSX:000118005,0,0,50,9991,0,0,0,MARSHALL,7/2/2013 0:00,24:30:00,2013,2013,"H318,","CSX,",65,"H3,","H,",YARD,West Virginia,40.005324,-80.734738,"West Virginia
(40.005324, -80.734738)"
Other events,2014:06:NS:110966,0,0,6030,20000,0,0,0,MECKLENBURG,6/22/2014 0:00,3:45,2014,2014,"E99C,","NS,",1,"E9,","E,",MAIN,North Carolina,35.310989,-80.711201,"North Carolina
(35.310989, -80.711201)"
Obstruction impact,2011:06:NS:095312,0,0,0,50000,0,0,0,GILES,6/24/2011 0:00,12:10,2011,2011,"M404,","NS,",1,"M4,","M,",MAIN,Virginia,37.361914,-80.702999,"Virginia
(37.361914, -80.702999)"