AccidentType,inckey,Fatalities,Injuries,TrackDamage,EquipmentDamage,HazmatCars,HazmatCarsDerailed,HazmatCarsReleasing,County,DisplayDate,DisplayTime,calendar,Fiscal,AccidentCause,RailroadCodes,RAILEQUIPMENT_TYPE,CauseGroup,CauseDiscipline,TYPE_OF_TRACK,StateName,latitude,longitude,GeoLocation
Derailments,2015:11:CSX:000154548,0,0,7000,4000,0,0,0,TRUMBULL,11/22/2015 0:00,7:30,2015,2016,"H993,","CSX,",1,"H9,","H,",YARD,Ohio,41.138514,-80.702714,"Ohio
(41.138514, -80.702714)"
Obstruction impact,2016:07:NS:121213,0,0,0,63200,0,0,0,MECKLENBURG,7/11/2016 0:00,9:30,2016,2016,"H306,","NS,",NA,"H3,","H,",MAIN,North Carolina,35.314279,-80.69614,"North Carolina
(35.314279, -80.69614)"
Other impacts,2011:11:CSX:000098021,0,0,0,12292,5,0,0,RICHLAND,11/25/2011 0:00,3:56,2011,2012,"H212,","CSX,",1,"H2,","H,",YARD,South Carolina,33.877061,-80.693465,"South Carolina
(33.877061, -80.693465)"
Derailments,2012:11:SCEZ:INDUSTRY,0,0,8000,161791,0,0,0,RICHLAND,11/5/2012 0:00,10:04,2012,2013,"T220,","CSX,",1,"T2,","T,",INDUSTRY,South Carolina,33.877061,-80.693465,"South Carolina
(33.877061, -80.693465)"
Derailments,2015:12:FEC:D86122015,0,0,271419,300000,0,0,0,BREVARD,12/20/2015 0:00,5:00,2015,2016,"E51L,","FEC,",1,"E5,","E,",MAIN,Florida,28.258708,-80.687335,"Florida
(28.258708, -80.687335)"
Derailments,2013:03:WE:130018,0,0,3267,8135,11,3,0,JEFFERSON,3/15/2013 0:00,3:30,2013,2013,"H303,","WE,",7,"H3,","H,",INDUSTRY,Ohio,40.190853,-80.685583,"Ohio
(40.190853, -80.685583)"
Derailments,2012:02:XVGM:INDUSTRY,0,0,100,26801,0,0,0,GREENBRIER,2/13/2012 0:00,18:51,2012,2012,"H524,","CSX,",1,"H5,","H,",MAIN,West Virginia,38.096834,-80.682061,"West Virginia
(38.096834, -80.682061)"
Derailments,2012:11:XWRT:INDUSTRY,0,0,27000,49000,0,0,0,JEFFERSON,11/11/2012 0:00,11:30,2012,2013,"T110,","WE,",7,"T1,","T,",INDUSTRY,Ohio,40.192639,-80.678878,"Ohio
(40.192639, -80.678878)"
Derailments,2011:12:AO:A2011DEC2D,0,0,38000,105000,0,0,0,BRAXTON,12/23/2011 0:00,21:55,2011,2012,"T220,","AO,",1,"T2,","T,",MAIN,West Virginia,38.82166,-80.66783,"West Virginia
(38.82166, -80.66783)"
Rear end collision,2011:05:CSX:000089680,2,2,40000,1417301,0,0,0,UNION,5/24/2011 0:00,3:35,2011,2011,"H222,H605,","CSX,",1,"H2,H6,","H,",MAIN,North Carolina,34.943754,-80.658038,"North Carolina
(34.943754, -80.658038)"
Derailments,2014:04:NS:109935,0,0,23856,11913,0,0,0,ROWAN,4/7/2014 0:00,22:30,2014,2014,"T110,","NS,",1,"T1,","T,",YARD,North Carolina,35.727131,-80.653812,"North Carolina
(35.727131, -80.653812)"
Highway-rail impact,2014:06:NS:111331,0,1,16759,0,0,0,0,CABARRUS,6/6/2014 0:00,24:15:00,2014,2014,"M302,M399,","ATK,NS,",2,"M3,","M,",MAIN,North Carolina,35.316156,-80.652639,"North Carolina
(35.316156, -80.652639)"
Rear end collision,2015:07:NS:116523,0,2,318685,1628004,0,0,0,PULASKI,7/14/2015 0:00,15:50,2015,2015,"H222,H605,","NS,",1,"H2,H6,","H,",MAIN,Virginia,37.126029,-80.648965,"Virginia
(37.126029, -80.648965)"
Derailments,2013:11:NS:107615,0,0,1500,20000,0,0,0,ROWAN,11/4/2013 0:00,21:55,2013,2014,"H306,H303,","NS,",1,"H3,","H,",YARD,North Carolina,35.724076,-80.639134,"North Carolina
(35.724076, -80.639134)"
Derailments,2014:04:NS:109892,0,0,14678,500,0,0,0,ROWAN,4/4/2014 0:00,14:25,2014,2014,"T110,","NS,",1,"T1,","T,",YARD,North Carolina,35.723312,-80.635464,"North Carolina
(35.723312, -80.635464)"
Highway-rail impact,2013:05:FEC:X12052413,1,0,50556,659,2,0,0,BREVARD,5/24/2013 0:00,3:46,2013,2013,"M301,","FEC,",1,"M3,","M,",MAIN,Florida,28.128936,-80.634048,"Florida
(28.128936, -80.634048)"
Derailments,2014:12:NS:113358,0,0,20742,1275,0,0,0,ROWAN,12/9/2014 0:00,10:00,2014,2015,"T206,","NS,",1,"T2,","T,",YARD,North Carolina,35.739213,-80.628711,"North Carolina
(35.739213, -80.628711)"
Highway-rail impact,2012:05:NS:099584,0,3,0,14462,0,0,0,CABARRUS,5/2/2012 0:00,24:15:00,2012,2012,"M304,","ATK,NS,",2,"M3,","M,",MAIN,North Carolina,35.331997,-80.628082,"North Carolina
(35.331997, -80.628082)"
Highway-rail impact,2016:02:CSX:000157431,0,0,100,17107,18,0,0,WETZEL,2/24/2016 0:00,2:40,2016,2016,"M303,","CSX,",1,"M3,","M,",MAIN,West Virginia,39.520234,-80.621796,"West Virginia
(39.520234, -80.621796)"
Derailments,2012:03:NS:099244,0,0,0,10230,0,0,0,JEFFERSON,3/31/2012 0:00,3:00,2012,2012,"H303,","NS,",8,"H3,","H,",YARD,Ohio,40.309607,-80.610939,"Ohio
(40.309607, -80.610939)"
Other events,2012:04:NS:099386,0,0,0,107000,0,0,0,JEFFERSON,4/11/2012 0:00,10:26,2012,2012,"H317,","NS,",7,"H3,","H,",YARD,Ohio,40.309607,-80.610939,"Ohio
(40.309607, -80.610939)"
Derailments,2012:06:NS:100276,0,0,10623,6600,0,0,0,JEFFERSON,6/26/2012 0:00,2:10,2012,2012,"T221,","NS,",1,"T2,","T,",YARD,Ohio,40.309607,-80.610939,"Ohio
(40.309607, -80.610939)"
Derailments,2013:04:NS:104411,0,0,600,17150,0,0,0,JEFFERSON,4/25/2013 0:00,24:14:00,2013,2013,"T110,","NS,",1,"T1,","T,",YARD,Ohio,40.309607,-80.610939,"Ohio
(40.309607, -80.610939)"
Derailments,2013:04:NS:104453,0,0,450,47403,0,0,0,JEFFERSON,4/30/2013 0:00,1:00,2013,2013,"H306,H702,","NS,",7,"H3,H7,","H,",YARD,Ohio,40.309607,-80.610939,"Ohio
(40.309607, -80.610939)"
Derailments,2015:11:NS:118320,0,0,5000,61625,0,0,0,JEFFERSON,11/22/2015 0:00,19:00,2015,2016,"T210,","NS,",67,"T2,","T,",YARD,Ohio,40.310309,-80.610637,"Ohio
(40.310309, -80.610637)"
Derailments,2012:07:WE:120036,0,0,31626,493,10,1,0,JEFFERSON,7/4/2012 0:00,15:10,2012,2012,"T110,","WE,",7,"T1,","T,",YARD,Ohio,40.30595,-80.610222,"Ohio
(40.30595, -80.610222)"
Derailments,2014:07:NS:111359,0,0,923,12025,0,0,0,JEFFERSON,7/18/2014 0:00,12:48,2014,2014,"H704,","NS,",1,"H7,","H,",YARD,Ohio,40.314442,-80.608729,"Ohio
(40.314442, -80.608729)"
Derailments,2012:08:NS:101116,0,0,500,20450,0,0,0,CABARRUS,8/22/2012 0:00,11:55,2012,2012,"H303,","NS,",1,"H3,","H,",INDUSTRY,North Carolina,35.340823,-80.607574,"North Carolina
(35.340823, -80.607574)"
Derailments,2012:07:WE:120043,0,0,54291,110,0,0,0,JEFFERSON,7/19/2012 0:00,17:40,2012,2012,"T110,","WE,",8,"T1,","T,",YARD,Ohio,40.306055,-80.606844,"Ohio
(40.306055, -80.606844)"
Highway-rail impact,2013:04:CSX:000115626,0,1,150000,3500,0,0,0,UNION,4/30/2013 0:00,16:50,2013,2013,"M304,","CSX,",1,"M3,","M,",MAIN,North Carolina,35.027701,-80.604998,"North Carolina
(35.027701, -80.604998)"
Derailments,2011:10:WE:110073,0,0,169966,49102,0,0,0,JEFFERSON,10/28/2011 0:00,4:40,2011,2012,"T205,","WE,",7,"T2,","T,",MAIN,Ohio,40.314901,-80.602255,"Ohio
(40.314901, -80.602255)"
Derailments,2013:01:NS:102772,0,0,1902,24537,0,0,0,BROOKE,1/2/2013 0:00,10:35,2013,2013,"T216,","NS,",8,"T2,","T,",INDUSTRY,West Virginia,40.326296,-80.598082,"West Virginia
(40.326296, -80.598082)"
Highway-rail impact,2012:05:CSX:000103482,0,3,70000,100000,16,0,0,CALHOUN,5/7/2012 0:00,15:28,2012,2012,"M308,","CSX,",1,"M3,","M,",MAIN,South Carolina,33.623289,-80.59389,"South Carolina
(33.623289, -80.59389)"
Other events,2012:08:NS:101057,0,0,0,30000,0,0,0,ASHTABULA,8/19/2012 0:00,2:50,2012,2012,"M502,","NS,",6,"M5,","M,",YARD,Ohio,41.945432,-80.563313,"Ohio
(41.945432, -80.563313)"
Derailments,2014:01:NS:108509,0,0,500,12794,0,0,0,RADFORD,1/10/2014 0:00,10:57,2014,2014,"T207,","NS,",1,"T2,","T,",YARD,Virginia,37.141561,-80.556857,"Virginia
(37.141561, -80.556857)"
Side collision,2014:04:CSX:000128374,0,0,1500,43000,0,0,0,UNION,4/10/2014 0:00,8:51,2014,2014,"T110,","CSX,",81,"T1,","T,",YARD,North Carolina,34.983348,-80.542035,"North Carolina
(34.983348, -80.542035)"
Derailments,2011:05:NS:095028,0,2,33000,32199,0,0,0,MONTGOMERY,5/27/2011 0:00,17:05,2011,2011,"T002,","NS,",1,"T0,","T,",MAIN,Virginia,37.182566,-80.513764,"Virginia
(37.182566, -80.513764)"
Derailments,2013:01:NS:102992,0,0,16792,1425,0,0,0,BEAVER,1/16/2013 0:00,17:55,2013,2013,"T110,","NS,",1,"T1,","T,",INDUSTRY,Pennsylvania,40.644658,-80.51197,"Pennsylvania
(40.644658, -80.51197)"
Derailments,2012:01:NS:097791,0,0,500,40550,0,0,0,MERCER,1/25/2012 0:00,3:45,2012,2012,"M409,","NS,",1,"M4,","M,",MAIN,Pennsylvania,41.238324,-80.511066,"Pennsylvania
(41.238324, -80.511066)"
Derailments,2014:08:NS:111968,0,0,1305,11387,0,0,0,MERCER,8/28/2014 0:00,24:20:00,2014,2014,"T314,","NS,",1,"T3,","T,",YARD,Pennsylvania,41.242055,-80.508777,"Pennsylvania
(41.242055, -80.508777)"
Derailments,2014:05:NS:110450,0,0,1115,35000,0,0,0,MERCER,5/14/2014 0:00,5:10,2014,2014,"H702,","NS,",1,"H7,","H,",YARD,Pennsylvania,41.251508,-80.504956,"Pennsylvania
(41.251508, -80.504956)"
Obstruction impact,2015:11:WE:150147,0,0,674,13453,35,0,0,WASHINGTON,11/6/2015 0:00,5:00,2015,2016,"M101,","WE,",1,"M1,","M,",MAIN,Pennsylvania,40.270914,-80.489891,"Pennsylvania
(40.270914, -80.489891)"
Derailments,2013:07:SCXF:20130723,0,0,40610,350000,0,0,0,PALM BEACH,7/23/2013 0:00,11:45,2013,2013,"T312,T319,","SCXF,",1,"T3,","T,",MAIN,Florida,26.403417,-80.475543,"Florida
(26.403417, -80.475543)"
Highway-rail impact,2013:03:NS:103825,0,0,10000,1000,0,0,0,ROWAN,3/13/2013 0:00,11:48,2013,2013,"M303,","NS,",1,"M3,","M,",MAIN,North Carolina,35.673525,-80.456353,"North Carolina
(35.673525, -80.456353)"
Derailments,2011:09:LC:000111,0,0,12150,3025,0,0,0,LANCASTER,9/2/2011 0:00,24:09:00,2011,2011,"E64C,","LC,",1,"E6,","E,",MAIN,South Carolina,34.425685,-80.455256,"South Carolina
(34.425685, -80.455256)"
Derailments,2012:11:GICX:GCC111912,0,0,22400,5976,2,1,0,DORCHESTER,11/19/2012 0:00,24:00:00,2012,2013,"T314,","GICX,",7,"T3,","T,",YARD,South Carolina,33.239405,-80.443547,"South Carolina
(33.239405, -80.443547)"
Derailments,2012:03:NS:098885,0,0,1356,47001,0,0,0,ROWAN,3/2/2012 0:00,9:25,2012,2012,"T110,","ATK,NS,",2,"T1,","T,",YARD,North Carolina,35.686285,-80.436224,"North Carolina
(35.686285, -80.436224)"
Derailments,2013:04:NS:104208,0,0,18795,0,0,0,0,MONTGOMERY,4/11/2013 0:00,16:05,2013,2013,"T108,","NS,",4,"T1,","T,",MAIN,Virginia,37.169444,-80.430572,"Virginia
(37.169444, -80.430572)"
Derailments,2016:08:CSX:000162089,0,0,26700,31172,75,2,0,LAWRENCE,8/14/2016 0:00,3:23,2016,2016,"E79L,","CSX,",1,"E7,","E,",MAIN,Pennsylvania,40.99184,-80.400151,"Pennsylvania
(40.99184, -80.400151)"
Derailments,2013:03:CSX:000113527,0,0,1000,13439,0,0,0,LAWRENCE,3/3/2013 0:00,18:14,2013,2013,"T221,","CSX,",7,"T2,","T,",YARD,Pennsylvania,40.973236,-80.377155,"Pennsylvania
(40.973236, -80.377155)"
Raking collision,2013:08:NS:106002,0,0,0,28500,0,0,0,DAVIDSON,8/18/2013 0:00,6:45,2013,2013,"H099,","NS,",7,"H0,","H,",YARD,North Carolina,35.720101,-80.375337,"North Carolina
(35.720101, -80.375337)"
Side collision,2014:04:FEC:D92041514,0,0,0,25000,0,0,0,ST LUCIE,4/15/2014 0:00,6:15,2014,2014,"H018,","FEC,",15,"H0,","H,",MAIN,Florida,27.394589,-80.369328,"Florida
(27.394589, -80.369328)"
Derailments,2014:10:FEC:D138102114,0,0,3841,10373,0,0,0,DADE,10/21/2014 0:00,1:45,2014,2015,"T110,","FEC,",7,"T1,","T,",INDUSTRY,Florida,25.880051,-80.366244,"Florida
(25.880051, -80.366244)"
Highway-rail impact,2012:10:CSX:000108961,0,0,0,20000,0,0,0,PALM BEACH,10/6/2012 0:00,13:46,2012,2013,"M302,","ATK,CSX,",2,"M3,","M,",MAIN,Florida,27.029283,-80.354685,"Florida
(27.029283, -80.354685)"
Derailments,2013:02:CSX:000112863,0,0,15000,510900,0,0,0,HARRISON,2/9/2013 0:00,16:16,2013,2013,"M404,","CSX,",1,"M4,","M,",MAIN,West Virginia,39.312534,-80.348467,"West Virginia
(39.312534, -80.348467)"
Other impacts,2014:05:NS:110556,0,0,0,20000,0,0,0,DAVIDSON,5/19/2014 0:00,2:23,2014,2014,"M411,","NS,",7,"M4,","M,",YARD,North Carolina,35.731152,-80.342674,"North Carolina
(35.731152, -80.342674)"
Derailments,2011:11:CSX:000098108,0,0,200,43812,5,0,0,UNION,11/26/2011 0:00,19:05,2011,2012,"H519,","CSX,",1,"H5,","H,",MAIN,North Carolina,34.989569,-80.332494,"North Carolina
(34.989569, -80.332494)"
Derailments,2014:09:NS:112168,0,0,5585,7650,11,0,0,BEAVER,9/14/2014 0:00,7:20,2014,2014,"H506,","NS,",1,"H5,","H,",MAIN,Pennsylvania,40.814939,-80.328962,"Pennsylvania
(40.814939, -80.328962)"
Derailments,2014:12:FEC:D157121514,0,0,8294,40000,0,0,0,ST LUCIE,12/15/2014 0:00,10:50,2014,2015,"T212,","FEC,",7,"T2,","T,",YARD,Florida,27.440645,-80.322574,"Florida
(27.440645, -80.322574)"
Derailments,2016:04:NS:119990,0,0,20000,400,0,0,0,DORCHESTER,4/4/2016 0:00,6:20,2016,2016,"H701,","NS,",1,"H7,","H,",SIDING,South Carolina,33.097825,-80.319446,"South Carolina
(33.097825, -80.319446)"
Other events,2012:03:NS:099016,0,0,0,15194,0,0,0,DAVIDSON,3/12/2012 0:00,7:00,2012,2012,"H302,","NS,",8,"H3,","H,",YARD,North Carolina,35.750603,-80.318297,"North Carolina
(35.750603, -80.318297)"
Other impacts,2013:08:NS:105800,0,0,0,24000,0,0,0,DAVIDSON,8/4/2013 0:00,11:40,2013,2013,"S016,","NS,",7,"S0,","S,",YARD,North Carolina,35.750594,-80.318289,"North Carolina
(35.750594, -80.318289)"
Derailments,2014:01:NS:108470,0,0,16972,300,0,0,0,DAVIDSON,1/8/2014 0:00,15:30,2014,2014,"M599,","NS,",6,"M5,","M,",YARD,North Carolina,35.750594,-80.318289,"North Carolina
(35.750594, -80.318289)"
Derailments,2014:02:NS:108868,0,0,1848,30800,0,0,0,DAVIDSON,2/3/2014 0:00,4:20,2014,2014,"H316,","NS,",7,"H3,","H,",YARD,North Carolina,35.750594,-80.318289,"North Carolina
(35.750594, -80.318289)"
Derailments,2014:07:NS:111374,0,0,6000,7000,0,0,0,DAVIDSON,7/19/2014 0:00,12:48,2014,2014,"S007,","NS,",7,"S0,","S,",YARD,North Carolina,35.750594,-80.318289,"North Carolina
(35.750594, -80.318289)"
Derailments,2015:12:NS:118679,0,0,2500,28430,0,0,0,DAVIDSON,12/24/2015 0:00,1:45,2015,2016,"E30C,","NS,",7,"E3,","E,",YARD,North Carolina,35.750594,-80.318289,"North Carolina
(35.750594, -80.318289)"
Derailments,2016:01:NS:118869,0,0,2500,17108,0,0,0,DAVIDSON,1/11/2016 0:00,10:05,2016,2016,"M404,","NS,",7,"M4,","M,",YARD,North Carolina,35.750594,-80.318289,"North Carolina
(35.750594, -80.318289)"
Derailments,2015:07:NS:116535,0,0,11149,16910,0,0,0,DAVIDSON,7/15/2015 0:00,5:50,2015,2015,"H399,","NS,",7,"H3,","H,",YARD,North Carolina,35.750595,-80.318288,"North Carolina
(35.750595, -80.318288)"
Derailments,2012:07:NS:100766,0,0,0,25150,0,0,0,DAVIDSON,7/30/2012 0:00,17:10,2012,2012,"H316,","NS,",7,"H3,","H,",YARD,North Carolina,35.750603,-80.318287,"North Carolina
(35.750603, -80.318287)"
Derailments,2012:08:NS:100850,0,0,0,38000,0,0,0,DAVIDSON,8/4/2012 0:00,17:35,2012,2012,"H306,","NS,",7,"H3,","H,",YARD,North Carolina,35.750603,-80.318287,"North Carolina
(35.750603, -80.318287)"
Raking collision,2012:10:NS:101807,0,0,9500,24600,0,0,0,DAVIDSON,10/15/2012 0:00,2:49,2012,2013,"H306,","NS,",17,"H3,","H,",YARD,North Carolina,35.750603,-80.318287,"North Carolina
(35.750603, -80.318287)"
Derailments,2013:06:NS:105195,0,0,19900,3500,0,0,0,DAVIDSON,6/23/2013 0:00,6:00,2013,2013,"M411,","NS,",7,"M4,","M,",YARD,North Carolina,35.750603,-80.318287,"North Carolina
(35.750603, -80.318287)"
Other impacts,2014:08:FEC:D118081014,0,0,0,78000,0,0,0,MIAMI-DADE,8/10/2014 0:00,16:20,2014,2014,"H307,","FEC,",7,"H3,","H,",YARD,Florida,25.826958,-80.309352,"Florida
(25.826958, -80.309352)"
Derailments,2016:02:FEC:D14021816,0,0,10589,2361,3,0,0,MIAMI-DADE,2/18/2016 0:00,19:05,2016,2016,"T314,","FEC,",7,"T3,","T,",YARD,Florida,25.817016,-80.308837,"Florida
(25.817016, -80.308837)"
Derailments,2015:09:FEC:D53090315,0,0,11416,11041,7,0,0,DADE,9/3/2015 0:00,8:40,2015,2015,"T205,","FEC,",1,"T2,","T,",YARD,Florida,25.815649,-80.308801,"Florida
(25.815649, -80.308801)"
Derailments,2015:11:FEC:D75110815,0,0,10258,4329,0,0,0,DADE,11/8/2015 0:00,8:40,2015,2016,"H503,","FEC,",7,"H5,","H,",YARD,Florida,25.825951,-80.308563,"Florida
(25.825951, -80.308563)"
Derailments,2014:11:FEC:D148111614,0,0,2098,14000,11,0,0,DADE,11/16/2014 0:00,2:00,2014,2015,"H525,","FEC,",1,"H5,","H,",YARD,Florida,25.816584,-80.305767,"Florida
(25.816584, -80.305767)"
Derailments,2014:09:YVRR:092414,0,0,4000,80000,0,0,0,FORSYTH,9/24/2014 0:00,7:10,2014,2014,"T499,E29C,","YVRR,",1,"T4,E2,","T,E,",SIDING,North Carolina,36.24536,-80.300722,"North Carolina
(36.24536, -80.300722)"
Obstruction impact,2015:03:CSX:000143277,0,0,50,141775,0,0,0,GREENBRIER,3/14/2015 0:00,21:50,2015,2015,"M404,M101,","CSX,",1,"M4,M1,","M,",MAIN,West Virginia,37.788336,-80.291313,"West Virginia
(37.788336, -80.291313)"
Derailments,2011:07:XCNE:INDUSTRY,0,0,200,16000,0,0,0,GREENE,7/21/2011 0:00,22:26,2011,2011,"M101,","NS,",1,"M1,","M,",INDUSTRY,Pennsylvania,39.726374,-80.274806,"Pennsylvania
(39.726374, -80.274806)"
Derailments,2015:02:NS:114221,0,0,148127,4800,0,0,0,BEAVER,2/5/2015 0:00,11:15,2015,2015,"H309,","NS,",7,"H3,","H,",MAIN,Pennsylvania,40.692371,-80.262047,"Pennsylvania
(40.692371, -80.262047)"
Derailments,2016:05:NS:120560,0,0,40500,32005,2,0,0,BEAVER,5/18/2016 0:00,20:46,2016,2016,"M405,","NS,",17,"M4,","M,",YARD,Pennsylvania,40.692371,-80.262047,"Pennsylvania
(40.692371, -80.262047)"
Derailments,2016:05:SFRV:051716,0,0,11939,36423,0,0,0,MIAMI-DADE,5/17/2016 0:00,9:53,2016,2016,"H704,","SFRV,",NA,"H7,","H,",YARD,Florida,25.85288,-80.259048,"Florida
(25.85288, -80.259048)"
Derailments,2013:06:SFRV:061413,0,0,7306,5600,0,0,0,MIAMI-DADE,6/14/2013 0:00,16:05,2013,2013,"H306,","SFRV,",7,"H3,","H,",YARD,Florida,25.854753,-80.259016,"Florida
(25.854753, -80.259016)"
Explosion/detonation,2011:11:CSX:000115841,0,0,0,26274,0,0,0,MIAMI-DADE,11/13/2011 0:00,10:00,2011,2012,"E79L,","CSX,SFRV,",8,"E7,","E,",YARD,Florida,25.855069,-80.258989,"Florida
(25.855069, -80.258989)"
Other impacts,2014:08:ATK:134102,0,0,0,65000,0,0,0,DADE,8/20/2014 0:00,3:20,2014,2014,"H018,","ATK,",67,"H0,","H,",YARD,Florida,25.854107,-80.25826,"Florida
(25.854107, -80.25826)"
Derailments,2014:05:NS:110313,0,0,47877,181609,0,0,0,GREENE,5/4/2014 0:00,3:30,2014,2014,"T207,","NS,",1,"T2,","T,",MAIN,Pennsylvania,39.876074,-80.258191,"Pennsylvania
(39.876074, -80.258191)"
Raking collision,2014:09:NS:112017,0,0,0,112250,0,0,0,BEAVER,9/1/2014 0:00,23:00,2014,2014,"H020,","NS,",76,"H0,","H,",YARD,Pennsylvania,40.678345,-80.252789,"Pennsylvania
(40.678345, -80.252789)"
Derailments,2013:11:NS:107832,0,0,100,10350,7,0,0,BEAVER,11/21/2013 0:00,8:50,2013,2014,"T210,","NS,",7,"T2,","T,",YARD,Pennsylvania,40.642361,-80.251826,"Pennsylvania
(40.642361, -80.251826)"
Derailments,2013:08:NS:106115,0,0,7000,32914,0,0,0,BEAVER,8/26/2013 0:00,9:30,2013,2013,"M405,","NS,",7,"M4,","M,",YARD,Pennsylvania,40.671361,-80.251826,"Pennsylvania
(40.671361, -80.251826)"
Derailments,2013:09:NS:106480,0,0,79000,22700,0,0,0,BEAVER,9/22/2013 0:00,11:45,2013,2013,"T110,","NS,",7,"T1,","T,",YARD,Pennsylvania,40.672361,-80.251826,"Pennsylvania
(40.672361, -80.251826)"
Derailments,2013:11:NS:107628,0,0,0,12213,0,0,0,BEAVER,11/6/2013 0:00,2:30,2013,2014,"H306,","NS,",8,"H3,","H,",YARD,Pennsylvania,40.672361,-80.251826,"Pennsylvania
(40.672361, -80.251826)"
Other impacts,2013:11:NS:107883,0,0,0,30050,22,0,0,BEAVER,11/25/2013 0:00,5:30,2013,2014,"M411,","NS,",67,"M4,","M,",YARD,Pennsylvania,40.672361,-80.251826,"Pennsylvania
(40.672361, -80.251826)"
Raking collision,2013:12:NS:108052,0,0,0,15650,0,0,0,BEAVER,12/6/2013 0:00,17:30,2013,2014,"M105,","NS,",67,"M1,","M,",YARD,Pennsylvania,40.672361,-80.251826,"Pennsylvania
(40.672361, -80.251826)"
Derailments,2014:02:NS:108884,0,0,9391,23586,0,0,0,BEAVER,2/3/2014 0:00,8:55,2014,2014,"H306,H702,","NS,",8,"H3,H7,","H,",YARD,Pennsylvania,40.672361,-80.251826,"Pennsylvania
(40.672361, -80.251826)"
Derailments,2014:02:NS:109344,0,0,1647,18352,0,0,0,BEAVER,2/25/2014 0:00,2:00,2014,2014,"T207,","NS,",8,"T2,","T,",YARD,Pennsylvania,40.672361,-80.251826,"Pennsylvania
(40.672361, -80.251826)"
Derailments,2014:03:NS:109585,0,0,56210,12600,15,0,0,BEAVER,3/12/2014 0:00,19:20,2014,2014,"H704,","NS,",1,"H7,","H,",YARD,Pennsylvania,40.672361,-80.251826,"Pennsylvania
(40.672361, -80.251826)"
Derailments,2014:03:NS:109633,0,0,29614,2400,0,0,0,BEAVER,3/14/2014 0:00,11:00,2014,2014,"T314,","NS,",8,"T3,","T,",YARD,Pennsylvania,40.672361,-80.251826,"Pennsylvania
(40.672361, -80.251826)"
Derailments,2014:05:NS:110393,0,0,4256,10000,0,0,0,BEAVER,5/10/2014 0:00,7:30,2014,2014,"H702,","NS,",7,"H7,","H,",YARD,Pennsylvania,40.672361,-80.251826,"Pennsylvania
(40.672361, -80.251826)"
Other impacts,2014:07:NS:111270,0,0,10552,14950,2,0,0,BEAVER,7/10/2014 0:00,20:00,2014,2014,"M408,","NS,",76,"M4,","M,",YARD,Pennsylvania,40.672361,-80.251826,"Pennsylvania
(40.672361, -80.251826)"
Other impacts,2014:07:NS:111300,0,0,134,28100,1,0,0,BEAVER,7/13/2014 0:00,17:15,2014,2014,"S016,","NS,",57,"S0,","S,",YARD,Pennsylvania,40.672361,-80.251826,"Pennsylvania
(40.672361, -80.251826)"
Derailments,2014:08:NS:111647,0,0,8307,52582,0,0,0,BEAVER,8/7/2014 0:00,13:05,2014,2014,"H306,H702,","NS,",7,"H3,H7,","H,",YARD,Pennsylvania,40.672361,-80.251826,"Pennsylvania
(40.672361, -80.251826)"
Derailments,2014:08:NS:111715,0,0,100,11886,0,0,0,BEAVER,8/13/2014 0:00,12:15,2014,2014,"T311,","NS,",8,"T3,","T,",YARD,Pennsylvania,40.672361,-80.251826,"Pennsylvania
(40.672361, -80.251826)"
Other impacts,2014:08:NS:111792,0,0,10972,1491,1,0,0,BEAVER,8/16/2014 0:00,24:41:00,2014,2014,"M411,","NS,",7,"M4,","M,",YARD,Pennsylvania,40.672361,-80.251826,"Pennsylvania
(40.672361, -80.251826)"
Derailments,2014:08:NS:111856,0,0,1000,25000,0,0,0,BEAVER,8/20/2014 0:00,13:30,2014,2014,"T207,","NS,",7,"T2,","T,",YARD,Pennsylvania,40.672361,-80.251826,"Pennsylvania
(40.672361, -80.251826)"
Derailments,2014:09:NS:112196,0,0,0,11779,0,0,0,BEAVER,9/16/2014 0:00,11:57,2014,2014,"T314,","NS,",8,"T3,","T,",YARD,Pennsylvania,40.672361,-80.251826,"Pennsylvania
(40.672361, -80.251826)"
Derailments,2014:09:NS:112362,0,0,0,15600,0,0,0,BEAVER,9/28/2014 0:00,21:24,2014,2014,"M408,","NS,",7,"M4,","M,",YARD,Pennsylvania,40.672361,-80.251826,"Pennsylvania
(40.672361, -80.251826)"
Derailments,2014:09:NS:112363,0,0,2000,14200,0,0,0,BEAVER,9/28/2014 0:00,23:14,2014,2014,"H316,","NS,",75,"H3,","H,",YARD,Pennsylvania,40.672361,-80.251826,"Pennsylvania
(40.672361, -80.251826)"
Derailments,2014:10:NS:112747,0,0,1640,110250,0,0,0,BEAVER,10/23/2014 0:00,21:15,2014,2015,"H306,","NS,",67,"H3,","H,",YARD,Pennsylvania,40.672361,-80.251826,"Pennsylvania
(40.672361, -80.251826)"