AccidentType,inckey,Fatalities,Injuries,TrackDamage,EquipmentDamage,HazmatCars,HazmatCarsDerailed,HazmatCarsReleasing,County,DisplayDate,DisplayTime,calendar,Fiscal,AccidentCause,RailroadCodes,RAILEQUIPMENT_TYPE,CauseGroup,CauseDiscipline,TYPE_OF_TRACK,StateName,latitude,longitude,GeoLocation
Derailments,2014:12:NS:113488,0,0,82099,42925,13,13,0,BEAVER,12/16/2014 0:00,17:15,2014,2015,"T110,","NS,",7,"T1,","T,",YARD,Pennsylvania,40.672361,-80.251826,"Pennsylvania
(40.672361, -80.251826)"
Other impacts,2015:01:NS:113641,0,0,0,102548,15,0,0,BEAVER,1/2/2015 0:00,6:30,2015,2015,"M408,","NS,",7,"M4,","M,",YARD,Pennsylvania,40.672361,-80.251826,"Pennsylvania
(40.672361, -80.251826)"
Derailments,2015:01:NS:113709,0,0,2933,12515,0,0,0,BEAVER,1/7/2015 0:00,17:00,2015,2015,"T316,","NS,",8,"T3,","T,",YARD,Pennsylvania,40.672361,-80.251826,"Pennsylvania
(40.672361, -80.251826)"
Derailments,2015:01:NS:113757,0,0,4040,8600,0,0,0,BEAVER,1/9/2015 0:00,22:20,2015,2015,"E04C,","NS,",7,"E0,","E,",YARD,Pennsylvania,40.672361,-80.251826,"Pennsylvania
(40.672361, -80.251826)"
Other impacts,2015:03:NS:114731,0,0,1111,12554,5,0,0,BEAVER,3/8/2015 0:00,13:55,2015,2015,"H702,","NS,",7,"H7,","H,",YARD,Pennsylvania,40.672361,-80.251826,"Pennsylvania
(40.672361, -80.251826)"
Derailments,2015:05:NS:115521,0,0,668,13624,0,0,0,BEAVER,5/4/2015 0:00,21:55,2015,2015,"H704,","NS,",7,"H7,","H,",YARD,Pennsylvania,40.672361,-80.251826,"Pennsylvania
(40.672361, -80.251826)"
Derailments,2015:07:NS:116602,0,0,165402,82045,0,0,0,BEAVER,7/20/2015 0:00,1:30,2015,2015,"M405,","NS,",7,"M4,","M,",YARD,Pennsylvania,40.672361,-80.251826,"Pennsylvania
(40.672361, -80.251826)"
Derailments,2015:07:NS:116612,0,0,1051,12751,0,0,0,BEAVER,7/20/2015 0:00,22:15,2015,2015,"H702,","NS,",8,"H7,","H,",YARD,Pennsylvania,40.672361,-80.251826,"Pennsylvania
(40.672361, -80.251826)"
Derailments,2016:04:NS:120150,0,0,24000,32738,3,3,0,BEAVER,4/15/2016 0:00,8:30,2016,2016,"H306,H702,","NS,",7,"H3,H7,","H,",YARD,Pennsylvania,40.672361,-80.251826,"Pennsylvania
(40.672361, -80.251826)"
Derailments,2016:06:NS:120988,0,0,100,25210,0,0,0,BEAVER,6/24/2016 0:00,2:15,2016,2016,"H504,","NS,",7,"H5,","H,",YARD,Pennsylvania,40.672361,-80.251826,"Pennsylvania
(40.672361, -80.251826)"
Derailments,2011:06:NS:095334,0,0,18000,64000,0,0,0,BEAVER,6/25/2011 0:00,19:45,2011,2011,"E67C,","NS,",7,"E6,","E,",YARD,Pennsylvania,40.668321,-80.249988,"Pennsylvania
(40.668321, -80.249988)"
Raking collision,2011:10:NS:096633,0,2,0,15050,0,0,0,BEAVER,10/10/2011 0:00,2:40,2011,2012,"H607,","NS,",58,"H6,","H,",YARD,Pennsylvania,40.668321,-80.249988,"Pennsylvania
(40.668321, -80.249988)"
Side collision,2011:10:NS:096770,0,0,0,21950,0,0,0,BEAVER,10/21/2011 0:00,7:01,2011,2012,"H316,","NS,",57,"H3,","H,",YARD,Pennsylvania,40.668321,-80.249988,"Pennsylvania
(40.668321, -80.249988)"
Derailments,2011:11:NS:096895,0,0,9639,1900,0,0,0,BEAVER,11/3/2011 0:00,4:50,2011,2012,"M411,","NS,",7,"M4,","M,",YARD,Pennsylvania,40.668321,-80.249988,"Pennsylvania
(40.668321, -80.249988)"
Derailments,2012:06:NS:099917,0,0,2349,10599,0,0,0,BEAVER,6/2/2012 0:00,1:02,2012,2012,"M411,","NS,",7,"M4,","M,",YARD,Pennsylvania,40.668321,-80.249988,"Pennsylvania
(40.668321, -80.249988)"
Other events,2012:06:NS:100037,0,0,94247,52,0,0,0,BEAVER,6/7/2012 0:00,10:20,2012,2012,"M402,","NS,",1,"M4,","M,",YARD,Pennsylvania,40.668321,-80.249988,"Pennsylvania
(40.668321, -80.249988)"
Derailments,2012:06:NS:100045,0,0,48000,16550,0,0,0,BEAVER,6/7/2012 0:00,20:30,2012,2012,"H702,","NS,",7,"H7,","H,",YARD,Pennsylvania,40.668321,-80.249988,"Pennsylvania
(40.668321, -80.249988)"
Derailments,2012:07:NS:100397,0,0,3000,9600,0,0,0,BEAVER,7/4/2012 0:00,16:55,2012,2012,"E07C,","NS,",7,"E0,","E,",YARD,Pennsylvania,40.668321,-80.249988,"Pennsylvania
(40.668321, -80.249988)"
Derailments,2012:10:NS:101678,0,0,2600,24000,0,0,0,BEAVER,10/3/2012 0:00,21:55,2012,2013,"S006,","NS,",7,"S0,","S,",YARD,Pennsylvania,40.668321,-80.249988,"Pennsylvania
(40.668321, -80.249988)"
Derailments,2012:10:NS:101691,0,0,50000,25200,0,0,0,BEAVER,10/4/2012 0:00,22:45,2012,2013,"H704,","NS,",1,"H7,","H,",YARD,Pennsylvania,40.668321,-80.249988,"Pennsylvania
(40.668321, -80.249988)"
Derailments,2012:10:NS:101714,0,0,30639,13,0,0,0,BEAVER,10/7/2012 0:00,5:00,2012,2013,"H303,","NS,",8,"H3,","H,",YARD,Pennsylvania,40.668321,-80.249988,"Pennsylvania
(40.668321, -80.249988)"
Derailments,2012:12:NS:102460,0,0,16000,14325,0,0,0,BEAVER,12/8/2012 0:00,21:45,2012,2013,"T207,","NS,",1,"T2,","T,",YARD,Pennsylvania,40.668321,-80.249988,"Pennsylvania
(40.668321, -80.249988)"
Raking collision,2013:01:NS:103010,0,0,0,18450,0,0,0,BEAVER,1/16/2013 0:00,22:30,2013,2013,"M599,","NS,",76,"M5,","M,",YARD,Pennsylvania,40.668321,-80.249988,"Pennsylvania
(40.668321, -80.249988)"
Raking collision,2013:02:NS:103498,0,0,0,14685,0,0,0,BEAVER,2/16/2013 0:00,22:15,2013,2013,"H302,","NS,",16,"H3,","H,",YARD,Pennsylvania,40.668321,-80.249988,"Pennsylvania
(40.668321, -80.249988)"
Other events,2013:03:NS:103894,0,0,0,16500,0,0,0,BEAVER,3/18/2013 0:00,18:00,2013,2013,"S016,","NS,",7,"S0,","S,",YARD,Pennsylvania,40.668321,-80.249988,"Pennsylvania
(40.668321, -80.249988)"
Derailments,2013:04:NS:104450,0,0,2079,11628,0,0,0,BEAVER,4/29/2013 0:00,6:30,2013,2013,"H303,","NS,",8,"H3,","H,",YARD,Pennsylvania,40.668321,-80.249988,"Pennsylvania
(40.668321, -80.249988)"
Side collision,2013:07:NS:105717,0,0,10000,142550,0,0,0,BEAVER,7/28/2013 0:00,2:25,2013,2013,"M411,","NS,",7,"M4,","M,",YARD,Pennsylvania,40.668321,-80.249988,"Pennsylvania
(40.668321, -80.249988)"
Other impacts,2014:02:CSX:000126261,0,0,0,22468,0,0,0,BEAVER,2/19/2014 0:00,21:45,2014,2014,"H399,","CSX,",16,"H3,","H,",YARD,Pennsylvania,40.637682,-80.24491,"Pennsylvania
(40.637682, -80.24491)"
Other events,2015:01:NS:113739,0,0,60000,0,0,0,0,MONTGOMERY,1/9/2015 0:00,9:15,2015,2015,"H997,","NS,",NA,"H9,","H,",MAIN,Virginia,37.182894,-80.244835,"Virginia
(37.182894, -80.244835)"
Other impacts,2012:04:CSX:000102891,0,0,0,18501,3,0,0,BEAVER,4/18/2012 0:00,15:00,2012,2012,"H301,","CSX,",51,"H3,","H,",INDUSTRY,Pennsylvania,40.617264,-80.242254,"Pennsylvania
(40.617264, -80.242254)"
Derailments,2014:06:CSX:000131199,0,0,100,18703,10,0,0,BEAVER,6/22/2014 0:00,18:15,2014,2014,"M405,","CSX,",15,"M4,","M,",YARD,Pennsylvania,40.617264,-80.242254,"Pennsylvania
(40.617264, -80.242254)"
Derailments,2015:02:NS:114509,0,0,20862,4200,0,0,0,FORSYTH,2/24/2015 0:00,20:15,2015,2015,"T110,","NS,",1,"T1,","T,",YARD,North Carolina,36.128758,-80.233452,"North Carolina
(36.128758, -80.233452)"
Derailments,2014:08:NS:111883,0,0,2225,11000,0,0,0,FORSYTH,8/22/2014 0:00,2:45,2014,2014,"H702,","NS,",1,"H7,","H,",MAIN,North Carolina,36.141536,-80.229633,"North Carolina
(36.141536, -80.229633)"
Other impacts,2012:10:WSS:I2627,0,0,0,16325,0,0,0,FORSYTH,10/12/2012 0:00,18:00,2012,2013,"H318,","WSS,",5,"H3,","H,",MAIN,North Carolina,36.021962,-80.229558,"North Carolina
(36.021962, -80.229558)"
Derailments,2015:08:BEEM:BMRR201581,0,0,0,70000,0,0,0,UPSHUR,8/18/2015 0:00,12:30,2015,2015,"T314,","AO,BEEM,",1,"T3,","T,",MAIN,West Virginia,38.782677,-80.221535,"West Virginia
(38.782677, -80.221535)"
Derailments,2014:10:NS:112635,0,0,9500,7500,0,0,0,FORSYTH,10/16/2014 0:00,19:10,2014,2015,"T110,","NS,",1,"T1,","T,",YARD,North Carolina,36.091608,-80.220939,"North Carolina
(36.091608, -80.220939)"
Highway-rail impact,2016:03:FEC:X04031516,2,0,6877,5083,3,0,0,MARTIN,3/15/2016 0:00,3:15,2016,2016,"M308,","FEC,",1,"M3,","M,",MAIN,Florida,27.145696,-80.197752,"Florida
(27.145696, -80.197752)"
Rear end collision,2014:07:NS:111162,0,2,87873,920029,11,0,0,ALLEGHENY,7/2/2014 0:00,13:39,2014,2014,"H222,H605,","NS,",1,"H2,H6,","H,",MAIN,Pennsylvania,40.539122,-80.191568,"Pennsylvania
(40.539122, -80.191568)"
Derailments,2011:09:FEC:D37090711,0,0,7560,18456,0,0,0,DADE,9/7/2011 0:00,24:15:00,2011,2011,"H704,","FEC,",1,"H7,","H,",YARD,Florida,25.484291,-80.183235,"Florida
(25.484291, -80.183235)"
Derailments,2012:10:FEC:D48102612,0,0,8683,3630,0,0,0,DADE,10/26/2012 0:00,4:05,2012,2013,"H699,","FEC,",7,"H6,","H,",YARD,Florida,25.490167,-80.183084,"Florida
(25.490167, -80.183084)"
Highway-rail impact,2012:05:CSX:000103689,0,0,0,15256,0,0,0,ALLEGHENY,5/14/2012 0:00,7:20,2012,2012,"M399,","CSX,",1,"M3,","M,",MAIN,Pennsylvania,40.525153,-80.179633,"Pennsylvania
(40.525153, -80.179633)"
Derailments,2016:01:FEC:D07011616,0,0,10580,15282,2,2,0,MIAMI-DADE,1/16/2016 0:00,24:40:00,2016,2016,"T102,","FEC,",1,"T1,","T,",INDUSTRY,Florida,25.776437,-80.176816,"Florida
(25.776437, -80.176816)"
Highway-rail impact,2013:12:FEC:X20120313,0,0,13917,49,0,0,0,MIAMI-DADE,12/3/2013 0:00,3:45,2013,2014,"M301,","FEC,",1,"M3,","M,",MAIN,Florida,25.890756,-80.17065,"Florida
(25.890756, -80.17065)"
Other impacts,2015:04:SFRV:041115,0,1,0,40882,0,0,0,BROWARD,4/11/2015 0:00,19:50,2015,2015,"M402,","SFRV,",3,"M4,","M,",MAIN,Florida,26.145612,-80.170303,"Florida
(26.145612, -80.170303)"
Derailments,2016:05:NS:120610,0,0,43000,5150,0,0,0,FORSYTH,5/23/2016 0:00,12:15,2016,2016,"H525,","NS,",1,"H5,","H,",MAIN,North Carolina,36.172579,-80.166503,"North Carolina
(36.172579, -80.166503)"
Derailments,2013:03:NS:103789,0,0,19811,3300,0,0,0,GREENE,3/8/2013 0:00,11:15,2013,2013,"M204,","NS,",1,"M2,","M,",MAIN,Pennsylvania,39.900801,-80.157296,"Pennsylvania
(39.900801, -80.157296)"
Derailments,2014:07:WNYP:W2014020,0,0,9000,4000,1,1,0,CRAWFORD,7/10/2014 0:00,18:45,2014,2014,"H704,","WNYP,",7,"H7,","H,",YARD,Pennsylvania,41.62625,-80.15717,"Pennsylvania
(41.62625, -80.15717)"
Derailments,2013:03:WNYP:2013006,0,0,58000,52500,0,0,0,CRAWFORD,3/13/2013 0:00,5:50,2013,2013,"T110,M507,","NS,WNYP,",1,"T1,M5,","T,M,",YARD,Pennsylvania,41.617658,-80.154199,"Pennsylvania
(41.617658, -80.154199)"
Obstruction impact,2011:11:CSX:000097400,0,19,0,150000,0,0,0,BROWARD,11/6/2011 0:00,18:52,2011,2012,"M402,","CSX,SFRV,",NA,"M4,","M,",MAIN,Florida,26.18806,-80.1532,"Florida
(26.18806, -80.1532)"
Derailments,2016:01:SFRV:012816,0,1,700000,200000,0,0,0,BROWARD,1/28/2016 0:00,5:09,2016,2016,"T207,","SFRV,",NA,"T2,","T,",MAIN,Florida,26.214273,-80.147448,"Florida
(26.214273, -80.147448)"
Highway-rail impact,2014:02:CSX:000126647,0,1,6454,20000,0,0,0,BROWARD,2/28/2014 0:00,16:10,2014,2014,"M303,M302,","CSX,SFRV,",NA,"M3,","M,",MAIN,Florida,26.23624,-80.142692,"Florida
(26.23624, -80.142692)"
Highway-rail impact,2015:01:CSX:000140359,0,1,334,14692,0,0,0,BROWARD,1/19/2015 0:00,9:00,2015,2015,"M302,","CSX,SFRV,",NA,"M3,","M,",MAIN,Florida,26.290476,-80.130835,"Florida
(26.290476, -80.130835)"
Other events,2014:10:XMUR:INDUSTRY,0,0,0,53405,0,0,0,MARION,10/19/2014 0:00,20:05,2014,2015,"E79L,","CSX,",1,"E7,","E,",INDUSTRY,West Virginia,39.411075,-80.129961,"West Virginia
(39.411075, -80.129961)"
Derailments,2013:06:FEC:D22062413,0,0,10356,1141,20,3,0,BROWARD,6/24/2013 0:00,5:15,2013,2013,"T210,","FEC,",7,"T2,","T,",YARD,Florida,26.08466,-80.12925,"Florida
(26.08466, -80.12925)"
Other impacts,2015:09:NS:117429,0,0,105844,0,0,0,0,ALLEGHENY,9/18/2015 0:00,10:40,2015,2015,"H997,","NS,",NA,"H9,","H,",MAIN,Pennsylvania,40.515532,-80.121685,"Pennsylvania
(40.515532, -80.121685)"
Highway-rail impact,2013:01:CSX:000112336,1,0,0,65796,0,0,0,PALM BEACH,1/26/2013 0:00,15:16,2013,2013,"M399,M308,","CSX,SFRV,",NA,"M3,","M,",MAIN,Florida,26.351796,-80.120461,"Florida
(26.351796, -80.120461)"
Highway-rail impact,2014:05:FEC:X08053114,1,0,11780,2533,48,0,0,BROWARD,5/31/2014 0:00,8:56,2014,2014,"M399,","FEC,",1,"M3,","M,",MAIN,Florida,26.274788,-80.113739,"Florida
(26.274788, -80.113739)"
Highway-rail impact,2014:10:NS:112595,0,0,17028,2696,0,0,0,SALEM,10/14/2014 0:00,14:45,2014,2015,"M303,","NS,",1,"M3,","M,",MAIN,Virginia,37.28062,-80.106796,"Virginia
(37.28062, -80.106796)"
Obstruction impact,2016:03:CSX:000163182,0,0,0,220180,0,0,0,PALM BEACH,3/1/2016 0:00,10:15,2016,2016,"M404,","ATK,CSX,",2,"M4,","M,",MAIN,Florida,26.86903,-80.103371,"Florida
(26.86903, -80.103371)"
Highway-rail impact,2011:07:ARC:110718,0,0,0,15000,0,0,0,IREDELL,7/18/2011 0:00,15:44,2011,2011,"M304,M302,","ARC,",1,"M3,","M,",MAIN,North Carolina,35.803604,-80.0943,"North Carolina
(35.803604, -80.0943)"
Highway-rail impact,2012:10:CSX:000108767,1,0,1000,60000,0,0,0,PALM BEACH,10/3/2012 0:00,7:42,2012,2013,"M399,M302,M305,","CSX,SFRV,",NA,"M3,","M,",MAIN,Florida,26.439461,-80.090825,"Florida
(26.439461, -80.090825)"
Highway-rail impact,2014:04:CSX:000128940,1,7,1000,56470,0,0,0,PALM BEACH,4/24/2014 0:00,11:00,2014,2014,"M302,","CSX,SFRV,",NA,"M3,","M,",MAIN,Florida,26.439605,-80.090817,"Florida
(26.439605, -80.090817)"
Derailments,2015:10:POHC:POH822215D,0,0,12000,6800,0,0,0,ALLEGHENY,10/16/2015 0:00,10:15,2015,2016,"E40C,","POHC,",1,"E4,","E,",MAIN,Pennsylvania,40.429327,-80.086416,"Pennsylvania
(40.429327, -80.086416)"
Side collision,2013:11:CSX:000122613,0,0,400,86624,0,0,0,ALLEGHENY,11/7/2013 0:00,11:10,2013,2014,"H318,","CSX,",16,"H3,","H,",YARD,Pennsylvania,40.492337,-80.084794,"Pennsylvania
(40.492337, -80.084794)"
Derailments,2012:12:POHC:POH300712D,0,0,9000,5500,56,2,0,ALLEGHENY,12/18/2012 0:00,9:13,2012,2013,"H699,","POHC,",7,"H6,","H,",YARD,Pennsylvania,40.462471,-80.079202,"Pennsylvania
(40.462471, -80.079202)"
Derailments,2011:09:CSX:000094163,0,0,40000,215181,14,1,0,ERIE,9/17/2011 0:00,13:15,2011,2011,"H526,","CSX,",1,"H5,","H,",MAIN,Pennsylvania,42.122618,-80.074894,"Pennsylvania
(42.122618, -80.074894)"
Derailments,2012:05:WE:120023,0,0,16498,20721,0,0,0,ALLEGHENY,5/15/2012 0:00,13:30,2012,2012,"H704,","WE,",7,"H7,","H,",YARD,Pennsylvania,40.412489,-80.071836,"Pennsylvania
(40.412489, -80.071836)"
Derailments,2014:07:WE:140065,0,0,18768,6373,18,5,0,ALLEGHENY,7/29/2014 0:00,20:55,2014,2014,"T110,","WE,",7,"T1,","T,",YARD,Pennsylvania,40.412892,-80.071086,"Pennsylvania
(40.412892, -80.071086)"
Derailments,2015:08:NS:117019,0,0,125000,202384,9,0,0,CHARLESTON,8/19/2015 0:00,24:32:00,2015,2015,"H704,H702,","NS,",1,"H7,","H,",MAIN,South Carolina,32.942879,-80.06986,"South Carolina
(32.942879, -80.06986)"
Highway-rail impact,2016:01:SFRV:010416,0,23,146950,595768,0,0,0,PALM BEACH,1/4/2016 0:00,6:49,2016,2016,"M304,","SFRV,",NA,"M3,","M,",MAIN,Florida,26.608905,-80.069356,"Florida
(26.608905, -80.069356)"
Derailments,2015:02:FEC:D09021815,0,0,12827,4452,0,0,0,PALM BEACH,2/18/2015 0:00,18:20,2015,2015,"T110,","FEC,",7,"T1,","T,",INDUSTRY,Florida,26.782826,-80.066759,"Florida
(26.782826, -80.066759)"
Derailments,2014:08:AO:A2014AUG1D,0,0,74975,100462,0,0,0,BARBOUR,8/1/2014 0:00,4:25,2014,2014,"T220,","AO,",1,"T2,","T,",MAIN,West Virginia,39.10887,-80.06587,"West Virginia
(39.10887, -80.06587)"
Derailments,2012:03:POHC:POH225912D,0,0,0,23089,0,0,0,ALLEGHENY,3/13/2012 0:00,18:50,2012,2012,"T102,","POHC,",1,"T1,","T,",YARD,Pennsylvania,40.463548,-80.065323,"Pennsylvania
(40.463548, -80.065323)"
Highway-rail impact,2016:07:SFRV:070616,0,1,0,16305,0,0,0,PALM BEACH,7/6/2016 0:00,10:00,2016,2016,"M399,M307,","ATK,SFRV,",2,"M3,","M,",MAIN,Florida,26.736631,-80.064581,"Florida
(26.736631, -80.064581)"
Derailments,2016:08:SFRV:080516,0,0,108376,20000,0,0,0,PALM BEACH,8/5/2016 0:00,18:20,2016,2016,"E68C,","SFRV,",NA,"E6,","E,",MAIN,Florida,26.731278,-80.064006,"Florida
(26.731278, -80.064006)"
Derailments,2013:07:FEC:D24070113,0,0,11369,8730,0,0,0,PALM BEACH,7/1/2013 0:00,8:30,2013,2013,"H099,M599,","FEC,PPBD,",7,"H0,M5,","H,M,",YARD,Florida,26.77552,-80.063674,"Florida
(26.77552, -80.063674)"
Derailments,2014:02:FEC:D76020614,0,0,24683,2872,0,0,0,PALM BEACH,2/6/2014 0:00,7:10,2014,2014,"T314,","FEC,",7,"T3,","T,",INDUSTRY,Florida,26.775132,-80.063522,"Florida
(26.775132, -80.063522)"
Derailments,2016:06:SFRV:060616,0,0,0,22259,0,0,0,PALM BEACH,6/6/2016 0:00,20:49,2016,2016,"T311,T319,","SFRV,",2,"T3,","T,",YARD,Florida,26.700962,-80.062352,"Florida
(26.700962, -80.062352)"
Derailments,2015:12:FEC:D88123115,0,0,6180,14843,0,0,0,PALM BEACH,12/31/2015 0:00,10:00,2015,2016,"T221,","FEC,",1,"T2,","T,",YARD,Florida,26.771373,-80.062009,"Florida
(26.771373, -80.062009)"
Derailments,2016:03:WE:160028,0,0,6240,13739,0,0,0,ALLEGHENY,3/5/2016 0:00,14:15,2016,2016,"E45C,","WE,",7,"E4,","E,",YARD,Pennsylvania,40.41651,-80.060915,"Pennsylvania
(40.41651, -80.060915)"
Other events,2016:07:NS:121488,0,0,25000,12,7,0,0,ALLEGHENY,7/31/2016 0:00,10:25,2016,2016,"H221,","NS,",1,"H2,","H,",MAIN,Pennsylvania,40.48801,-80.058442,"Pennsylvania
(40.48801, -80.058442)"
Derailments,2013:06:FEC:D21062113,0,0,2599,25204,0,0,0,PALM BEACH,6/21/2013 0:00,23:05,2013,2013,"M503,","FEC,",8,"M5,","M,",YARD,Florida,26.73379,-80.05797,"Florida
(26.73379, -80.05797)"
Derailments,2012:12:NS:102378,0,0,87744,28200,0,0,0,ALLEGHENY,12/2/2012 0:00,7:03,2012,2013,"M204,","NS,",1,"M2,","M,",MAIN,Pennsylvania,40.463636,-80.041626,"Pennsylvania
(40.463636, -80.041626)"
Derailments,2015:03:HPTD:I142,0,0,10000,17000,3,0,0,RANDOLPH,3/2/2015 0:00,11:00,2015,2015,"T210,","HPTD,",1,"T2,","T,",MAIN,North Carolina,35.899865,-80.03978,"North Carolina
(35.899865, -80.03978)"
Derailments,2011:06:AO:A2011JUN3D,0,0,92397,70000,0,0,0,BARBOUR,6/23/2011 0:00,3:20,2011,2011,"E53C,E44C,","AO,",1,"E5,E4,","E,",MAIN,West Virginia,39.159916,-80.035983,"West Virginia
(39.159916, -80.035983)"
Derailments,2013:11:CSX:000122345,0,0,200000,225829,0,0,0,ERIE,11/1/2013 0:00,10:10,2013,2014,"E51L,","CSX,",1,"E5,","E,",MAIN,Pennsylvania,42.137596,-80.034537,"Pennsylvania
(42.137596, -80.034537)"
Derailments,2013:06:NS:105045,0,0,30500,28150,0,0,0,WASHINGTON,6/11/2013 0:00,20:40,2013,2013,"E49C,","NS,",4,"E4,","E,",MAIN,Pennsylvania,39.984621,-80.03272,"Pennsylvania
(39.984621, -80.03272)"
Derailments,2013:01:WNYP:2013001,0,0,31000,14600,1,1,0,CRAWFORD,1/4/2013 0:00,15:25,2013,2013,"T110,","WNYP,",1,"T1,","T,",MAIN,Pennsylvania,41.492267,-80.030595,"Pennsylvania
(41.492267, -80.030595)"
Highway-rail impact,2013:11:CSX:000122958,0,2,0,18000,1,0,0,CHARLESTON,11/18/2013 0:00,6:45,2013,2014,"M302,","CSX,NS,",7,"M3,","M,",MAIN,South Carolina,32.894469,-80.024591,"South Carolina
(32.894469, -80.024591)"
Side collision,2013:12:CSX:000124223,0,0,500,234945,0,0,0,CHARLESTON,12/28/2013 0:00,2:10,2013,2014,"H306,","CSX,",17,"H3,","H,",YARD,South Carolina,32.856939,-80.023044,"South Carolina
(32.856939, -80.023044)"
Raking collision,2011:06:NS:095368,0,0,0,11107,0,0,0,CHARLESTON,6/28/2011 0:00,14:00,2011,2011,"H310,","NS,",1,"H3,","H,",SIDING,South Carolina,32.889868,-80.020346,"South Carolina
(32.889868, -80.020346)"
Derailments,2014:11:NS:113185,0,0,13025,12000,0,0,0,ERIE,11/25/2014 0:00,19:00,2014,2015,"T206,","NS,",1,"T2,","T,",INDUSTRY,Pennsylvania,42.143395,-80.017806,"Pennsylvania
(42.143395, -80.017806)"
Other events,2013:11:NS:107694,0,0,20000,0,0,0,0,ALLEGHENY,11/10/2013 0:00,22:45,2013,2014,"E89C,","NS,",1,"E8,","E,",MAIN,Pennsylvania,40.455252,-80.017448,"Pennsylvania
(40.455252, -80.017448)"
Derailments,2015:06:CSX:000147638,0,0,800,26851,34,1,0,TAYLOR,6/11/2015 0:00,18:52,2015,2015,"H704,","CSX,",7,"H7,","H,",YARD,West Virginia,39.339691,-80.016435,"West Virginia
(39.339691, -80.016435)"
Derailments,2013:05:NS:104728,0,0,1101,14827,0,0,0,ROANOKE,5/20/2013 0:00,13:30,2013,2013,"H306,H702,","NS,",1,"H3,H7,","H,",YARD,Virginia,37.272071,-80.014032,"Virginia
(37.272071, -80.014032)"
Derailments,2016:03:NS:119667,0,0,1000,20190,0,0,0,ROANOKE CITY,3/10/2016 0:00,1:15,2016,2016,"T221,","NS,",1,"T2,","T,",YARD,Virginia,37.272102,-80.00953,"Virginia
(37.272102, -80.00953)"
Highway-rail impact,2013:08:BLE:789476,0,1,8025,49898,0,0,0,BUTLER,8/22/2013 0:00,24:55:00,2013,2013,"M302,","BLE,",8,"M3,","M,",MAIN,Pennsylvania,41.034114,-80.006566,"Pennsylvania
(41.034114, -80.006566)"
Derailments,2015:07:NS:116639,0,0,17576,150,0,0,0,CHARLESTON,7/22/2015 0:00,18:00,2015,2015,"H318,","NS,",7,"H3,","H,",YARD,South Carolina,32.867704,-79.999531,"South Carolina
(32.867704, -79.999531)"
Derailments,2016:08:NS:121519,0,0,1200,48300,0,0,0,ROANOKE,8/2/2016 0:00,24:45:00,2016,2016,"T110,","NS,",1,"T1,","T,",YARD,Virginia,37.270171,-79.999441,"Virginia
(37.270171, -79.999441)"
Derailments,2012:10:WPMQ:INDUSTRY,0,0,1500,16082,2,0,0,COVINGTON,10/7/2012 0:00,11:56,2012,2013,"H510,","CSX,",7,"H5,","H,",INDUSTRY,Virginia,37.799732,-79.999407,"Virginia
(37.799732, -79.999407)"
Derailments,2013:02:CSX:000113030,0,0,100,157682,1,1,0,CHARLESTON,2/17/2013 0:00,7:45,2013,2013,"H306,","CSX,",76,"H3,","H,",YARD,South Carolina,32.874701,-79.998358,"South Carolina
(32.874701, -79.998358)"
Other impacts,2014:08:CSX:000132894,0,0,150,27644,5,1,0,CHARLESTON,8/1/2014 0:00,14:56,2014,2014,"H309,","CSX,",7,"H3,","H,",YARD,South Carolina,32.874701,-79.998358,"South Carolina
(32.874701, -79.998358)"
Derailments,2014:01:NS:108685,0,0,11190,5300,0,0,0,ROANOKE,1/22/2014 0:00,10:05,2014,2014,"E40C,","NS,",7,"E4,","E,",YARD,Virginia,37.271115,-79.997916,"Virginia
(37.271115, -79.997916)"
Derailments,2015:11:NS:118135,0,0,3000,211237,0,0,0,ROANOKE,11/10/2015 0:00,12:15,2015,2016,"H702,","NS,",8,"H7,","H,",YARD,Virginia,37.271115,-79.997916,"Virginia
(37.271115, -79.997916)"
Derailments,2016:06:NS:121042,0,0,200,19500,0,0,0,ROANOKE CITY,6/29/2016 0:00,2:30,2016,2016,"H306,","NS,",7,"H3,","H,",YARD,Virginia,37.271115,-79.997916,"Virginia
(37.271115, -79.997916)"
Derailments,2014:01:WPMQ:INDUSTRY,0,0,1000,13003,0,0,0,COVINGTON,1/7/2014 0:00,11:06,2014,2014,"H307,","CSX,",7,"H3,","H,",INDUSTRY,Virginia,37.798086,-79.996258,"Virginia
(37.798086, -79.996258)"
Derailments,2015:08:AVR:081415115,0,0,0,24500,0,0,0,ALLEGHENY,8/14/2015 0:00,6:25,2015,2015,"M202,","AVR,",1,"M2,","M,",YARD,Pennsylvania,40.440624,-79.995888,"Pennsylvania
(40.440624, -79.995888)"