AccidentType,inckey,Fatalities,Injuries,TrackDamage,EquipmentDamage,HazmatCars,HazmatCarsDerailed,HazmatCarsReleasing,County,DisplayDate,DisplayTime,calendar,Fiscal,AccidentCause,RailroadCodes,RAILEQUIPMENT_TYPE,CauseGroup,CauseDiscipline,TYPE_OF_TRACK,StateName,latitude,longitude,GeoLocation
Derailments,2015:01:CSX:000140487,0,0,1000,21000,2,0,0,COVINGTON,1/23/2015 0:00,1:15,2015,2015,"H702,","CSX,",7,"H7,","H,",YARD,Virginia,37.791852,-79.993359,"Virginia
(37.791852, -79.993359)"
Derailments,2015:02:CSX:000142408,0,0,50,15118,0,0,0,COVINGTON,2/25/2015 0:00,3:00,2015,2015,"M101,","CSX,",7,"M1,","M,",INDUSTRY,Virginia,37.786656,-79.992132,"Virginia
(37.786656, -79.992132)"
Side collision,2015:10:CSX:000153804,0,0,1200,211502,0,0,0,COVINGTON,10/30/2015 0:00,19:24,2015,2016,"H306,","CSX,",765,"H3,","H,",YARD,Virginia,37.786656,-79.992132,"Virginia
(37.786656, -79.992132)"
Derailments,2012:04:NS:099406,0,0,10410,2290,0,0,0,CHARLESTON,4/16/2012 0:00,13:49,2012,2012,"H506,","NS,",1,"H5,","H,",YARD,South Carolina,32.856798,-79.989415,"South Carolina
(32.856798, -79.989415)"
Derailments,2014:07:NS:111134,0,0,0,12707,0,0,0,ROANOKE,7/1/2014 0:00,16:00,2014,2014,"T307,","NS,",8,"T3,","T,",YARD,Virginia,37.276764,-79.983971,"Virginia
(37.276764, -79.983971)"
Derailments,2016:07:CSX:000161032,0,0,1756,18734,0,0,0,BERKELEY,7/4/2016 0:00,15:00,2016,2016,"T217,","CSX,",1,"T2,","T,",YARD,South Carolina,33.05648,-79.982645,"South Carolina
(33.05648, -79.982645)"
Derailments,2016:04:NS:120164,0,0,15000,10775,0,0,0,ROANOKE CITY,4/16/2016 0:00,19:15,2016,2016,"H506,","NS,",7,"H5,","H,",YARD,Virginia,37.277109,-79.982323,"Virginia
(37.277109, -79.982323)"
Derailments,2012:01:NS:097563,0,0,2831,15101,0,0,0,ROANOKE,1/11/2012 0:00,7:45,2012,2012,"T311,","NS,",8,"T3,","T,",YARD,Virginia,37.277426,-79.98215,"Virginia
(37.277426, -79.98215)"
Derailments,2012:03:NS:099195,0,0,300,9500,0,0,0,ROANOKE,3/29/2012 0:00,1:10,2012,2012,"T217,","NS,",1,"T2,","T,",YARD,Virginia,37.277426,-79.98215,"Virginia
(37.277426, -79.98215)"
Derailments,2012:08:NS:101221,0,0,2500,10050,0,0,0,ROANOKE,8/29/2012 0:00,23:15,2012,2012,"M405,","NS,",1,"M4,","M,",YARD,Virginia,37.277426,-79.98215,"Virginia
(37.277426, -79.98215)"
Derailments,2012:08:NS:100978,0,0,653,11789,0,0,0,ROANOKE,8/14/2012 0:00,20:00,2012,2012,"H303,","NS,",8,"H3,","H,",YARD,Virginia,37.277426,-79.98215,"Virginia
(37.277426, -79.98215)"
Derailments,2012:09:NS:101360,0,0,17015,32126,0,0,0,ROANOKE,9/10/2012 0:00,4:00,2012,2012,"H017,","NS,",8,"H0,","H,",YARD,Virginia,37.277426,-79.98215,"Virginia
(37.277426, -79.98215)"
Derailments,2012:09:NS:101469,0,0,25,10800,0,0,0,ROANOKE,9/19/2012 0:00,18:10,2012,2012,"E23C,","NS,",57,"E2,","E,",YARD,Virginia,37.277426,-79.98215,"Virginia
(37.277426, -79.98215)"
Derailments,2012:10:NS:102023,0,0,12300,12000,0,0,0,ROANOKE,10/30/2012 0:00,8:45,2012,2013,"M411,","NS,",7,"M4,","M,",YARD,Virginia,37.277426,-79.98215,"Virginia
(37.277426, -79.98215)"
Derailments,2012:03:NS:099196,0,0,2100,8000,0,0,0,ROANOKE,3/29/2012 0:00,2:50,2012,2012,"M411,","NS,",1,"M4,","M,",YARD,Virginia,37.277442,-79.98215,"Virginia
(37.277442, -79.98215)"
Derailments,2015:06:NCT:000000001,0,0,3500,58732,1,1,0,CHARLESTON,6/30/2015 0:00,17:30,2015,2015,"M501,","CSX,NCT,",7,"M5,","M,",INDUSTRY,South Carolina,32.873853,-79.980185,"South Carolina
(32.873853, -79.980185)"
Derailments,2015:11:AVR:150151,0,0,19150,25000,55,2,0,ALLEGHENY,11/22/2015 0:00,4:30,2015,2016,"H099,","AVR,WE,",7,"H0,","H,",SIDING,Pennsylvania,40.319138,-79.97937,"Pennsylvania
(40.319138, -79.97937)"
Derailments,2014:08:NS:111672,0,0,1497,76025,0,0,0,ROANOKE,8/9/2014 0:00,4:05,2014,2014,"H701,","NS,",8,"H7,","H,",YARD,Virginia,37.277619,-79.978717,"Virginia
(37.277619, -79.978717)"
Derailments,2014:04:CSX:000129212,0,0,1000,121809,7,0,0,BERKELEY,4/28/2014 0:00,19:08,2014,2014,"T108,T102,","CSX,",1,"T1,","T,",MAIN,South Carolina,33.06454,-79.975506,"South Carolina
(33.06454, -79.975506)"
Other impacts,2014:04:DCC:INDUSTRY,0,0,21832,0,0,0,0,BERKELEY,4/4/2014 0:00,10:00,2014,2014,"M599,","CSX,",1,"M5,","M,",INDUSTRY,South Carolina,33.065711,-79.97424,"South Carolina
(33.065711, -79.97424)"
Derailments,2015:08:CSX:000150358,0,0,500,26700,0,0,0,ERIE,8/9/2015 0:00,16:47,2015,2015,"E33C,","CSX,",1,"E3,","E,",MAIN,Pennsylvania,42.1617,-79.968827,"Pennsylvania
(42.1617, -79.968827)"
Derailments,2016:01:NS:118842,0,0,1500,10680,0,0,0,MONONGALIA,1/8/2016 0:00,11:15,2016,2016,"T002,","NS,",7,"T0,","T,",SIDING,West Virginia,39.598307,-79.966938,"West Virginia
(39.598307, -79.966938)"
Derailments,2016:03:WNYP:2016006,0,0,18000,6000,1,0,0,VENANGO,3/11/2016 0:00,11:59,2016,2016,"T110,","WNYP,",1,"T1,","T,",MAIN,Pennsylvania,41.437,-79.965391,"Pennsylvania
(41.437, -79.965391)"
Derailments,2015:01:NS:113752,0,0,8575,56473,0,0,0,ROANOKE CITY,1/9/2015 0:00,19:05,2015,2015,"E64L,","NS,",1,"E6,","E,",YARD,Virginia,37.267787,-79.965191,"Virginia
(37.267787, -79.965191)"
Derailments,2012:06:NS:100039,0,0,1000,9000,0,0,0,ROANOKE,6/7/2012 0:00,17:20,2012,2012,"T316,","NS,",7,"T3,","T,",YARD,Virginia,37.27797,-79.964408,"Virginia
(37.27797, -79.964408)"
Derailments,2013:02:NS:103577,0,0,10700,15250,0,0,0,ROANOKE,2/25/2013 0:00,11:30,2013,2013,"S011,","NS,",1,"S0,","S,",YARD,Virginia,37.27797,-79.964408,"Virginia
(37.27797, -79.964408)"
Derailments,2013:06:NS:104972,0,0,1500,153450,0,0,0,ROANOKE,6/8/2013 0:00,18:30,2013,2013,"T217,","NS,",1,"T2,","T,",YARD,Virginia,37.27797,-79.964408,"Virginia
(37.27797, -79.964408)"
Other events,2012:07:NS:100751,0,0,10000,0,0,0,0,ALLEGHENY,7/23/2012 0:00,13:35,2012,2012,"H997,","NS,",NA,"H9,","H,",MAIN,Pennsylvania,40.411952,-79.956206,"Pennsylvania
(40.411952, -79.956206)"
Derailments,2013:01:NS:102920,0,0,24086,6385,0,0,0,ALLEGHENY,1/11/2013 0:00,18:23,2013,2013,"T002,","NS,",1,"T0,","T,",MAIN,Pennsylvania,40.411952,-79.956206,"Pennsylvania
(40.411952, -79.956206)"
Derailments,2013:04:CSX:000115667,0,0,50,21639,4,4,0,CHARLESTON,4/30/2013 0:00,22:35,2013,2013,"T001,","CSX,",7,"T0,","T,",YARD,South Carolina,32.840158,-79.955975,"South Carolina
(32.840158, -79.955975)"
Derailments,2015:01:CSX:000140393,0,0,400,14129,32,0,0,CHARLESTON,1/22/2015 0:00,7:15,2015,2015,"T314,","CSX,",7,"T3,","T,",YARD,South Carolina,32.840158,-79.955975,"South Carolina
(32.840158, -79.955975)"
Derailments,2015:12:CSX:000154855,0,0,1599,83637,31,5,0,BERKELEY,12/3/2015 0:00,3:45,2015,2016,"T207,","CSX,",7,"T2,","T,",YARD,South Carolina,32.840158,-79.955975,"South Carolina
(32.840158, -79.955975)"
Derailments,2011:10:NS:096586,0,0,500,10300,0,0,0,CHARLESTON,10/5/2011 0:00,19:30,2011,2012,"T207,","CSX,NS,",7,"T2,","T,",YARD,South Carolina,32.889352,-79.952968,"South Carolina
(32.889352, -79.952968)"
Derailments,2014:02:NS:109147,0,0,9960,656,0,0,0,CHARLESTON,2/15/2014 0:00,1:45,2014,2014,"T207,","NS,",1,"T2,","T,",YARD,South Carolina,32.82851,-79.952679,"South Carolina
(32.82851, -79.952679)"
Derailments,2015:02:NS:114395,0,0,25123,2820,5,0,0,CHARLESTON,2/17/2015 0:00,21:20,2015,2015,"H306,","CSX,NS,",71,"H3,","H,",YARD,South Carolina,32.82851,-79.952679,"South Carolina
(32.82851, -79.952679)"
Obstruction impact,2015:12:NS:118466,0,3,0,24000,0,0,0,HENRY,12/4/2015 0:00,15:20,2015,2016,"H997,","NS,",NA,"H9,","H,",MAIN,Virginia,36.734272,-79.949781,"Virginia
(36.734272, -79.949781)"
Derailments,2015:05:AVR:0514159,0,0,200,110000,0,0,0,ALLEGHENY,5/14/2015 0:00,9:55,2015,2015,"H505,","AVR,",1,"H5,","H,",YARD,Pennsylvania,40.420494,-79.949724,"Pennsylvania
(40.420494, -79.949724)"
Derailments,2013:05:AVR:052613,0,0,75000,800,23,3,0,ALLEGHENY,5/28/2013 0:00,14:35,2013,2013,"T110,","AVR,",1,"T1,","T,",MAIN,Pennsylvania,40.399703,-79.943826,"Pennsylvania
(40.399703, -79.943826)"
Derailments,2014:06:AVR:062814A,0,0,7000,50000,2,0,0,ALLEGHENY,6/28/2014 0:00,16:20,2014,2014,"H525,","AVR,",1,"H5,","H,",YARD,Pennsylvania,40.399915,-79.943733,"Pennsylvania
(40.399915, -79.943733)"
Derailments,2013:01:NS:102857,0,0,1500,22000,0,0,0,WASHINGTON,1/8/2013 0:00,6:45,2013,2013,"H704,","NS,",7,"H7,","H,",YARD,Pennsylvania,40.243053,-79.939593,"Pennsylvania
(40.243053, -79.939593)"
Raking collision,2013:06:NS:105094,0,0,0,11000,0,0,0,WASHINGTON,6/16/2013 0:00,17:30,2013,2013,"H302,","NS,",78,"H3,","H,",YARD,Pennsylvania,40.243053,-79.939593,"Pennsylvania
(40.243053, -79.939593)"
Derailments,2013:10:NS:106942,0,0,5000,12550,0,0,0,HENRY,10/26/2013 0:00,22:10,2013,2014,"H306,H702,","NS,",4,"H3,H7,","H,",MAIN,Virginia,36.71432,-79.937565,"Virginia
(36.71432, -79.937565)"
Highway-rail impact,2012:08:NS:101024,0,13,1333,10000,0,0,0,GUILFORD,8/16/2012 0:00,13:28,2012,2012,"M304,","ATK,NS,",2,"M3,","M,",MAIN,North Carolina,35.995515,-79.93134,"North Carolina
(35.995515, -79.93134)"
Derailments,2013:09:NS:106495,0,0,1721,24484,0,0,0,ALLEGHENY,9/23/2013 0:00,10:30,2013,2013,"T309,","NS,",1,"T3,","T,",YARD,Pennsylvania,40.493689,-79.930996,"Pennsylvania
(40.493689, -79.930996)"
Derailments,2015:02:BLE:841905,0,0,309379,318314,0,0,0,BUTLER,2/25/2015 0:00,21:30,2015,2015,"E61C,","BLE,",1,"E6,","E,",MAIN,Pennsylvania,40.943723,-79.924939,"Pennsylvania
(40.943723, -79.924939)"
Fire/violent rupture,2016:03:CSX:000157871,0,0,0,700000,29,0,0,ALLEGHENY,3/7/2016 0:00,7:40,2016,2016,"E73L,","CSX,",1,"E7,","E,",MAIN,Pennsylvania,40.406923,-79.914473,"Pennsylvania
(40.406923, -79.914473)"
Highway-rail impact,2016:06:CSX:000160620,0,0,6948,20483,4,0,0,ALLEGHENY,6/16/2016 0:00,20:20,2016,2016,"M399,","CSX,",1,"M3,","M,",MAIN,Pennsylvania,40.408444,-79.912475,"Pennsylvania
(40.408444, -79.912475)"
Derailments,2011:06:WVC:2011001,0,0,11000,42000,0,0,0,RANDOLPH,6/1/2011 0:00,24:40:00,2011,2011,"T312,T399,","WVC,",1,"T3,","T,",MAIN,West Virginia,38.935991,-79.9107,"West Virginia
(38.935991, -79.9107)"
Highway-rail impact,2015:02:CSX:000141548,0,0,6788,6192,0,0,0,ALLEGHENY,2/14/2015 0:00,20:15,2015,2015,"M306,","CSX,",1,"M3,","M,",MAIN,Pennsylvania,40.409602,-79.910241,"Pennsylvania
(40.409602, -79.910241)"
Rear end collision,2011:05:CSX:000089649,0,0,800,220000,0,0,0,ALLEGHANY,5/21/2011 0:00,11:40,2011,2011,"H222,H605,","CSX,",1,"H2,H6,","H,",MAIN,Virginia,37.784186,-79.905008,"Virginia
(37.784186, -79.905008)"
Derailments,2015:01:NS:113676,0,0,24854,2000,0,0,0,BOTETOURT,1/5/2015 0:00,17:40,2015,2015,"T110,","NS,",1,"T1,","T,",SIDING,Virginia,37.37359,-79.903305,"Virginia
(37.37359, -79.903305)"
Derailments,2012:06:NS:100200,0,0,0,15000,0,0,0,FAYETTE,6/11/2012 0:00,19:00,2012,2012,"M599,","NS,",6,"M5,","M,",INDUSTRY,Pennsylvania,40.021097,-79.902312,"Pennsylvania
(40.021097, -79.902312)"
Derailments,2011:09:URR:1112,0,0,25000,815,0,0,0,ALLEGHENY,9/23/2011 0:00,4:00,2011,2011,"T314,T319,","URR,",1,"T3,","T,",INDUSTRY,Pennsylvania,40.034859,-79.901457,"Pennsylvania
(40.034859, -79.901457)"
Derailments,2011:07:ZLSE:INDUSTRY,0,0,100,21900,0,0,0,ROANOKE,7/25/2011 0:00,22:00,2011,2011,"T110,","NS,",7,"T1,","T,",INDUSTRY,Virginia,37.265572,-79.8991,"Virginia
(37.265572, -79.8991)"
Derailments,2012:12:SCRF:ID130636,0,0,145000,60000,0,0,0,DARLINGTON,12/30/2012 0:00,23:25,2012,2013,"T202,","SCRF,",1,"T2,","T,",MAIN,South Carolina,34.34579,-79.89682,"South Carolina
(34.34579, -79.89682)"
Derailments,2015:02:NS:114369,0,0,317,12931,0,0,0,ALLEGHENY,2/15/2015 0:00,3:00,2015,2015,"H702,","NS,",8,"H7,","H,",YARD,Pennsylvania,40.40817,-79.892651,"Pennsylvania
(40.40817, -79.892651)"
Derailments,2013:03:URR:3105,0,0,30000,3500,0,0,0,ALLEGHENY,3/12/2013 0:00,17:30,2013,2013,"T105,","URR,",1,"T1,","T,",MAIN,Pennsylvania,40.30803,-79.883995,"Pennsylvania
(40.30803, -79.883995)"
Derailments,2014:06:URR:4404,0,0,12050,6500,0,0,0,ALLEGHENY,6/29/2014 0:00,16:10,2014,2014,"H702,H704,","URR,",7,"H7,","H,",YARD,Pennsylvania,40.289555,-79.880808,"Pennsylvania
(40.289555, -79.880808)"
Highway-rail impact,2011:06:CSX:000090741,2,1,0,25000,0,0,0,CHESTERFIELD,6/20/2011 0:00,7:21,2011,2011,"M302,","ATK,CSX,",2,"M3,","M,",MAIN,South Carolina,34.699612,-79.880573,"South Carolina
(34.699612, -79.880573)"
Derailments,2014:02:NS:109179,0,0,2242,16600,0,0,0,ALLEGHENY,2/16/2014 0:00,22:30,2014,2014,"M101,","NS,",1,"M1,","M,",SIDING,Pennsylvania,40.282822,-79.880202,"Pennsylvania
(40.282822, -79.880202)"
Derailments,2016:06:URR:6109,0,0,27500,2800,0,0,0,ALLEGHENY,6/26/2016 0:00,18:00,2016,2016,"M405,H699,","URR,",1,"M4,H6,","M,H,",MAIN,Pennsylvania,40.368291,-79.875758,"Pennsylvania
(40.368291, -79.875758)"
Derailments,2011:12:SCRF:ID110598,0,0,1800,25000,0,0,0,DARLINGTON,12/1/2011 0:00,4:15,2011,2012,"T110,","SCRF,",1,"T1,","T,",INDUSTRY,South Carolina,34.286705,-79.871555,"South Carolina
(34.286705, -79.871555)"
Derailments,2011:08:NS:095932,0,0,5000,10000,0,0,0,HENRY,8/13/2011 0:00,20:55,2011,2011,"M503,","NS,",1,"M5,","M,",SIDING,Virginia,36.65566,-79.870896,"Virginia
(36.65566, -79.870896)"
Derailments,2014:06:CSX:000130715,0,0,5000,78867,6,1,0,ALLEGHENY,6/7/2014 0:00,22:46,2014,2014,"M202,","CSX,",1,"M2,","M,",MAIN,Pennsylvania,40.350767,-79.870643,"Pennsylvania
(40.350767, -79.870643)"
Derailments,2016:04:USSQ:INDUSTRY,0,0,32000,50000,0,0,0,ALLEGHENY,4/26/2016 0:00,24:50:00,2016,2016,"T110,T205,","URR,",7,"T1,T2,","T,",YARD,Pennsylvania,40.299524,-79.87055,"Pennsylvania
(40.299524, -79.87055)"
Highway-rail impact,2013:10:WVC:201301,1,23,99000,150000,0,0,0,RANDOLPH,10/11/2013 0:00,13:19,2013,2014,"M303,","WVC,",2,"M3,","M,",MAIN,West Virginia,38.616602,-79.869567,"West Virginia
(38.616602, -79.869567)"
Derailments,2015:08:URR:5110,0,0,43695,4000,0,0,0,ALLEGHENY,8/17/2015 0:00,18:56,2015,2015,"M405,T402,","URR,",1,"M4,T4,","M,T,",MAIN,Pennsylvania,40.4036,-79.8686,"Pennsylvania
(40.4036, -79.8686)"
Other impacts,2016:02:CSX:000157413,0,0,1775,37917,7,0,0,ALLEGHENY,2/23/2016 0:00,4:30,2016,2016,"H317,","CSX,",16,"H3,","H,",MAIN,Pennsylvania,40.351732,-79.867347,"Pennsylvania
(40.351732, -79.867347)"
Highway-rail impact,2014:01:NS:108841,0,0,5577,20793,19,0,0,ALLEGHENY,1/30/2014 0:00,20:00,2014,2014,"M303,","NS,",1,"M3,","M,",MAIN,Pennsylvania,40.489235,-79.864961,"Pennsylvania
(40.489235, -79.864961)"
Derailments,2011:10:USSQ:INDUSTRY,0,0,6375,3500,0,0,0,ALLEGHENY,10/22/2011 0:00,13:15,2011,2012,"T110,","URR,",7,"T1,","T,",INDUSTRY,Pennsylvania,40.395116,-79.857253,"Pennsylvania
(40.395116, -79.857253)"
Derailments,2012:10:USSQ:INDUSTRY1,0,0,75000,4000,0,0,0,ALLEGHENY,10/13/2012 0:00,5:45,2012,2013,"T221,","URR,",7,"T2,","T,",INDUSTRY,Pennsylvania,40.393577,-79.85495,"Pennsylvania
(40.393577, -79.85495)"
Derailments,2014:04:WNYP:201411,0,0,1172,9746,1,1,0,VENANGO,4/17/2014 0:00,11:15,2014,2014,"T110,T111,","WNYP,",1,"T1,","T,",MAIN,Pennsylvania,41.4015,-79.8538,"Pennsylvania
(41.4015, -79.8538)"
Derailments,2015:06:URR:5106,0,0,3000,8000,0,0,0,ALLEGHENY,6/30/2015 0:00,2:15,2015,2015,"E67C,E66C,","URR,",1,"E6,","E,",MAIN,Pennsylvania,40.376815,-79.847411,"Pennsylvania
(40.376815, -79.847411)"
Derailments,2014:11:URR:4319,0,0,2400,15000,0,0,0,ALLEGHENY,11/22/2014 0:00,15:05,2014,2015,"H704,","URR,",7,"H7,","H,",INDUSTRY,Pennsylvania,40.392723,-79.846647,"Pennsylvania
(40.392723, -79.846647)"
Derailments,2016:05:NS:120525,0,0,9800,16000,0,0,0,HENRY,5/16/2016 0:00,17:00,2016,2016,"T102,","NS,",1,"T1,","T,",INDUSTRY,Virginia,36.641221,-79.845884,"Virginia
(36.641221, -79.845884)"
Derailments,2014:12:CSX:000138778,0,0,100,14938,0,0,0,ALLEGHENY,12/11/2014 0:00,1:30,2014,2015,"H021,","CSX,",7,"H0,","H,",YARD,Pennsylvania,40.382484,-79.843591,"Pennsylvania
(40.382484, -79.843591)"
Derailments,2015:03:NS:114992,0,0,50,12651,0,0,0,GUILFORD,3/26/2015 0:00,2:00,2015,2015,"H306,H702,","NS,",8,"H3,H7,","H,",YARD,North Carolina,36.059928,-79.842013,"North Carolina
(36.059928, -79.842013)"
Derailments,2015:06:NS:116176,0,0,2615,10600,0,0,0,GUILFORD,6/22/2015 0:00,2:45,2015,2015,"H702,","NS,",1,"H7,","H,",YARD,North Carolina,36.059928,-79.842013,"North Carolina
(36.059928, -79.842013)"
Derailments,2014:05:URR:4107,0,0,17800,100,0,0,0,ALLEGHENY,5/19/2014 0:00,19:15,2014,2014,"H312,H318,","URR,",7,"H3,","H,",YARD,Pennsylvania,40.395796,-79.836176,"Pennsylvania
(40.395796, -79.836176)"
Derailments,2015:06:CSX:000147353,0,0,550,10457,7,1,0,ALLEGHENY,6/6/2015 0:00,20:05,2015,2015,"T311,","CSX,",1,"T3,","T,",YARD,Pennsylvania,40.367061,-79.834687,"Pennsylvania
(40.367061, -79.834687)"
Highway-rail impact,2012:08:NS:100898,0,0,0,14186,0,0,0,ALLEGHENY,8/9/2012 0:00,20:35,2012,2012,"M303,","NS,",1,"M3,","M,",MAIN,Pennsylvania,40.396104,-79.832905,"Pennsylvania
(40.396104, -79.832905)"
Derailments,2014:12:WNYP:201445,0,0,15644,0,0,0,0,VENANGO,12/3/2014 0:00,17:55,2014,2015,"T110,T111,","WNYP,",1,"T1,","T,",SIDING,Pennsylvania,41.40257,-79.8289,"Pennsylvania
(41.40257, -79.8289)"
Highway-rail impact,2011:08:NS:095888,0,1,10000,12000,0,0,0,RANDOLPH,8/10/2011 0:00,14:30,2011,2011,"M304,","NS,",1,"M3,","M,",MAIN,North Carolina,35.76578,-79.818684,"North Carolina
(35.76578, -79.818684)"
Derailments,2013:01:CSX:000112472,0,0,100,10120,0,0,0,WILLIAMSBURG,1/30/2013 0:00,8:55,2013,2013,"H602,","CSX,",1,"H6,","H,",INDUSTRY,South Carolina,33.692321,-79.818494,"South Carolina
(33.692321, -79.818494)"
Derailments,2016:07:NS:121077,0,0,121000,76500,0,0,0,RANDOLPH,7/1/2016 0:00,17:05,2016,2016,"E40C,T102,","NS,",1,"E4,T1,","E,T,",MAIN,North Carolina,35.798651,-79.814684,"North Carolina
(35.798651, -79.814684)"
Rear end collision,2016:03:NS:119835,0,0,500,51787,0,0,0,BOTETOURT,3/23/2016 0:00,12:55,2016,2016,"H222,H605,","NS,",1,"H2,H6,","H,",MAIN,Virginia,37.444426,-79.806276,"Virginia
(37.444426, -79.806276)"
Derailments,2011:10:NPLZ:INDUSTRY,0,0,50,18056,0,0,0,FLORENCE,10/16/2011 0:00,24:20:00,2011,2012,"M501,","CSX,",1,"M5,","M,",INDUSTRY,South Carolina,33.838563,-79.765993,"South Carolina
(33.838563, -79.765993)"
Side collision,2014:08:CSX:000133857,0,0,50,12352,0,0,0,FLORENCE,8/22/2014 0:00,18:30,2014,2014,"H306,","CSX,",76,"H3,","H,",YARD,South Carolina,34.198225,-79.762555,"South Carolina
(34.198225, -79.762555)"
Derailments,2015:04:CSX:000145479,0,0,25857,46571,5,3,0,FLORENCE,4/27/2015 0:00,18:50,2015,2015,"H702,","CSX,",7,"H7,","H,",YARD,South Carolina,34.199162,-79.761382,"South Carolina
(34.199162, -79.761382)"
Side collision,2015:04:CSX:000145331,0,1,2251,106190,10,0,0,FLORENCE,4/23/2015 0:00,2:50,2015,2015,"M504,H607,","CSX,SCRF,",11,"M5,H6,","M,H,",YARD,South Carolina,34.199168,-79.76137,"South Carolina
(34.199168, -79.76137)"
Highway-rail impact,2012:05:CSX:000104325,0,2,30500,1100,20,0,0,FLORENCE,5/31/2012 0:00,5:10,2012,2012,"M399,","CSX,",1,"M3,","M,",MAIN,South Carolina,33.864993,-79.757164,"South Carolina
(33.864993, -79.757164)"
Derailments,2015:11:PDRR:20154,0,0,10364,300,1,0,0,MARLBORO,11/13/2015 0:00,13:10,2015,2016,"T220,","PDRR,",1,"T2,","T,",MAIN,South Carolina,34.582565,-79.750265,"South Carolina
(34.582565, -79.750265)"
Highway-rail impact,2015:04:NS:115144,0,0,12267,0,0,0,0,GUILFORD,4/6/2015 0:00,19:10,2015,2015,"M302,","NS,",NA,"M3,","M,",MAIN,North Carolina,36.082621,-79.743453,"North Carolina
(36.082621, -79.743453)"
Head on collision,2015:10:CSX:000152796,0,0,0,15940,0,0,0,BOTETOURT,10/3/2015 0:00,9:50,2015,2016,"H699,","CSX,",NA,"H6,","H,",MAIN,Virginia,37.566726,-79.736531,"Virginia
(37.566726, -79.736531)"
Derailments,2015:01:SWP:01222015,0,0,125000,75000,0,0,0,FAYETTE,1/22/2015 0:00,7:30,2015,2015,"T110,T111,","SWP,",1,"T1,","T,",MAIN,Pennsylvania,39.902427,-79.722001,"Pennsylvania
(39.902427, -79.722001)"
Derailments,2016:03:NS:119566,0,0,215000,651088,4,3,2,CHAUTAUQUA,3/1/2016 0:00,21:27,2016,2016,"T207,","NS,",1,"T2,","T,",MAIN,New York,42.265721,-79.707763,"New York
(42.265721, -79.707763)"
Derailments,2014:08:WNYP:W201403,0,0,16420,2500,0,0,0,VENANGO,8/4/2014 0:00,14:20,2014,2014,"M405,H607,","WNYP,",7,"M4,H6,","M,H,",INDUSTRY,Pennsylvania,41.47187,-79.69413,"Pennsylvania
(41.47187, -79.69413)"
Side collision,2011:08:CSX:000093457,0,0,1000,188169,27,0,0,RICHMOND,8/30/2011 0:00,5:45,2011,2011,"H702,","CSX,",71,"H7,","H,",YARD,North Carolina,34.879351,-79.69336,"North Carolina
(34.879351, -79.69336)"
Other impacts,2011:10:CSX:000096045,0,0,0,14000,1,0,0,RICHMOND,10/19/2011 0:00,22:38,2011,2012,"E0HC,","CSX,",5,"E0,","E,",YARD,North Carolina,34.879351,-79.69336,"North Carolina
(34.879351, -79.69336)"
Other impacts,2011:12:CSX:000098358,0,0,200,12781,2,0,0,RICHMOND,12/6/2011 0:00,2:15,2011,2012,"M408,","CSX,",57,"M4,","M,",YARD,North Carolina,34.879351,-79.69336,"North Carolina
(34.879351, -79.69336)"
Side collision,2012:09:CSX:000108174,0,0,0,24100,1,0,0,RICHMOND,9/13/2012 0:00,3:15,2012,2012,"M408,","CSX,",76,"M4,","M,",YARD,North Carolina,34.91469,-79.670683,"North Carolina
(34.91469, -79.670683)"
Side collision,2012:10:CSX:000108756,0,0,50,10120,1,0,0,RICHMOND,10/2/2012 0:00,10:38,2012,2013,"M408,","CSX,",57,"M4,","M,",YARD,North Carolina,34.91469,-79.670683,"North Carolina
(34.91469, -79.670683)"
Other impacts,2012:11:CSX:000110103,0,0,2000,40118,0,0,0,RICHMOND,11/12/2012 0:00,18:00,2012,2013,"E04C,","CSX,",565,"E0,","E,",YARD,North Carolina,34.91469,-79.670683,"North Carolina
(34.91469, -79.670683)"
Other impacts,2013:04:CSX:000114976,0,0,1000,85652,15,0,0,RICHMOND,4/13/2013 0:00,13:56,2013,2013,"H306,","CSX,",71,"H3,","H,",YARD,North Carolina,34.91469,-79.670683,"North Carolina
(34.91469, -79.670683)"
Side collision,2013:10:CSX:000121608,0,0,200,41627,5,1,0,RICHMOND,10/12/2013 0:00,3:45,2013,2014,"M408,","CSX,",76,"M4,","M,",YARD,North Carolina,34.91469,-79.670683,"North Carolina
(34.91469, -79.670683)"
Derailments,2013:10:CSX:000121891,0,0,1750,95126,0,0,0,RICHMOND,10/18/2013 0:00,18:50,2013,2014,"H306,","CSX,",7,"H3,","H,",YARD,North Carolina,34.91469,-79.670683,"North Carolina
(34.91469, -79.670683)"
Derailments,2014:09:CSX:000135111,0,0,100,17652,2,2,0,RICHMOND,9/19/2014 0:00,21:52,2014,2014,"M599,","CSX,",6,"M5,","M,",YARD,North Carolina,34.91469,-79.670683,"North Carolina
(34.91469, -79.670683)"