AccidentType,inckey,Fatalities,Injuries,TrackDamage,EquipmentDamage,HazmatCars,HazmatCarsDerailed,HazmatCarsReleasing,County,DisplayDate,DisplayTime,calendar,Fiscal,AccidentCause,RailroadCodes,RAILEQUIPMENT_TYPE,CauseGroup,CauseDiscipline,TYPE_OF_TRACK,StateName,latitude,longitude,GeoLocation
Derailments,2014:10:CSX:000135953,0,0,1500,15018,0,0,0,RICHMOND,10/8/2014 0:00,13:40,2014,2015,"M204,","CSX,",7,"M2,","M,",YARD,North Carolina,34.91463,-79.670657,"North Carolina
(34.91463, -79.670657)"
Derailments,2014:12:CSX:000138844,0,0,2500,26597,0,0,0,RICHMOND,12/12/2014 0:00,23:02,2014,2015,"T314,","CSX,",6,"T3,","T,",YARD,North Carolina,34.91463,-79.670657,"North Carolina
(34.91463, -79.670657)"
Derailments,2014:12:CSX:000138868,0,0,3500,32054,1,1,0,RICHMOND,12/14/2014 0:00,3:00,2014,2015,"H993,","CSX,",5,"H9,","H,",YARD,North Carolina,34.91463,-79.670657,"North Carolina
(34.91463, -79.670657)"
Derailments,2015:01:CSX:000139940,0,0,2482,16586,0,0,0,RICHMOND,1/13/2015 0:00,1:00,2015,2015,"E4BC,","CSX,",7,"E4,","E,",YARD,North Carolina,34.91463,-79.670657,"North Carolina
(34.91463, -79.670657)"
Other impacts,2015:02:CSX:000142137,0,0,50,26196,1,0,0,RICHMOND,2/15/2015 0:00,20:30,2015,2015,"M411,","CSX,",6,"M4,","M,",YARD,North Carolina,34.91463,-79.670657,"North Carolina
(34.91463, -79.670657)"
Derailments,2015:07:CSX:000148641,0,0,500,12821,0,0,0,RICHMOND,7/1/2015 0:00,17:05,2015,2015,"E25C,","CSX,",1,"E2,","E,",YARD,North Carolina,34.91463,-79.670657,"North Carolina
(34.91463, -79.670657)"
Other impacts,2015:08:CSX:000151198,0,0,0,13918,0,0,0,RICHMOND,8/23/2015 0:00,5:34,2015,2015,"E0HC,","CSX,",6,"E0,","E,",YARD,North Carolina,34.91463,-79.670657,"North Carolina
(34.91463, -79.670657)"
Derailments,2016:03:CSX:000158094,0,0,928,36437,28,0,0,RICHMOND,3/14/2016 0:00,23:30,2016,2016,"E29C,","CSX,",1,"E2,","E,",YARD,North Carolina,34.91463,-79.670657,"North Carolina
(34.91463, -79.670657)"
Derailments,2016:04:CSX:000158958,0,0,1589,16520,6,1,0,RICHMOND,4/12/2016 0:00,8:45,2016,2016,"E04C,","CSX,",7,"E0,","E,",YARD,North Carolina,34.925492,-79.646588,"North Carolina
(34.925492, -79.646588)"
Derailments,2015:02:CSX:000141900,0,0,77779,20672,19,0,0,PRESTON,2/22/2015 0:00,19:10,2015,2015,"E67C,","CSX,",1,"E6,","E,",MAIN,West Virginia,39.377457,-79.641442,"West Virginia
(39.377457, -79.641442)"
Derailments,2014:09:CSX:000135370,0,0,250,14760,0,0,0,FAYETTE,9/23/2014 0:00,23:49,2014,2014,"T217,","CSX,",61,"T2,","T,",YARD,Pennsylvania,40.017944,-79.592194,"Pennsylvania
(40.017944, -79.592194)"
Derailments,2015:08:CSX:000150129,0,0,200,16310,0,0,0,FAYETTE,8/3/2015 0:00,2:14,2015,2015,"H020,","CSX,",61,"H0,","H,",YARD,Pennsylvania,40.017944,-79.592194,"Pennsylvania
(40.017944, -79.592194)"
Other impacts,2014:07:CSX:000132749,0,0,0,13146,0,0,0,FAYETTE,7/29/2014 0:00,17:06,2014,2014,"H307,","CSX,",61,"H3,","H,",YARD,Pennsylvania,40.013787,-79.591528,"Pennsylvania
(40.013787, -79.591528)"
Derailments,2013:10:NS:106607,0,0,188000,118937,0,0,0,ROCKINGHAM,10/1/2013 0:00,8:58,2013,2014,"E61C,","NS,",1,"E6,","E,",MAIN,North Carolina,36.42834,-79.579986,"North Carolina
(36.42834, -79.579986)"
Derailments,2014:02:NS:109106,0,1,562869,1760384,87,21,4,WESTMORELAND,2/13/2014 0:00,8:00,2014,2014,"T111,","NS,",1,"T1,","T,",MAIN,Pennsylvania,40.604256,-79.556168,"Pennsylvania
(40.604256, -79.556168)"
Derailments,2016:03:CSX:000158299,0,0,1356,48870,16,1,0,SCOTLAND,3/3/2016 0:00,23:10,2016,2016,"E39C,","CSX,",1,"E3,","E,",MAIN,North Carolina,34.806638,-79.541761,"North Carolina
(34.806638, -79.541761)"
Obstruction impact,2013:02:NS:103295,0,1,90480,3512,0,0,0,WESTMORELAND,2/5/2013 0:00,6:56,2013,2013,"M402,","NS,",1,"M4,","M,",MAIN,Pennsylvania,40.535232,-79.504506,"Pennsylvania
(40.535232, -79.504506)"
Rear end collision,2012:09:CSX:000107982,0,1,0,50500,0,0,0,ROCKBRIDGE,9/8/2012 0:00,17:45,2012,2012,"H402,","CSX,",NA,"H4,","H,",MAIN,Virginia,37.616263,-79.489456,"Virginia
(37.616263, -79.489456)"
Highway-rail impact,2014:10:CSX:000136634,0,0,200,20764,0,0,0,DILLON,10/23/2014 0:00,16:44,2014,2015,"M302,","CSX,",1,"M3,","M,",MAIN,South Carolina,34.517215,-79.474396,"South Carolina
(34.517215, -79.474396)"
Derailments,2012:04:NS:099354,0,0,15000,28300,0,0,0,CASWELL,4/11/2012 0:00,15:40,2012,2012,"T207,","NS,",1,"T2,","T,",INDUSTRY,North Carolina,36.53881,-79.458844,"North Carolina
(36.53881, -79.458844)"
Derailments,2015:07:NS:116422,0,0,164,12705,0,0,0,CASWELL,7/8/2015 0:00,18:15,2015,2015,"M101,","NS,",1,"M1,","M,",INDUSTRY,North Carolina,36.538442,-79.458779,"North Carolina
(36.538442, -79.458779)"
Highway-rail impact,2015:12:CSX:000154867,1,0,0,70383,0,0,0,MOORE,12/3/2015 0:00,6:45,2015,2016,"M308,","ATK,CSX,",26,"M3,","M,",SIDING,North Carolina,35.096797,-79.45479,"North Carolina
(35.096797, -79.45479)"
Derailments,2011:08:SWP:081711,0,0,16523,8917,0,0,0,WESTMORELAND,8/17/2011 0:00,13:00,2011,2011,"T101,","SWP,",1,"T1,","T,",MAIN,Pennsylvania,40.36,-79.439,"Pennsylvania
(40.36, -79.439)"
Other impacts,2012:07:XROT:INDUSTRY,0,0,12183,0,0,0,0,DILLON,7/19/2012 0:00,14:00,2012,2012,"H307,","CSX,",1,"H3,","H,",INDUSTRY,South Carolina,34.337105,-79.431162,"South Carolina
(34.337105, -79.431162)"
Derailments,2015:08:NS:117007,0,0,1000,11789,0,0,0,BEDFORD,8/19/2015 0:00,12:30,2015,2015,"E39C,","NS,",1,"E3,","E,",MAIN,Virginia,37.118278,-79.420524,"Virginia
(37.118278, -79.420524)"
Highway-rail impact,2011:12:CSX:000099022,0,1,21000,13695,0,0,0,GRANT,12/26/2011 0:00,24:45:00,2011,2012,"M303,","CSX,",1,"M3,","M,",MAIN,West Virginia,39.272326,-79.374879,"West Virginia
(39.272326, -79.374879)"
Side collision,2016:01:XSOC:INDUSTRY,0,0,300,124000,0,0,0,GEORGETOWN,1/15/2016 0:00,14:00,2016,2016,"M105,","CSX,",61,"M1,","M,",INDUSTRY,South Carolina,33.332801,-79.374769,"South Carolina
(33.332801, -79.374769)"
Derailments,2014:08:NS:111586,0,0,34361,42500,0,0,0,PITTSYLVANIA,8/2/2014 0:00,24:01:00,2014,2014,"T110,","NS,",1,"T1,","T,",SIDING,Virginia,36.597007,-79.369406,"Virginia
(36.597007, -79.369406)"
Derailments,2015:12:NS:118546,0,0,2500,35200,0,0,0,PITTSYLVANIA,12/11/2015 0:00,22:10,2015,2016,"E33C,","NS,",1,"E3,","E,",MAIN,Virginia,36.624358,-79.368693,"Virginia
(36.624358, -79.368693)"
Obstruction impact,2011:11:CSX:000100339,0,0,0,21297,0,0,0,SOMERSET,11/18/2011 0:00,8:10,2011,2012,"M402,","ATK,CSX,",2,"M4,","M,",MAIN,Pennsylvania,39.812855,-79.356701,"Pennsylvania
(39.812855, -79.356701)"
Derailments,2014:03:CSX:000126937,0,0,1000,12410,1,1,0,GEORGETOWN,3/7/2014 0:00,24:20:00,2014,2014,"H702,","CSX,",1,"H7,","H,",YARD,South Carolina,33.379745,-79.30722,"South Carolina
(33.379745, -79.30722)"
Derailments,2014:12:NS:113466,0,0,0,77000,0,0,0,ARMSTRONG,12/16/2014 0:00,17:00,2014,2015,"T309,","NS,",1,"T3,","T,",INDUSTRY,Pennsylvania,40.657475,-79.303408,"Pennsylvania
(40.657475, -79.303408)"
Highway-rail impact,2014:03:NS:109591,0,0,11986,5757,0,0,0,CAMPBELL,3/13/2014 0:00,5:45,2014,2014,"M303,","NS,",1,"M3,","M,",MAIN,Virginia,37.148325,-79.301032,"Virginia
(37.148325, -79.301032)"
Obstruction impact,2012:11:NS:102099,0,0,35077,100,0,0,0,CAMPBELL,11/6/2012 0:00,5:35,2012,2013,"M404,","ATK,NS,",2,"M4,","M,",MAIN,Virginia,37.14731,-79.300873,"Virginia
(37.14731, -79.300873)"
Derailments,2011:07:NS:095402,0,0,21166,1400,0,0,0,CHATHAM,7/1/2011 0:00,13:19,2011,2011,"H524,","NS,",1,"H5,","H,",MAIN,North Carolina,35.569775,-79.28075,"North Carolina
(35.569775, -79.28075)"
Derailments,2012:09:CSX:000107822,0,0,5000,46641,0,0,0,SOMERSET,9/2/2012 0:00,18:45,2012,2012,"T102,","CSX,",1,"T1,","T,",MAIN,Pennsylvania,39.828334,-79.278458,"Pennsylvania
(39.828334, -79.278458)"
Derailments,2013:10:ACWR:100513,0,0,7628,11813,0,0,0,MOORE,10/5/2013 0:00,4:15,2013,2014,"E22C,H995,","ACWR,",1,"E2,H9,","E,H,",YARD,North Carolina,35.082219,-79.263212,"North Carolina
(35.082219, -79.263212)"
Derailments,2011:11:ZNCA:INDUSTRY,0,0,21378,3050,0,0,0,INDIANA,11/11/2011 0:00,18:48,2011,2012,"M101,","NS,",1,"M1,","M,",INDUSTRY,Pennsylvania,40.433644,-79.260849,"Pennsylvania
(40.433644, -79.260849)"
Other events,2013:08:NS:106165,0,0,500,26400,0,0,0,INDIANA,8/28/2013 0:00,24:30:00,2013,2013,"M103,","NS,",6,"M1,","M,",MAIN,Pennsylvania,40.42518,-79.256853,"Pennsylvania
(40.42518, -79.256853)"
Derailments,2015:11:CSX:000154656,0,0,68274,27406,0,0,0,GARRETT,11/23/2015 0:00,16:15,2015,2016,"T205,","CSX,",1,"T2,","T,",MAIN,Maryland,39.356444,-79.255135,"Maryland
(39.356444, -79.255135)"
Raking collision,2015:01:NS:114013,0,0,0,38939,0,0,0,INDIANA,1/22/2015 0:00,14:00,2015,2015,"M507,","NS,",1,"M5,","M,",SIDING,Pennsylvania,40.428804,-79.25158,"Pennsylvania
(40.428804, -79.25158)"
Derailments,2012:12:NS:102531,0,0,60000,449028,0,0,0,CAMPBELL,12/14/2012 0:00,5:00,2012,2013,"T207,","NS,",1,"T2,","T,",MAIN,Virginia,37.058834,-79.195145,"Virginia
(37.058834, -79.195145)"
Derailments,2015:04:CSX:000144874,0,0,350,91798,51,1,0,GARRETT,4/15/2015 0:00,3:40,2015,2015,"M599,","CSX,",1,"M5,","M,",MAIN,Maryland,39.471928,-79.194837,"Maryland
(39.471928, -79.194837)"
Other impacts,2016:07:CMBZ:INDUSTRY,0,0,0,29159,0,0,0,SOMERSET,7/9/2016 0:00,18:40,2016,2016,"H306,","CSX,",8,"H3,","H,",INDUSTRY,Pennsylvania,39.911345,-79.167763,"Pennsylvania
(39.911345, -79.167763)"
Highway-rail impact,2013:04:CSX:000115462,1,0,0,23854,0,0,0,ROBESON,4/24/2013 0:00,17:09,2013,2013,"M308,","ATK,CSX,",2,"M3,","M,",MAIN,North Carolina,34.715691,-79.157956,"North Carolina
(34.715691, -79.157956)"
Derailments,2015:11:CSX:000154773,0,0,377,15103,0,0,0,SOMERSET,11/30/2015 0:00,8:15,2015,2016,"H307,","CSX,",1,"H3,","H,",YARD,Pennsylvania,39.914012,-79.155347,"Pennsylvania
(39.914012, -79.155347)"
Derailments,2015:10:CSX:000152771,0,0,675,40421,104,0,0,LYNCHBURG,10/4/2015 0:00,2:38,2015,2016,"M101,","CSX,",1,"M1,","M,",MAIN,Virginia,37.430375,-79.148062,"Virginia
(37.430375, -79.148062)"
Other impacts,2011:08:CSX:000093159,0,0,500,120992,0,0,0,LYNCHBURG,8/22/2011 0:00,13:15,2011,2011,"H020,","CSX,",6,"H0,","H,",YARD,Virginia,37.411381,-79.136134,"Virginia
(37.411381, -79.136134)"
Derailments,2014:04:CSX:000129247,0,2,176500,1116005,104,17,1,LYNCHBURG,4/30/2014 0:00,13:54,2014,2014,"T207,","CSX,",1,"T2,","T,",MAIN,Virginia,37.411381,-79.136133,"Virginia
(37.411381, -79.136133)"
Obstruction impact,2014:02:NS:109096,0,0,18000,56,4,0,0,AUGUSTA,2/13/2014 0:00,1:49,2014,2014,"M402,","NS,",1,"M4,","M,",MAIN,Virginia,37.994704,-79.134727,"Virginia
(37.994704, -79.134727)"
Derailments,2013:02:CSX:000113064,0,0,256200,2541110,0,0,0,GARRETT,2/18/2013 0:00,1:40,2013,2013,"E09C,","CSX,",1,"E0,","E,",MAIN,Maryland,39.499317,-79.107112,"Maryland
(39.499317, -79.107112)"
Derailments,2014:06:NS:110957,0,0,17307,36300,0,0,0,CAMPBELL,6/21/2014 0:00,12:30,2014,2014,"H019,","NS,",1,"H0,","H,",MAIN,Virginia,37.073677,-79.095371,"Virginia
(37.073677, -79.095371)"
Derailments,2011:08:CSX:000093421,0,0,8000,100000,0,0,0,MINERAL,8/27/2011 0:00,10:30,2011,2011,"M599,M506,","CSX,",NA,"M5,","M,",MAIN,West Virginia,39.473384,-79.075912,"West Virginia
(39.473384, -79.075912)"
Highway-rail impact,2014:04:CSX:000128631,0,0,0,34419,0,0,0,SOMERSET,4/16/2014 0:00,10:52,2014,2014,"M308,","CSX,",1,"M3,","M,",MAIN,Pennsylvania,40.00846,-79.074063,"Pennsylvania
(40.00846, -79.074063)"
Derailments,2011:10:CSX:000095489,0,0,250,13752,9,1,0,CAMPBELL,10/11/2011 0:00,1:30,2011,2012,"H510,","CSX,",1,"H5,","H,",INDUSTRY,Virginia,37.384642,-79.065582,"Virginia
(37.384642, -79.065582)"
Derailments,2012:06:CSX:000104429,0,0,800,234246,0,0,0,ALLEGANY,6/2/2012 0:00,3:03,2012,2012,"T111,","CSX,",1,"T1,","T,",MAIN,Maryland,39.471796,-79.060827,"Maryland
(39.471796, -79.060827)"
Side collision,2013:01:CSX:000111749,0,0,0,19482,0,0,0,ALLEGANY,1/5/2013 0:00,7:00,2013,2013,"H318,","CSX,",51,"H3,","H,",YARD,Maryland,39.471796,-79.060827,"Maryland
(39.471796, -79.060827)"
Derailments,2014:06:WVC:2014001,0,0,26068,29600,0,0,0,AUGUSTA,6/12/2014 0:00,8:00,2014,2014,"T110,","WVC,",1,"T1,","T,",MAIN,Virginia,38.155361,-79.050972,"Virginia
(38.155361, -79.050972)"
Derailments,2014:07:CSX:000132129,0,0,2000,11546,11,2,0,NIAGARA,7/14/2014 0:00,18:45,2014,2014,"H702,","CSX,",7,"H7,","H,",YARD,New York,43.112958,-79.031634,"New York
(43.112958, -79.031634)"
Derailments,2011:10:CSX:000095903,0,0,1000,29913,0,0,0,NIAGARA,10/22/2011 0:00,11:30,2011,2012,"H306,H399,","CSX,",7,"H3,","H,",YARD,New York,43.112876,-79.031622,"New York
(43.112876, -79.031622)"
Derailments,2015:10:CSX:000153483,0,0,2100,39927,1,1,0,NIAGARA,10/20/2015 0:00,19:05,2015,2016,"T206,","CSX,",7,"T2,","T,",YARD,New York,43.118713,-78.99617,"New York
(43.118713, -78.99617)"
Derailments,2013:11:BPRR:BPR473813D,0,0,0,50000,0,0,0,JEFFERSON,11/23/2013 0:00,8:40,2013,2014,"H704,","BPRR,",1,"H7,","H,",YARD,Pennsylvania,40.945621,-78.975307,"Pennsylvania
(40.945621, -78.975307)"
Derailments,2012:03:CSX:000102153,0,0,6000,121222,33,0,0,SOMERSET,3/29/2012 0:00,13:15,2012,2012,"H503,","CSX,",1,"H5,","H,",MAIN,Pennsylvania,39.799085,-78.971705,"Pennsylvania
(39.799085, -78.971705)"
Raking collision,2012:05:BPRR:BPR229812,0,0,2000,20000,0,0,0,JEFFERSON,5/18/2012 0:00,19:20,2012,2012,"H302,","BPRR,",7,"H3,","H,",YARD,Pennsylvania,40.950299,-78.959684,"Pennsylvania
(40.950299, -78.959684)"
Derailments,2014:09:CSX:000134921,0,0,100,10821,0,0,0,SOMERSET,9/15/2014 0:00,16:05,2014,2014,"T220,","CSX,",1,"T2,","T,",MAIN,Pennsylvania,40.20803,-78.927245,"Pennsylvania
(40.20803, -78.927245)"
Derailments,2015:02:CSX:000142084,0,0,212,15105,8,1,0,ERIE,2/25/2015 0:00,19:30,2015,2015,"M101,","CSX,",7,"M1,","M,",YARD,New York,42.98534,-78.925717,"New York
(42.98534, -78.925717)"
Derailments,2014:10:DPOZ:INDUSTRY,0,0,750,10400,0,0,0,PERSON,10/15/2014 0:00,13:31,2014,2015,"T311,","NS,",1,"T3,","T,",INDUSTRY,North Carolina,36.523053,-78.905852,"North Carolina
(36.523053, -78.905852)"
Derailments,2012:10:NS:101625,0,0,12156,900,0,0,0,HALIFAX,10/1/2012 0:00,16:45,2012,2013,"T110,","NS,",4,"T1,","T,",YARD,Virginia,36.982623,-78.903986,"Virginia
(36.982623, -78.903986)"
Highway-rail impact,2014:05:NS:110496,0,0,20000,1000,1,0,0,DURHAM,5/16/2014 0:00,21:30,2014,2014,"M303,","NS,",1,"M3,","M,",MAIN,North Carolina,35.985513,-78.892751,"North Carolina
(35.985513, -78.892751)"
Obstruction impact,2012:07:NS:105831,0,0,0,13318,0,0,0,CAMBRIA,7/26/2012 0:00,20:10,2012,2012,"M404,","ATK,NS,",2,"M4,","M,",MAIN,Pennsylvania,40.340689,-78.891985,"Pennsylvania
(40.340689, -78.891985)"
Derailments,2014:10:CSX:000135720,0,0,500,41114,0,0,0,ERIE,10/3/2014 0:00,11:50,2014,2015,"H702,","CSX,",7,"H7,","H,",YARD,New York,42.969684,-78.890768,"New York
(42.969684, -78.890768)"
Derailments,2012:02:CSX:000100344,0,0,3000,92365,0,0,0,ERIE,2/2/2012 0:00,19:00,2012,2012,"T220,","CSX,",7,"T2,","T,",YARD,New York,42.969684,-78.890767,"New York
(42.969684, -78.890767)"
Derailments,2014:12:CSX:000138669,0,0,1000,18510,11,1,0,ERIE,12/10/2014 0:00,16:30,2014,2015,"T311,","CSX,",7,"T3,","T,",YARD,New York,42.982634,-78.887938,"New York
(42.982634, -78.887938)"
Derailments,2015:01:NS:113987,0,0,19625,700,0,0,0,WAYNESBORO,1/22/2015 0:00,18:47,2015,2015,"H306,H702,","NS,",1,"H3,H7,","H,",YARD,Virginia,38.076071,-78.872146,"Virginia
(38.076071, -78.872146)"
Derailments,2015:01:NS:114017,0,0,24206,3650,0,0,0,WAYNESBORO,1/24/2015 0:00,21:55,2015,2015,"T314,","NS,",1,"T3,","T,",YARD,Virginia,38.076071,-78.872146,"Virginia
(38.076071, -78.872146)"
Highway-rail impact,2015:06:GMZ:INDUSTRY,0,3,0,15382,0,0,0,ERIE,6/23/2015 0:00,9:45,2015,2015,"M302,","CSX,",7,"M3,","M,",INDUSTRY,New York,42.864034,-78.870275,"New York
(42.864034, -78.870275)"
Head on collision,2011:06:AR:2011060301,0,0,0,42600,0,0,0,CUMBERLAND,6/3/2011 0:00,10:55,2011,2011,"H021,","AR,",7,"H0,","H,",MAIN,North Carolina,35.03,-78.862,"North Carolina
(35.03, -78.862)"
Derailments,2012:03:CSX:000101374,0,0,64000,58648,3,0,0,ERIE,3/6/2012 0:00,6:40,2012,2012,"T219,","CSX,",1,"T2,","T,",MAIN,New York,42.862421,-78.846929,"New York
(42.862421, -78.846929)"
Derailments,2016:08:SB:SBR061716,0,0,2000,38000,0,0,0,ERIE,8/23/2016 0:00,20:15,2016,2016,"E46C,","SB,",1,"E4,","E,",YARD,New York,42.846681,-78.84244,"New York
(42.846681, -78.84244)"
Derailments,2013:09:SB:BPR434413D,0,0,320,25000,0,0,0,ERIE,9/12/2013 0:00,9:24,2013,2013,"H018,","SB,",5,"H0,","H,",YARD,New York,42.804564,-78.841453,"New York
(42.804564, -78.841453)"
Derailments,2013:07:CSX:000118538,0,0,500000,173460,20,1,1,ERIE,7/17/2013 0:00,19:15,2013,2013,"E46C,","CSX,",1,"E4,","E,",MAIN,New York,42.882865,-78.84042,"New York
(42.882865, -78.84042)"
Other impacts,2014:10:NS:112786,0,0,100,21975,0,0,0,ERIE,10/27/2014 0:00,10:20,2014,2015,"H312,","NS,",1,"H3,","H,",YARD,New York,42.876892,-78.832409,"New York
(42.876892, -78.832409)"
Other events,2016:06:CSX:000160825,0,0,0,17542,53,1,0,ERIE,6/25/2016 0:00,16:30,2016,2016,"M406,","CSX,",1,"M4,","M,",YARD,New York,42.89922,-78.824574,"New York
(42.89922, -78.824574)"
Derailments,2013:02:CSX:000112571,0,0,100000,467569,25,4,0,BLADEN,2/2/2013 0:00,16:30,2013,2013,"T204,","CSX,",1,"T2,","T,",MAIN,North Carolina,34.541757,-78.798751,"North Carolina
(34.541757, -78.798751)"
Derailments,2013:05:NS:104486,0,0,27058,8100,0,0,0,ERIE,5/2/2013 0:00,12:35,2013,2013,"H503,H019,","NS,",7,"H5,H0,","H,",YARD,New York,42.889601,-78.782213,"New York
(42.889601, -78.782213)"
Derailments,2014:02:NS:109098,0,0,2858,62976,0,0,0,ERIE,2/13/2014 0:00,3:51,2014,2014,"H306,H702,","NS,",7,"H3,H7,","H,",YARD,New York,42.890001,-78.780743,"New York
(42.890001, -78.780743)"
Derailments,2015:10:NS:117807,0,0,750,14500,0,0,0,ERIE,10/16/2015 0:00,1:15,2015,2016,"H702,","NS,",1,"H7,","H,",YARD,New York,42.890001,-78.780743,"New York
(42.890001, -78.780743)"
Derailments,2012:02:CSX:000100298,0,0,5000,33578,0,0,0,ERIE,2/2/2012 0:00,1:20,2012,2012,"T111,H503,","CN,CSX,",1,"T1,H5,","T,H,",YARD,New York,42.901525,-78.777255,"New York
(42.901525, -78.777255)"
Derailments,2013:12:CSX:000123557,0,0,1500,96490,104,5,0,ERIE,12/10/2013 0:00,9:20,2013,2014,"T207,","CSX,",1,"T2,","T,",YARD,New York,42.901525,-78.777255,"New York
(42.901525, -78.777255)"
Side collision,2014:10:CSX:000136216,0,0,60000,23850,0,0,0,ERIE,10/14/2014 0:00,16:20,2014,2015,"H307,","CSX,",17,"H3,","H,",YARD,New York,42.901986,-78.773333,"New York
(42.901986, -78.773333)"
Derailments,2013:04:SBVR:201301,0,0,2783,13935,0,0,0,HAMPSHIRE,4/17/2013 0:00,11:36,2013,2013,"M204,","SBVR,",1,"M2,","M,",MAIN,West Virginia,39.354576,-78.763647,"West Virginia
(39.354576, -78.763647)"
Derailments,2014:03:CSX:000127200,0,0,1200,22952,0,0,0,ALLEGANY,3/13/2014 0:00,11:30,2014,2014,"T221,","CSX,",7,"T2,","T,",YARD,Maryland,39.631426,-78.763481,"Maryland
(39.631426, -78.763481)"
Derailments,2016:01:CSX:000155992,0,0,460,19903,0,0,0,ALLEGANY,1/11/2016 0:00,3:00,2016,2016,"H399,","CSX,",7,"H3,","H,",YARD,Maryland,39.644504,-78.76084,"Maryland
(39.644504, -78.76084)"
Side collision,2016:02:CSX:000157256,0,0,0,13491,8,0,0,ALLEGANY,2/20/2016 0:00,24:26:00,2016,2016,"H307,","CSX,",7,"H3,","H,",YARD,Maryland,39.644504,-78.76084,"Maryland
(39.644504, -78.76084)"
Other impacts,2014:08:CSX:000133082,0,0,0,15600,0,0,0,ALLEGANY,8/3/2014 0:00,14:00,2014,2014,"M599,","CSX,",6,"M5,","M,",YARD,Maryland,39.645924,-78.759692,"Maryland
(39.645924, -78.759692)"
Derailments,2015:06:CSX:000148631,0,0,6781,11334,0,0,0,ALLEGANY,6/30/2015 0:00,20:00,2015,2015,"M204,","CSX,",5,"M2,","M,",YARD,Maryland,39.645924,-78.759692,"Maryland
(39.645924, -78.759692)"
Derailments,2015:08:CSX:000151009,0,0,502,10549,0,0,0,ALLEGANY,8/22/2015 0:00,5:13,2015,2015,"M404,","CSX,",6,"M4,","M,",YARD,Maryland,39.645924,-78.759692,"Maryland
(39.645924, -78.759692)"
Other impacts,2011:09:CSX:000093969,0,0,0,54947,0,0,0,ALLEGANY,9/5/2011 0:00,15:15,2011,2011,"M599,","CSX,",6,"M5,","M,",YARD,Maryland,39.646041,-78.759602,"Maryland
(39.646041, -78.759602)"
Derailments,2013:05:CSX:000116120,0,0,8500,66872,3,0,0,ALLEGANY,5/11/2013 0:00,21:30,2013,2013,"M411,","CSX,",7,"M4,","M,",YARD,Maryland,39.646041,-78.759602,"Maryland
(39.646041, -78.759602)"
Other impacts,2015:09:CSX:000151727,0,0,0,40642,4,1,0,ALLEGANY,9/3/2015 0:00,13:00,2015,2015,"M599,","CSX,",6,"M5,","M,",YARD,Maryland,39.649746,-78.758058,"Maryland
(39.649746, -78.758058)"
Derailments,2011:05:CSX:000089706,0,0,2000,336519,10,8,1,ALLEGANY,5/23/2011 0:00,17:00,2011,2011,"T207,","CSX,",1,"T2,","T,",YARD,Maryland,39.649747,-78.758058,"Maryland
(39.649747, -78.758058)"
Other impacts,2011:07:CSX:000091538,0,0,0,9778,0,0,0,ALLEGANY,7/8/2011 0:00,17:30,2011,2011,"T305,","CSX,",6,"T3,","T,",YARD,Maryland,39.649747,-78.758058,"Maryland
(39.649747, -78.758058)"
Side collision,2011:07:CSX:000092071,0,0,0,31481,12,0,0,ALLEGANY,7/22/2011 0:00,24:00:00,2011,2011,"T305,","CSX,",76,"T3,","T,",YARD,Maryland,39.649747,-78.758058,"Maryland
(39.649747, -78.758058)"
Other impacts,2011:09:CSX:000093999,0,0,0,23507,1,0,0,ALLEGANY,9/12/2011 0:00,22:30,2011,2011,"S016,","CSX,",5,"S0,","S,",YARD,Maryland,39.649747,-78.758058,"Maryland
(39.649747, -78.758058)"
Other impacts,2012:07:CSX:000105772,0,0,250,43150,9,1,0,ALLEGANY,7/9/2012 0:00,4:00,2012,2012,"T305,","CSX,",6,"T3,","T,",YARD,Maryland,39.649747,-78.758058,"Maryland
(39.649747, -78.758058)"
Side collision,2012:08:CSX:000106627,0,0,0,35000,0,0,0,ALLEGANY,8/2/2012 0:00,21:30,2012,2012,"S016,","CSX,",5,"S0,","S,",YARD,Maryland,39.649747,-78.758058,"Maryland
(39.649747, -78.758058)"
Derailments,2013:03:CSX:000114472,0,0,0,80001,16,0,0,ALLEGANY,3/30/2013 0:00,5:30,2013,2013,"M411,","CSX,",6,"M4,","M,",YARD,Maryland,39.649747,-78.758058,"Maryland
(39.649747, -78.758058)"
Other impacts,2013:08:CSX:000119175,0,0,0,10241,2,0,0,ALLEGANY,8/2/2013 0:00,22:15,2013,2013,"S016,","CSX,",6,"S0,","S,",YARD,Maryland,39.649747,-78.758058,"Maryland
(39.649747, -78.758058)"