AccidentType,inckey,Fatalities,Injuries,TrackDamage,EquipmentDamage,HazmatCars,HazmatCarsDerailed,HazmatCarsReleasing,County,DisplayDate,DisplayTime,calendar,Fiscal,AccidentCause,RailroadCodes,RAILEQUIPMENT_TYPE,CauseGroup,CauseDiscipline,TYPE_OF_TRACK,StateName,latitude,longitude,GeoLocation
Derailments,2013:09:CSX:000120668,0,0,500,23895,0,0,0,ALLEGANY,9/18/2013 0:00,21:10,2013,2013,"H702,","CSX,",7,"H7,","H,",YARD,Maryland,39.649747,-78.758058,"Maryland
(39.649747, -78.758058)"
Derailments,2013:10:CSX:000122161,0,0,0,16699,0,0,0,ALLEGANY,10/26/2013 0:00,10:10,2013,2014,"M411,","CSX,",5,"M4,","M,",YARD,Maryland,39.649747,-78.758058,"Maryland
(39.649747, -78.758058)"
Side collision,2013:11:CSX:000123040,0,0,0,42723,3,0,0,ALLEGANY,11/22/2013 0:00,17:06,2013,2014,"M599,","CSX,",5,"M5,","M,",YARD,Maryland,39.649747,-78.758058,"Maryland
(39.649747, -78.758058)"
Side collision,2013:12:CSX:000123290,0,0,0,17286,24,0,0,ALLEGANY,12/2/2013 0:00,6:15,2013,2014,"H399,","CSX,",78,"H3,","H,",YARD,Maryland,39.649747,-78.758058,"Maryland
(39.649747, -78.758058)"
Side collision,2015:08:CSX:000151186,0,0,50,74137,13,2,0,ALLEGANY,8/24/2015 0:00,21:45,2015,2015,"T305,","CSX,",76,"T3,","T,",YARD,Maryland,39.630491,-78.755438,"Maryland
(39.630491, -78.755438)"
Other impacts,2016:02:CSX:000156714,0,0,628,11546,0,0,0,ALLEGANY,2/1/2016 0:00,24:00:00,2016,2016,"H318,","CSX,",6,"H3,","H,",YARD,Maryland,39.630057,-78.75145,"Maryland
(39.630057, -78.75145)"
Derailments,2014:04:CSX:000128582,0,0,500,141642,0,0,0,ALLEGANY,4/10/2014 0:00,18:30,2014,2014,"S016,","CSX,",57,"S0,","S,",YARD,Maryland,39.629824,-78.749388,"Maryland
(39.629824, -78.749388)"
Other impacts,2014:08:CSX:000134199,0,0,250,50588,29,0,0,ALLEGANY,8/29/2014 0:00,13:45,2014,2014,"T305,","CSX,",6,"T3,","T,",YARD,Maryland,39.629824,-78.749388,"Maryland
(39.629824, -78.749388)"
Derailments,2016:04:CSX:000158914,0,0,0,24378,0,0,0,ALLEGANY,4/11/2016 0:00,6:00,2016,2016,"M411,","CSX,",6,"M4,","M,",YARD,Maryland,39.628223,-78.742531,"Maryland
(39.628223, -78.742531)"
Broken train collision,2015:07:CSX:000148856,0,0,150,22672,7,0,0,ALLEGANY,7/6/2015 0:00,22:30,2015,2015,"S102,","CSX,",76,"S1,","S,",YARD,Maryland,39.626607,-78.738852,"Maryland
(39.626607, -78.738852)"
Derailments,2014:04:NS:110196,0,0,569816,3000,0,0,0,CHARLOTTE,4/24/2014 0:00,16:19,2014,2014,"E61C,","NS,",1,"E6,","E,",MAIN,Virginia,37.091301,-78.721332,"Virginia
(37.091301, -78.721332)"
Other impacts,2016:07:NS:121139,0,0,0,50000,0,0,0,HALIFAX,7/6/2016 0:00,11:30,2016,2016,"H017,","NS,",8,"H0,","H,",INDUSTRY,Virginia,36.855082,-78.718856,"Virginia
(36.855082, -78.718856)"
Derailments,2013:07:NS:105474,0,1,45000,405200,0,0,0,CAMBRIA,7/10/2013 0:00,24:35:00,2013,2013,"E33C,","NS,",1,"E3,","E,",MAIN,Pennsylvania,40.391318,-78.698887,"Pennsylvania
(40.391318, -78.698887)"
Derailments,2012:05:NS:099728,0,0,130000,514495,0,0,0,APPOMATTOX,5/16/2012 0:00,15:50,2012,2012,"T109,","NS,",1,"T1,","T,",MAIN,Virginia,37.275002,-78.688957,"Virginia
(37.275002, -78.688957)"
Derailments,2014:12:CSX:000139374,0,0,1000,11677,1,1,0,WAKE,12/29/2014 0:00,20:30,2014,2015,"T314,","CSX,",1,"T3,","T,",YARD,North Carolina,35.792418,-78.640154,"North Carolina
(35.792418, -78.640154)"
Derailments,2014:11:SBVR:201404,0,0,36618,41089,0,0,0,HAMPSHIRE,11/10/2014 0:00,18:15,2014,2015,"T312,E64C,","CSX,SBVR,",16,"T3,E6,","T,E,",MAIN,West Virginia,39.532477,-78.613316,"West Virginia
(39.532477, -78.613316)"
Derailments,2014:12:NS:113597,0,0,242271,56000,22,0,0,CAMBRIA,12/27/2014 0:00,8:55,2014,2015,"H503,","NS,",1,"H5,","H,",MAIN,Pennsylvania,40.460621,-78.592945,"Pennsylvania
(40.460621, -78.592945)"
Derailments,2014:08:RJCP:RJCP0801,0,0,3500,12843,0,0,0,CAMBRIA,8/18/2014 0:00,22:54,2014,2014,"H306,H702,","NS,RJCP,",8,"H3,H7,H3,H7,","H,",INDUSTRY,Pennsylvania,40.461884,-78.591947,"Pennsylvania
(40.461884, -78.591947)"
Derailments,2015:03:NS:114715,0,0,14256,120,0,0,0,CAMBRIA,3/6/2015 0:00,23:30,2015,2015,"H702,","NS,",8,"H7,","H,",YARD,Pennsylvania,40.466877,-78.588003,"Pennsylvania
(40.466877, -78.588003)"
Derailments,2013:07:CSX:000118567,0,0,240500,1442153,0,0,0,ALBEMARLE,7/18/2013 0:00,17:00,2013,2013,"T220,","CSX,",1,"T2,","T,",MAIN,Virginia,37.763518,-78.563787,"Virginia
(37.763518, -78.563787)"
Derailments,2014:06:NS:110945,0,0,185054,74400,0,0,0,CAMBRIA,6/19/2014 0:00,22:25,2014,2014,"H519,","NS,",1,"H5,","H,",MAIN,Pennsylvania,40.477038,-78.554475,"Pennsylvania
(40.477038, -78.554475)"
Derailments,2014:07:NS:111518,0,0,3877,18600,0,0,0,CAMBRIA,7/27/2014 0:00,21:22,2014,2014,"M405,","NS,",1,"M4,","M,",INDUSTRY,Pennsylvania,40.477075,-78.549556,"Pennsylvania
(40.477075, -78.549556)"
Derailments,2011:11:NS:097020,0,0,5000,66812,0,0,0,CAMBRIA,11/12/2011 0:00,20:08,2011,2012,"H506,","NS,",1,"H5,","H,",MAIN,Pennsylvania,40.477793,-78.497811,"Pennsylvania
(40.477793, -78.497811)"
Derailments,2011:09:WNYP:2011046,0,0,9800,1600,12,4,0,CATTARAUGUS,9/20/2011 0:00,14:11,2011,2011,"T319,","WNYP,",7,"T3,","T,",YARD,New York,42.084633,-78.459608,"New York
(42.084633, -78.459608)"
Rear end collision,2013:11:CSX:000122553,0,0,0,50000,0,0,0,JOHNSTON,11/4/2013 0:00,11:30,2013,2014,"M501,","CSX,",NA,"M5,","M,",MAIN,North Carolina,35.44537,-78.428728,"North Carolina
(35.44537, -78.428728)"
Derailments,2015:05:NS:115594,0,0,42646,32533,47,0,0,BLAIR,5/8/2015 0:00,19:45,2015,2015,"H520,","NS,",1,"H5,","H,",SIDING,Pennsylvania,40.506424,-78.415688,"Pennsylvania
(40.506424, -78.415688)"
Derailments,2014:09:NS:112255,0,0,839905,1041350,0,0,0,BLAIR,9/20/2014 0:00,9:42,2014,2014,"H503,","NS,",1,"H5,","H,",MAIN,Pennsylvania,40.50935,-78.410319,"Pennsylvania
(40.50935, -78.410319)"
Derailments,2015:10:NS:117955,0,0,9900,166000,15,0,0,BLAIR,10/28/2015 0:00,2:03,2015,2016,"T207,","NS,",1,"T2,","T,",YARD,Pennsylvania,40.524932,-78.389589,"Pennsylvania
(40.524932, -78.389589)"
Derailments,2013:02:NS:103362,0,0,90390,66804,0,0,0,BLAIR,2/9/2013 0:00,18:55,2013,2013,"H607,","NS,",8,"H6,","H,",MAIN,Pennsylvania,40.529118,-78.38583,"Pennsylvania
(40.529118, -78.38583)"
Derailments,2014:10:NS:112479,0,0,15773,30,0,0,0,BLAIR,10/6/2014 0:00,17:00,2014,2015,"H507,","NS,",8,"H5,","H,",YARD,Pennsylvania,40.539263,-78.377271,"Pennsylvania
(40.539263, -78.377271)"
Derailments,2012:10:NS:101963,0,0,100,12000,0,0,0,CAMBRIA,10/25/2012 0:00,21:13,2012,2013,"H303,","NS,",8,"H3,","H,",YARD,Pennsylvania,40.541889,-78.375865,"Pennsylvania
(40.541889, -78.375865)"
Other impacts,2014:07:NS:111616,0,0,0,17000,0,0,0,BLAIR,7/27/2014 0:00,18:00,2014,2014,"M411,","NS,",6,"M4,","M,",YARD,Pennsylvania,40.542031,-78.375782,"Pennsylvania
(40.542031, -78.375782)"
Side collision,2014:10:NS:112485,0,0,0,67500,1,0,0,BLAIR,10/6/2014 0:00,23:00,2014,2015,"H302,","NS,",76,"H3,","H,",YARD,Pennsylvania,40.549053,-78.372204,"Pennsylvania
(40.549053, -78.372204)"
Derailments,2013:08:BB:2013T801,0,0,500000,250000,0,0,0,MECKLENBURG,8/16/2013 0:00,15:10,2013,2013,"H699,T102,","BB,",1,"H6,T1,","H,T,",MAIN,Virginia,36.515892,-78.290539,"Virginia
(36.515892, -78.290539)"
Derailments,2014:11:IPCZ:INDUSTRY,0,0,200,10500,0,0,0,COLUMBUS,11/11/2014 0:00,8:30,2014,2015,"M501,","CSX,",1,"M5,","M,",INDUSTRY,North Carolina,34.327969,-78.205913,"North Carolina
(34.327969, -78.205913)"
Derailments,2013:08:CSX:000119679,0,0,13000,33541,1,0,0,MORGAN,8/20/2013 0:00,24:21:00,2013,2013,"M202,","CSX,",1,"M2,","M,",MAIN,West Virginia,39.69207,-78.180879,"West Virginia
(39.69207, -78.180879)"
Other impacts,2014:09:XKFG:INDUSTRY,0,0,0,20360,0,0,0,FREDERICK,9/30/2014 0:00,24:11:00,2014,2014,"H307,","CSX,",61,"H3,","H,",INDUSTRY,Virginia,39.207188,-78.149273,"Virginia
(39.207188, -78.149273)"
Derailments,2013:03:NS:103865,0,0,10000,14200,0,0,0,NOTTOWAY,3/16/2013 0:00,12:33,2013,2013,"H702,","NS,",7,"H7,","H,",MAIN,Virginia,37.187696,-78.145154,"Virginia
(37.187696, -78.145154)"
Derailments,2012:06:NS:100071,0,0,1500,31300,0,0,0,NOTTOWAY,6/11/2012 0:00,16:25,2012,2012,"H020,","NS,",7,"H0,","H,",YARD,Virginia,37.187698,-78.145154,"Virginia
(37.187698, -78.145154)"
Derailments,2012:12:NS:102417,0,0,25554,0,0,0,0,NOTTOWAY,12/5/2012 0:00,21:15,2012,2013,"H702,","NS,",7,"H7,","H,",INDUSTRY,Virginia,37.187698,-78.145154,"Virginia
(37.187698, -78.145154)"
Derailments,2015:07:NS:116756,0,0,100,26888,2,0,0,NOTTOWAY,7/31/2015 0:00,2:30,2015,2015,"H702,","NS,",7,"H7,","H,",YARD,Virginia,37.18768,-78.145131,"Virginia
(37.18768, -78.145131)"
Other impacts,2012:07:CSX:000105560,0,0,0,10810,0,0,0,FREDERICK,7/4/2012 0:00,8:45,2012,2012,"M599,","CSX,",1,"M5,","M,",INDUSTRY,Virginia,39.210696,-78.139868,"Virginia
(39.210696, -78.139868)"
Derailments,2015:09:NS:117348,0,0,1000,24600,0,0,0,NOTTOWAY,9/13/2015 0:00,16:25,2015,2015,"H702,","NS,",7,"H7,","H,",YARD,Virginia,37.178052,-78.131442,"Virginia
(37.178052, -78.131442)"
Derailments,2013:02:NS:103310,0,0,0,12063,0,0,0,NOTTOWAY,2/6/2013 0:00,24:40:00,2013,2013,"H306,H702,","NS,",7,"H3,H7,","H,",YARD,Virginia,37.166869,-78.121334,"Virginia
(37.166869, -78.121334)"
Other impacts,2015:12:CSX:000154853,0,0,250,17824,0,0,0,DUPLIN,12/3/2015 0:00,14:00,2015,2016,"H318,","CSX,",56,"H3,","H,",YARD,North Carolina,34.994463,-78.092122,"North Carolina
(34.994463, -78.092122)"
Derailments,2015:11:CSX:000154156,0,0,9680,143185,0,0,0,WILSON,11/10/2015 0:00,23:40,2015,2016,"E30C,","CSX,",1,"E3,","E,",MAIN,North Carolina,35.619503,-78.070867,"North Carolina
(35.619503, -78.070867)"
Derailments,2015:01:CSX:000140086,0,0,602,65488,13,0,0,BRUNSWICK,1/15/2015 0:00,20:00,2015,2015,"T221,T299,","CSX,",7,"T2,","T,",YARD,North Carolina,34.275186,-78.047045,"North Carolina
(34.275186, -78.047045)"
Derailments,2015:03:CSX:000143104,0,0,0,24547,0,0,0,BERKELEY,3/13/2015 0:00,16:04,2015,2015,"M101,","CSX,",1,"M1,","M,",MAIN,West Virginia,39.600758,-78.005186,"West Virginia
(39.600758, -78.005186)"
Derailments,2015:01:NS:113928,0,0,99465,42000,0,0,0,NOTTOWAY,1/20/2015 0:00,11:25,2015,2015,"T319,","NS,",1,"T3,","T,",MAIN,Virginia,37.106618,-77.957269,"Virginia
(37.106618, -77.957269)"
Derailments,2012:11:WTRY:WTR279112,0,0,2200,30000,1,0,0,NEW HANOVER,11/15/2012 0:00,24:26:00,2012,2013,"H702,","WTRY,",1,"H7,","H,",YARD,North Carolina,34.207917,-77.949389,"North Carolina
(34.207917, -77.949389)"
Derailments,2013:09:CSX:000121031,0,0,50,83660,0,0,0,BRUNSWICK,9/27/2013 0:00,3:55,2013,2013,"H307,","CSX,",7,"H3,","H,",YARD,North Carolina,34.255867,-77.942985,"North Carolina
(34.255867, -77.942985)"
Side collision,2015:10:CSX:000153144,0,0,0,11887,0,0,0,BRUNSWICK,10/12/2015 0:00,13:45,2015,2016,"H018,H302,","CSX,",6,"H0,H3,","H,",YARD,North Carolina,34.255867,-77.942985,"North Carolina
(34.255867, -77.942985)"
Derailments,2015:02:NS:114249,0,0,55504,2000,0,0,0,HUNTINGDON,2/6/2015 0:00,20:35,2015,2015,"E61C,","NS,",1,"E6,","E,",MAIN,Pennsylvania,40.418495,-77.931216,"Pennsylvania
(40.418495, -77.931216)"
Derailments,2013:06:CSX:000117875,0,0,2000,57031,14,6,0,NEW HANOVER,6/28/2013 0:00,4:13,2013,2013,"H019,","CSX,",7,"H0,","H,",MAIN,North Carolina,34.249585,-77.929657,"North Carolina
(34.249585, -77.929657)"
Other events,2015:05:NS:115487,0,0,0,12500,0,0,0,JEFFERSON,5/1/2015 0:00,14:15,2015,2015,"E73L,","NS,",8,"E7,","E,",MAIN,West Virginia,39.204086,-77.923498,"West Virginia
(39.204086, -77.923498)"
Derailments,2012:05:CSX:000103772,0,0,700,10476,0,0,0,WILSON,5/14/2012 0:00,15:50,2012,2012,"T107,","CSX,",1,"T1,","T,",INDUSTRY,North Carolina,35.72357,-77.90739,"North Carolina
(35.72357, -77.90739)"
Derailments,2014:08:CSX:000133565,0,0,250,31841,0,0,0,WILSON,8/16/2014 0:00,16:45,2014,2014,"T101,","CSX,",1,"T1,","T,",YARD,North Carolina,35.72357,-77.90739,"North Carolina
(35.72357, -77.90739)"
Derailments,2015:09:NS:117575,0,0,52000,730946,0,0,0,FAUQUIER,9/30/2015 0:00,12:01,2015,2015,"T002,","NS,",1,"T0,","T,",MAIN,Virginia,38.871965,-77.879351,"Virginia
(38.871965, -77.879351)"
Obstruction impact,2016:04:CSX:000159253,0,0,0,10703,0,0,0,WILSON,4/23/2016 0:00,16:10,2016,2016,"M402,","ATK,CSX,",29,"M4,","M,",MAIN,North Carolina,35.810009,-77.859878,"North Carolina
(35.810009, -77.859878)"
Derailments,2013:06:RSR:RSR379813D,0,0,100000,764618,0,0,0,MONROE,6/3/2013 0:00,21:15,2013,2013,"T221,","RSR,",1,"T2,","T,",MAIN,New York,43.003368,-77.821425,"New York
(43.003368, -77.821425)"
Derailments,2015:12:CSX:000155469,0,0,21800,2900,0,0,0,MONROE,12/23/2015 0:00,24:10:00,2015,2016,"E68C,","CSX,",1,"E6,","E,",MAIN,New York,43.107666,-77.809449,"New York
(43.107666, -77.809449)"
Side collision,2014:02:CSX:000125508,0,0,0,32731,0,0,0,NASH,2/1/2014 0:00,2:30,2014,2014,"H307,","CSX,",7,"H3,","H,",YARD,North Carolina,35.917527,-77.805642,"North Carolina
(35.917527, -77.805642)"
Derailments,2011:11:CSX:000098112,0,0,500,12878,3,0,0,NASH,11/29/2011 0:00,19:05,2011,2012,"H018,","CSX,",67,"H0,","H,",YARD,North Carolina,35.931645,-77.799742,"North Carolina
(35.931645, -77.799742)"
Derailments,2012:01:CSX:000099831,0,0,2000,45290,0,0,0,EDGECOMBE,1/19/2012 0:00,9:30,2012,2012,"E39C,","CSX,",7,"E3,","E,",YARD,North Carolina,35.931645,-77.799742,"North Carolina
(35.931645, -77.799742)"
Derailments,2012:01:CSX:000100224,0,0,500,32033,0,0,0,NASH,1/31/2012 0:00,4:15,2012,2012,"H505,","CSX,",7,"H5,","H,",YARD,North Carolina,35.931645,-77.799742,"North Carolina
(35.931645, -77.799742)"
Derailments,2013:05:CSX:000116572,0,0,1500,11600,0,0,0,NASH,5/25/2013 0:00,24:20:00,2013,2013,"H702,","CSX,",7,"H7,","H,",YARD,North Carolina,35.931645,-77.799742,"North Carolina
(35.931645, -77.799742)"
Other impacts,2014:07:CSX:000131868,0,0,0,43875,0,0,0,NASH,7/7/2014 0:00,20:49,2014,2014,"H312,","CSX,",6,"H3,","H,",YARD,North Carolina,35.931645,-77.799742,"North Carolina
(35.931645, -77.799742)"
Derailments,2014:07:CSX:000132052,0,0,50,19428,12,1,0,NASH,7/12/2014 0:00,18:25,2014,2014,"E43C,","CSX,",1,"E4,","E,",MAIN,North Carolina,35.931645,-77.799742,"North Carolina
(35.931645, -77.799742)"
Other impacts,2015:02:CSX:000140850,0,0,150,14212,4,0,0,NASH,2/2/2015 0:00,6:15,2015,2015,"H018,","CSX,",67,"H0,","H,",YARD,North Carolina,35.931645,-77.799742,"North Carolina
(35.931645, -77.799742)"
Derailments,2015:07:CSX:000148766,0,0,4940,44839,10,0,0,EDGECOMBE,7/5/2015 0:00,12:46,2015,2015,"T111,","CSX,",7,"T1,","T,",YARD,North Carolina,35.931645,-77.799742,"North Carolina
(35.931645, -77.799742)"
Derailments,2015:04:XAGI:INDUSTRY,0,0,150,15416,0,0,0,JEFFERSON,4/19/2015 0:00,17:43,2015,2015,"T312,","CSX,",1,"T3,","T,",INDUSTRY,West Virginia,39.301541,-77.771484,"West Virginia
(39.301541, -77.771484)"
Derailments,2015:01:NS:114061,0,0,22836,4800,0,0,0,WASHINGTON,1/27/2015 0:00,9:30,2015,2015,"T110,","NS,",7,"T1,","T,",YARD,Maryland,39.611674,-77.741987,"Maryland
(39.611674, -77.741987)"
Other impacts,2015:10:NS:118014,0,0,100,20550,1,0,0,WASHINGTON,10/31/2015 0:00,18:05,2015,2016,"H018,","NS,",1,"H0,","H,",YARD,Maryland,39.614315,-77.740845,"Maryland
(39.614315, -77.740845)"
Derailments,2016:01:NS:119056,0,0,13869,1425,0,0,0,WASHINGTON,1/23/2016 0:00,18:20,2016,2016,"H306,H702,","NS,",1,"H3,H7,","H,",YARD,Maryland,39.614315,-77.740845,"Maryland
(39.614315, -77.740845)"
Derailments,2014:10:NS:112740,0,0,60895,11400,0,0,0,WASHINGTON,10/23/2014 0:00,16:50,2014,2015,"T110,","NS,WW,",1,"T1,","T,",MAIN,Maryland,39.635009,-77.738326,"Maryland
(39.635009, -77.738326)"
Derailments,2013:04:XCER:INDUSTRY,0,0,7000,61100,0,0,0,WASHINGTON,4/15/2013 0:00,9:30,2013,2013,"T110,","NS,",1,"T1,","T,",INDUSTRY,Maryland,39.636243,-77.738097,"Maryland
(39.636243, -77.738097)"
Side collision,2015:02:NS:114278,0,0,372,147002,0,0,0,WASHINGTON,2/9/2015 0:00,16:10,2015,2015,"H210,","NS,",1,"H2,","H,",YARD,Maryland,39.625402,-77.736338,"Maryland
(39.625402, -77.736338)"
Derailments,2011:06:CSX:000090884,0,0,250,88914,2,0,0,WASHINGTON,6/23/2011 0:00,17:02,2011,2011,"T207,","CSX,",1,"T2,","T,",YARD,Maryland,39.643749,-77.73521,"Maryland
(39.643749, -77.73521)"
Side collision,2012:07:CSX:000106332,0,0,100,91966,0,0,0,WASHINGTON,7/24/2012 0:00,22:18,2012,2012,"H018,","CSX,",16,"H0,","H,",YARD,Maryland,39.643749,-77.735209,"Maryland
(39.643749, -77.735209)"
Derailments,2015:04:NS:115345,0,0,1870,41800,0,0,0,FRANKLIN,4/20/2015 0:00,15:01,2015,2015,"H702,","NS,",1,"H7,","H,",YARD,Pennsylvania,39.794184,-77.728123,"Pennsylvania
(39.794184, -77.728123)"
Derailments,2014:08:CSX:000133535,0,0,200,11347,0,0,0,WASHINGTON,8/13/2014 0:00,16:35,2014,2014,"T221,","CSX,",1,"T2,","T,",YARD,Maryland,39.650849,-77.710364,"Maryland
(39.650849, -77.710364)"
Other impacts,2014:06:CSX:000131186,0,0,0,20557,0,0,0,FRANKLIN,6/18/2014 0:00,9:37,2014,2014,"H311,","CSX,",1,"H3,","H,",INDUSTRY,Pennsylvania,39.922877,-77.664136,"Pennsylvania
(39.922877, -77.664136)"
Derailments,2012:03:CSX:000101804,0,0,5000,52783,0,0,0,HALIFAX,3/17/2012 0:00,16:17,2012,2012,"H606,","CSX,",7,"H6,","H,",INDUSTRY,North Carolina,36.475487,-77.646011,"North Carolina
(36.475487, -77.646011)"
Derailments,2011:02:CSX:000085373,0,0,60000,1402203,0,0,0,HENRICO,2/10/2011 0:00,17:07,2011,2011,"T207,","CSX,",1,"T2,","T,",MAIN,Virginia,37.562295,-77.624313,"Virginia
(37.562295, -77.624313)"
Side collision,2012:06:CSX:000104506,0,0,500,16197,20,0,0,FREDERICK,6/4/2012 0:00,10:43,2012,2012,"H307,","CSX,",1,"H3,","H,",YARD,Maryland,39.307545,-77.606976,"Maryland
(39.307545, -77.606976)"
Derailments,2014:07:CSX:000132595,0,0,1000,76830,27,0,0,FREDERICK,7/26/2014 0:00,1:40,2014,2014,"T102,","CSX,",1,"T1,","T,",YARD,Maryland,39.307545,-77.606976,"Maryland
(39.307545, -77.606976)"
Highway-rail impact,2013:02:NS:103518,0,0,0,15000,0,0,0,PRINCE WILLIAM,2/20/2013 0:00,16:50,2013,2013,"M303,","NS,",1,"M3,","M,",MAIN,Virginia,38.797952,-77.59992,"Virginia
(38.797952, -77.59992)"
Highway-rail impact,2015:03:CSX:000142731,0,82,30713,2013371,0,0,0,HALIFAX,3/9/2015 0:00,24:19:00,2015,2015,"M303,M399,","ATK,CSX,",2,"M3,","M,",MAIN,North Carolina,36.33077,-77.59412,"North Carolina
(36.33077, -77.59412)"
Derailments,2011:10:CSX:000097171,0,0,500,28150,0,0,0,FREDERICK,10/30/2011 0:00,4:45,2011,2012,"M101,","CSX,",1,"M1,","M,",MAIN,Maryland,39.295484,-77.55764,"Maryland
(39.295484, -77.55764)"
Highway-rail impact,2015:09:CSX:000151956,0,4,0,20000,0,0,0,GREENSVILLE,9/10/2015 0:00,24:59:00,2015,2015,"M303,M302,","ATK,CSX,",2,"M3,","M,",MAIN,Virginia,36.546281,-77.53008,"Virginia
(36.546281, -77.53008)"
Highway-rail impact,2012:08:BB:2012T804,0,0,200,79025,0,0,0,HANOVER,8/4/2012 0:00,15:39,2012,2012,"M303,","BB,CSX,",1,"M3,","M,",MAIN,Virginia,37.891722,-77.518437,"Virginia
(37.891722, -77.518437)"
Derailments,2011:11:MMZ:INDUSTRY,0,0,400,24470,0,0,0,HANOVER,11/19/2011 0:00,4:45,2011,2012,"T399,","CSX,",1,"T3,","T,",INDUSTRY,Virginia,37.880977,-77.507733,"Virginia
(37.880977, -77.507733)"
Obstruction impact,2015:03:CSX:000145084,0,0,0,12945,0,0,0,GREENSVILLE,3/15/2015 0:00,19:10,2015,2015,"M404,M402,","ATK,CSX,",2,"M4,","M,",MAIN,Virginia,36.748608,-77.493869,"Virginia
(36.748608, -77.493869)"
Derailments,2012:11:CSX:000110123,0,0,50,11597,0,0,0,RICHMOND,11/11/2012 0:00,16:40,2012,2013,"E21C,","CSX,",1,"E2,","E,",MAIN,Virginia,37.586578,-77.47892,"Virginia
(37.586578, -77.47892)"
Derailments,2013:01:CSX:000111529,0,0,2000,114940,14,0,0,RICHMOND CITY,1/2/2013 0:00,24:50:00,2013,2013,"T210,","CSX,",7,"T2,","T,",YARD,Virginia,37.586578,-77.47892,"Virginia
(37.586578, -77.47892)"
Derailments,2015:08:CSX:000150730,0,0,0,37771,4,0,0,RICHMOND CITY,8/16/2015 0:00,2:10,2015,2015,"H310,","CSX,",7,"H3,","H,",YARD,Virginia,37.581739,-77.475373,"Virginia
(37.581739, -77.475373)"
Side collision,2012:11:CSX:000110600,0,0,500,72270,17,0,0,RICHMOND,11/29/2012 0:00,11:10,2012,2013,"H306,","CSX,",7,"H3,","H,",MAIN,Virginia,37.563218,-77.460494,"Virginia
(37.563218, -77.460494)"
Fire/violent rupture,2014:07:CSX:000138444,0,0,0,40000,0,0,0,FREDERICKSBURG,7/19/2014 0:00,24:00:00,2014,2014,"M406,","ATK,CSX,",2,"M4,","M,",MAIN,Virginia,38.297799,-77.458015,"Virginia
(38.297799, -77.458015)"
Highway-rail impact,2015:03:CSX:000143601,0,2,0,45516,0,0,0,CHESTERFIELD,3/21/2015 0:00,4:11,2015,2015,"M399,","CSX,",NA,"M3,","M,",MAIN,Virginia,37.380948,-77.454302,"Virginia
(37.380948, -77.454302)"
Derailments,2013:10:NS:106735,0,0,24633,0,0,0,0,PETERSBURG,10/11/2013 0:00,17:30,2013,2014,"T110,","NS,",1,"T1,","T,",SIDING,Virginia,37.186675,-77.434784,"Virginia
(37.186675, -77.434784)"
Derailments,2013:02:NS:103507,0,0,600,10200,0,0,0,RICHMOND,2/20/2013 0:00,3:15,2013,2013,"T110,","NS,",1,"T1,","T,",SIDING,Virginia,37.531966,-77.431497,"Virginia
(37.531966, -77.431497)"
Derailments,2011:12:NS:097345,0,0,19000,22525,0,0,0,DINWIDDIE,12/17/2011 0:00,2:45,2011,2012,"H524,","NS,",1,"H5,","H,",SIDING,Virginia,37.184633,-77.424459,"Virginia
(37.184633, -77.424459)"
Derailments,2012:12:NS:102440,0,0,4800,25000,0,0,0,DINWIDDIE,12/6/2012 0:00,22:25,2012,2013,"T313,","NS,",7,"T3,","T,",SIDING,Virginia,37.184633,-77.424459,"Virginia
(37.184633, -77.424459)"
Derailments,2013:08:CSX:000119340,0,0,1500,16447,24,1,0,PETERSBURG,8/7/2013 0:00,23:30,2013,2013,"T217,","CSX,",1,"T2,","T,",YARD,Virginia,37.19267,-77.420916,"Virginia
(37.19267, -77.420916)"
Derailments,2014:09:CSX:000135541,0,0,3000,24961,0,0,0,PETERSBURG,9/29/2014 0:00,21:25,2014,2014,"T202,T210,","CSX,NS,",1,"T2,","T,",MAIN,Virginia,37.19267,-77.420916,"Virginia
(37.19267, -77.420916)"
Derailments,2013:11:CSX:000123108,0,0,150,29255,0,0,0,HENRICO,11/24/2013 0:00,6:20,2013,2014,"T207,","CSX,",1,"T2,","T,",YARD,Virginia,37.514637,-77.413705,"Virginia
(37.514637, -77.413705)"
Derailments,2011:10:CSX:000095416,0,0,7500,49776,0,0,0,RICHMOND,10/8/2011 0:00,6:00,2011,2012,"T207,","CSX,",1,"T2,","T,",YARD,Virginia,37.509596,-77.408016,"Virginia
(37.509596, -77.408016)"
Derailments,2011:11:CSX:000097265,0,0,300,21612,0,0,0,RICHMOND,11/2/2011 0:00,6:30,2011,2012,"T207,","CSX,",1,"T2,","T,",YARD,Virginia,37.509596,-77.408016,"Virginia
(37.509596, -77.408016)"