AccidentType,inckey,Fatalities,Injuries,TrackDamage,EquipmentDamage,HazmatCars,HazmatCarsDerailed,HazmatCarsReleasing,County,DisplayDate,DisplayTime,calendar,Fiscal,AccidentCause,RailroadCodes,RAILEQUIPMENT_TYPE,CauseGroup,CauseDiscipline,TYPE_OF_TRACK,StateName,latitude,longitude,GeoLocation
Derailments,2012:06:CSX:000104498,0,0,200,18000,0,0,0,RICHMOND,6/4/2012 0:00,2:40,2012,2012,"H702,","CSX,",8,"H7,","H,",YARD,Virginia,37.509596,-77.408015,"Virginia
(37.509596, -77.408015)"
Derailments,2012:10:CSX:000109201,0,0,0,17632,0,0,0,HENRICO,10/14/2012 0:00,10:45,2012,2013,"H318,","CSX,",6,"H3,","H,",YARD,Virginia,37.509596,-77.408015,"Virginia
(37.509596, -77.408015)"
Side collision,2014:12:CSX:000138816,0,0,50,19973,13,0,0,RICHMOND CITY,12/12/2014 0:00,18:00,2014,2015,"H306,","CSX,",7,"H3,","H,",YARD,Virginia,37.509596,-77.408015,"Virginia
(37.509596, -77.408015)"
Derailments,2013:10:CSX:000121919,0,0,3000,118801,0,0,0,MONROE,10/18/2013 0:00,4:15,2013,2014,"T110,","CSX,",1,"T1,","T,",SIDING,New York,43.088581,-77.402993,"New York
(43.088581, -77.402993)"
Derailments,2014:04:CLNA:140430,0,0,25000,105545,35,0,0,PITT,4/30/2014 0:00,3:20,2014,2014,"H993,H704,","CLNA,CSX,",1,"H9,H7,H9,","H,",MAIN,North Carolina,35.605092,-77.380289,"North Carolina
(35.605092, -77.380289)"
Fire/violent rupture,2015:12:BB:2015T1206,0,0,0,32155,0,0,0,HANOVER,12/6/2015 0:00,19:00,2015,2016,"E71L,","BB,CSX,",1,"E7,","E,",MAIN,Virginia,37.757941,-77.375575,"Virginia
(37.757941, -77.375575)"
Other impacts,2011:07:CSX:000092213,0,0,0,129339,6,0,0,CAROLINE,7/27/2011 0:00,6:15,2011,2011,"H302,","CSX,",61,"H3,","H,",SIDING,Virginia,38.025735,-77.374885,"Virginia
(38.025735, -77.374885)"
Derailments,2013:04:CSX:000115488,0,0,50000,196502,0,0,0,STAFFORD,4/26/2013 0:00,15:15,2013,2013,"E40C,","CSX,",1,"E4,","E,",MAIN,Virginia,38.264162,-77.360962,"Virginia
(38.264162, -77.360962)"
Derailments,2013:06:CSX:000117600,0,0,1200,16525,20,4,0,HOPEWELL,6/20/2013 0:00,13:00,2013,2013,"T314,","CSX,",1,"T3,","T,",YARD,Virginia,37.302543,-77.284825,"Virginia
(37.302543, -77.284825)"
Derailments,2014:04:HWIQ:INDUSTRY,0,0,4000,10967,15,5,0,HOPEWELL,4/15/2014 0:00,24:30:00,2014,2014,"H702,","CSX,",7,"H7,","H,",INDUSTRY,Virginia,37.30394,-77.270379,"Virginia
(37.30394, -77.270379)"
Derailments,2012:12:CSX:000110876,0,0,65000,15000,0,0,0,WAYNE,12/9/2012 0:00,18:10,2012,2013,"E51C,","CSX,",1,"E5,","E,",MAIN,New York,43.077061,-77.230363,"New York
(43.077061, -77.230363)"
Highway-rail impact,2013:01:HESR:HES310113G,0,0,0,10000,0,0,0,TUSCOLA,1/17/2013 0:00,10:54,2013,2013,"M302,","HESR,",1,"M3,","M,",MAIN,Michigan,38.883095,-77.22555,"Michigan
(38.883095, -77.22555)"
Side collision,2012:05:BRC:12983,0,0,4250,25748,0,0,0,COOK,5/21/2012 0:00,2:30,2012,2012,"H017,","BRC,",87,"H0,","H,",YARD,Illinois,41.76779,-77.22555,"Illinois
(41.76779, -77.22555)"
Derailments,2012:03:IORY:ID20094,0,0,46000,2500,0,0,0,FAIRFIELD,3/1/2012 0:00,7:15,2012,2012,"H999,","IORY,",8,"H9,","H,",MAIN,Ohio,38.883,-77.225,"Ohio
(38.883, -77.225)"
Derailments,2015:10:ATK:139775,0,0,0,14000,0,0,0,FAIRFAX,10/25/2015 0:00,13:35,2015,2016,"T113,","ATK,",8,"T1,","T,",YARD,Virginia,38.708666,-77.220188,"Virginia
(38.708666, -77.220188)"
Derailments,2015:06:NS:116061,0,0,350,13082,0,0,0,CUMBERLAND,6/13/2015 0:00,4:45,2015,2015,"T314,","NS,",1,"T3,","T,",INDUSTRY,Pennsylvania,40.124468,-77.175897,"Pennsylvania
(40.124468, -77.175897)"
Derailments,2012:05:NS:099880,0,0,10464,52,0,0,0,FAIRFAX,5/29/2012 0:00,18:36,2012,2012,"H702,","NS,",8,"H7,","H,",INDUSTRY,Virginia,38.793111,-77.166507,"Virginia
(38.793111, -77.166507)"
Derailments,2011:12:NS:097359,0,0,5000,7200,0,0,0,CUMBERLAND,12/17/2011 0:00,9:10,2011,2012,"H599,","NS,",1,"H5,","H,",MAIN,Pennsylvania,40.128449,-77.138932,"Pennsylvania
(40.128449, -77.138932)"
Derailments,2013:09:NS:106336,0,0,15000,1500,0,0,0,ALEXANDRIA,9/11/2013 0:00,20:45,2013,2013,"T110,","NS,",1,"T1,","T,",INDUSTRY,Virginia,38.801794,-77.133013,"Virginia
(38.801794, -77.133013)"
Derailments,2014:07:NS:111391,0,0,370438,58000,0,0,0,LYCOMING,7/20/2014 0:00,14:45,2014,2014,"T222,","NS,",1,"T2,","T,",MAIN,Pennsylvania,41.220577,-77.108731,"Pennsylvania
(41.220577, -77.108731)"
Derailments,2015:10:NS:118001,0,0,7500,25100,0,0,0,BEAUFORT,10/30/2015 0:00,17:28,2015,2016,"H306,H702,","NS,",1,"H3,H7,","H,",YARD,North Carolina,35.516218,-77.106934,"North Carolina
(35.516218, -77.106934)"
Highway-rail impact,2013:09:NS:106347,0,1,65000,625950,0,0,0,CUMBERLAND,9/12/2013 0:00,13:40,2013,2013,"M303,","NS,",1,"M3,","M,",MAIN,Pennsylvania,40.143302,-77.061929,"Pennsylvania
(40.143302, -77.061929)"
Highway-rail impact,2015:07:CSX:000149486,0,0,0,150000,0,0,0,MONTGOMERY,7/20/2015 0:00,16:50,2015,2015,"M399,","CSX,MACZ,",3,"M3,","M,",MAIN,Maryland,39.013749,-77.054795,"Maryland
(39.013749, -77.054795)"
Derailments,2012:01:NS:097505,0,0,7959,3607,0,0,0,STEUBEN,1/4/2012 0:00,18:20,2012,2012,"H503,","NS,",1,"H5,","H,",INDUSTRY,New York,42.147874,-77.053449,"New York
(42.147874, -77.053449)"
Fire/violent rupture,2011:07:ATK:120423,0,0,0,913550,0,0,0,"WASHINGTON, DC",7/14/2011 0:00,17:00,2011,2011,"E74L,","ATK,",8,"E7,","E,",MAIN,Dist Of Columbia,38.895112,-77.036366,"Dist Of Columbia
(38.895112, -77.036366)"
Derailments,2012:03:ATK:123069,0,0,5191,12537,0,0,0,"WASHINGTON, DC",3/5/2012 0:00,22:45,2012,2012,"T113,","ATK,",8,"T1,","T,",YARD,Dist Of Columbia,38.895112,-77.036366,"Dist Of Columbia
(38.895112, -77.036366)"
Highway-rail impact,2012:07:NS:100691,0,0,10958,0,0,0,0,LYCOMING,7/25/2012 0:00,22:10,2012,2012,"M303,","NS,",1,"M3,","M,",MAIN,Pennsylvania,41.227385,-77.03203,"Pennsylvania
(41.227385, -77.03203)"
Highway-rail impact,2015:09:CSX:000152396,0,2,0,250000,0,0,0,"WASHINGTON, DC",9/24/2015 0:00,11:36,2015,2015,"M399,","CSX,VREX,",NA,"M3,","M,",MAIN,Dist Of Columbia,38.883747,-77.030523,"Dist Of Columbia
(38.883747, -77.030523)"
Derailments,2015:01:NCVA:NCV640315,0,0,72740,59151,0,0,0,HERTFORD,1/1/2015 0:00,20:35,2015,2015,"T221,","NCVA,",1,"T2,","T,",MAIN,North Carolina,36.257742,-77.024122,"North Carolina
(36.257742, -77.024122)"
Derailments,2012:09:ATK:125860,0,0,7401,205257,0,0,0,"WASHINGTON, DC",9/21/2012 0:00,23:38,2012,2012,"E04L,","ATK,MACZ,",8,"E0,","E,",YARD,Dist Of Columbia,38.899036,-77.006795,"Dist Of Columbia
(38.899036, -77.006795)"
Other events,2012:06:ATK:124224,0,0,0,17003,0,0,0,"WASHINGTON, DC",6/13/2012 0:00,13:12,2012,2012,"H995,","ATK,",8,"H9,","H,",YARD,Dist Of Columbia,38.89777,-77.006402,"Dist Of Columbia
(38.89777, -77.006402)"
Derailments,2014:06:ATK:133095,0,0,4681,42866,0,0,0,"WASHINGTON, DC",6/7/2014 0:00,4:46,2014,2014,"H508,","ATK,",7,"H5,","H,",YARD,Dist Of Columbia,38.898531,-77.005062,"Dist Of Columbia
(38.898531, -77.005062)"
Derailments,2014:06:ATK:133379,0,0,16381,47807,0,0,0,"WASHINGTON, DC",6/30/2014 0:00,18:37,2014,2014,"T113,","ATK,",7,"T1,","T,",YARD,Dist Of Columbia,38.900652,-77.005041,"Dist Of Columbia
(38.900652, -77.005041)"
Derailments,2014:12:ATK:135648,0,0,1935,9706,0,0,0,"WASHINGTON, DC",12/19/2014 0:00,2:13,2014,2015,"H702,","ATK,",8,"H7,","H,",YARD,Dist Of Columbia,38.899199,-77.004719,"Dist Of Columbia
(38.899199, -77.004719)"
Other events,2016:08:ATK:143633,0,0,25085,10463,0,0,0,BALTIMORE CITY,8/4/2016 0:00,20:08,2016,2016,"E79L,","ATK,",2,"E7,","E,",MAIN,Maryland,38.901178,-77.004513,"Maryland
(38.901178, -77.004513)"
Other impacts,2013:03:ATK:127705,0,0,0,75400,0,0,0,"WASHINGTON, DC",3/27/2013 0:00,13:20,2013,2013,"H302,","ATK,",75,"H3,","H,",YARD,Dist Of Columbia,38.900652,-77.004483,"Dist Of Columbia
(38.900652, -77.004483)"
Other impacts,2013:06:ATK:128835,0,2,8950,12212,0,0,0,"WASHINGTON, DC",6/27/2013 0:00,1:45,2013,2013,"H303,","ATK,",NA,"H3,","H,",YARD,Dist Of Columbia,38.903,-77.0042,"Dist Of Columbia
(38.903, -77.0042)"
Other impacts,2015:02:ATK:136447,0,0,0,19646,0,0,0,"WASHINGTON, DC",2/20/2015 0:00,7:55,2015,2015,"H401,","ATK,",78,"H4,","H,",YARD,Dist Of Columbia,38.903591,-77.004097,"Dist Of Columbia
(38.903591, -77.004097)"
Derailments,2014:08:ATK:133953,0,0,799,20951,0,0,0,"WASHINGTON, DC",8/7/2014 0:00,1:30,2014,2014,"H702,","ATK,",8,"H7,","H,",YARD,Dist Of Columbia,38.903675,-77.004011,"Dist Of Columbia
(38.903675, -77.004011)"
Derailments,2013:06:ATK:128498,0,0,0,23091,0,0,0,"WASHINGTON, DC",6/4/2013 0:00,17:12,2013,2013,"H303,","ATK,",8,"H3,","H,",YARD,Dist Of Columbia,38.911406,-76.999612,"Dist Of Columbia
(38.911406, -76.999612)"
Derailments,2013:04:ATK:127950,0,0,0,23254,0,0,0,"WASHINGTON, DC",4/15/2013 0:00,2:28,2013,2013,"H303,","ATK,",8,"H3,","H,",YARD,Dist Of Columbia,38.91174,-76.999505,"Dist Of Columbia
(38.91174, -76.999505)"
Derailments,2015:02:ATK:136348,0,0,0,20200,0,0,0,"WASHINGTON, DC",2/21/2015 0:00,4:30,2015,2015,"H303,","ATK,",8,"H3,","H,",YARD,Dist Of Columbia,38.911556,-76.999483,"Dist Of Columbia
(38.911556, -76.999483)"
Derailments,2011:08:NCVA:ID110397,0,0,40000,30000,0,0,0,HERTFORD,8/13/2011 0:00,1:30,2011,2011,"H503,","NCVA,",1,"H5,","H,",MAIN,North Carolina,36.267,-76.999,"North Carolina
(36.267, -76.999)"
Derailments,2014:07:ATK:133792,0,0,0,52248,0,0,0,"WASHINGTON, DC",7/22/2014 0:00,10:02,2014,2014,"H704,","ATK,",8,"H7,","H,",YARD,Dist Of Columbia,38.911957,-76.998518,"Dist Of Columbia
(38.911957, -76.998518)"
Derailments,2016:05:CSX:000159422,0,1,487085,394761,21,3,2,"WASHINGTON, DC",5/1/2016 0:00,6:35,2016,2016,"E54C,","CSX,",1,"E5,","E,",MAIN,Dist Of Columbia,38.929578,-76.993878,"Dist Of Columbia
(38.929578, -76.993878)"
Derailments,2013:09:CSX:000120663,0,2,40000,2119950,4,1,0,SOUTHAMPTON,9/19/2013 0:00,2:20,2013,2013,"M503,","CSX,",1,"M5,","M,",MAIN,Virginia,36.651219,-76.992831,"Virginia
(36.651219, -76.992831)"
Derailments,2013:05:ATK:128470,0,0,48770,250000,0,0,0,"WASHINGTON, DC",5/31/2013 0:00,19:45,2013,2013,"M507,","ATK,",7,"M5,","M,",YARD,Dist Of Columbia,38.9147,-76.9926,"Dist Of Columbia
(38.9147, -76.9926)"
Derailments,2011:11:ATK:121731,0,0,108,13878,0,0,0,"WASHINGTON, DC",11/8/2011 0:00,12:10,2011,2012,"H017,","ATK,",8,"H0,","H,",YARD,Dist Of Columbia,38.910267,-76.991667,"Dist Of Columbia
(38.910267, -76.991667)"
Derailments,2015:01:ATK:135966,0,0,2016,32646,0,0,0,"WASHINGTON, DC",1/16/2015 0:00,9:12,2015,2015,"T311,","ATK,",8,"T3,","T,",YARD,Dist Of Columbia,38.914611,-76.991158,"Dist Of Columbia
(38.914611, -76.991158)"
Derailments,2016:05:ATK:142631,0,0,2425,52300,0,0,0,"WASHINGTON, DC",5/29/2016 0:00,17:30,2016,2016,"H702,","ATK,",7,"H7,","H,",YARD,Dist Of Columbia,38.914633,-76.990733,"Dist Of Columbia
(38.914633, -76.990733)"
Derailments,2012:10:ATK:125681,0,0,472,9241,0,0,0,"WASHINGTON, DC",10/7/2012 0:00,2:00,2012,2013,"H702,","ATK,",8,"H7,","H,",YARD,Dist Of Columbia,38.914962,-76.990407,"Dist Of Columbia
(38.914962, -76.990407)"
Derailments,2012:07:NS:100395,0,0,6652,13391,0,0,0,CUMBERLAND,7/4/2012 0:00,13:07,2012,2012,"H704,","NS,",1,"H7,","H,",INDUSTRY,Pennsylvania,40.21774,-76.989411,"Pennsylvania
(40.21774, -76.989411)"
Derailments,2014:01:ATK:131310,0,0,2835,14275,0,0,0,"WASHINGTON, DC",1/14/2014 0:00,1:15,2014,2014,"H702,","ATK,",7,"H7,","H,",YARD,Dist Of Columbia,38.915212,-76.989269,"Dist Of Columbia
(38.915212, -76.989269)"
Derailments,2016:04:ATK:141964,0,0,4657,65129,0,0,0,"WASHINGTON, DC",4/13/2016 0:00,9:46,2016,2016,"H401,","ATK,",7,"H4,","H,",YARD,Dist Of Columbia,39.915238,-76.988896,"Dist Of Columbia
(39.915238, -76.988896)"
Derailments,2015:09:ATK:139190,0,0,500,22612,0,0,0,"WASHINGTON, DC",9/13/2015 0:00,16:00,2015,2015,"H303,","ATK,",8,"H3,","H,",YARD,Dist Of Columbia,38.915262,-76.988883,"Dist Of Columbia
(38.915262, -76.988883)"
Derailments,2015:01:ATK:135968,0,0,4000,16632,0,0,0,"WASHINGTON, DC",1/16/2015 0:00,10:44,2015,2015,"T223,","ATK,",8,"T2,","T,",YARD,Dist Of Columbia,38.91568,-76.98796,"Dist Of Columbia
(38.91568, -76.98796)"
Derailments,2012:11:ATK:126162,0,0,0,12079,0,0,0,"WASHINGTON, DC",11/19/2012 0:00,20:05,2012,2013,"H401,","ATK,",8,"H4,","H,",YARD,Dist Of Columbia,38.914751,-76.985908,"Dist Of Columbia
(38.914751, -76.985908)"
Derailments,2015:01:ATK:135902,0,0,2574,15980,0,0,0,"WASHINGTON, DC",1/13/2015 0:00,8:30,2015,2015,"T110,","ATK,",8,"T1,","T,",YARD,Dist Of Columbia,38.916732,-76.98472,"Dist Of Columbia
(38.916732, -76.98472)"
Derailments,2014:11:CSX:000137940,0,0,200,18027,0,0,0,"WASHINGTON, DC",11/23/2014 0:00,5:00,2014,2015,"T220,","CSX,",1,"T2,","T,",YARD,Dist Of Columbia,38.88197,-76.966246,"Dist Of Columbia
(38.88197, -76.966246)"
Derailments,2015:12:FGLK:12112015,0,0,8396,10000,0,0,0,SENECA,12/11/2015 0:00,19:00,2015,2016,"H306,H704,","FGLK,NS,",1,"H3,H7,H3,H7,","H,",YARD,New York,42.877092,-76.961615,"New York
(42.877092, -76.961615)"
Derailments,2015:08:CSX:000151464,0,0,1005,39628,44,0,0,CARROLL,8/30/2015 0:00,7:33,2015,2015,"H503,","CSX,",1,"H5,","H,",MAIN,Maryland,39.357537,-76.960444,"Maryland
(39.357537, -76.960444)"
Derailments,2012:07:XMIR:INDUSTRY,0,0,1000,16902,0,0,0,CHARLES,7/20/2012 0:00,10:11,2012,2012,"M501,","CSX,",1,"M5,","M,",INDUSTRY,Maryland,38.366793,-76.95755,"Maryland
(38.366793, -76.95755)"
Derailments,2012:07:XMIR:INDUSTRY1,0,0,0,25711,0,0,0,CHARLES,7/24/2012 0:00,8:30,2012,2012,"T399,","CSX,",7,"T3,","T,",INDUSTRY,Maryland,38.366793,-76.95755,"Maryland
(38.366793, -76.95755)"
Derailments,2011:06:NS:095092,0,0,5000,21700,0,0,0,CUMBERLAND,6/2/2011 0:00,13:15,2011,2011,"H312,","NS,",1,"H3,","H,",YARD,Pennsylvania,40.225332,-76.953228,"Pennsylvania
(40.225332, -76.953228)"
Derailments,2014:10:NS:112457,0,0,33688,2500,0,0,0,PERRY,10/4/2014 0:00,8:30,2014,2015,"T207,","NS,",1,"T2,","T,",YARD,Pennsylvania,40.357369,-76.939441,"Pennsylvania
(40.357369, -76.939441)"
Derailments,2015:06:NS:115910,0,0,1460,15600,0,0,0,PERRY,6/3/2015 0:00,1:13,2015,2015,"T311,","NS,",7,"T3,","T,",YARD,Pennsylvania,40.357369,-76.939441,"Pennsylvania
(40.357369, -76.939441)"
Derailments,2011:11:CSX:000098113,0,0,12750,650,0,0,0,PRINCE GEORGE'S,11/29/2011 0:00,14:30,2011,2012,"H999,","CSX,",8,"H9,","H,",INDUSTRY,Maryland,38.92676,-76.930637,"Maryland
(38.92676, -76.930637)"
Derailments,2011:06:NS:095233,0,0,4500,16121,0,0,0,CUMBERLAND,6/13/2011 0:00,24:51:00,2011,2011,"H599,","NS,",7,"H5,","H,",YARD,Pennsylvania,40.281466,-76.924141,"Pennsylvania
(40.281466, -76.924141)"
Derailments,2012:07:NS:100536,0,0,10182,300,0,0,0,CUMBERLAND,7/16/2012 0:00,10:10,2012,2012,"S006,","NS,",1,"S0,","S,",YARD,Pennsylvania,40.281466,-76.924141,"Pennsylvania
(40.281466, -76.924141)"
Derailments,2012:11:NS:102093,0,0,2500,11350,0,0,0,CUMBERLAND,11/5/2012 0:00,20:25,2012,2013,"H702,","NS,",7,"H7,","H,",YARD,Pennsylvania,40.281466,-76.924141,"Pennsylvania
(40.281466, -76.924141)"
Rear end collision,2012:11:NS:102149,0,0,0,13660,0,0,0,CUMBERLAND,11/9/2012 0:00,15:40,2012,2013,"M407,","NS,",57,"M4,","M,",YARD,Pennsylvania,40.281466,-76.924141,"Pennsylvania
(40.281466, -76.924141)"
Rear end collision,2013:04:NS:104469,0,0,5000,50300,0,0,0,CUMBERLAND,4/30/2013 0:00,23:35,2013,2013,"S006,","NS,",75,"S0,","S,",YARD,Pennsylvania,40.281466,-76.924141,"Pennsylvania
(40.281466, -76.924141)"
Other impacts,2013:12:NS:108262,0,0,0,16000,0,0,0,CUMBERLAND,12/21/2013 0:00,7:25,2013,2014,"S007,","NS,",15,"S0,","S,",YARD,Pennsylvania,40.279833,-76.922471,"Pennsylvania
(40.279833, -76.922471)"
Other impacts,2014:01:NS:108405,0,0,0,24365,0,0,0,CUMBERLAND,1/5/2014 0:00,10:52,2014,2014,"H316,","NS,",57,"H3,","H,",YARD,Pennsylvania,40.279833,-76.922471,"Pennsylvania
(40.279833, -76.922471)"
Derailments,2014:06:NS:111082,0,0,1200,13251,0,0,0,CUMBERLAND,6/29/2014 0:00,9:05,2014,2014,"H702,","NS,",7,"H7,","H,",YARD,Pennsylvania,40.279833,-76.922471,"Pennsylvania
(40.279833, -76.922471)"
Derailments,2014:07:NS:111497,0,0,2424,14500,0,0,0,CUMBERLAND,7/26/2014 0:00,11:30,2014,2014,"H506,","NS,",7,"H5,","H,",YARD,Pennsylvania,40.279833,-76.922471,"Pennsylvania
(40.279833, -76.922471)"
Other events,2014:08:NS:112030,0,0,0,15000,0,0,0,CUMBERLAND,8/28/2014 0:00,18:00,2014,2014,"M507,","NS,",7,"M5,","M,",YARD,Pennsylvania,40.279833,-76.922471,"Pennsylvania
(40.279833, -76.922471)"
Derailments,2015:02:NS:114129,0,0,960,81753,0,0,0,CUMBERLAND,2/2/2015 0:00,1:44,2015,2015,"H306,","NS,",17,"H3,","H,",YARD,Pennsylvania,40.279833,-76.922471,"Pennsylvania
(40.279833, -76.922471)"
Derailments,2015:03:NS:114839,0,0,2879,101123,0,0,0,CUMBERLAND,3/15/2015 0:00,6:42,2015,2015,"H306,H702,","NS,",61,"H3,H7,H3,H7,","H,",YARD,Pennsylvania,40.279833,-76.922471,"Pennsylvania
(40.279833, -76.922471)"
Other impacts,2015:04:NS:115129,0,3,1549,112503,0,0,0,CUMBERLAND,4/4/2015 0:00,21:47,2015,2015,"H999,","NS,",8,"H9,","H,",YARD,Pennsylvania,40.279833,-76.922471,"Pennsylvania
(40.279833, -76.922471)"
Derailments,2015:06:NS:115909,0,0,27415,256,0,0,0,CUMBERLAND,6/3/2015 0:00,12:04,2015,2015,"H306,H702,","NS,",7,"H3,H7,","H,",YARD,Pennsylvania,40.279833,-76.922471,"Pennsylvania
(40.279833, -76.922471)"
Other impacts,2015:08:NS:117126,0,0,0,32073,0,0,0,CUMBERLAND,8/25/2015 0:00,23:40,2015,2015,"E08C,","NS,",7,"E0,","E,",YARD,Pennsylvania,40.279833,-76.922471,"Pennsylvania
(40.279833, -76.922471)"
Derailments,2016:01:NS:118770,0,0,0,26145,0,0,0,CUMBERLAND,1/3/2016 0:00,24:58:00,2016,2016,"H306,","NS,",8,"H3,","H,",YARD,Pennsylvania,40.279833,-76.922471,"Pennsylvania
(40.279833, -76.922471)"
Obstruction impact,2012:03:NS:099237,0,0,500,26000,0,0,0,CUMBERLAND,3/31/2012 0:00,12:37,2012,2012,"H996,","NS,",1,"H9,","H,",YARD,Pennsylvania,40.305708,-76.921978,"Pennsylvania
(40.305708, -76.921978)"
Derailments,2016:08:CSX:000161996,0,0,1000,95000,3,0,0,FRANKLIN CITY,8/9/2016 0:00,9:05,2016,2016,"T207,","CSX,",61,"T2,","T,",SIDING,Virginia,36.681461,-76.914236,"Virginia
(36.681461, -76.914236)"
Derailments,2014:01:NS:108595,0,0,52626,6075,0,0,0,DAUPHIN,1/15/2014 0:00,4:08,2014,2014,"T110,","NS,",1,"T1,","T,",YARD,Pennsylvania,40.307835,-76.890901,"Pennsylvania
(40.307835, -76.890901)"
Derailments,2015:02:NS:114539,0,0,1800,51598,0,0,0,DAUPHIN,2/26/2015 0:00,6:30,2015,2015,"H704,","NS,",7,"H7,","H,",YARD,Pennsylvania,40.287835,-76.889314,"Pennsylvania
(40.287835, -76.889314)"
Raking collision,2012:03:NS:099137,0,0,21000,8000,0,0,0,CUMBERLAND,3/23/2012 0:00,18:11,2012,2012,"H306,","NS,",1,"H3,","H,",MAIN,Pennsylvania,40.273936,-76.884855,"Pennsylvania
(40.273936, -76.884855)"
Obstruction impact,2011:10:ATK:121644,0,0,0,24906,0,0,0,DAUPHIN,10/29/2011 0:00,16:02,2011,2012,"M404,","ATK,",2,"M4,","M,",MAIN,Pennsylvania,40.2737,-76.884418,"Pennsylvania
(40.2737, -76.884418)"
Derailments,2015:11:NS:118367,0,0,81000,6250,0,0,0,DAUPHIN,11/25/2015 0:00,11:22,2015,2016,"H506,","NS,",1,"H5,","H,",MAIN,Pennsylvania,40.267775,-76.879718,"Pennsylvania
(40.267775, -76.879718)"
Derailments,2012:03:YRC:YRC216212,0,0,30000,150000,8,4,0,YORK,3/30/2012 0:00,9:30,2012,2012,"E4TC,","YRC,",1,"E4,","E,",MAIN,Pennsylvania,39.867534,-76.87777,"Pennsylvania
(39.867534, -76.87777)"
Derailments,2016:05:NS:120696,0,0,1000,30800,0,0,0,DAUPHIN,5/31/2016 0:00,11:48,2016,2016,"E34C,","NS,",1,"E3,","E,",MAIN,Pennsylvania,40.262663,-76.877335,"Pennsylvania
(40.262663, -76.877335)"
Derailments,2014:03:NS:109618,0,0,1800,80025,0,0,0,DAUPHIN,3/14/2014 0:00,3:10,2014,2014,"H702,","NS,",1,"H7,","H,",YARD,Pennsylvania,40.261112,-76.876545,"Pennsylvania
(40.261112, -76.876545)"
Derailments,2015:09:YRC:YRC756615,0,0,30000,15000,0,0,0,YORK,9/12/2015 0:00,22:30,2015,2015,"M101,","YRC,",1,"M1,","M,",INDUSTRY,Pennsylvania,39.869463,-76.87372,"Pennsylvania
(39.869463, -76.87372)"
Derailments,2011:11:NS:097086,0,0,6500,26750,0,0,0,CHEMUNG,11/19/2011 0:00,19:30,2011,2012,"M204,","NS,",1,"M2,","M,",YARD,New York,42.152566,-76.868347,"New York
(42.152566, -76.868347)"
Derailments,2014:10:NS:112483,0,0,33584,3250,0,0,0,DAUPHIN,10/6/2014 0:00,15:40,2014,2015,"T210,","NS,",1,"T2,","T,",INDUSTRY,Pennsylvania,40.242229,-76.858408,"Pennsylvania
(40.242229, -76.858408)"
Other events,2011:04:NS:094834,0,0,0,15000,0,0,0,DAUPHIN,4/29/2011 0:00,4:10,2011,2011,"E11C,","NS,",1,"E1,","E,",MAIN,Pennsylvania,40.257524,-76.85429,"Pennsylvania
(40.257524, -76.85429)"
Other events,2014:12:ATK:135545,0,0,2000,8559,0,0,0,PRINCE GEORGE'S,12/11/2014 0:00,10:30,2014,2015,"E78L,","ATK,",2,"E7,","E,",MAIN,Maryland,38.970103,-76.849022,"Maryland
(38.970103, -76.849022)"
Derailments,2011:05:NS:094993,0,0,800,28900,0,0,0,NORTHUMBERLAND,5/23/2011 0:00,11:45,2011,2011,"T314,","NS,",7,"T3,","T,",YARD,Pennsylvania,40.899864,-76.820953,"Pennsylvania
(40.899864, -76.820953)"
Other impacts,2012:06:NS:099920,0,0,5500,54600,0,0,0,NORTHUMBERLAND,6/1/2012 0:00,19:50,2012,2012,"H702,","NS,NSHR,",16,"H7,","H,",YARD,Pennsylvania,40.899864,-76.820953,"Pennsylvania
(40.899864, -76.820953)"
Side collision,2012:02:NS:098845,0,0,50,32000,0,0,0,DAUPHIN,2/28/2012 0:00,18:50,2012,2012,"H306,","NS,",75,"H3,","H,",YARD,Pennsylvania,40.25639,-76.802158,"Pennsylvania
(40.25639, -76.802158)"
Derailments,2013:08:NS:105990,0,0,2500,189000,6,6,0,DAUPHIN,8/17/2013 0:00,11:34,2013,2013,"H307,H702,","NS,",1,"H3,H7,","H,",SIDING,Pennsylvania,40.256397,-76.802147,"Pennsylvania
(40.256397, -76.802147)"
Derailments,2012:08:CSX:000107254,2,0,35000,700102,0,0,0,HOWARD,8/20/2012 0:00,23:56,2012,2012,"T207,","CSX,",1,"T2,","T,",MAIN,Maryland,39.267792,-76.794842,"Maryland
(39.267792, -76.794842)"
Derailments,2015:06:NS:116137,0,0,21199,22205,0,0,0,DAUPHIN,6/19/2015 0:00,11:34,2015,2015,"H702,","NS,",1,"H7,","H,",YARD,Pennsylvania,40.259698,-76.794313,"Pennsylvania
(40.259698, -76.794313)"
Derailments,2012:03:CSX:000102168,0,0,1000,11400,0,0,0,HOWARD,3/30/2012 0:00,2:00,2012,2012,"H702,","CSX,",1,"H7,","H,",YARD,Maryland,39.151189,-76.776672,"Maryland
(39.151189, -76.776672)"