AccidentType,inckey,Fatalities,Injuries,TrackDamage,EquipmentDamage,HazmatCars,HazmatCarsDerailed,HazmatCarsReleasing,County,DisplayDate,DisplayTime,calendar,Fiscal,AccidentCause,RailroadCodes,RAILEQUIPMENT_TYPE,CauseGroup,CauseDiscipline,TYPE_OF_TRACK,StateName,latitude,longitude,GeoLocation
Derailments,2012:12:CSX:000110897,0,0,1000,14463,0,0,0,ANNE ARUNDEL,12/9/2012 0:00,19:30,2012,2013,"H706,","CSX,",7,"H7,","H,",YARD,Maryland,39.151189,-76.776672,"Maryland
(39.151189, -76.776672)"
Derailments,2015:06:FGLK:06182015,0,0,88823,23170,0,0,0,SENECA,6/18/2015 0:00,18:30,2015,2015,"T001,E46C,","FGLK,",1,"T0,E4,","T,E,",MAIN,New York,42.927467,-76.775163,"New York
(42.927467, -76.775163)"
Other events,2014:08:ATK:134284,0,0,500,16033,0,0,0,PRINCE GEORGE'S,8/29/2014 0:00,18:15,2014,2014,"T404,","ATK,",2,"T4,","T,",MAIN,Maryland,39.015266,-76.767772,"Maryland
(39.015266, -76.767772)"
Other events,2014:04:ATK:132292,0,0,8000,18984,0,0,0,PRINCE GEORGE'S,4/3/2014 0:00,9:31,2014,2014,"T404,","ATK,",2,"T4,","T,",MAIN,Maryland,39.0216,-76.7568,"Maryland
(39.0216, -76.7568)"
Other events,2014:04:ATK:132295,0,0,8000,7942,0,0,0,PRINCE GEORGE'S,4/3/2014 0:00,9:31,2014,2014,"T404,","ATK,",2,"T4,","T,",MAIN,Maryland,39.0216,-76.7568,"Maryland
(39.0216, -76.7568)"
Derailments,2014:05:CSX:000129241,0,0,80000,324928,0,0,0,PRINCE GEORGE'S,5/1/2014 0:00,2:17,2014,2014,"M103,","CSX,",1,"M1,","M,",MAIN,Maryland,38.958757,-76.753171,"Maryland
(38.958757, -76.753171)"
Derailments,2013:05:ATK:128314,0,0,12100,38070,0,0,0,ANNE ARUNDEL,5/17/2013 0:00,13:50,2013,2013,"T112,","ATK,MACZ,",8,"T1,","T,",YARD,Maryland,39.078242,-76.713474,"Maryland
(39.078242, -76.713474)"
Derailments,2015:03:ATK:136592,0,0,288630,57406,0,0,0,ANNE ARUNDEL,3/6/2015 0:00,21:23,2015,2015,"E69C,","ATK,",2,"E6,","E,",MAIN,Maryland,39.084205,-76.707895,"Maryland
(39.084205, -76.707895)"
Other events,2014:07:ATK:133572,0,0,4500,10812,0,0,0,ANNE ARUNDEL,7/10/2014 0:00,14:45,2014,2014,"E75L,","ATK,",2,"E7,","E,",MAIN,Maryland,39.085079,-76.707455,"Maryland
(39.085079, -76.707455)"
Derailments,2015:11:PPDZ:INDUSTRY,0,0,100,93000,0,0,0,YORK,11/18/2015 0:00,6:54,2015,2016,"H514,","NS,",1,"H5,","H,",INDUSTRY,Pennsylvania,40.101021,-76.706308,"Pennsylvania
(40.101021, -76.706308)"
Other events,2012:01:ATK:122371,0,0,4000,6444,0,0,0,BALTIMORE CITY,1/9/2012 0:00,8:03,2012,2012,"T404,","ATK,",2,"T4,","T,",MAIN,Maryland,39.193509,-76.694468,"Maryland
(39.193509, -76.694468)"
Derailments,2013:11:ATK:130682,0,0,21700,24504,0,0,0,BALTIMORE CITY,11/18/2013 0:00,18:39,2013,2014,"T108,E64L,","ATK,",2,"T1,E6,","T,E,",MAIN,Maryland,39.183105,-76.692767,"Maryland
(39.183105, -76.692767)"
Obstruction impact,2011:09:ATK:121083,0,0,0,2000000,0,0,0,BALTIMORE,9/13/2011 0:00,10:20,2011,2011,"M404,","ATK,",2,"M4,","M,",MAIN,Maryland,39.239829,-76.680247,"Maryland
(39.239829, -76.680247)"
Derailments,2013:06:CSX:000117081,0,0,95000,85601,0,0,0,BALTIMORE CITY,6/7/2013 0:00,20:00,2013,2013,"T111,","CSX,",1,"T1,","T,",SIDING,Maryland,39.252965,-76.663529,"Maryland
(39.252965, -76.663529)"
Other events,2014:04:CSX:000129429,0,0,0,241091,0,0,0,BALTIMORE CITY,4/30/2014 0:00,10:00,2014,2014,"M103,","CSX,",166,"M1,","M,",SIDING,Maryland,39.257814,-76.654054,"Maryland
(39.257814, -76.654054)"
Derailments,2011:09:CSX:000094844,0,0,500,10903,0,0,0,BALTIMORE,9/22/2011 0:00,24:45:00,2011,2011,"T311,","CSX,",7,"T3,","T,",YARD,Maryland,39.260337,-76.650654,"Maryland
(39.260337, -76.650654)"
Other impacts,2014:05:EAAZ:INDUSTRY,0,0,0,32487,0,0,0,BALTIMORE CITY,5/5/2014 0:00,17:00,2014,2014,"H399,","CSX,",67,"H3,","H,",INDUSTRY,Maryland,39.260337,-76.650654,"Maryland
(39.260337, -76.650654)"
Other events,2014:08:CSX:000133453,0,0,0,2380800,0,0,0,BALTIMORE CITY,8/12/2014 0:00,16:00,2014,2014,"M103,","CSX,",6,"M1,","M,",YARD,Maryland,39.260337,-76.650654,"Maryland
(39.260337, -76.650654)"
Highway-rail impact,2012:08:NS:101126,0,0,10000,8000,0,0,0,SUFFOLK,8/23/2012 0:00,11:03,2012,2012,"M304,","NS,",1,"M3,","M,",MAIN,Virginia,36.742412,-76.645502,"Virginia
(36.742412, -76.645502)"
Highway-rail impact,2013:12:CSX:000123584,2,0,100,25000,0,0,0,BALTIMORE CITY,12/10/2013 0:00,6:20,2013,2014,"M308,M303,","CSX,MACZ,",NA,"M3,","M,",MAIN,Maryland,39.265661,-76.642978,"Maryland
(39.265661, -76.642978)"
Other impacts,2015:09:CSX:000151951,0,0,0,28300,2,0,0,BALTIMORE CITY,9/10/2015 0:00,14:00,2015,2015,"M501,","CSX,",7,"M5,","M,",INDUSTRY,Maryland,39.267704,-76.640369,"Maryland
(39.267704, -76.640369)"
Other events,2012:09:ATK:125433,0,0,7000,60000,0,0,0,BALTIMORE CITY,9/10/2012 0:00,15:50,2012,2012,"T404,","ATK,",2,"T4,","T,",MAIN,Maryland,39.326214,-76.635926,"Maryland
(39.326214, -76.635926)"
Derailments,2013:07:CSX:000118900,0,0,110000,383559,16,0,0,BALTIMORE CITY,7/28/2013 0:00,10:00,2013,2013,"H521,","CSX,",1,"H5,","H,",MAIN,Maryland,39.272128,-76.63481,"Maryland
(39.272128, -76.63481)"
Other events,2014:03:ATK:132199,0,0,4500,13500,0,0,0,BALTIMORE CITY,3/26/2014 0:00,13:47,2014,2014,"E78L,","ATK,",2,"E7,","E,",MAIN,Maryland,39.317682,-76.62775,"Maryland
(39.317682, -76.62775)"
Derailments,2016:06:CSX:000160487,0,0,108237,1065295,73,13,0,BALTIMORE CITY,6/13/2016 0:00,4:02,2016,2016,"T199,","CSX,",1,"T1,","T,",MAIN,Maryland,39.319079,-76.619505,"Maryland
(39.319079, -76.619505)"
Other events,2012:07:ATK:124728,0,0,1750,12907,0,0,0,BALTIMORE,7/20/2012 0:00,18:40,2012,2012,"E78L,","ATK,",2,"E7,","E,",MAIN,Maryland,39.30715,-76.615834,"Maryland
(39.30715, -76.615834)"
Other events,2012:10:ATK:125686,0,0,20000,3414,0,0,0,BALTIMORE CITY,10/9/2012 0:00,12:40,2012,2013,"E78L,","ATK,",2,"E7,","E,",MAIN,Maryland,39.307688,-76.615605,"Maryland
(39.307688, -76.615605)"
Other events,2015:02:ATK:136241,0,0,11000,10200,0,0,0,BALTIMORE CITY,2/10/2015 0:00,10:35,2015,2015,"E78L,","ATK,",2,"E7,","E,",MAIN,Maryland,39.307599,-76.615489,"Maryland
(39.307599, -76.615489)"
Other events,2015:02:ATK:136438,0,0,11000,356,0,0,0,BALTIMORE CITY,2/10/2015 0:00,11:45,2015,2015,"E78L,","ATK,",2,"E7,","E,",MAIN,Maryland,39.307599,-76.615489,"Maryland
(39.307599, -76.615489)"
Other events,2015:02:ATK:136439,0,0,11000,21926,0,0,0,BALTIMORE CITY,2/10/2015 0:00,11:55,2015,2015,"E78L,","ATK,",2,"E7,","E,",MAIN,Maryland,39.307599,-76.615489,"Maryland
(39.307599, -76.615489)"
Derailments,2015:05:CSX:000145948,0,2,2741,90530,0,0,0,JAMES CITY,5/7/2015 0:00,14:00,2015,2015,"H993,","CSX,",NA,"H9,","H,",MAIN,Virginia,37.222578,-76.61373,"Virginia
(37.222578, -76.61373)"
Derailments,2013:07:DUND:INDUSTRY,0,0,0,18000,0,0,0,BALTIMORE,7/11/2013 0:00,3:00,2013,2013,"H704,","NS,",1,"H7,","H,",INDUSTRY,Maryland,39.286534,-76.613558,"Maryland
(39.286534, -76.613558)"
Derailments,2013:11:NS:107720,0,0,0,11250,0,0,0,BALTIMORE,11/13/2013 0:00,3:10,2013,2014,"T311,","NS,",7,"T3,","T,",INDUSTRY,Maryland,39.286534,-76.613558,"Maryland
(39.286534, -76.613558)"
Obstruction impact,2011:09:ATK:121571,0,0,0,31764,0,0,0,BALTIMORE CITY,9/13/2011 0:00,10:12,2011,2011,"M404,","ATK,MACZ,",3,"M4,","M,",MAIN,Maryland,39.290385,-76.612189,"Maryland
(39.290385, -76.612189)"
Obstruction impact,2012:02:ATK:122988,0,0,2100,18200,0,0,0,BALTIMORE CITY,2/27/2012 0:00,8:28,2012,2012,"M404,","ATK,",2,"M4,","M,",MAIN,Maryland,39.290385,-76.612189,"Maryland
(39.290385, -76.612189)"
Derailments,2015:09:MACZ:1509061600,0,0,500,266000,0,0,0,BALTIMORE CITY,9/6/2015 0:00,16:00,2015,2015,"H704,H306,","MACZ,",7,"H7,H3,","H,",YARD,Maryland,39.268438,-76.602971,"Maryland
(39.268438, -76.602971)"
Other impacts,2015:06:CSX:000148099,0,0,0,14098,0,0,0,BALTIMORE CITY,6/16/2015 0:00,17:00,2015,2015,"M599,","CSX,",5,"M5,","M,",YARD,Maryland,39.23543,-76.591321,"Maryland
(39.23543, -76.591321)"
Derailments,2015:10:CSX:000152880,0,0,1511,24836,1,0,0,BALTIMORE CITY,10/5/2015 0:00,17:00,2015,2016,"T221,","CSX,",7,"T2,","T,",YARD,Maryland,39.23543,-76.591321,"Maryland
(39.23543, -76.591321)"
Other events,2016:05:ATK:142340,0,0,13480,17848,0,0,0,LANCASTER,5/10/2016 0:00,7:06,2016,2016,"E78L,","ATK,",2,"E7,","E,",MAIN,Pennsylvania,40.134573,-76.591161,"Pennsylvania
(40.134573, -76.591161)"
Other events,2015:06:ATK:137749,0,0,18500,8518,0,0,0,BALTIMORE CITY,6/9/2015 0:00,8:08,2015,2015,"E78L,","ATK,",2,"E7,","E,",MAIN,Maryland,39.304002,-76.589384,"Maryland
(39.304002, -76.589384)"
Derailments,2015:08:CSX:000150141,0,0,377,11246,38,0,0,BALTIMORE CITY,8/2/2015 0:00,18:10,2015,2015,"T108,","CSX,",7,"T1,","T,",YARD,Maryland,39.268407,-76.587167,"Maryland
(39.268407, -76.587167)"
Derailments,2011:12:CSX:000098968,0,0,500,24971,11,1,0,BALTIMORE,12/22/2011 0:00,22:30,2011,2012,"H303,","CSX,",7,"H3,","H,",INDUSTRY,Maryland,39.211651,-76.56418,"Maryland
(39.211651, -76.56418)"
Derailments,2013:09:CSX:000120402,0,0,1000,41541,0,0,0,BALTIMORE,9/11/2013 0:00,21:15,2013,2013,"H702,","CSX,",76,"H7,","H,",YARD,Maryland,39.269968,-76.552642,"Maryland
(39.269968, -76.552642)"
Derailments,2011:10:CSX:000095175,0,0,300,85006,1,1,0,BALTIMORE,10/1/2011 0:00,9:30,2011,2012,"H018,","CSX,",6,"H0,","H,",YARD,Maryland,39.29976,-76.552599,"Maryland
(39.29976, -76.552599)"
Other events,2013:02:CSX:000113050,0,0,100,27542,0,0,0,BALTIMORE CITY,2/18/2013 0:00,11:40,2013,2013,"H702,","CSX,",7,"H7,","H,",YARD,Maryland,39.29976,-76.552599,"Maryland
(39.29976, -76.552599)"
Derailments,2012:04:NS:099384,0,0,6500,104450,0,0,0,BALTIMORE,4/15/2012 0:00,8:30,2012,2012,"H702,","NS,",1,"H7,","H,",YARD,Maryland,39.296961,-76.551399,"Maryland
(39.296961, -76.551399)"
Other events,2013:11:ATK:130503,0,0,15000,26871,0,0,0,BALTIMORE CITY,11/1/2013 0:00,6:28,2013,2014,"E78L,","ATK,",2,"E7,","E,",MAIN,Maryland,39.2613,-76.550031,"Maryland
(39.2613, -76.550031)"
Derailments,2016:08:XPSU:INDUSTRY,0,0,0,25970,0,0,0,LEBANON,8/25/2016 0:00,19:30,2016,2016,"M101,","NS,",8,"M1,","M,",INDUSTRY,Pennsylvania,40.328126,-76.546922,"Pennsylvania
(40.328126, -76.546922)"
Raking collision,2015:12:FGLK:12302016,0,0,0,13436,1,1,0,CAYUGA,12/30/2015 0:00,20:22,2015,2016,"H306,H301,","FGLK,",1,"H3,","H,",MAIN,New York,42.95836,-76.545955,"New York
(42.95836, -76.545955)"
Derailments,2011:06:NS:095221,0,0,600,12086,0,0,0,BALTIMORE CITY,6/14/2011 0:00,21:08,2011,2011,"H702,","NS,",7,"H7,","H,",YARD,Maryland,39.296648,-76.541073,"Maryland
(39.296648, -76.541073)"
Derailments,2015:03:NS:114865,0,0,300,13564,0,0,0,BALTIMORE,3/16/2015 0:00,22:45,2015,2015,"H702,","NS,",1,"H7,","H,",YARD,Maryland,39.29664,-76.540858,"Maryland
(39.29664, -76.540858)"
Other impacts,2015:10:ATK:139804,0,0,0,18000,0,0,0,BALTIMORE CITY,10/20/2015 0:00,4:00,2015,2016,"H997,","ATK,",NA,"H9,","H,",YARD,Maryland,39.296666,-76.540359,"Maryland
(39.296666, -76.540359)"
Raking collision,2016:06:DMTZ:INDUSTRY,0,0,0,25200,0,0,0,BALTIMORE,6/28/2016 0:00,17:04,2016,2016,"H302,","NS,",1,"H3,","H,",INDUSTRY,Maryland,39.258858,-76.538017,"Maryland
(39.258858, -76.538017)"
Highway-rail impact,2013:05:CSX:000116641,0,7,100000,504575,4,3,1,BALTIMORE,5/28/2013 0:00,14:05,2013,2013,"M304,","CSX,",1,"M3,","M,",MAIN,Maryland,39.303028,-76.535451,"Maryland
(39.303028, -76.535451)"
Other events,2013:07:ATK:128937,0,0,2500,8690,0,0,0,LANCASTER,7/4/2013 0:00,15:54,2013,2013,"E78L,","ATK,",NA,"E7,","E,",MAIN,Pennsylvania,40.114643,-76.529109,"Pennsylvania
(40.114643, -76.529109)"
Derailments,2015:06:CSX:000147264,0,0,450,58085,0,0,0,BALTIMORE CITY,6/4/2015 0:00,6:30,2015,2015,"H099,","CSX,",7,"H0,","H,",YARD,Maryland,39.306296,-76.529004,"Maryland
(39.306296, -76.529004)"
Derailments,2014:03:NS:109497,0,0,2100,12000,0,0,0,BRADFORD,3/6/2014 0:00,21:00,2014,2014,"T110,","NS,",1,"T1,","T,",YARD,Pennsylvania,41.99558,-76.520676,"Pennsylvania
(41.99558, -76.520676)"
Derailments,2015:04:OHRY:15040601,0,0,75000,57000,0,0,0,BRADFORD,4/6/2015 0:00,11:56,2015,2015,"M203,","LRWY,OHRY,",1,"M2,","M,",MAIN,Pennsylvania,41.81474,-76.5029,"Pennsylvania
(41.81474, -76.5029)"
Derailments,2016:04:MDS:16042001,0,0,35000,49000,0,0,0,CLARKE,4/20/2016 0:00,9:45,2016,2016,"E65C,","MDS,",1,"E6,","E,",MAIN,Mississippi,41.81474,-76.5029,"Mississippi
(41.81474, -76.5029)"
Other events,2011:10:ATK:121646,0,0,90000,1000,0,0,0,LANCASTER,10/29/2011 0:00,17:28,2011,2012,"T499,","ATK,",8,"T4,","T,",MAIN,Pennsylvania,40.109847,-76.502671,"Pennsylvania
(40.109847, -76.502671)"
Derailments,2011:08:PBR:08072011,0,0,74308,0,0,0,0,BALTIMORE,8/7/2011 0:00,2:00,2011,2011,"E64C,","PBR,",7,"E6,","E,",YARD,Maryland,39.225,-76.49,"Maryland
(39.225, -76.49)"
Derailments,2011:12:PBR:12132011,0,0,15442,0,0,0,0,BALTIMORE,12/13/2011 0:00,14:42,2011,2012,"M204,","PBR,",7,"M2,","M,",INDUSTRY,Maryland,39.232409,-76.483152,"Maryland
(39.232409, -76.483152)"
Derailments,2012:06:CA:CARRID1202,0,0,12000,0,0,0,0,PERQUIMANS,6/21/2012 0:00,14:00,2012,2012,"T110,","CA,",1,"T1,","T,",MAIN,North Carolina,36.193153,-76.479756,"North Carolina
(36.193153, -76.479756)"
Highway-rail impact,2013:07:NS:105556,0,0,0,10168,0,0,0,LANCASTER,7/17/2013 0:00,1:00,2013,2013,"M399,","NS,",1,"M3,","M,",MAIN,Pennsylvania,39.991497,-76.470196,"Pennsylvania
(39.991497, -76.470196)"
Highway-rail impact,2011:11:DH:229049,1,0,49985,400,4,0,0,COLUMBIA,11/9/2011 0:00,9:55,2011,2012,"M308,","DH,",1,"M3,","M,",MAIN,Pennsylvania,40.953564,-76.465323,"Pennsylvania
(40.953564, -76.465323)"
Derailments,2012:06:PBR:06212012,0,0,17261,17261,0,0,0,BALTIMORE,6/21/2012 0:00,18:30,2012,2012,"E34C,M204,","PBR,",7,"E3,M2,","E,M,",YARD,Maryland,39.227009,-76.464886,"Maryland
(39.227009, -76.464886)"
Other events,2011:09:NSHR:NSHR090711,0,0,400000,100000,0,0,0,COLUMBIA,9/7/2011 0:00,19:00,2011,2011,"T002,M103,","NSHR,",6,"T0,M1,","T,M,",MAIN,Pennsylvania,40.990167,-76.464028,"Pennsylvania
(40.990167, -76.464028)"
Derailments,2011:06:PBR:06222011,0,0,17000,9000,0,0,0,BALTIMORE,6/22/2011 0:00,18:45,2011,2011,"H704,H509,","PBR,",1,"H7,H5,","H,",YARD,Maryland,39.22,-76.463,"Maryland
(39.22, -76.463)"
Derailments,2012:07:NPB:201215,0,0,9132,1326,0,0,0,CHESAPEAKE,7/6/2012 0:00,11:52,2012,2012,"T311,","CSX,NPB,",1,"T3,","T,",YARD,Virginia,36.777983,-76.437506,"Virginia
(36.777983, -76.437506)"
Derailments,2013:11:FGLK:11082013,0,1,108831,266588,8,2,0,CAYUGA,11/8/2013 0:00,15:10,2013,2014,"T202,","FGLK,",1,"T2,","T,",MAIN,New York,43.019387,-76.433789,"New York
(43.019387, -76.433789)"
Side collision,2012:07:ZDTA:INDUSTRY,0,0,0,75621,0,0,0,NEWPORT NEWS,7/9/2012 0:00,6:42,2012,2012,"H306,","CSX,",16,"H3,","H,",INDUSTRY,Virginia,36.990063,-76.431591,"Virginia
(36.990063, -76.431591)"
Derailments,2013:10:CSX:000121173,0,0,5000,150720,0,0,0,NEWPORT NEWS,10/1/2013 0:00,1:15,2013,2014,"T314,","CSX,",1,"T3,","T,",YARD,Virginia,36.990063,-76.431591,"Virginia
(36.990063, -76.431591)"
Derailments,2013:11:CSX:000123039,0,0,1900,362781,0,0,0,NEWPORT NEWS,11/22/2013 0:00,20:39,2013,2014,"T207,","CSX,",7,"T2,","T,",YARD,Virginia,36.990063,-76.431591,"Virginia
(36.990063, -76.431591)"
Other events,2015:05:CWRY:CWR700815,0,0,0,84000,0,0,0,PORTSMOUTH,5/19/2015 0:00,6:00,2015,2015,"H601,","CWRY,",7,"H6,","H,",YARD,Virginia,36.867845,-76.431541,"Virginia
(36.867845, -76.431541)"
Derailments,2014:02:ZDTA:INDUSTRY,0,0,150,76771,0,0,0,NEWPORT NEWS,2/14/2014 0:00,2:18,2014,2014,"H307,","CSX,",7,"H3,","H,",INDUSTRY,Virginia,36.979866,-76.424983,"Virginia
(36.979866, -76.424983)"
Other events,2011:10:ATK:121457,0,0,4000,16910,0,0,0,ANNE ARUNDEL,10/15/2011 0:00,17:54,2011,2012,"T404,","ATK,",2,"T4,","T,",MAIN,Maryland,39.1066,-76.41638,"Maryland
(39.1066, -76.41638)"
Derailments,2014:06:CA:CAR556614,0,0,40000,5340,0,0,0,PERQUIMANS,6/17/2014 0:00,13:04,2014,2014,"T109,","CA,",1,"T1,","T,",MAIN,North Carolina,36.246527,-76.39925,"North Carolina
(36.246527, -76.39925)"
Derailments,2016:02:PEND:INDUSTRY,0,0,2000,66086,13,3,0,OSWEGO,2/18/2016 0:00,3:15,2016,2016,"M501,","CSX,",1,"M5,","M,",INDUSTRY,New York,43.314549,-76.387708,"New York
(43.314549, -76.387708)"
Derailments,2014:09:CSX:000134239,0,0,600,14602,0,0,0,OSWEGO,9/2/2014 0:00,3:10,2014,2014,"H306,","CSX,",1,"H3,","H,",SIDING,New York,43.310429,-76.386115,"New York
(43.310429, -76.386115)"
Derailments,2015:11:CWRY:CWR785815,0,0,10000,5000,2,0,0,PORTSMOUTH,11/6/2015 0:00,7:00,2015,2016,"H702,","CWRY,",1,"H7,","H,",YARD,Virginia,36.877022,-76.366332,"Virginia
(36.877022, -76.366332)"
Derailments,2013:02:CWRY:CWR308713,0,0,7000,10000,0,0,0,PORTSMOUTH,2/11/2013 0:00,6:30,2013,2013,"H702,","CWRY,",7,"H7,","H,",YARD,Virginia,36.877166,-76.366063,"Virginia
(36.877166, -76.366063)"
Derailments,2013:04:NS:104234,0,0,12000,23550,0,0,0,LANCASTER,4/14/2013 0:00,10:44,2013,2013,"H306,H702,","NS,",7,"H3,H7,","H,",YARD,Pennsylvania,40.057485,-76.331915,"Pennsylvania
(40.057485, -76.331915)"
Derailments,2015:11:NS:118271,0,0,1500,38003,0,0,0,LANCASTER,11/19/2015 0:00,11:10,2015,2016,"H702,","NS,",7,"H7,","H,",YARD,Pennsylvania,40.057558,-76.331144,"Pennsylvania
(40.057558, -76.331144)"
Derailments,2011:07:NS:095543,0,0,12600,3500,0,0,0,NORFOLK,7/14/2011 0:00,12:55,2011,2011,"M411,","NS,",6,"M4,","M,",YARD,Virginia,36.877652,-76.326059,"Virginia
(36.877652, -76.326059)"
Other events,2014:01:MNCW:2014011606,0,0,0,15000,0,0,0,FAIRFIELD,1/16/2014 0:00,5:54,2014,2014,"E78L,","MNCW,",3,"E7,","E,",MAIN,Connecticut,41.17075,-76.318703,"Connecticut
(41.17075, -76.318703)"
Other events,2014:12:ATK:135480,0,0,32000,0,0,0,0,LANCASTER,12/9/2014 0:00,4:30,2014,2015,"H221,","ATK,NS,",1,"H2,","H,",MAIN,Pennsylvania,40.0561,-76.316743,"Pennsylvania
(40.0561, -76.316743)"
Derailments,2011:08:NS:096028,0,0,20000,5700,0,0,0,NORFOLK,8/20/2011 0:00,16:30,2011,2011,"H702,","NS,",7,"H7,","H,",YARD,Virginia,36.876311,-76.310323,"Virginia
(36.876311, -76.310323)"
Derailments,2011:08:NS:096115,0,0,5000,4500,0,0,0,NORFOLK,8/26/2011 0:00,15:30,2011,2011,"H503,","NS,",7,"H5,","H,",INDUSTRY,Virginia,36.876311,-76.310323,"Virginia
(36.876311, -76.310323)"
Derailments,2012:05:NS:099668,0,0,20000,19470,0,0,0,NORFOLK,5/11/2012 0:00,8:35,2012,2012,"T207,","NS,",1,"T2,","T,",YARD,Virginia,36.876311,-76.310323,"Virginia
(36.876311, -76.310323)"
Derailments,2012:08:NS:100810,0,0,17087,0,0,0,0,NORFOLK,8/4/2012 0:00,11:30,2012,2012,"M411,","NS,",6,"M4,","M,",YARD,Virginia,36.876311,-76.310323,"Virginia
(36.876311, -76.310323)"
Derailments,2013:05:NS:104597,0,0,2500,8550,0,0,0,NORFOLK,5/10/2013 0:00,12:15,2013,2013,"M411,","NS,",6,"M4,","M,",YARD,Virginia,36.876311,-76.310323,"Virginia
(36.876311, -76.310323)"
Derailments,2013:07:NS:105496,0,0,14056,0,0,0,0,NORFOLK,7/13/2013 0:00,5:40,2013,2013,"H702,","NS,",7,"H7,","H,",YARD,Virginia,36.876311,-76.310323,"Virginia
(36.876311, -76.310323)"
Fire/violent rupture,2013:09:ATK:130002,0,0,0,16536,0,0,0,LANCASTER,9/23/2013 0:00,10:09,2013,2013,"M406,E71L,","ATK,",NA,"M4,E7,","M,E,",MAIN,Pennsylvania,40.055131,-76.309512,"Pennsylvania
(40.055131, -76.309512)"
Derailments,2014:03:VP3Z:INDUSTRY,0,0,9513,4450,0,0,0,CHESAPEAKE,3/14/2014 0:00,4:50,2014,2014,"H399,","NS,",1,"H3,","H,",INDUSTRY,Virginia,36.772895,-76.307226,"Virginia
(36.772895, -76.307226)"
Derailments,2012:10:ATK:125755,0,0,250000,36000,0,0,0,LANCASTER,10/12/2012 0:00,8:10,2012,2013,"T202,T222,T210,","ATK,NS,",1,"T2,","T,",MAIN,Pennsylvania,40.041775,-76.299879,"Pennsylvania
(40.041775, -76.299879)"
Derailments,2014:02:NS:109304,0,0,13007,11680,0,0,0,NORFOLK,2/22/2014 0:00,13:00,2014,2014,"M411,","NS,",7,"M4,","M,",YARD,Virginia,36.837067,-76.274376,"Virginia
(36.837067, -76.274376)"
Derailments,2014:07:NS:111563,0,0,38394,7500,0,0,0,NORFOLK,7/31/2014 0:00,22:30,2014,2014,"T217,","NS,",1,"T2,","T,",YARD,Virginia,36.837067,-76.274376,"Virginia
(36.837067, -76.274376)"
Derailments,2014:10:NS:112586,0,0,2700,9000,0,0,0,NORFOLK,10/14/2014 0:00,7:40,2014,2015,"H303,","NS,",6,"H3,","H,",YARD,Virginia,36.837067,-76.274376,"Virginia
(36.837067, -76.274376)"
Derailments,2014:10:NS:112687,0,0,2410,9400,0,0,0,NORFOLK,10/21/2014 0:00,5:40,2014,2015,"M599,","NS,",5,"M5,","M,",YARD,Virginia,36.837067,-76.274376,"Virginia
(36.837067, -76.274376)"
Derailments,2014:05:NS:110640,0,0,0,20000,0,0,0,NORFOLK,5/30/2014 0:00,3:00,2014,2014,"M599,","NS,",6,"M5,","M,",YARD,Virginia,36.829815,-76.27291,"Virginia
(36.829815, -76.27291)"
Derailments,2015:01:NS:113950,0,0,14477,3000,0,0,0,CHESAPEAKE,1/21/2015 0:00,11:15,2015,2015,"T110,","NS,",7,"T1,","T,",YARD,Virginia,36.787321,-76.269801,"Virginia
(36.787321, -76.269801)"
Derailments,2015:01:NS:113749,0,0,100,21850,0,0,0,CHESAPEAKE,1/9/2015 0:00,16:45,2015,2015,"H020,","NS,",7,"H0,","H,",YARD,Virginia,36.801393,-76.267132,"Virginia
(36.801393, -76.267132)"
Derailments,2011:09:NS:096342,0,0,9572,12625,9,0,0,CHESAPEAKE,9/18/2011 0:00,16:30,2011,2011,"T110,","NS,",1,"T1,","T,",YARD,Virginia,36.794091,-76.267043,"Virginia
(36.794091, -76.267043)"
Derailments,2013:09:CA:CAR416213,0,0,10000,150,0,0,0,PASQUOTANK,9/12/2013 0:00,15:45,2013,2013,"T110,","CA,",1,"T1,","T,",SIDING,North Carolina,36.298087,-76.249968,"North Carolina
(36.298087, -76.249968)"
Derailments,2013:12:BCR:20131,0,0,20000,5600,0,0,0,NORFOLK,12/5/2013 0:00,13:30,2013,2014,"T110,","BCR,NPB,",1,"T1,","T,",MAIN,Virginia,36.861736,-76.247477,"Virginia
(36.861736, -76.247477)"
Derailments,2013:02:NS:103496,0,0,12135,110,0,0,0,NORFOLK,2/19/2013 0:00,11:40,2013,2013,"T110,","NS,",7,"T1,","T,",INDUSTRY,Virginia,36.859446,-76.246939,"Virginia
(36.859446, -76.246939)"
Derailments,2011:11:CSX:000098130,0,0,2000,41796,0,0,0,ONONDAGA,11/29/2011 0:00,4:15,2011,2012,"M501,","CSX,",7,"M5,","M,",YARD,New York,43.062289,-76.218614,"New York
(43.062289, -76.218614)"
Derailments,2014:09:CSX:000134633,0,0,500,89980,36,1,0,ONONDAGA,9/9/2014 0:00,13:15,2014,2014,"T101,","CSX,NYSW,",1,"T1,","T,",YARD,New York,43.066864,-76.209459,"New York
(43.066864, -76.209459)"
Other events,2013:09:ATK:129855,0,0,12000,17678,0,0,0,HARFORD,9/11/2013 0:00,10:53,2013,2013,"T404,","ATK,",2,"T4,","T,",MAIN,Maryland,39.492881,-76.173148,"Maryland
(39.492881, -76.173148)"