AccidentType,inckey,Fatalities,Injuries,TrackDamage,EquipmentDamage,HazmatCars,HazmatCarsDerailed,HazmatCarsReleasing,County,DisplayDate,DisplayTime,calendar,Fiscal,AccidentCause,RailroadCodes,RAILEQUIPMENT_TYPE,CauseGroup,CauseDiscipline,TYPE_OF_TRACK,StateName,latitude,longitude,GeoLocation
Side collision,2015:03:CSX:000143818,0,0,2628,32656,21,2,0,ONONDAGA,3/28/2015 0:00,2:58,2015,2015,"H307,","CSX,",18,"H3,","H,",YARD,New York,43.073848,-76.172717,"New York
(43.073848, -76.172717)"
Other events,2012:08:ATK:124961,0,0,10000,3343,0,0,0,HARFORD,8/6/2012 0:00,24:48:00,2012,2012,"E79L,","ATK,",2,"E7,","E,",MAIN,Maryland,39.50616,-76.164351,"Maryland
(39.50616, -76.164351)"
Other events,2014:09:ATK:134484,0,0,250000,0,0,0,0,HARFORD,9/16/2014 0:00,1:49,2014,2014,"M201,","ATK,NS,",1,"M2,","M,",MAIN,Maryland,39.507418,-76.163557,"Maryland
(39.507418, -76.163557)"
Other events,2012:05:ATK:124012,0,0,4500,16559,0,0,0,HARFORD,5/27/2012 0:00,13:45,2012,2012,"T404,","ATK,",2,"T4,","T,",MAIN,Maryland,39.510564,-76.161711,"Maryland
(39.510564, -76.161711)"
Other events,2012:05:ATK:124015,0,0,0,12939,0,0,0,HARFORD,5/27/2012 0:00,13:55,2012,2012,"T404,","ATK,",2,"T4,","T,",MAIN,Maryland,39.510564,-76.161711,"Maryland
(39.510564, -76.161711)"
Derailments,2015:01:NYSW:150110A,0,0,105000,6996,38,2,0,ONONDAGA,1/10/2015 0:00,9:33,2015,2015,"M204,M405,","NYSW,",1,"M2,M4,","M,",MAIN,New York,43.048548,-76.16053,"New York
(43.048548, -76.16053)"
Derailments,2014:12:NS:113423,0,0,227373,3400,0,0,0,CECIL,12/13/2014 0:00,4:45,2014,2015,"E06C,","NS,",1,"E0,","E,",MAIN,Maryland,39.63988,-76.148015,"Maryland
(39.63988, -76.148015)"
Derailments,2011:11:NYSW:111111A,0,0,234338,44744,15,1,0,ONONDAGA,11/11/2011 0:00,13:30,2011,2012,"T221,","NYSW,",1,"T2,","T,",MAIN,New York,43.031309,-76.141473,"New York
(43.031309, -76.141473)"
Derailments,2013:10:CSX:000121704,0,0,9000,116190,0,0,0,OSWEGO,10/14/2013 0:00,18:30,2013,2014,"T002,","CSX,",4,"T0,","T,",MAIN,New York,43.299184,-76.137049,"New York
(43.299184, -76.137049)"
Raking collision,2012:09:CSX:000108504,0,0,10000,13850,0,0,0,ONONDAGA,9/25/2012 0:00,23:50,2012,2012,"H993,","CSX,",NA,"H9,","H,",MAIN,New York,43.089971,-76.134319,"New York
(43.089971, -76.134319)"
Rear end collision,2011:07:CSX:000091345,0,2,42000,532330,10,0,0,ONONDAGA,7/6/2011 0:00,24:20:00,2011,2011,"H222,H605,","CSX,",1,"H2,H6,","H,",MAIN,New York,43.082615,-76.113258,"New York
(43.082615, -76.113258)"
Other events,2014:07:ATK:133672,0,0,2500,38000,0,0,0,CECIL,7/17/2014 0:00,9:03,2014,2014,"E78L,","ATK,",2,"E7,","E,",MAIN,Maryland,39.558572,-76.071846,"Maryland
(39.558572, -76.071846)"
Other events,2011:06:ATK:119979,0,0,6000,11302,0,0,0,CECIL,6/7/2011 0:00,12:11,2011,2011,"E78L,","ATK,",2,"E7,","E,",MAIN,Maryland,39.560113,-76.071338,"Maryland
(39.560113, -76.071338)"
Derailments,2014:11:ATK:135171,0,0,5390,122930,0,0,0,CECIL,11/10/2014 0:00,10:00,2014,2015,"T110,","ATK,",4,"T1,","T,",YARD,Maryland,39.558672,-76.071138,"Maryland
(39.558672, -76.071138)"
Derailments,2014:07:ATK:133484,0,0,11968,66780,0,0,0,CECIL,7/5/2014 0:00,16:30,2014,2014,"T110,","ATK,",NA,"T1,","T,",YARD,Maryland,39.558986,-76.070065,"Maryland
(39.558986, -76.070065)"
Other events,2013:04:ATK:127951,0,0,3000,24000,0,0,0,CECIL,4/16/2013 0:00,14:41,2013,2013,"E78L,","ATK,",2,"E7,","E,",MAIN,Maryland,39.559449,-76.068542,"Maryland
(39.559449, -76.068542)"
Derailments,2016:06:ATK:142980,0,0,0,65000,0,0,0,CECIL,6/23/2016 0:00,23:45,2016,2016,"E4BC,","ATK,",NA,"E4,","E,",MAIN,Maryland,39.56447,-76.049307,"Maryland
(39.56447, -76.049307)"
Derailments,2014:09:ATK:134639,0,0,0,24500,0,0,0,CECIL,9/30/2014 0:00,13:30,2014,2014,"T110,","ATK,",7,"T1,","T,",YARD,Maryland,39.564577,-76.04908,"Maryland
(39.564577, -76.04908)"
Derailments,2015:08:CSX:000150715,0,0,907,37116,11,2,0,ONONDAGA,8/16/2015 0:00,2:20,2015,2015,"H523,","CSX,",7,"H5,","H,",YARD,New York,43.067106,-76.048455,"New York
(43.067106, -76.048455)"
Derailments,2015:05:NYSW:150528A,0,0,394750,86456,15,1,0,CORTLAND,5/28/2015 0:00,7:05,2015,2015,"M405,M204,","NYSW,",1,"M4,M2,","M,",MAIN,New York,42.439203,-76.037023,"New York
(42.439203, -76.037023)"
Derailments,2014:08:ATK:134208,0,0,0,125000,0,0,0,CECIL,8/26/2014 0:00,23:40,2014,2014,"H702,","ATK,",9,"H7,","H,",MAIN,Maryland,39.569995,-76.036195,"Maryland
(39.569995, -76.036195)"
Derailments,2015:07:CSX:000149084,0,0,100,38289,4,0,0,ONONDAGA,7/13/2015 0:00,6:50,2015,2015,"T314,","CSX,",1,"T3,","T,",YARD,New York,43.070768,-76.029307,"New York
(43.070768, -76.029307)"
Highway-rail impact,2012:06:RBMN:L0627202,0,1,19625,6200,0,0,0,WYOMING,6/27/2012 0:00,9:30,2012,2012,"M304,","RBMN,",1,"M3,","M,",MAIN,Pennsylvania,41.536448,-75.947748,"Pennsylvania
(41.536448, -75.947748)"
Derailments,2015:10:NS:117623,0,0,3000,16100,0,0,0,BERKS,10/4/2015 0:00,11:05,2015,2016,"H702,","NS,",1,"H7,","H,",YARD,Pennsylvania,40.345781,-75.923081,"Pennsylvania
(40.345781, -75.923081)"
Derailments,2011:12:NS:097194,0,0,100,30000,0,0,0,BERKS,12/2/2011 0:00,3:28,2011,2012,"H312,","NS,",1,"H3,","H,",YARD,Pennsylvania,40.345979,-75.92304,"Pennsylvania
(40.345979, -75.92304)"
Derailments,2013:07:NYSW:130702A,0,0,662647,329028,19,0,0,BROOME,7/2/2013 0:00,6:30,2013,2013,"T001,","NYSW,",1,"T0,","T,",MAIN,New York,42.294189,-75.906298,"New York
(42.294189, -75.906298)"
Derailments,2015:06:NYSW:150619A,0,0,16409,299,0,0,0,BROOME,6/19/2015 0:00,4:53,2015,2015,"T110,E29L,","NS,NYSW,",1,"T1,E2,","T,E,",YARD,New York,42.106515,-75.895617,"New York
(42.106515, -75.895617)"
Derailments,2014:01:CP:239919,0,0,1187,12476,0,0,0,BROOME,1/19/2014 0:00,7:29,2014,2014,"H099,","CP,",7,"H0,","H,",YARD,New York,42.10135,-75.875439,"New York
(42.10135, -75.875439)"
Derailments,2012:06:RBMN:L06071201,0,0,23578,12000,0,0,0,LUZERNE,6/7/2012 0:00,2:51,2012,2012,"T110,","NS,RBMN,",1,"T1,","T,",YARD,Pennsylvania,41.171163,-75.868953,"Pennsylvania
(41.171163, -75.868953)"
Derailments,2016:07:RBMN:ZZZZZZZZZZ,0,0,0,15000,0,0,0,LUZERNE,7/18/2016 0:00,4:25,2016,2016,"H306,H702,","NS,",1,"H3,H7,","H,",YARD,Pennsylvania,41.166765,-75.864478,"Pennsylvania
(41.166765, -75.864478)"
Derailments,2013:02:CSX:000113198,0,0,28000,187666,14,2,0,CECIL,2/20/2013 0:00,23:10,2013,2013,"E53C,","CSX,",1,"E5,","E,",MAIN,Maryland,39.646387,-75.863394,"Maryland
(39.646387, -75.863394)"
Derailments,2016:07:NS:121283,0,0,300,51500,0,0,0,BROOME,7/16/2016 0:00,2:15,2016,2016,"H306,","NS,",67,"H3,","H,",YARD,New York,42.098658,-75.856663,"New York
(42.098658, -75.856663)"
Derailments,2015:05:NYSW:150528B,0,0,1914395,0,15,0,0,BROOME,5/28/2015 0:00,5:25,2015,2015,"M405,M204,","NYSW,",1,"M4,M2,","M,",MAIN,New York,42.237959,-75.848656,"New York
(42.237959, -75.848656)"
Derailments,2013:07:NS:105427,0,0,10000,12000,0,0,0,CHESTER,7/8/2013 0:00,15:30,2013,2013,"H524,","NS,",1,"H5,","H,",SIDING,Pennsylvania,39.983068,-75.823892,"Pennsylvania
(39.983068, -75.823892)"
Other events,2013:05:ATK:128384,0,0,5289,7303,0,0,0,CHESTER,5/22/2013 0:00,21:05,2013,2013,"E78L,","ATK,",2,"E7,","E,",MAIN,Pennsylvania,39.986015,-75.820384,"Pennsylvania
(39.986015, -75.820384)"
Other events,2014:01:ATK:131302,0,0,10000,782,0,0,0,CHESTER,1/7/2014 0:00,7:22,2014,2014,"T404,","ATK,",NA,"T4,","T,",MAIN,Pennsylvania,39.987709,-75.812874,"Pennsylvania
(39.987709, -75.812874)"
Other events,2016:08:ATK:143714,0,0,13287,0,0,0,0,CHESTER,8/9/2016 0:00,17:30,2016,2016,"T404,","ATK,",NA,"T4,","T,",MAIN,Pennsylvania,39.98872,-75.806355,"Pennsylvania
(39.98872, -75.806355)"
Derailments,2015:06:CSX:000147437,0,0,19102,930,80,1,0,MADISON,6/8/2015 0:00,18:39,2015,2015,"E61C,","CSX,",1,"E6,","E,",MAIN,New York,43.073967,-75.793594,"New York
(43.073967, -75.793594)"
Derailments,2015:03:NS:114695,0,0,200,95267,0,0,0,NEW CASTLE,3/5/2015 0:00,18:30,2015,2015,"H306,H702,","NS,",1,"H3,H7,","H,",YARD,Delaware,39.666359,-75.753722,"Delaware
(39.666359, -75.753722)"
Other events,2013:09:ATK:129854,0,0,12000,17678,0,0,0,NEW CASTLE,9/11/2013 0:00,10:34,2013,2013,"T404,","ATK,",2,"T4,","T,",MAIN,Delaware,39.685277,-75.752728,"Delaware
(39.685277, -75.752728)"
Other events,2014:07:ATK:133615,0,0,3200,8264,0,0,0,NEW CASTLE,7/15/2014 0:00,15:00,2014,2014,"E78L,","ATK,",2,"E7,","E,",MAIN,Delaware,39.685492,-75.751526,"Delaware
(39.685492, -75.751526)"
Derailments,2013:09:MDDE:092313,0,0,150000,200000,4,0,0,CAROLINE,9/23/2013 0:00,24:05:00,2013,2013,"H607,H704,","MDDE,",1,"H6,H7,","H,",MAIN,Maryland,38.684906,-75.750217,"Maryland
(38.684906, -75.750217)"
Other events,2013:02:RBMN:L02021301,0,0,21531,0,0,0,0,CARBON,2/2/2013 0:00,1:30,2013,2013,"E66C,","NS,RBMN,",1,"E6,","E,",MAIN,Pennsylvania,40.944517,-75.746687,"Pennsylvania
(40.944517, -75.746687)"
Other events,2016:08:ATK:143723,0,0,13287,17914,0,0,0,CHESTER,8/9/2016 0:00,17:45,2016,2016,"T404,","ATK,",2,"T4,","T,",MAIN,Pennsylvania,40.000674,-75.715607,"Pennsylvania
(40.000674, -75.715607)"
Highway-rail impact,2014:09:RBMN:L0904401,0,0,578,11272,0,0,0,LACKAWANNA,9/4/2014 0:00,17:30,2014,2014,"M303,M304,","RBMN,",1,"M3,","M,",MAIN,Pennsylvania,41.406547,-75.704257,"Pennsylvania
(41.406547, -75.704257)"
Highway-rail impact,2014:05:NS:110625,0,0,42902,1551,0,0,0,BERKS,5/28/2014 0:00,17:13,2014,2014,"M304,","NS,",1,"M3,","M,",MAIN,Pennsylvania,40.504056,-75.702029,"Pennsylvania
(40.504056, -75.702029)"
Derailments,2015:02:ATK:136428,0,0,0,16688,0,0,0,NEW CASTLE,2/25/2015 0:00,1:50,2015,2015,"M101,","ATK,",7,"M1,","M,",YARD,Delaware,39.606035,-75.700307,"Delaware
(39.606035, -75.700307)"
Derailments,2014:01:NS:108731,0,0,468,24977,0,0,0,NEW CASTLE,1/24/2014 0:00,18:33,2014,2014,"H702,","NS,",1,"H7,","H,",YARD,Delaware,39.600449,-75.692352,"Delaware
(39.600449, -75.692352)"
Derailments,2014:07:NS:111273,0,0,7626,3932,6,0,0,NEW CASTLE,7/11/2014 0:00,3:30,2014,2014,"T205,","NS,",1,"T2,","T,",SIDING,Delaware,39.600449,-75.692352,"Delaware
(39.600449, -75.692352)"
Derailments,2013:08:NS:105906,0,0,6200,15850,0,0,0,MONTGOMERY,8/11/2013 0:00,14:45,2013,2013,"T207,","NS,",1,"T2,","T,",YARD,Pennsylvania,40.24657,-75.678289,"Pennsylvania
(40.24657, -75.678289)"
Derailments,2012:03:DL:120301,0,0,29325,5780,0,0,0,LACKAWANNA,3/14/2012 0:00,15:55,2012,2012,"T314,","DL,",7,"T3,","T,",YARD,Pennsylvania,41.410765,-75.673027,"Pennsylvania
(41.410765, -75.673027)"
Derailments,2013:02:DL:130201,0,0,17639,14131,0,0,0,LACKAWANNA,2/8/2013 0:00,15:40,2013,2013,"T319,T311,","DL,",7,"T3,","T,",YARD,Pennsylvania,41.409522,-75.672052,"Pennsylvania
(41.409522, -75.672052)"
Derailments,2014:11:DL:141102,0,0,62777,25000,0,0,0,LACKAWANNA,11/28/2014 0:00,11:00,2014,2015,"T110,T111,","DL,",1,"T1,","T,",SIDING,Pennsylvania,41.41539,-75.66366,"Pennsylvania
(41.41539, -75.66366)"
Derailments,2013:12:NS:108098,0,0,17027,0,0,0,0,MONTGOMERY,12/10/2013 0:00,16:05,2013,2014,"E23C,","NS,",1,"E2,","E,",MAIN,Pennsylvania,40.246154,-75.657023,"Pennsylvania
(40.246154, -75.657023)"
Derailments,2013:08:DL:130801,0,0,15074,15080,0,0,0,LACKAWANNA,8/15/2013 0:00,11:01,2013,2013,"M405,T222,","DL,",1,"M4,T2,","M,T,",MAIN,Pennsylvania,41.402,-75.636,"Pennsylvania
(41.402, -75.636)"
Other events,2011:05:ATK:119869,0,0,5500,49702,0,0,0,NEW CASTLE,5/25/2011 0:00,13:28,2011,2011,"T404,","ATK,",2,"T4,","T,",MAIN,Delaware,39.713724,-75.609371,"Delaware
(39.713724, -75.609371)"
Derailments,2012:12:NS:102678,0,0,25000,259701,0,0,0,SUSSEX,12/26/2012 0:00,9:37,2012,2013,"T207,","NS,",1,"T2,","T,",MAIN,Delaware,38.742314,-75.606187,"Delaware
(38.742314, -75.606187)"
Derailments,2012:08:ESPN:D0112,0,0,500,20500,0,0,0,CHESTER,8/6/2012 0:00,18:15,2012,2012,"H511,E41C,","ESPN,",1,"H5,E4,","H,E,",MAIN,Pennsylvania,39.837308,-75.596625,"Pennsylvania
(39.837308, -75.596625)"
Derailments,2011:12:ESPN:D0111,0,0,2000,52000,10,1,0,NEW CASTLE,12/9/2011 0:00,14:00,2011,2012,"T213,","ESPN,",1,"T2,","T,",MAIN,Delaware,39.79005,-75.588136,"Delaware
(39.79005, -75.588136)"
Derailments,2016:05:CSX:000159939,0,0,502,10387,0,0,0,NEW CASTLE,5/20/2016 0:00,7:20,2016,2016,"T110,","CSX,",7,"T1,","T,",SIDING,Delaware,39.733837,-75.578452,"Delaware
(39.733837, -75.578452)"
Derailments,2014:07:ATK:133491,0,0,7500,93277,0,0,0,NEW CASTLE,7/8/2014 0:00,21:40,2014,2014,"M405,","ATK,",7,"M4,","M,",YARD,Delaware,39.728511,-75.571132,"Delaware
(39.728511, -75.571132)"
Other events,2015:11:ATK:140059,0,0,3500,11524,0,0,0,NEW CASTLE,11/17/2015 0:00,8:50,2015,2016,"T404,","ATK,",2,"T4,","T,",MAIN,Delaware,39.733091,-75.566832,"Delaware
(39.733091, -75.566832)"
Other impacts,2016:06:CSX:000160226,0,0,989,39769,19,0,0,NEW CASTLE,6/1/2016 0:00,10:55,2016,2016,"H306,","CSX,",76,"H3,","H,",YARD,Delaware,39.758747,-75.561881,"Delaware
(39.758747, -75.561881)"
Other impacts,2016:07:CSX:000161547,0,0,0,69826,5,0,0,NEW CASTLE,7/22/2016 0:00,22:00,2016,2016,"H318,","CSX,",57,"H3,","H,",YARD,Delaware,39.759472,-75.560377,"Delaware
(39.759472, -75.560377)"
Derailments,2015:06:CSX:000148403,0,0,5240,108718,2,2,0,NEW CASTLE,6/25/2015 0:00,5:00,2015,2015,"M204,","CSX,",1,"M2,","M,",YARD,Delaware,39.759513,-75.560275,"Delaware
(39.759513, -75.560275)"
Other events,2013:07:ATK:129142,0,0,9500,47953,0,0,0,NEW CASTLE,7/23/2013 0:00,4:43,2013,2013,"M199,","ATK,",2,"M1,","M,",MAIN,Delaware,39.725211,-75.550768,"Delaware
(39.725211, -75.550768)"
Other events,2011:05:ATK:119920,0,0,2500,19851,0,0,0,NEW CASTLE,5/31/2011 0:00,11:35,2011,2011,"T404,","ATK,",2,"T4,","T,",MAIN,Delaware,39.745833,-75.546667,"Delaware
(39.745833, -75.546667)"
Derailments,2011:07:ATK:120483,0,0,2500,30290,0,0,0,NEW CASTLE,7/20/2011 0:00,16:25,2011,2011,"T112,","ATK,",8,"T1,","T,",YARD,Delaware,39.745833,-75.546667,"Delaware
(39.745833, -75.546667)"
Derailments,2012:12:ATK:126426,0,0,1460,10428,0,0,0,NEW CASTLE,12/11/2012 0:00,24:05:00,2012,2013,"T110,","ATK,",8,"T1,","T,",YARD,Delaware,39.745833,-75.546667,"Delaware
(39.745833, -75.546667)"
Derailments,2012:10:BCR:201201,0,0,25000,15000,0,0,0,WORCESTER,10/26/2012 0:00,8:10,2012,2013,"T211,","BCR,",1,"T2,","T,",MAIN,Maryland,38.001996,-75.54534,"Maryland
(38.001996, -75.54534)"
Other events,2016:08:ATK:143994,0,0,4396,18056,0,0,0,DELAWARE,8/22/2016 0:00,8:48,2016,2016,"E78L,","ATK,",2,"E7,","E,",MAIN,Pennsylvania,39.736227,-75.545001,"Pennsylvania
(39.736227, -75.545001)"
Other events,2013:11:ATK:130504,0,0,3600,27000,0,0,0,NEW CASTLE,11/1/2013 0:00,16:55,2013,2014,"T404,E78L,M599,","ATK,SEPA,",2,"T4,E7,M5,","T,E,M,",MAIN,Delaware,39.737422,-75.541177,"Delaware
(39.737422, -75.541177)"
Other events,2015:01:ATK:135995,0,0,3798,9630,0,0,0,NEW CASTLE,1/20/2015 0:00,5:17,2015,2015,"T404,","ATK,",2,"T4,","T,",MAIN,Delaware,39.740178,-75.536048,"Delaware
(39.740178, -75.536048)"
Derailments,2013:09:CP:238444,0,0,800,15211,2,0,0,BROOME,9/9/2013 0:00,1:10,2013,2013,"H704,","CP,",7,"H7,","H,",YARD,New York,42.05943,-75.51622,"New York
(42.05943, -75.51622)"
Derailments,2013:04:NS:104393,0,0,4500,31400,7,7,0,NEW CASTLE,4/24/2013 0:00,2:29,2013,2013,"H503,","NS,",1,"H5,","H,",YARD,Delaware,39.753214,-75.504967,"Delaware
(39.753214, -75.504967)"
Other events,2015:12:ATK:140753,0,0,23000,200,0,0,0,NEW CASTLE,12/11/2015 0:00,7:00,2015,2016,"H022,","ATK,NS,",5,"H0,","H,",INDUSTRY,Delaware,39.753214,-75.504967,"Delaware
(39.753214, -75.504967)"
Derailments,2012:06:ATK:125627,0,0,15000,2000,0,0,0,NEW CASTLE,6/20/2012 0:00,12:15,2012,2012,"H022,","ATK,",6,"H0,","H,",SIDING,Delaware,39.800669,-75.45964,"Delaware
(39.800669, -75.45964)"
Derailments,2013:09:NS:106201,0,0,8400,41300,0,0,0,LEHIGH,9/2/2013 0:00,4:00,2013,2013,"H507,","NS,",7,"H5,","H,",YARD,Pennsylvania,40.611937,-75.426702,"Pennsylvania
(40.611937, -75.426702)"
Other impacts,2013:09:NS:106289,0,0,335,15200,0,0,0,LEHIGH,9/8/2013 0:00,11:47,2013,2013,"M411,","NS,",7,"M4,","M,",YARD,Pennsylvania,40.611937,-75.426702,"Pennsylvania
(40.611937, -75.426702)"
Derailments,2014:05:NS:110659,0,0,2000,17791,0,0,0,LEHIGH,5/31/2014 0:00,1:30,2014,2014,"H506,","NS,",7,"H5,","H,",YARD,Pennsylvania,40.611937,-75.426702,"Pennsylvania
(40.611937, -75.426702)"
Other events,2014:08:NS:111682,0,0,11164,116,0,0,0,LEHIGH,8/11/2014 0:00,1:58,2014,2014,"H702,","NS,",7,"H7,","H,",YARD,Pennsylvania,40.611937,-75.426702,"Pennsylvania
(40.611937, -75.426702)"
Derailments,2014:11:NS:113218,0,0,1500,19000,0,0,0,LEHIGH,11/30/2014 0:00,12:12,2014,2015,"H018,","NS,",7,"H0,","H,",YARD,Pennsylvania,40.611937,-75.426702,"Pennsylvania
(40.611937, -75.426702)"
Other impacts,2015:06:NS:116267,0,0,750,21838,2,1,0,LEHIGH,6/26/2015 0:00,21:45,2015,2015,"H305,","NS,",71,"H3,","H,",YARD,Pennsylvania,40.611937,-75.426702,"Pennsylvania
(40.611937, -75.426702)"
Derailments,2015:06:NS:116283,0,0,13295,7703,0,0,0,LEHIGH,6/28/2015 0:00,1:55,2015,2015,"M201,","NS,",7,"M2,","M,",YARD,Pennsylvania,40.611937,-75.426702,"Pennsylvania
(40.611937, -75.426702)"
Derailments,2015:06:NS:116302,0,0,2500,35016,0,0,0,LEHIGH,6/29/2015 0:00,19:14,2015,2015,"M411,","NS,",7,"M4,","M,",YARD,Pennsylvania,40.611937,-75.426702,"Pennsylvania
(40.611937, -75.426702)"
Derailments,2015:11:NS:118326,0,0,500,50500,1,1,0,LEHIGH,11/23/2015 0:00,2:20,2015,2016,"T207,","NS,",7,"T2,","T,",YARD,Pennsylvania,40.611937,-75.426702,"Pennsylvania
(40.611937, -75.426702)"
Derailments,2015:12:NS:118658,0,0,33500,24700,0,0,0,LEHIGH,12/22/2015 0:00,11:45,2015,2016,"S011,","NS,",7,"S0,","S,",MAIN,Pennsylvania,40.611937,-75.426702,"Pennsylvania
(40.611937, -75.426702)"
Derailments,2016:04:NS:120304,0,0,2000,47850,0,0,0,LEHIGH,4/29/2016 0:00,12:54,2016,2016,"E85C,","NS,",7,"E8,","E,",YARD,Pennsylvania,40.611937,-75.426702,"Pennsylvania
(40.611937, -75.426702)"
Derailments,2012:12:NS:102399,0,0,750,16650,0,0,0,LEHIGH,12/4/2012 0:00,18:20,2012,2013,"E30C,","NS,",7,"E3,","E,",YARD,Pennsylvania,40.61354,-75.425464,"Pennsylvania
(40.61354, -75.425464)"
Derailments,2012:09:NS:101428,0,0,23000,28100,0,0,0,LEHIGH,9/16/2012 0:00,13:15,2012,2012,"E25C,","NS,",7,"E2,","E,",YARD,Pennsylvania,40.61354,-75.425434,"Pennsylvania
(40.61354, -75.425434)"
Derailments,2011:06:NS:095379,0,0,800,9200,0,0,0,LEHIGH,6/29/2011 0:00,1:00,2011,2011,"M411,","NS,",4,"M4,","M,",YARD,Pennsylvania,40.61354,-75.4254,"Pennsylvania
(40.61354, -75.4254)"
Derailments,2013:10:GCC:INDUSTRY,0,0,7500,11418,12,1,0,DELAWARE,10/23/2013 0:00,17:30,2013,2014,"H210,","CRSH,",7,"H2,","H,",INDUSTRY,Pennsylvania,39.817333,-75.422004,"Pennsylvania
(39.817333, -75.422004)"
Other events,2013:02:ATK:127159,0,0,9747,6000,0,0,0,DELAWARE,2/10/2013 0:00,16:50,2013,2013,"T404,E78L,","ATK,SEPA,",2,"T4,E7,","T,E,",MAIN,Pennsylvania,39.821666,-75.419444,"Pennsylvania
(39.821666, -75.419444)"
Other events,2013:04:SEPA:14047,0,0,14501,171,0,0,0,PHILADELPHIA,4/25/2013 0:00,6:35,2013,2013,"E78L,","SEPA,",2,"E7,","E,",MAIN,Pennsylvania,39.821666,-75.41944,"Pennsylvania
(39.821666, -75.41944)"
Derailments,2012:12:CRSH:102721,0,0,2000,9519,0,0,0,DELAWARE,12/27/2012 0:00,20:00,2012,2013,"T110,","CRSH,",7,"T1,","T,",INDUSTRY,Pennsylvania,39.817603,-75.419303,"Pennsylvania
(39.817603, -75.419303)"
Raking collision,2015:11:SULQ:INDUSTRY,0,0,1000,10762,26,0,0,DELAWARE,11/20/2015 0:00,13:30,2015,2016,"H306,","CRSH,",76,"H3,","H,",INDUSTRY,Pennsylvania,39.812433,-75.413624,"Pennsylvania
(39.812433, -75.413624)"
Other events,2015:05:SEPA:18360,0,0,8287,2200,0,0,0,DELAWARE,5/19/2015 0:00,16:18,2015,2015,"T404,","SEPA,",2,"T4,","T,",MAIN,Pennsylvania,39.9078,-75.4112,"Pennsylvania
(39.9078, -75.4112)"
Other impacts,2015:06:NS:115966,0,0,100,29100,0,0,0,DELAWARE,6/5/2015 0:00,13:00,2015,2015,"H312,","NS,",1,"H3,","H,",YARD,Pennsylvania,39.827822,-75.405682,"Pennsylvania
(39.827822, -75.405682)"
Other events,2015:07:ATK:138090,0,0,17885,5272,0,0,0,DELAWARE,7/1/2015 0:00,5:20,2015,2015,"M404,","ATK,SEPA,",2,"M4,","M,",MAIN,Pennsylvania,40.049694,-75.403783,"Pennsylvania
(40.049694, -75.403783)"
Derailments,2014:09:ZSUI:INDUSTRY,0,0,0,34159,12,1,0,DELAWARE,9/13/2014 0:00,2:00,2014,2014,"H306,","CRSH,",15,"H3,","H,",INDUSTRY,Pennsylvania,39.833508,-75.403547,"Pennsylvania
(39.833508, -75.403547)"
Derailments,2015:11:NS:118190,0,0,0,64009,6,6,0,MONTGOMERY,11/13/2015 0:00,5:00,2015,2016,"H702,","NS,",7,"H7,","H,",YARD,Pennsylvania,40.115086,-75.395279,"Pennsylvania
(40.115086, -75.395279)"
Derailments,2016:06:NS:120914,0,0,0,14825,0,0,0,MONTGOMERY,6/17/2016 0:00,8:45,2016,2016,"T313,","NS,",1,"T3,","T,",YARD,Pennsylvania,40.115086,-75.395279,"Pennsylvania
(40.115086, -75.395279)"
Derailments,2011:06:CSX:000090283,0,0,96000,43853,14,1,0,ONEIDA,6/8/2011 0:00,14:45,2011,2011,"T109,","CSX,",1,"T1,","T,",MAIN,New York,43.191332,-75.389685,"New York
(43.191332, -75.389685)"
Derailments,2016:04:LVRX:160401,0,0,20000,3850,0,0,0,NORTHAMPTON,4/9/2016 0:00,21:40,2016,2016,"M405,T314,","LVRX,NS,",1,"M4,T3,","M,T,",YARD,Pennsylvania,40.614391,-75.378473,"Pennsylvania
(40.614391, -75.378473)"
Other impacts,2012:06:WWRC:6172012,0,0,40000,6000,0,0,0,NEW CASTLE,6/17/2012 0:00,16:45,2012,2012,"H210,","WWRC,",7,"H2,","H,",YARD,Delaware,39.43782,-75.3768,"Delaware
(39.43782, -75.3768)"
Other events,2015:08:ATK:138884,0,0,14235,11127,0,0,0,DELAWARE,8/22/2015 0:00,6:03,2015,2015,"E78L,","ATK,SEPA,",2,"E7,","E,",MAIN,Pennsylvania,39.842072,-75.375609,"Pennsylvania
(39.842072, -75.375609)"
Other events,2015:02:SEPA:17514,0,0,0,10500,0,0,0,DELAWARE,2/15/2015 0:00,16:37,2015,2015,"M404,","SEPA,",2,"M4,","M,",MAIN,Pennsylvania,39.84985,-75.374729,"Pennsylvania
(39.84985, -75.374729)"
Obstruction impact,2013:05:SEPA:14075,0,0,7445,14783,0,0,0,DELAWARE,5/1/2013 0:00,2:09,2013,2013,"M406,","SEPA,",2,"M4,","M,",MAIN,Pennsylvania,39.903611,-75.371944,"Pennsylvania
(39.903611, -75.371944)"
Other impacts,2014:08:PBNE:8012014,0,0,0,500,0,0,0,NORTHAMPTON,8/1/2014 0:00,22:15,2014,2014,"H302,","NS,",16,"H3,","H,",MAIN,Pennsylvania,40.615678,-75.37116,"Pennsylvania
(40.615678, -75.37116)"