AccidentType,inckey,Fatalities,Injuries,TrackDamage,EquipmentDamage,HazmatCars,HazmatCarsDerailed,HazmatCarsReleasing,County,DisplayDate,DisplayTime,calendar,Fiscal,AccidentCause,RailroadCodes,RAILEQUIPMENT_TYPE,CauseGroup,CauseDiscipline,TYPE_OF_TRACK,StateName,latitude,longitude,GeoLocation
Derailments,2012:06:MDDE:062112,0,0,32558,2970,0,0,0,WORCESTER,6/21/2012 0:00,11:00,2012,2012,"T109,T110,","MDDE,",1,"T1,","T,",MAIN,Maryland,38.193942,-75.364666,"Maryland
(38.193942, -75.364666)"
Broken train collision,2013:03:LVRX:130301,0,0,4000,30000,0,0,0,NORTHAMPTON,3/14/2013 0:00,1:30,2013,2013,"H310,","LVRX,",6,"H3,","H,",YARD,Pennsylvania,40.617333,-75.3601,"Pennsylvania
(40.617333, -75.3601)"
Obstruction impact,2016:04:ATK:141786,2,99,497313,3298301,0,0,0,DELAWARE,4/3/2016 0:00,7:50,2016,2016,"M505,","ATK,",NA,"M5,","M,",MAIN,Pennsylvania,39.853872,-75.348281,"Pennsylvania
(39.853872, -75.348281)"
Fire/violent rupture,2013:10:SEPA:14745,0,0,0,10000,0,0,0,MONTGOMERY,10/18/2013 0:00,2:09,2013,2014,"M406,","SEPA,",2,"M4,","M,",MAIN,Pennsylvania,40.127287,-75.347457,"Pennsylvania
(40.127287, -75.347457)"
Derailments,2011:12:CSX:000098787,0,0,2500,100690,6,0,0,DELAWARE,12/17/2011 0:00,23:05,2011,2012,"E33C,","CSX,",1,"E3,","E,",MAIN,Pennsylvania,39.86575,-75.347454,"Pennsylvania
(39.86575, -75.347454)"
Derailments,2011:06:MDDE:062211,0,0,29135,7924,0,0,0,WORCESTER,6/22/2011 0:00,14:56,2011,2011,"T109,","MDDE,",1,"T1,","T,",MAIN,Maryland,38.20997,-75.34484,"Maryland
(38.20997, -75.34484)"
Fire/violent rupture,2015:02:ATK:137028,0,0,0,14319,0,0,0,MONTGOMERY,2/7/2015 0:00,11:01,2015,2015,"E74L,","ATK,SEPA,",2,"E7,","E,",MAIN,Pennsylvania,40.038366,-75.341126,"Pennsylvania
(40.038366, -75.341126)"
Derailments,2011:06:LVRX:110601,0,0,22000,8600,0,0,0,NORTHAMPTON,6/25/2011 0:00,10:15,2011,2011,"T110,T001,","LVRX,",7,"T1,T0,","T,",YARD,Pennsylvania,40.615381,-75.3363,"Pennsylvania
(40.615381, -75.3363)"
Highway-rail impact,2016:02:SEPA:20480,0,2,0,9928,0,0,0,MONTGOMERY,2/3/2016 0:00,6:20,2016,2016,"M302,","SEPA,",2,"M3,","M,",MAIN,Pennsylvania,40.124434,-75.33019,"Pennsylvania
(40.124434, -75.33019)"
Derailments,2014:10:CRSH:112653,0,0,1550,10501,2,2,0,DELAWARE,10/17/2014 0:00,6:27,2014,2015,"T319,T313,","CRSH,NS,",1,"T3,","T,",INDUSTRY,Pennsylvania,39.864888,-75.315523,"Pennsylvania
(39.864888, -75.315523)"
Derailments,2013:07:NS:105504,0,1,31500,220500,0,0,0,SUSSEX,7/14/2013 0:00,3:53,2013,2013,"M404,","NS,",1,"M4,","M,",MAIN,Delaware,38.60587,-75.311175,"Delaware
(38.60587, -75.311175)"
Derailments,2016:04:PN:4121601,0,0,79000,7000,52,2,0,MONTGOMERY,4/12/2016 0:00,15:35,2016,2016,"H521,","PN,",7,"H5,","H,",SIDING,Pennsylvania,40.288858,-75.298287,"Pennsylvania
(40.288858, -75.298287)"
Other events,2015:02:ATK:136161,0,0,3968,9502,0,0,0,DELAWARE,2/3/2015 0:00,16:45,2015,2015,"E77L,","ATK,",2,"E7,","E,",MAIN,Pennsylvania,39.893555,-75.296474,"Pennsylvania
(39.893555, -75.296474)"
Other events,2011:10:ATK:121515,0,0,12396,64753,0,0,0,DELAWARE,10/19/2011 0:00,10:14,2011,2012,"T404,","ATK,",2,"T4,","T,",MAIN,Pennsylvania,39.906502,-75.271573,"Pennsylvania
(39.906502, -75.271573)"
Obstruction impact,2016:03:ATK:141549,0,0,5932,8278,0,0,0,MONTGOMERY,3/10/2016 0:00,16:50,2016,2016,"E78L,","ATK,",NA,"E7,","E,",MAIN,Pennsylvania,40.003005,-75.271553,"Pennsylvania
(40.003005, -75.271553)"
Other impacts,2015:04:SEPA:18099,0,0,3635,22500,0,0,0,MONTGOMERY,4/20/2015 0:00,8:04,2015,2015,"M101,","SEPA,",NA,"M1,","M,",MAIN,Pennsylvania,40.184722,-75.256944,"Pennsylvania
(40.184722, -75.256944)"
Derailments,2012:10:XOXY:INDUSTRY,0,0,16950,232,0,0,0,SALEM,10/19/2012 0:00,21:35,2012,2013,"H306,","CRSH,",1,"H3,","H,",INDUSTRY,New Jersey,39.460588,-75.252337,"New Jersey
(39.460588, -75.252337)"
Derailments,2015:02:ZVLQ:INDUSTRY,0,0,1600,11872,7,0,0,GLOUCESTER,2/14/2015 0:00,2:00,2015,2015,"H308,","CRSH,",1,"H3,","H,",INDUSTRY,New Jersey,39.834081,-75.248139,"New Jersey
(39.834081, -75.248139)"
Raking collision,2012:01:CRSH:097518,0,0,0,11845,0,0,0,GLOUCESTER,1/6/2012 0:00,1:30,2012,2012,"H302,","CRSH,",7,"H3,","H,",YARD,New Jersey,39.834183,-75.24784,"New Jersey
(39.834183, -75.24784)"
Derailments,2011:09:CRSH:096201,0,0,200,15342,0,0,0,GLOUCESTER,9/4/2011 0:00,11:02,2011,2011,"H601,","CRSH,",7,"H6,","H,",YARD,New Jersey,39.833655,-75.246432,"New Jersey
(39.833655, -75.246432)"
Other events,2013:01:ATK:126902,0,0,12062,3096,0,0,0,PHILADELPHIA,1/23/2013 0:00,12:18,2013,2013,"T404,","ATK,",2,"T4,","T,",MAIN,Pennsylvania,39.985374,-75.24519,"Pennsylvania
(39.985374, -75.24519)"
Other events,2015:02:ATK:136178,0,0,36569,0,0,0,0,PHILADELPHIA,2/2/2015 0:00,19:45,2015,2015,"T499,","ATK,",NA,"T4,","T,",MAIN,Pennsylvania,39.900486,-75.236993,"Pennsylvania
(39.900486, -75.236993)"
Derailments,2012:11:CRSH:102363,0,385,63000,389654,51,5,1,GLOUCESTER,11/30/2012 0:00,7:05,2012,2013,"T401,","CRSH,",1,"T4,","T,",MAIN,New Jersey,39.83458,-75.236698,"New Jersey
(39.83458, -75.236698)"
Derailments,2011:09:ATK:121219,0,0,0,13800,0,0,0,PHILADELPHIA,9/23/2011 0:00,17:45,2011,2011,"H303,","ATK,",8,"H3,","H,",YARD,Pennsylvania,39.964504,-75.235525,"Pennsylvania
(39.964504, -75.235525)"
Derailments,2012:02:MDDE:020712,0,0,46800,8916,0,0,0,SUSSEX,2/7/2012 0:00,7:39,2012,2012,"T110,","MDDE,",1,"T1,","T,",MAIN,Delaware,38.471818,-75.229461,"Delaware
(38.471818, -75.229461)"
Other events,2014:04:SEPA:15633,0,0,0,30000,0,0,0,PHILADELPHIA,4/29/2014 0:00,18:00,2014,2014,"M406,","SEPA,",2,"M4,","M,",MAIN,Pennsylvania,39.944869,-75.228684,"Pennsylvania
(39.944869, -75.228684)"
Other events,2015:02:SEPA:17566,0,0,0,14288,0,0,0,PHILADELPHIA,2/17/2015 0:00,20:33,2015,2015,"M406,","SEPA,",2,"M4,","M,",MAIN,Pennsylvania,40.0269,-75.2253,"Pennsylvania
(40.0269, -75.2253)"
Derailments,2015:07:NYSW:150721B,0,0,5000,17742,0,0,0,ONEIDA,7/21/2015 0:00,17:36,2015,2015,"M502,","NYSW,",5,"M5,","M,",YARD,New York,43.104772,-75.223338,"New York
(43.104772, -75.223338)"
Derailments,2014:07:DL:140702,0,0,14369,80000,0,0,0,MONROE,7/21/2014 0:00,7:35,2014,2014,"M502,T299,","DL,",5,"M5,T2,","M,T,",MAIN,Pennsylvania,41.053,-75.222,"Pennsylvania
(41.053, -75.222)"
Derailments,2014:06:LVRX:140601,0,0,50000,30000,0,0,0,NORTHAMPTON,6/24/2014 0:00,9:15,2014,2014,"T110,","LVRX,",7,"T1,","T,",YARD,Pennsylvania,40.365628,-75.220101,"Pennsylvania
(40.365628, -75.220101)"
Derailments,2014:08:LVRX:140801,0,0,5000,15000,1,1,0,NORTHAMPTON,8/8/2014 0:00,13:30,2014,2014,"H503,H504,","LVRX,",7,"H5,","H,",YARD,Pennsylvania,40.365996,-75.213476,"Pennsylvania
(40.365996, -75.213476)"
Derailments,2012:02:DH:230306,0,0,210000,3949,0,0,0,OTSEGO,2/7/2012 0:00,14:10,2012,2012,"E53C,","DH,",1,"E5,","E,",MAIN,New York,42.374686,-75.212636,"New York
(42.374686, -75.212636)"
Other events,2012:09:SEPA:13251,0,0,8376,1200,0,0,0,MONTGOMERY,9/29/2012 0:00,20:19,2012,2012,"T222,","SEPA,",2,"T2,","T,",MAIN,Pennsylvania,40.288439,-75.209062,"Pennsylvania
(40.288439, -75.209062)"
Derailments,2014:02:SEPA:15306,0,1,8500,37781,0,0,0,PHILADELPHIA,2/14/2014 0:00,8:06,2014,2014,"H025,M101,","SEPA,",2,"H0,M1,","H,M,",MAIN,Pennsylvania,40.0762,-75.2084,"Pennsylvania
(40.0762, -75.2084)"
Other impacts,2014:02:SEPA:15305,0,0,8500,7500,0,0,0,PHILADELPHIA,2/14/2014 0:00,7:50,2014,2014,"H025,M101,","SEPA,",2,"H0,M1,","H,M,",MAIN,Pennsylvania,40.081,-75.2079,"Pennsylvania
(40.081, -75.2079)"
Other impacts,2014:04:CSX:000128509,0,0,0,26805,45,0,0,PHILADELPHIA,4/12/2014 0:00,9:15,2014,2014,"E08C,","CSX,",65,"E0,","E,",YARD,Pennsylvania,39.931873,-75.205245,"Pennsylvania
(39.931873, -75.205245)"
Other events,2014:04:SEPA:15525,0,0,10000,25955,0,0,0,PHILADELPHIA,4/3/2014 0:00,8:18,2014,2014,"M599,","SEPA,",2,"M5,","M,",MAIN,Pennsylvania,40.080958,-75.200652,"Pennsylvania
(40.080958, -75.200652)"
Highway-rail impact,2015:11:NS:118087,0,0,18360,632,0,0,0,NORTHAMPTON,11/5/2015 0:00,15:46,2015,2016,"M302,","NS,",1,"M3,","M,",MAIN,Pennsylvania,40.877526,-75.195931,"Pennsylvania
(40.877526, -75.195931)"
Derailments,2012:02:DL:120201,0,0,22051,500,0,0,0,MONROE,2/10/2012 0:00,24:35:00,2012,2012,"T499,","DL,",7,"T4,","T,",INDUSTRY,Pennsylvania,41.02063,-75.195257,"Pennsylvania
(41.02063, -75.195257)"
Other events,2014:11:ATK:135165,0,0,11600,0,0,0,0,PHILADELPHIA,11/7/2014 0:00,12:15,2014,2015,"H702,","ATK,",NA,"H7,","H,",YARD,Pennsylvania,39.968405,-75.195172,"Pennsylvania
(39.968405, -75.195172)"
Other events,2015:09:ATK:139182,0,0,3513,8278,0,0,0,PHILADELPHIA,9/11/2015 0:00,5:43,2015,2015,"E78L,","ATK,",2,"E7,","E,",MAIN,Pennsylvania,39.968323,-75.194979,"Pennsylvania
(39.968323, -75.194979)"
Derailments,2014:01:CSX:000124991,0,0,49000,124855,99,6,0,PHILADELPHIA,1/19/2014 0:00,23:56,2014,2014,"H993,","CSX,",1,"H9,","H,",MAIN,Pennsylvania,39.944092,-75.192748,"Pennsylvania
(39.944092, -75.192748)"
Other events,2014:01:ATK:131204,0,0,34792,17496,0,0,0,PHILADELPHIA,1/6/2014 0:00,18:00,2014,2014,"T404,","ATK,",2,"T4,","T,",MAIN,Pennsylvania,39.946809,-75.19146,"Pennsylvania
(39.946809, -75.19146)"
Derailments,2014:07:CSX:000132227,0,0,2500,8517,1,0,0,PHILADELPHIA,7/16/2014 0:00,24:35:00,2014,2014,"E24C,","CSX,",1,"E2,","E,",MAIN,Pennsylvania,39.977347,-75.18956,"Pennsylvania
(39.977347, -75.18956)"
Derailments,2016:04:ZPHN:INDUSTRY,0,0,5000,10448,1,1,0,PHILADELPHIA,4/13/2016 0:00,1:35,2016,2016,"H307,","CRSH,",7,"H3,","H,",INDUSTRY,Pennsylvania,39.921756,-75.188115,"Pennsylvania
(39.921756, -75.188115)"
Derailments,2016:02:ATK:141333,0,0,0,24548,0,0,0,PHILADELPHIA,2/23/2016 0:00,22:05,2016,2016,"H303,","ATK,",8,"H3,","H,",MAIN,Pennsylvania,39.965529,-75.187524,"Pennsylvania
(39.965529, -75.187524)"
Derailments,2014:03:ATK:132092,0,0,1200,31958,0,0,0,PHILADELPHIA,3/18/2014 0:00,18:45,2014,2014,"E69L,","ATK,",8,"E6,","E,",YARD,Pennsylvania,39.958997,-75.186396,"Pennsylvania
(39.958997, -75.186396)"
Derailments,2012:09:SEPA:13242,0,0,2993,123000,0,0,0,PHILADELPHIA,9/27/2012 0:00,9:40,2012,2012,"T222,","SEPA,",2,"T2,","T,",YARD,Pennsylvania,39.954312,-75.18528,"Pennsylvania
(39.954312, -75.18528)"
Derailments,2015:06:ATK:137928,0,0,3200,8700,0,0,0,PHILADELPHIA,6/19/2015 0:00,2:06,2015,2015,"H702,","ATK,",1,"H7,","H,",YARD,Pennsylvania,39.957106,-75.184915,"Pennsylvania
(39.957106, -75.184915)"
Other events,2015:10:ATK:139647,0,0,1889,12270,0,0,0,PHILADELPHIA,10/16/2015 0:00,20:40,2015,2016,"T404,","ATK,",2,"T4,","T,",MAIN,Pennsylvania,39.962782,-75.184263,"Pennsylvania
(39.962782, -75.184263)"
Side collision,2012:08:SEPA:13123,0,0,0,200000,0,0,0,PHILADELPHIA,8/27/2012 0:00,24:19:00,2012,2012,"H307,H302,","SEPA,",2,"H3,","H,",YARD,Pennsylvania,39.956497,-75.183949,"Pennsylvania
(39.956497, -75.183949)"
Derailments,2015:02:ATK:136487,0,0,0,31300,0,0,0,PHILADELPHIA,2/27/2015 0:00,15:40,2015,2015,"M101,","ATK,",8,"M1,","M,",YARD,Pennsylvania,39.957024,-75.183434,"Pennsylvania
(39.957024, -75.183434)"
Other events,2014:06:ATK:134646,0,0,0,13029,0,0,0,PHILADELPHIA,6/4/2014 0:00,11:55,2014,2014,"H599,","ATK,NJTR,",7,"H5,","H,",MAIN,Pennsylvania,39.856909,-75.183349,"Pennsylvania
(39.856909, -75.183349)"
Derailments,2016:03:ATK:141700,0,0,5800,16082,0,0,0,PHILADELPHIA,3/29/2016 0:00,12:15,2016,2016,"T314,","ATK,",7,"T3,","T,",YARD,Pennsylvania,39.95722,-75.183104,"Pennsylvania
(39.95722, -75.183104)"
Other events,2014:09:ATK:134288,0,0,5377,20000,0,0,0,PHILADELPHIA,9/1/2014 0:00,21:43,2014,2014,"E78L,","ATK,",2,"E7,","E,",MAIN,Pennsylvania,39.956637,-75.18263,"Pennsylvania
(39.956637, -75.18263)"
Fire/violent rupture,2014:05:SEPA:15711,0,0,0,18000,0,0,0,PHILADELPHIA,5/14/2014 0:00,15:55,2014,2014,"E74L,M406,","SEPA,",2,"E7,M4,","E,M,",MAIN,Pennsylvania,39.955822,-75.1824,"Pennsylvania
(39.955822, -75.1824)"
Other events,2013:11:SEPA:14900,0,0,4222,13000,0,0,0,PHILADELPHIA,11/26/2013 0:00,6:03,2013,2014,"E99L,","SEPA,",2,"E9,","E,",MAIN,Pennsylvania,39.956448,-75.181739,"Pennsylvania
(39.956448, -75.181739)"
Other impacts,2015:10:CSX:000153698,0,0,106,11211,0,0,0,PHILADELPHIA,10/28/2015 0:00,9:31,2015,2016,"H018,","CSX,",16,"H0,","H,",YARD,Pennsylvania,39.898268,-75.17376,"Pennsylvania
(39.898268, -75.17376)"
Derailments,2015:01:CSQZ:INDUSTRY,0,0,2000,38722,109,11,0,PHILADELPHIA,1/31/2015 0:00,1:40,2015,2015,"T221,","CSX,",7,"T2,","T,",INDUSTRY,Pennsylvania,39.898261,-75.167681,"Pennsylvania
(39.898261, -75.167681)"
Derailments,2012:01:CSX:000099878,0,0,0,49500,0,0,0,PHILADELPHIA,1/21/2012 0:00,9:54,2012,2012,"H601,","CSX,",8,"H6,","H,",YARD,Pennsylvania,39.898852,-75.167386,"Pennsylvania
(39.898852, -75.167386)"
Derailments,2013:03:CSX:000114225,0,0,5000,82604,6,2,0,PHILADELPHIA,3/24/2013 0:00,10:40,2013,2013,"T311,","CSX,",1,"T3,","T,",YARD,Pennsylvania,39.898852,-75.167386,"Pennsylvania
(39.898852, -75.167386)"
Derailments,2013:07:CSX:000118481,0,0,0,40890,0,0,0,PHILADELPHIA,7/16/2013 0:00,21:25,2013,2013,"H018,","CSX,",75,"H0,","H,",YARD,Pennsylvania,39.898852,-75.167386,"Pennsylvania
(39.898852, -75.167386)"
Side collision,2014:01:CSX:000124404,0,1,0,49652,25,1,0,PHILADELPHIA,1/4/2014 0:00,10:30,2014,2014,"H307,H999,","CRSH,CSX,",771,"H3,H9,H3,H9,","H,",YARD,Pennsylvania,39.898852,-75.167386,"Pennsylvania
(39.898852, -75.167386)"
Other impacts,2015:08:CSX:000151446,0,0,0,21944,1,0,0,PHILADELPHIA,8/30/2015 0:00,4:30,2015,2015,"H318,","CSX,",76,"H3,","H,",YARD,Pennsylvania,39.898852,-75.167386,"Pennsylvania
(39.898852, -75.167386)"
Other events,2014:04:ATK:132494,0,0,0,90361,0,0,0,PHILADELPHIA,4/18/2014 0:00,22:07,2014,2014,"M503,","ATK,",2,"M5,","M,",MAIN,Pennsylvania,39.993709,-75.164015,"Pennsylvania
(39.993709, -75.164015)"
Derailments,2011:12:NS:097490,0,0,0,32520,0,0,0,PHILADELPHIA,12/20/2011 0:00,23:30,2011,2012,"H513,H503,","CRSH,CSX,NS,",1,"H5,","H,",MAIN,Pennsylvania,40.005946,-75.163808,"Pennsylvania
(40.005946, -75.163808)"
Other events,2011:08:ATK:120659,0,0,6900,3100,0,0,0,PHILADELPHIA,8/2/2011 0:00,15:32,2011,2011,"T404,","ATK,",2,"T4,","T,",MAIN,Pennsylvania,39.952335,-75.163789,"Pennsylvania
(39.952335, -75.163789)"
Other events,2012:01:ATK:122271,0,0,8179,3423,0,0,0,PHILADELPHIA,1/3/2012 0:00,20:05,2012,2012,"T404,","ATK,",2,"T4,","T,",MAIN,Pennsylvania,39.952335,-75.163789,"Pennsylvania
(39.952335, -75.163789)"
Derailments,2013:11:CSX:000122834,0,0,0,12273,0,0,0,PHILADELPHIA,11/15/2013 0:00,3:25,2013,2014,"H505,","CSX,",1,"H5,","H,",MAIN,Pennsylvania,40.014926,-75.160196,"Pennsylvania
(40.014926, -75.160196)"
Derailments,2016:07:ATK:143247,0,0,1000,36955,0,0,0,PHILADELPHIA,7/5/2016 0:00,22:43,2016,2016,"H702,","ATK,",7,"H7,","H,",YARD,Pennsylvania,39.995808,-75.158908,"Pennsylvania
(39.995808, -75.158908)"
Derailments,2014:07:ATK:133858,0,0,8500,6466,0,0,0,PHILADELPHIA,7/31/2014 0:00,4:35,2014,2014,"T311,","ATK,",9,"T3,","T,",YARD,Pennsylvania,40.026776,-75.157084,"Pennsylvania
(40.026776, -75.157084)"
Derailments,2016:04:ATK:142185,0,0,11500,49200,0,0,0,PHILADELPHIA,4/30/2016 0:00,22:08,2016,2016,"T311,","ATK,",NA,"T3,","T,",YARD,Pennsylvania,39.997357,-75.154698,"Pennsylvania
(39.997357, -75.154698)"
Other events,2012:09:SEPA:13203,0,0,17761,8465,0,0,0,MONTGOMERY,9/17/2012 0:00,7:14,2012,2012,"E78L,","SEPA,",2,"E7,","E,",MAIN,Pennsylvania,40.101445,-75.153737,"Pennsylvania
(40.101445, -75.153737)"
Derailments,2011:12:ATK:122121,0,0,9857,60000,0,0,0,PHILADELPHIA,12/13/2011 0:00,17:43,2011,2012,"E69L,T223,E79L,","ATK,SEPA,",2,"E6,T2,E7,","E,T,E,",MAIN,Pennsylvania,39.952335,-75.150604,"Pennsylvania
(39.952335, -75.150604)"
Other impacts,2011:09:SEPA:11421,0,1,9725,5000,0,0,0,PHILADELPHIA,9/16/2011 0:00,22:08,2011,2011,"H199,","SEPA,",2,"H1,","H,",MAIN,Pennsylvania,39.965386,-75.150604,"Pennsylvania
(39.965386, -75.150604)"
Other events,2013:10:SEPA:14794,0,0,12667,10000,0,0,0,PHILADELPHIA,10/31/2013 0:00,18:30,2013,2014,"M406,","SEPA,",2,"M4,","M,",MAIN,Pennsylvania,39.981297,-75.149317,"Pennsylvania
(39.981297, -75.149317)"
Derailments,2012:03:SEPA:12494,0,8,27857,85000,0,0,0,PHILADELPHIA,3/23/2012 0:00,10:03,2012,2012,"T399,","SEPA,",2,"T3,","T,",MAIN,Pennsylvania,39.945016,-75.148544,"Pennsylvania
(39.945016, -75.148544)"
Other events,2011:03:SEPA:10301,0,0,13120,5500,0,0,0,MONTGOMERY,3/25/2011 0:00,5:39,2011,2011,"E78L,","SEPA,",2,"E7,","E,",MAIN,Pennsylvania,39.938541,-75.145881,"Pennsylvania
(39.938541, -75.145881)"
Obstruction impact,2012:03:SEPA:12401,0,0,15892,20000,0,0,0,PHILADELPHIA,3/1/2012 0:00,4:26,2012,2012,"M599,","SEPA,",2,"M5,","M,",MAIN,Pennsylvania,39.943963,-75.145111,"Pennsylvania
(39.943963, -75.145111)"
Other events,2011:07:SEPA:10922,0,0,10362,13351,0,0,0,PHILADELPHIA,7/2/2011 0:00,20:04,2011,2011,"E78L,","SEPA,",2,"E7,","E,",MAIN,Pennsylvania,39.946552,-75.144748,"Pennsylvania
(39.946552, -75.144748)"
Other events,2016:06:ATK:142778,0,0,4482,22631,0,0,0,PHILADELPHIA,6/8/2016 0:00,11:56,2016,2016,"T404,M105,","ATK,",2,"T4,M1,","T,M,",MAIN,Pennsylvania,40.001663,-75.143079,"Pennsylvania
(40.001663, -75.143079)"
Raking collision,2014:11:CRSH:112999,0,0,20500,10000,20,0,0,PHILADELPHIA,11/12/2014 0:00,21:10,2014,2015,"H996,","ATK,CRSH,",1,"H9,","H,",YARD,Pennsylvania,40.002142,-75.142557,"Pennsylvania
(40.002142, -75.142557)"
Raking collision,2015:10:CRSH:117833,0,0,1000,124377,94,1,0,PHILADELPHIA,10/18/2015 0:00,12:00,2015,2016,"H306,","CRSH,",16,"H3,","H,",YARD,Pennsylvania,39.902887,-75.139811,"Pennsylvania
(39.902887, -75.139811)"
Other events,2012:12:SNJX:12102012,0,0,0,11773,0,0,0,CAMDEN,12/10/2012 0:00,8:48,2012,2013,"M599,","SNJX,",NA,"M5,","M,",MAIN,New Jersey,39.940944,-75.128473,"New Jersey
(39.940944, -75.128473)"
Other events,2013:06:SNJX:06262013,0,0,0,11458,0,0,0,CAMDEN,6/26/2013 0:00,20:24,2013,2013,"M599,","SNJX,",NA,"M5,","M,",MAIN,New Jersey,39.940409,-75.128116,"New Jersey
(39.940409, -75.128116)"
Other events,2011:12:SNJX:12052011,0,0,0,16753,0,0,0,CAMDEN,12/5/2011 0:00,16:05,2011,2012,"M599,","SNJX,",NA,"M5,","M,",MAIN,New Jersey,39.947713,-75.12537,"New Jersey
(39.947713, -75.12537)"
Derailments,2016:06:DL:160602,0,0,27545,10000,0,0,0,NORTHAMPTON,6/28/2016 0:00,16:15,2016,2016,"T312,T319,","DL,",1,"T3,","T,",YARD,Pennsylvania,40.951166,-75.117098,"Pennsylvania
(40.951166, -75.117098)"
Derailments,2014:04:DL:140402,0,0,53460,15000,1,1,0,NORTHAMPTON,4/12/2014 0:00,16:40,2014,2014,"T112,T110,","DL,",7,"T1,","T,",YARD,Pennsylvania,40.947,-75.113,"Pennsylvania
(40.947, -75.113)"
Derailments,2013:01:CRSH:102860,0,0,800,11296,0,0,0,PHILADELPHIA,1/4/2013 0:00,21:00,2013,2013,"T110,","CRSH,",1,"T1,","T,",MAIN,Pennsylvania,39.979578,-75.107164,"Pennsylvania
(39.979578, -75.107164)"
Derailments,2012:06:CRSH:100214,0,0,15000,6257,0,0,0,CAMDEN,6/21/2012 0:00,13:03,2012,2012,"H602,","CRSH,",7,"H6,","H,",YARD,New Jersey,39.949117,-75.100697,"New Jersey
(39.949117, -75.100697)"
Derailments,2014:05:CRSH:110522,0,0,1200,13887,0,0,0,CAMDEN,5/19/2014 0:00,3:15,2014,2014,"H704,","CRSH,",7,"H7,","H,",YARD,New Jersey,39.949173,-75.10064,"New Jersey
(39.949173, -75.10064)"
Derailments,2014:09:CRSH:112174,0,0,1200,11389,0,0,0,CAMDEN,9/13/2014 0:00,1:12,2014,2014,"H306,","CRSH,",7,"H3,","H,",YARD,New Jersey,39.949173,-75.10064,"New Jersey
(39.949173, -75.10064)"
Derailments,2015:02:CRSH:114267,0,0,300,37806,0,0,0,CAMDEN,2/7/2015 0:00,20:00,2015,2015,"H601,","CRSH,",7,"H6,","H,",YARD,New Jersey,39.949173,-75.10064,"New Jersey
(39.949173, -75.10064)"
Derailments,2015:06:CRSH:116288,0,0,0,79262,0,0,0,CAMDEN,6/28/2015 0:00,11:00,2015,2015,"H312,","CRSH,",7,"H3,","H,",YARD,New Jersey,39.949173,-75.10064,"New Jersey
(39.949173, -75.10064)"
Derailments,2015:12:CRSH:118760,0,0,3000,7901,0,0,0,CAMDEN,12/31/2015 0:00,12:30,2015,2016,"T110,","CRSH,",4,"T1,","T,",YARD,New Jersey,39.947279,-75.098017,"New Jersey
(39.947279, -75.098017)"
Broken train collision,2013:07:CRSH:105689,0,0,3500,81081,17,4,0,CAMDEN,7/25/2013 0:00,6:30,2013,2013,"E34C,","CRSH,",76,"E3,","E,",YARD,New Jersey,39.948066,-75.096402,"New Jersey
(39.948066, -75.096402)"
Derailments,2015:07:CRSH:116333,0,0,3795,9126,12,2,0,PHILADELPHIA,7/2/2015 0:00,12:00,2015,2015,"H703,","CRSH,",76,"H7,","H,",YARD,Pennsylvania,39.998679,-75.094584,"Pennsylvania
(39.998679, -75.094584)"
Derailments,2015:08:CRSH:117192,0,0,2000,19638,0,0,0,PHILADELPHIA,8/30/2015 0:00,11:41,2015,2015,"H306,","CRSH,",15,"H3,","H,",YARD,Pennsylvania,39.998679,-75.094584,"Pennsylvania
(39.998679, -75.094584)"
Derailments,2012:07:XPSU:INDUSTRY,0,0,29973,500,0,0,0,CAMDEN,7/20/2012 0:00,19:20,2012,2012,"H702,","CRSH,",7,"H7,","H,",INDUSTRY,New Jersey,39.949958,-75.093977,"New Jersey
(39.949958, -75.093977)"
Raking collision,2013:01:CRSH:103042,0,0,1200,62525,0,0,0,CAMDEN,1/20/2013 0:00,8:55,2013,2013,"H020,","CRSH,",17,"H0,","H,",YARD,New Jersey,39.949958,-75.093977,"New Jersey
(39.949958, -75.093977)"
Raking collision,2015:09:CRSH:117534,0,0,2750,34963,1,0,0,CAMDEN,9/25/2015 0:00,3:50,2015,2015,"H702,","CRSH,",76,"H7,","H,",YARD,New Jersey,39.952292,-75.091324,"New Jersey
(39.952292, -75.091324)"
Raking collision,2016:06:CRSH:121031,0,0,2260,18194,0,0,0,CAMDEN,6/28/2016 0:00,1:45,2016,2016,"H318,","CRSH,",7,"H3,","H,",YARD,New Jersey,39.951361,-75.090918,"New Jersey
(39.951361, -75.090918)"
Highway-rail impact,2014:01:SEPA:15150,1,0,58,10771,0,0,0,BUCKS,1/17/2014 0:00,20:47,2014,2014,"M301,","SEPA,",2,"M3,","M,",MAIN,Pennsylvania,40.20649,-75.090137,"Pennsylvania
(40.20649, -75.090137)"
Other events,2015:04:ATK:136922,0,0,60,15611,0,0,0,PHILADELPHIA,4/2/2015 0:00,18:31,2015,2015,"E78L,","ATK,",2,"E7,","E,",MAIN,Pennsylvania,40.00464,-75.089536,"Pennsylvania
(40.00464, -75.089536)"
Derailments,2013:07:SNJX:07212013,0,0,0,12535,0,0,0,CAMDEN,7/21/2013 0:00,14:34,2013,2013,"H705,","SNJX,",NA,"H7,","H,",YARD,New Jersey,39.957056,-75.08377,"New Jersey
(39.957056, -75.08377)"
Other events,2015:04:SNJX:04072015,0,0,0,14820,0,0,0,CAMDEN,4/7/2015 0:00,7:19,2015,2015,"M502,","SNJX,",NA,"M5,","M,",MAIN,New Jersey,39.95616,-75.083162,"New Jersey
(39.95616, -75.083162)"