AccidentType,inckey,Fatalities,Injuries,TrackDamage,EquipmentDamage,HazmatCars,HazmatCarsDerailed,HazmatCarsReleasing,County,DisplayDate,DisplayTime,calendar,Fiscal,AccidentCause,RailroadCodes,RAILEQUIPMENT_TYPE,CauseGroup,CauseDiscipline,TYPE_OF_TRACK,StateName,latitude,longitude,GeoLocation
Other events,2013:06:SNJX:06202013,0,0,0,11683,0,0,0,CAMDEN,6/20/2013 0:00,11:56,2013,2013,"M599,","SNJX,",NA,"M5,","M,",MAIN,New Jersey,39.97602,-75.064172,"New Jersey
(39.97602, -75.064172)"
Other events,2013:01:SEPA:13688,0,0,18920,13000,0,0,0,PHILADELPHIA,1/24/2013 0:00,10:38,2013,2013,"E78L,","SEPA,",2,"E7,","E,",MAIN,Pennsylvania,40.123441,-75.043245,"Pennsylvania
(40.123441, -75.043245)"
Other events,2012:12:SNJX:12082012,0,0,0,46919,0,0,0,BURLINGTON,12/8/2012 0:00,23:12,2012,2013,"M402,","SNJX,",NA,"M4,","M,",MAIN,New Jersey,40.025675,-74.984457,"New Jersey
(40.025675, -74.984457)"
Other events,2013:09:SNJX:09132013,0,0,0,11887,0,0,0,BURLINGTON,9/13/2013 0:00,14:36,2013,2013,"M502,","SNJX,",NA,"M5,","M,",MAIN,New Jersey,40.029257,-74.977741,"New Jersey
(40.029257, -74.977741)"
Highway-rail impact,2013:11:SNJX:11012013,0,5,0,20953,0,0,0,BURLINGTON,11/1/2013 0:00,8:04,2013,2014,"M302,","SNJX,",NA,"M3,","M,",MAIN,New Jersey,40.031999,-74.971425,"New Jersey
(40.031999, -74.971425)"
Highway-rail impact,2015:01:SNJX:1162015,1,7,1893,15468,0,0,0,BURLINGTON,1/16/2015 0:00,15:56,2015,2015,"M308,","SNJX,",NA,"M3,","M,",MAIN,New Jersey,40.033824,-74.968804,"New Jersey
(40.033824, -74.968804)"
Other events,2012:01:ATK:122314,0,0,50000,34000,0,0,0,BUCKS,1/4/2012 0:00,8:06,2012,2012,"T404,","ATK,",2,"T4,","T,",MAIN,Pennsylvania,40.076778,-74.948779,"Pennsylvania
(40.076778, -74.948779)"
Other events,2014:07:ATK:133477,0,0,6000,20000,0,0,0,BUCKS,7/3/2014 0:00,9:31,2014,2014,"E77L,","ATK,",2,"E7,","E,",MAIN,Pennsylvania,40.083227,-74.933131,"Pennsylvania
(40.083227, -74.933131)"
Other events,2016:01:ATK:140625,0,0,1000,10000,0,0,0,BUCKS,1/1/2016 0:00,13:38,2016,2016,"E78L,","ATK,",2,"E7,","E,",MAIN,Pennsylvania,40.093377,-74.907995,"Pennsylvania
(40.093377, -74.907995)"
Other events,2012:04:SNJX:04152012,0,0,0,16753,0,0,0,BURLINGTON,4/15/2012 0:00,19:44,2012,2012,"M599,","SNJX,",NA,"M5,","M,",MAIN,New Jersey,40.065214,-74.90118,"New Jersey
(40.065214, -74.90118)"
Other events,2015:08:ATK:139007,0,0,1800,20000,0,0,0,BUCKS,8/15/2015 0:00,11:47,2015,2015,"E75L,","ATK,",2,"E7,","E,",MAIN,Pennsylvania,40.100709,-74.863479,"Pennsylvania
(40.100709, -74.863479)"
Other events,2016:05:ATK:142629,0,0,0,11437,0,0,0,BUCKS,5/27/2016 0:00,8:35,2016,2016,"T404,","ATK,",2,"T4,","T,",MAIN,Pennsylvania,40.104856,-74.854835,"Pennsylvania
(40.104856, -74.854835)"
Obstruction impact,2013:09:ATK:129714,0,0,0,23500,0,0,0,BUCKS,9/3/2013 0:00,18:20,2013,2013,"M404,","ATK,",2,"M4,","M,",MAIN,Pennsylvania,40.112854,-74.843882,"Pennsylvania
(40.112854, -74.843882)"
Fire/violent rupture,2011:10:ATK:122002,0,0,0,11293,0,0,0,BUCKS,10/11/2011 0:00,6:29,2011,2012,"M406,","ATK,SEPA,",2,"M4,","M,",MAIN,Pennsylvania,40.15511,-74.828775,"Pennsylvania
(40.15511, -74.828775)"
Derailments,2012:08:USSQ:INDUSTRY,0,0,16300,3184,0,0,0,BUCKS,8/13/2012 0:00,10:00,2012,2012,"H702,","CRSH,",7,"H7,","H,",YARD,Pennsylvania,40.190035,-74.812169,"Pennsylvania
(40.190035, -74.812169)"
Derailments,2013:02:CRSH:103398,0,0,750,51894,0,0,0,BUCKS,2/11/2013 0:00,2:08,2013,2013,"H702,","CRSH,",7,"H7,","H,",YARD,Pennsylvania,40.190035,-74.812169,"Pennsylvania
(40.190035, -74.812169)"
Derailments,2012:10:USSQ:INDUSTRY,0,0,1000,18880,0,0,0,BUCKS,10/5/2012 0:00,11:30,2012,2013,"T314,","CRSH,",7,"T3,","T,",INDUSTRY,Pennsylvania,40.193978,-74.804835,"Pennsylvania
(40.193978, -74.804835)"
Other events,2016:01:ATK:140629,0,0,6000,10000,0,0,0,BUCKS,1/4/2016 0:00,17:37,2016,2016,"T404,","ATK,",2,"T4,","T,",MAIN,Pennsylvania,40.285313,-74.800621,"Pennsylvania
(40.285313, -74.800621)"
Derailments,2013:08:NJTR:201309490,0,0,0,9922,0,0,0,BUCKS,8/16/2013 0:00,4:10,2013,2013,"H303,","NJTR,",7,"H3,","H,",YARD,Pennsylvania,40.194223,-74.793342,"Pennsylvania
(40.194223, -74.793342)"
Derailments,2015:10:NJTR:201510583,0,0,682,12000,0,0,0,BUCKS,10/21/2015 0:00,1:15,2015,2016,"H702,","NJTR,",7,"H7,","H,",YARD,Pennsylvania,40.194632,-74.791204,"Pennsylvania
(40.194632, -74.791204)"
Derailments,2016:01:NJTR:201602074,0,0,1914,30000,0,0,0,BUCKS,1/21/2016 0:00,20:30,2016,2016,"H303,","NJTR,",8,"H3,","H,",YARD,Pennsylvania,40.194854,-74.791169,"Pennsylvania
(40.194854, -74.791169)"
Raking collision,2015:12:CRSH:118729,0,0,1000,34198,1,1,0,BUCKS,12/29/2015 0:00,3:30,2015,2016,"H021,","CRSH,",75,"H0,","H,",YARD,Pennsylvania,40.196817,-74.790952,"Pennsylvania
(40.196817, -74.790952)"
Derailments,2012:01:NJTR:201201048,0,0,300,25000,0,0,0,BUCKS,1/22/2012 0:00,2:45,2012,2012,"H704,","NJTR,",7,"H7,","H,",YARD,Pennsylvania,40.195208,-74.79046,"Pennsylvania
(40.195208, -74.79046)"
Derailments,2011:06:NJTR:201106393,0,0,564,12317,0,0,0,BUCKS,6/20/2011 0:00,12:41,2011,2011,"H704,","NJTR,",3,"H7,","H,",YARD,Pennsylvania,40.195292,-74.790341,"Pennsylvania
(40.195292, -74.790341)"
Derailments,2014:12:NJTR:201412719,0,0,22000,15000,0,0,0,BUCKS,12/16/2014 0:00,24:00:00,2014,2015,"H303,","NJTR,",7,"H3,","H,",YARD,Pennsylvania,40.19536,-74.789946,"Pennsylvania
(40.19536, -74.789946)"
Other events,2012:05:NJTR:201207423,0,0,0,16360,0,0,0,BUCKS,5/28/2012 0:00,21:50,2012,2012,"T404,","NJTR,",3,"T4,","T,",YARD,Pennsylvania,40.195008,-74.788817,"Pennsylvania
(40.195008, -74.788817)"
Derailments,2015:07:NJTR:201507418,0,0,1029,28070,0,0,0,BUCKS,7/18/2015 0:00,24:14:00,2015,2015,"H704,","NJTR,",4,"H7,","H,",YARD,Pennsylvania,40.195712,-74.784548,"Pennsylvania
(40.195712, -74.784548)"
Derailments,2015:10:NJTR:201511612,0,0,810,107000,0,0,0,BUCKS,10/30/2015 0:00,23:45,2015,2016,"H704,","NJTR,",3,"H7,","H,",YARD,Pennsylvania,40.195542,-74.784534,"Pennsylvania
(40.195542, -74.784534)"
Other events,2016:03:ATK:141535,0,0,1000,10000,0,0,0,BUCKS,3/10/2016 0:00,24:14:00,2016,2016,"T404,","ATK,",2,"T4,","T,",MAIN,Pennsylvania,40.19711,-74.779314,"Pennsylvania
(40.19711, -74.779314)"
Fire/violent rupture,2012:03:SNJX:03242012,0,0,0,100000,0,0,0,MERCER,3/24/2012 0:00,23:11,2012,2012,"E73L,","SNJX,",NA,"E7,","E,",MAIN,New Jersey,40.216447,-74.755911,"New Jersey
(40.216447, -74.755911)"
Other events,2015:01:ATK:136172,0,1,100,13040,0,0,0,MERCER,1/28/2015 0:00,20:00,2015,2015,"T404,","ATK,NJTR,",NA,"T4,","T,",MAIN,New Jersey,40.218254,-74.754321,"New Jersey
(40.218254, -74.754321)"
Other events,2013:11:SNJX:110120131,0,0,0,11808,0,0,0,MERCER,11/1/2013 0:00,8:00,2013,2014,"M502,","SNJX,",NA,"M5,","M,",YARD,New Jersey,40.212486,-74.750459,"New Jersey
(40.212486, -74.750459)"
Other events,2011:11:ATK:121966,0,0,0,22824,0,0,0,MERCER,11/15/2011 0:00,19:15,2011,2012,"T404,","ATK,NJTR,",3,"T4,","T,",MAIN,New Jersey,40.22278,-74.748809,"New Jersey
(40.22278, -74.748809)"
Derailments,2016:07:ATK:143488,0,0,0,82337,0,0,0,MERCER,7/27/2016 0:00,5:22,2016,2016,"T113,","ATK,",8,"T1,","T,",YARD,New Jersey,40.224997,-74.745994,"New Jersey
(40.224997, -74.745994)"
Other events,2011:07:ATK:120417,0,0,1000,15000,0,0,0,MERCER,7/13/2011 0:00,20:05,2011,2011,"T404,","ATK,",2,"T4,","T,",MAIN,New Jersey,40.217053,-74.742938,"New Jersey
(40.217053, -74.742938)"
Other events,2011:11:ATK:121786,0,0,5500,15000,0,0,0,MERCER,11/13/2011 0:00,16:05,2011,2012,"T404,","ATK,",2,"T4,","T,",MAIN,New Jersey,40.217053,-74.742938,"New Jersey
(40.217053, -74.742938)"
Other events,2012:03:ATK:123214,0,0,2000,19000,0,0,0,BUCKS,3/15/2012 0:00,7:55,2012,2012,"T404,","ATK,",2,"T4,","T,",MAIN,Pennsylvania,40.217053,-74.742938,"Pennsylvania
(40.217053, -74.742938)"
Derailments,2012:09:ATK:125315,0,0,3000,7000,0,0,0,MERCER,9/5/2012 0:00,22:45,2012,2012,"T113,","ATK,",4,"T1,","T,",YARD,New Jersey,40.217053,-74.742938,"New Jersey
(40.217053, -74.742938)"
Other impacts,2012:08:SNJX:08092012,0,0,0,16753,0,0,0,MERCER,8/9/2012 0:00,9:04,2012,2012,"M599,","SNJX,",NA,"M5,","M,",MAIN,New Jersey,40.1752,-74.720163,"New Jersey
(40.1752, -74.720163)"
Derailments,2013:10:MNCW:2013101212,0,0,6214,20000,0,0,0,ORANGE,10/12/2013 0:00,24:06:00,2013,2014,"H399,","MNCW,NJTR,",7,"H3,","H,",YARD,New York,41.376376,-74.696144,"New York
(41.376376, -74.696144)"
Derailments,2012:05:NYSW:12052201,0,0,3537,17235,15,1,0,SUSSEX,5/22/2012 0:00,23:45,2012,2012,"H999,H399,","NYSW,",1,"H9,H3,","H,",INDUSTRY,New Jersey,41.065344,-74.667761,"New Jersey
(41.065344, -74.667761)"
Derailments,2016:05:NJTR:201605250,0,0,4000,6600,0,0,0,SOMERSET,5/5/2016 0:00,21:40,2016,2016,"H704,","NJTR,",NA,"H7,","H,",YARD,New Jersey,40.719617,-74.665525,"New Jersey
(40.719617, -74.665525)"
Derailments,2012:12:NJTR:201212728,0,0,5509,10000,0,0,0,MORRIS,12/7/2012 0:00,9:08,2012,2013,"H303,","NJTR,",NA,"H3,","H,",MAIN,New Jersey,40.898996,-74.664921,"New Jersey
(40.898996, -74.664921)"
Derailments,2012:09:NJTR:201209614,0,0,995,16277,0,0,0,SOMERSET,9/22/2012 0:00,23:08,2012,2012,"H702,","NJTR,",NA,"H7,","H,",YARD,New Jersey,40.718916,-74.664481,"New Jersey
(40.718916, -74.664481)"
Derailments,2013:09:NYSW:13091101,0,0,0,44442,15,2,0,SUSSEX,9/11/2013 0:00,21:59,2013,2013,"H303,","NYSW,",1,"H3,","H,",MAIN,New Jersey,41.06934,-74.662209,"New Jersey
(41.06934, -74.662209)"
Obstruction impact,2011:06:NJTR:201106349,0,1,6683,46817,0,0,0,MERCER,6/8/2011 0:00,14:42,2011,2011,"H607,","NJTR,",3,"H6,","H,",MAIN,New Jersey,40.343486,-74.659344,"New Jersey
(40.343486, -74.659344)"
Derailments,2016:01:NYSW:16012201,0,0,250,90835,25,1,0,SUSSEX,1/22/2016 0:00,19:50,2016,2016,"H999,","NYSW,",1,"H9,","H,",SIDING,New Jersey,41.08057,-74.649855,"New Jersey
(41.08057, -74.649855)"
Derailments,2015:03:NJTR:201503152,0,0,0,24485,0,0,0,SOMERSET,3/2/2015 0:00,21:30,2015,2015,"H303,","NJTR,",7,"H3,","H,",YARD,New Jersey,40.570355,-74.646584,"New Jersey
(40.570355, -74.646584)"
Highway-rail impact,2012:11:NJTR:201211692,0,3,5000,21791,0,0,0,SOMERSET,11/12/2012 0:00,19:35,2012,2013,"M303,","NJTR,",NA,"M3,","M,",MAIN,New Jersey,40.570981,-74.63515,"New Jersey
(40.570981, -74.63515)"
Other events,2011:10:NJTR:201111751,0,0,0,22824,0,0,0,MERCER,10/24/2011 0:00,5:00,2011,2012,"T404,","NJTR,",NA,"T4,","T,",YARD,New Jersey,40.316536,-74.625278,"New Jersey
(40.316536, -74.625278)"
Rear end collision,2014:06:CRSH:110820,0,0,0,89200,0,0,0,SOMERSET,6/11/2014 0:00,11:55,2014,2014,"H607,","CRSH,",NA,"H6,","H,",MAIN,New Jersey,40.598909,-74.623193,"New Jersey
(40.598909, -74.623193)"
Obstruction impact,2015:09:NJTR:201510558,0,0,2000,21276,0,0,0,SOMERSET,9/29/2015 0:00,15:20,2015,2015,"T303,","NJTR,",NA,"T3,","T,",MAIN,New Jersey,40.694463,-74.607895,"New Jersey
(40.694463, -74.607895)"
Derailments,2012:10:LI:EQ20121002,0,0,1000,15000,0,0,0,QUEENS,10/10/2012 0:00,16:00,2012,2013,"M599,","LI,",NA,"M5,","M,",YARD,New York,41.236483,-74.60432,"New York
(41.236483, -74.60432)"
Highway-rail impact,2012:03:NJTR:201203165,0,0,73000,0,0,0,0,ATLANTIC,3/12/2012 0:00,22:00,2012,2012,"M304,","NJTR,",NA,"M3,","M,",MAIN,New Jersey,39.47739,-74.577676,"New Jersey
(39.47739, -74.577676)"
Obstruction impact,2015:01:NJTR:201501003,0,2,15000,14496,0,0,0,ATLANTIC,1/4/2015 0:00,12:56,2015,2015,"M402,","NJTR,",NA,"M4,","M,",MAIN,New Jersey,39.477145,-74.577323,"New Jersey
(39.477145, -74.577323)"
Raking collision,2016:06:CSX:000162410,0,0,0,33300,0,0,0,SOMERSET,6/21/2016 0:00,12:30,2016,2016,"E39C,","CSX,NS,",1,"E3,","E,",YARD,New Jersey,40.547831,-74.574547,"New Jersey
(40.547831, -74.574547)"
Derailments,2012:04:NJTR:201204254,0,0,0,12557,0,0,0,SOMERSET,4/20/2012 0:00,4:45,2012,2012,"H599,","NJTR,",4,"H5,","H,",INDUSTRY,New Jersey,40.575569,-74.561031,"New Jersey
(40.575569, -74.561031)"
Derailments,2014:08:NJTR:201408484,0,0,688,24927,0,0,0,MORRIS,8/4/2014 0:00,12:15,2014,2014,"H702,","NJTR,",7,"H7,","H,",YARD,New Jersey,40.883651,-74.55219,"New Jersey
(40.883651, -74.55219)"
Derailments,2012:11:NJTR:201211703,0,0,18623,30000,0,0,0,MORRIS,11/18/2012 0:00,21:10,2012,2013,"H704,","NJTR,",3,"H7,","H,",YARD,New Jersey,40.88357,-74.551554,"New Jersey
(40.88357, -74.551554)"
Derailments,2013:07:NJTR:201311624,0,0,50000,47000,0,0,0,MORRIS,7/6/2013 0:00,9:00,2013,2013,"H704,","NJTR,",3,"H7,","H,",YARD,New Jersey,40.88416,-74.548481,"New Jersey
(40.88416, -74.548481)"
Derailments,2014:02:NJTR:201402094,0,0,300,12454,0,0,0,MORRIS,2/9/2014 0:00,23:00,2014,2014,"H702,","NJTR,",7,"H7,","H,",YARD,New Jersey,40.884148,-74.548089,"New Jersey
(40.884148, -74.548089)"
Derailments,2014:12:NJTR:201412720,0,0,0,55800,0,0,0,MORRIS,12/20/2014 0:00,17:32,2014,2015,"T113,","NJTR,",7,"T1,","T,",YARD,New Jersey,40.884185,-74.548002,"New Jersey
(40.884185, -74.548002)"
Other events,2011:11:ATK:121788,0,0,0,11412,0,0,0,MERCER,11/13/2011 0:00,15:57,2011,2012,"T404,","ATK,NJTR,",2,"T4,","T,",MAIN,New Jersey,40.385169,-74.536282,"New Jersey
(40.385169, -74.536282)"
Derailments,2016:02:XBEP:INDUSTRY,0,0,500,16062,0,0,0,MIDDLESEX,2/9/2016 0:00,16:48,2016,2016,"T110,","CRSH,",1,"T1,","T,",INDUSTRY,New Jersey,40.315677,-74.501518,"New Jersey
(40.315677, -74.501518)"
Other events,2012:06:ATK:124483,0,0,0,11412,0,0,0,MIDDLESEX,6/27/2012 0:00,17:00,2012,2012,"T404,","ATK,NJTR,",NA,"T4,","T,",MAIN,New Jersey,40.445498,-74.492551,"New Jersey
(40.445498, -74.492551)"
Derailments,2012:12:CRSH:102758,0,0,2000,15005,0,0,0,BURLINGTON,12/30/2012 0:00,15:30,2012,2013,"T110,","CRSH,",1,"T1,","T,",MAIN,New Jersey,40.06418,-74.48483,"New Jersey
(40.06418, -74.48483)"
Other events,2016:01:NJTR:201602073,0,0,0,11375,0,0,0,MIDDLESEX,1/20/2016 0:00,17:45,2016,2016,"H599,","NJTR,",NA,"H5,","H,",YARD,New Jersey,40.477358,-74.470326,"New Jersey
(40.477358, -74.470326)"
Other events,2015:01:ATK:136332,0,0,0,22806,0,0,0,MIDDLESEX,1/26/2015 0:00,17:35,2015,2015,"T404,","ATK,NJTR,",NA,"T4,","T,",YARD,New Jersey,40.478104,-74.466882,"New Jersey
(40.478104, -74.466882)"
Derailments,2016:06:NJTR:201607323,0,0,7870,21000,0,0,0,MIDDLESEX,6/24/2016 0:00,18:56,2016,2016,"T314,","NJTR,",NA,"T3,","T,",YARD,New Jersey,40.478487,-74.465972,"New Jersey
(40.478487, -74.465972)"
Other events,2014:01:NJTR:201401011,0,0,2396,23474,0,0,0,UNION,1/1/2014 0:00,13:30,2014,2014,"T404,","NJTR,",NA,"T4,","T,",MAIN,New Jersey,40.682458,-74.425316,"New Jersey
(40.682458, -74.425316)"
Side collision,2013:06:CSX:000117799,0,2,467000,1939203,6,0,0,MONTGOMERY,6/27/2013 0:00,7:55,2013,2013,"H221,H605,","CSX,",1,"H2,H6,","H,",MAIN,New York,42.933801,-74.420127,"New York
(42.933801, -74.420127)"
Other events,2015:09:NJTR:201509545,0,0,177,60171,0,0,0,MORRIS,9/8/2015 0:00,24:41:00,2015,2015,"T404,","NJTR,",3,"T4,","T,",MAIN,New Jersey,40.762117,-74.419022,"New Jersey
(40.762117, -74.419022)"
Other events,2014:04:NJTR:201405292,0,0,0,11158,0,0,0,MORRIS,4/30/2014 0:00,23:58,2014,2014,"M103,","NJTR,",3,"M1,","M,",MAIN,New Jersey,40.916825,-74.386775,"New Jersey
(40.916825, -74.386775)"
Other impacts,2015:12:ATK:140362,0,0,0,15000,0,0,0,MIDDLESEX,12/9/2015 0:00,2:05,2015,2016,"M599,","ATK,",NA,"M5,","M,",MAIN,New Jersey,40.533609,-74.386016,"New Jersey
(40.533609, -74.386016)"
Other events,2011:11:NJTR:201111719,0,0,0,17740,0,0,0,MIDDLESEX,11/8/2011 0:00,11:12,2011,2012,"T404,","NJTR,",2,"T4,","T,",MAIN,New Jersey,40.539569,-74.364179,"New Jersey
(40.539569, -74.364179)"
Derailments,2013:03:CRSH:103920,0,0,1250,37635,0,0,0,MIDDLESEX,3/19/2013 0:00,17:03,2013,2013,"H522,","CRSH,",7,"H5,","H,",INDUSTRY,New Jersey,40.424023,-74.34798,"New Jersey
(40.424023, -74.34798)"
Other events,2016:07:ATK:143486,0,0,0,15000,0,0,0,MIDDLESEX,7/27/2016 0:00,17:25,2016,2016,"E78L,","ATK,",2,"E7,","E,",MAIN,New Jersey,40.554593,-74.344133,"New Jersey
(40.554593, -74.344133)"
Other events,2014:02:ATK:131847,0,0,2000,8748,0,0,0,MIDDLESEX,2/24/2014 0:00,24:42:00,2014,2014,"E78L,","ATK,",NA,"E7,","E,",MAIN,New Jersey,40.556999,-74.342101,"New Jersey
(40.556999, -74.342101)"
Other events,2012:10:RCRY:20121,0,0,0,300000,0,0,0,MIDDLESEX,10/30/2012 0:00,7:00,2012,2013,"M103,","RCRY,",8,"M1,","M,",YARD,New Jersey,40.507537,-74.34185,"New Jersey
(40.507537, -74.34185)"
Other events,2011:07:ATK:120424,0,0,500,15000,0,0,0,MIDDLESEX,7/14/2011 0:00,16:39,2011,2011,"T404,","ATK,",2,"T4,","T,",MAIN,New Jersey,40.56864,-74.329394,"New Jersey
(40.56864, -74.329394)"
Other events,2011:07:ATK:120616,0,0,1000,60000,0,0,0,MIDDLESEX,7/29/2011 0:00,17:18,2011,2011,"E78L,","ATK,",2,"E7,","E,",MAIN,New Jersey,40.56864,-74.329394,"New Jersey
(40.56864, -74.329394)"
Other events,2014:07:ATK:133496,0,0,8000,10000,0,0,0,MIDDLESEX,7/9/2014 0:00,6:44,2014,2014,"T404,","ATK,",2,"T4,","T,",MAIN,New Jersey,40.56864,-74.329394,"New Jersey
(40.56864, -74.329394)"
Derailments,2013:02:NJTR:201302119,0,0,3154,50000,0,0,0,UNION,2/25/2013 0:00,9:23,2013,2013,"T113,","NJTR,",4,"T1,","T,",INDUSTRY,New Jersey,40.652035,-74.327926,"New Jersey
(40.652035, -74.327926)"
Derailments,2013:02:NJTR:201302120,0,0,0,35976,0,0,0,UNION,2/25/2013 0:00,16:08,2013,2013,"T113,","NJTR,",4,"T1,","T,",INDUSTRY,New Jersey,40.652035,-74.327926,"New Jersey
(40.652035, -74.327926)"
Derailments,2012:08:XGAS:INDUSTRY,0,0,44650,4648,0,0,0,MIDDLESEX,8/20/2012 0:00,18:30,2012,2012,"H306,","CRSH,",7,"H3,","H,",INDUSTRY,New Jersey,40.475302,-74.318977,"New Jersey
(40.475302, -74.318977)"
Other events,2012:05:ATK:124009,0,0,1000,48625,0,0,0,MIDDLESEX,5/26/2012 0:00,13:37,2012,2012,"T404,","ATK,NJTR,",NA,"T4,","T,",MAIN,New Jersey,40.583441,-74.305674,"New Jersey
(40.583441, -74.305674)"
Other events,2011:07:ATK:120426,0,0,0,11611,0,0,0,MIDDLESEX,7/14/2011 0:00,16:42,2011,2011,"T404,","ATK,NJTR,",NA,"T4,","T,",MAIN,New Jersey,40.592635,-74.292523,"New Jersey
(40.592635, -74.292523)"
Obstruction impact,2012:09:ATK:125610,0,1,0,174081,0,0,0,UNION,9/29/2012 0:00,11:50,2012,2012,"M402,","ATK,NJTR,",NA,"M4,","M,",MAIN,New Jersey,40.593449,-74.291317,"New Jersey
(40.593449, -74.291317)"
Other events,2015:01:NJTR:201502061,0,0,0,13100,0,0,0,UNION,1/16/2015 0:00,19:33,2015,2015,"H599,","NJTR,",3,"H5,","H,",MAIN,New Jersey,40.65793,-74.28572,"New Jersey
(40.65793, -74.28572)"
Obstruction impact,2013:01:NJTR:201302061,0,2,0,23042,0,0,0,UNION,1/31/2013 0:00,17:46,2013,2013,"M404,","NJTR,",NA,"M4,","M,",MAIN,New Jersey,40.598446,-74.285396,"New Jersey
(40.598446, -74.285396)"
Other events,2015:03:ATK:136626,0,0,25000,0,0,0,0,MIDDLESEX,3/11/2015 0:00,13:10,2015,2015,"M402,","ATK,",9,"M4,","M,",MAIN,New Jersey,40.598786,-74.285131,"New Jersey
(40.598786, -74.285131)"
Derailments,2015:02:CRSH:114343,0,0,0,28146,53,2,0,MIDDLESEX,2/13/2015 0:00,4:15,2015,2015,"H306,","CRSH,",1,"H3,","H,",YARD,New Jersey,40.566579,-74.250975,"New Jersey
(40.566579, -74.250975)"
Highway-rail impact,2013:01:NJTR:201301060,0,10,200000,238776,0,0,0,PASSAIC,1/30/2013 0:00,8:02,2013,2013,"M304,","NJTR,",NA,"M3,","M,",MAIN,New Jersey,40.88634,-74.242891,"New Jersey
(40.88634, -74.242891)"
Derailments,2014:02:NJTR:201402096,0,0,2742,51637,0,0,0,ESSEX,2/11/2014 0:00,16:15,2014,2014,"E69L,","NJTR,",3,"E6,","E,",MAIN,New Jersey,40.771183,-74.238948,"New Jersey
(40.771183, -74.238948)"
Other events,2015:07:ATK:138544,0,0,1000,20000,0,0,0,UNION,7/30/2015 0:00,19:35,2015,2015,"T404,","ATK,",2,"T4,","T,",MAIN,New Jersey,40.701138,-74.234598,"New Jersey
(40.701138, -74.234598)"
Derailments,2011:07:CNPQ:INDUSTRY,0,0,10000,50000,0,0,0,UNION,7/10/2011 0:00,24:30:00,2011,2011,"H018,","ME,",7,"H0,","H,",YARD,New Jersey,40.639325,-74.228739,"New Jersey
(40.639325, -74.228739)"
Other events,2013:09:NJTR:201310549,0,0,1376,16936,0,0,0,ESSEX,9/30/2013 0:00,8:24,2013,2013,"T404,","NJTR,",NA,"T4,","T,",MAIN,New Jersey,40.770497,-74.228724,"New Jersey
(40.770497, -74.228724)"
Other events,2013:08:ATK:130121,0,0,0,10255,0,0,0,UNION,8/29/2013 0:00,6:40,2013,2013,"T404,","ATK,NJTR,",3,"T4,","T,",MAIN,New Jersey,40.659594,-74.220065,"New Jersey
(40.659594, -74.220065)"
Other events,2012:06:ATK:124478,0,0,0,10073,0,0,0,UNION,6/27/2012 0:00,15:40,2012,2012,"T404,","ATK,NJTR,",NA,"T4,","T,",MAIN,New Jersey,40.666382,-74.216107,"New Jersey
(40.666382, -74.216107)"
Highway-rail impact,2014:09:NJTR:201409542,0,0,0,202713,0,0,0,PASSAIC,9/8/2014 0:00,22:58,2014,2014,"M303,","NJTR,",3,"M3,","M,",MAIN,New Jersey,40.870924,-74.215014,"New Jersey
(40.870924, -74.215014)"
Derailments,2013:12:CRSH:108041,0,0,850,77345,7,2,0,MIDDLESEX,12/4/2013 0:00,19:54,2013,2014,"H303,","CRSH,",1,"H3,","H,",INDUSTRY,New Jersey,40.58489,-74.214299,"New Jersey
(40.58489, -74.214299)"
Derailments,2014:08:NJTR:201408493,0,0,117000,35883,0,0,0,ESSEX,8/19/2014 0:00,18:20,2014,2014,"T205,","NJTR,",3,"T2,","T,",MAIN,New Jersey,40.81116,-74.207008,"New Jersey
(40.81116, -74.207008)"
Derailments,2012:01:CRSH:097552,0,0,200,142004,0,0,0,MIDDLESEX,1/9/2012 0:00,18:15,2012,2012,"T204,","CRSH,",1,"T2,","T,",YARD,New Jersey,40.353265,-74.204535,"New Jersey
(40.353265, -74.204535)"
Derailments,2016:06:NJTR:201607352,0,0,500,15000,0,0,0,PASSAIC,6/6/2016 0:00,22:43,2016,2016,"H303,","NJTR,",NA,"H3,","H,",YARD,New Jersey,40.874488,-74.202936,"New Jersey
(40.874488, -74.202936)"
Other events,2016:04:NJTR:201604225,0,0,4408,16932,0,0,0,ESSEX,4/11/2016 0:00,7:20,2016,2016,"T404,","NJTR,",NA,"T4,","T,",MAIN,New Jersey,40.757596,-74.200207,"New Jersey
(40.757596, -74.200207)"
Derailments,2013:09:ZANB:INDUSTRY,0,0,650,9616,0,0,0,ESSEX,9/6/2013 0:00,10:18,2013,2013,"T311,","CRSH,",75,"T3,","T,",INDUSTRY,New Jersey,40.697133,-74.198614,"New Jersey
(40.697133, -74.198614)"
Other events,2016:05:NJTR:201606272,0,0,1800,10500,0,0,0,ESSEX,5/25/2016 0:00,7:30,2016,2016,"T404,","NJTR,",NA,"T4,","T,",MAIN,New Jersey,40.747343,-74.196178,"New Jersey
(40.747343, -74.196178)"
Obstruction impact,2012:09:ATK:127669,0,0,0,21007,0,0,0,PHILADELPHIA,9/21/2012 0:00,14:00,2012,2012,"T404,","ATK,NJTR,",3,"T4,","T,",MAIN,Pennsylvania,39.996791,-74.196052,"Pennsylvania
(39.996791, -74.196052)"