AccidentType,inckey,Fatalities,Injuries,TrackDamage,EquipmentDamage,HazmatCars,HazmatCarsDerailed,HazmatCarsReleasing,County,DisplayDate,DisplayTime,calendar,Fiscal,AccidentCause,RailroadCodes,RAILEQUIPMENT_TYPE,CauseGroup,CauseDiscipline,TYPE_OF_TRACK,StateName,latitude,longitude,GeoLocation
Derailments,2016:08:CRSH:121507,0,0,3500,11523,0,0,0,ESSEX,8/1/2016 0:00,13:30,2016,2016,"T110,","CRSH,",1,"T1,","T,",YARD,New Jersey,40.712911,-74.187187,"New Jersey
(40.712911, -74.187187)"
Other events,2014:03:ATK:132053,0,0,3000,11000,0,0,0,ESSEX,3/13/2014 0:00,10:50,2014,2014,"T404,","ATK,NJTR,",3,"T4,","T,",MAIN,New Jersey,40.712252,-74.186077,"New Jersey
(40.712252, -74.186077)"
Derailments,2014:07:NS:111457,0,0,481,15000,0,0,0,UNION,7/24/2014 0:00,24:40:00,2014,2014,"H702,","NS,",1,"H7,","H,",YARD,New Jersey,40.660066,-74.181245,"New Jersey
(40.660066, -74.181245)"
Other impacts,2015:02:NS:114206,0,0,250,40025,0,0,0,UNION,2/5/2015 0:00,11:44,2015,2015,"H704,","NS,",67,"H7,","H,",YARD,New Jersey,40.660066,-74.181245,"New Jersey
(40.660066, -74.181245)"
Fire/violent rupture,2015:03:PATH:I031515,0,0,0,41175,0,0,0,ESSEX,3/14/2015 0:00,24:40:00,2015,2015,"E75L,E74L,","PATH,",NA,"E7,","E,",YARD,New Jersey,40.735657,-74.172367,"New Jersey
(40.735657, -74.172367)"
Derailments,2012:07:PATH:I070312,0,0,2700,25656,0,0,0,ESSEX,7/3/2012 0:00,16:47,2012,2012,"T499,M399,","PATH,",NA,"T4,M3,","T,M,",YARD,New Jersey,40.735657,-74.172366,"New Jersey
(40.735657, -74.172366)"
Obstruction impact,2015:08:PATH:I081115,0,0,1300000,0,0,0,0,ESSEX,8/11/2015 0:00,4:55,2015,2015,"M599,M399,","PATH,",NA,"M5,M3,","M,",MAIN,New Jersey,40.735657,-74.172366,"New Jersey
(40.735657, -74.172366)"
Raking collision,2012:04:CRSH:099528,0,0,4000,80528,0,0,0,ESSEX,4/28/2012 0:00,1:40,2012,2012,"H516,","CRSH,",78,"H5,","H,",YARD,New Jersey,40.735443,-74.17211,"New Jersey
(40.735443, -74.17211)"
Derailments,2015:07:MAHE:INDUSTRY,0,0,0,17582,0,0,0,ESSEX,7/17/2015 0:00,4:00,2015,2015,"H306,","CRSH,",7,"H3,","H,",INDUSTRY,New Jersey,40.735443,-74.17211,"New Jersey
(40.735443, -74.17211)"
Derailments,2012:03:PATH:I031012,0,0,38531,0,0,0,0,ESSEX,3/10/2012 0:00,17:24,2012,2012,"H599,H508,","PATH,",NA,"H5,","H,",YARD,New Jersey,40.720411,-74.166707,"New Jersey
(40.720411, -74.166707)"
Other events,2014:01:NJTR:201401038,0,0,0,18800,0,0,0,ESSEX,1/7/2014 0:00,18:15,2014,2014,"T404,","NJTR,",NA,"T4,","T,",MAIN,New Jersey,40.732919,-74.166148,"New Jersey
(40.732919, -74.166148)"
Other impacts,2011:08:PATH:I081911,0,0,13800,21817,0,0,0,ESSEX,8/19/2011 0:00,19:47,2011,2011,"E10L,","PATH,",NA,"E1,","E,",YARD,New Jersey,40.733031,-74.165955,"New Jersey
(40.733031, -74.165955)"
Other events,2011:08:NJTR:201109569,0,0,1113,16142,0,0,0,ESSEX,8/14/2011 0:00,24:30:00,2011,2011,"T404,","NJTR,",3,"T4,","T,",MAIN,New Jersey,40.747355,-74.165783,"New Jersey
(40.747355, -74.165783)"
Other events,2015:05:ATK:137409,0,0,0,17918,0,0,0,ESSEX,5/12/2015 0:00,15:55,2015,2015,"E78L,","ATK,",2,"E7,","E,",MAIN,New Jersey,40.734316,-74.16398,"New Jersey
(40.734316, -74.16398)"
Derailments,2012:12:ZPCT:INDUSTRY,0,0,500,11294,0,0,0,ESSEX,12/3/2012 0:00,2:00,2012,2013,"T201,","CRSH,",7,"T2,","T,",INDUSTRY,New Jersey,40.683862,-74.16397,"New Jersey
(40.683862, -74.16397)"
Other events,2015:09:ATK:139127,0,0,1800,20000,0,0,0,ESSEX,9/7/2015 0:00,24:48:00,2015,2015,"E78L,","ATK,",NA,"E7,","E,",MAIN,New Jersey,40.747289,-74.163916,"New Jersey
(40.747289, -74.163916)"
Other events,2015:09:NJTR:201509548,0,0,13622,37840,0,0,0,HUDSON,9/14/2015 0:00,18:45,2015,2015,"E78L,","NJTR,",NA,"E7,","E,",MAIN,New Jersey,40.744032,-74.158754,"New Jersey
(40.744032, -74.158754)"
Side collision,2013:08:NJTR:201309484,0,0,0,142000,0,0,0,ROCKLAND,8/30/2013 0:00,18:30,2013,2013,"H607,","NJTR,NS,",NA,"H6,","H,",YARD,New York,41.118332,-74.157791,"New York
(41.118332, -74.157791)"
Other events,2012:08:NJTR:201208526,0,0,0,10000,0,0,0,ESSEX,8/15/2012 0:00,16:10,2012,2012,"T404,","NJTR,",NA,"T4,","T,",MAIN,New Jersey,40.742624,-74.15647,"New Jersey
(40.742624, -74.15647)"
Other events,2012:05:PATH:I052312,0,0,13500,44580,0,0,0,HUDSON,5/23/2012 0:00,15:14,2012,2012,"T499,M399,","PATH,",NA,"T4,M3,","T,M,",YARD,New Jersey,40.74649,-74.156255,"New Jersey
(40.74649, -74.156255)"
Other impacts,2015:03:PATH:I032515,0,0,80000,8239,0,0,0,HUDSON,3/25/2015 0:00,16:10,2015,2015,"H699,H999,","PATH,",NA,"H6,H9,","H,",YARD,New Jersey,40.74649,-74.156255,"New Jersey
(40.74649, -74.156255)"
Derailments,2016:06:CRSH:120844,0,0,3000,113191,0,0,0,ESSEX,6/12/2016 0:00,19:00,2016,2016,"H501,","CRSH,",7,"H5,","H,",YARD,New Jersey,40.702852,-74.151512,"New Jersey
(40.702852, -74.151512)"
Derailments,2015:09:PATH:I090315,0,0,10489,9916,0,0,0,HUDSON,9/3/2015 0:00,16:03,2015,2015,"H699,H399,","PATH,",NA,"H6,H3,","H,",YARD,New Jersey,40.737532,-74.148869,"New Jersey
(40.737532, -74.148869)"
Derailments,2016:02:PATH:I022616,0,0,5000,15750,0,0,0,HUDSON,2/26/2016 0:00,16:45,2016,2016,"H599,H999,","PATH,",NA,"H5,H9,","H,",YARD,New Jersey,40.737532,-74.148869,"New Jersey
(40.737532, -74.148869)"
Derailments,2011:07:ZPCT:INDUSTRY,0,0,3000,20926,2,0,0,ESSEX,7/5/2011 0:00,23:45,2011,2011,"H704,","CSX,",16,"H7,","H,",YARD,New Jersey,40.709725,-74.147659,"New Jersey
(40.709725, -74.147659)"
Other events,2013:07:NYSW:13070701,0,0,0,34420,48,1,0,BERGEN,7/7/2013 0:00,11:08,2013,2013,"E29C,","NYSW,",1,"E2,","E,",MAIN,New Jersey,40.988916,-74.145768,"New Jersey
(40.988916, -74.145768)"
Other impacts,2016:07:PATH:I072916,0,0,0,17925,0,0,0,HUDSON,7/29/2016 0:00,17:51,2016,2016,"M299,M399,","PATH,",NA,"M2,M3,","M,",MAIN,New Jersey,40.768434,-74.145421,"New Jersey
(40.768434, -74.145421)"
Raking collision,2011:12:CRSH:097199,0,2,0,122826,0,0,0,ESSEX,12/2/2011 0:00,6:45,2011,2012,"H309,","CRSH,",7,"H3,","H,",YARD,New Jersey,40.710872,-74.144518,"New Jersey
(40.710872, -74.144518)"
Other impacts,2014:06:ATK:134302,0,0,0,19735,0,0,0,HUDSON,6/10/2014 0:00,20:25,2014,2014,"H401,H307,H607,","ATK,NJTR,",7,"H4,H3,H6,","H,",YARD,New Jersey,40.741788,-74.144184,"New Jersey
(40.741788, -74.144184)"
Raking collision,2011:07:CRSH:095647,0,0,0,9430,0,0,0,ESSEX,7/21/2011 0:00,6:11,2011,2011,"H302,","CRSH,",6,"H3,","H,",YARD,New Jersey,40.713728,-74.1427,"New Jersey
(40.713728, -74.1427)"
Raking collision,2011:08:CRSH:096100,0,0,250,9460,0,0,0,ESSEX,8/25/2011 0:00,7:10,2011,2011,"S015,","CRSH,",57,"S0,","S,",YARD,New Jersey,40.713728,-74.142664,"New Jersey
(40.713728, -74.142664)"
Raking collision,2011:09:CRSH:096381,0,0,0,12195,0,0,0,ESSEX,9/21/2011 0:00,9:55,2011,2011,"H306,","CRSH,",7,"H3,","H,",YARD,New Jersey,40.713728,-74.142664,"New Jersey
(40.713728, -74.142664)"
Raking collision,2012:02:CRSH:097957,0,0,0,12155,0,0,0,ESSEX,2/3/2012 0:00,12:45,2012,2012,"S006,","CRSH,",67,"S0,","S,",YARD,New Jersey,40.713728,-74.142664,"New Jersey
(40.713728, -74.142664)"
Derailments,2013:04:CRSH:104384,0,0,1600,27991,0,0,0,ESSEX,4/23/2013 0:00,4:40,2013,2013,"H704,","CRSH,",7,"H7,","H,",YARD,New Jersey,40.713728,-74.142664,"New Jersey
(40.713728, -74.142664)"
Highway-rail impact,2014:07:PATH:I071314,0,3,320047,497935,0,0,0,HUDSON,7/13/2014 0:00,20:20,2014,2014,"M308,","ATK,PATH,",NA,"M3,","M,",MAIN,New Jersey,40.79045,-74.1425,"New Jersey
(40.79045, -74.1425)"
Derailments,2013:11:CRSH:107736,0,0,450,78378,0,0,0,ESSEX,11/13/2013 0:00,13:50,2013,2014,"H312,","CRSH,",76,"H3,","H,",YARD,New Jersey,40.713668,-74.142477,"New Jersey
(40.713668, -74.142477)"
Raking collision,2014:03:CRSH:109521,0,0,780,41982,35,1,0,ESSEX,3/8/2014 0:00,5:00,2014,2014,"T306,","CRSH,",67,"T3,","T,",YARD,New Jersey,40.713668,-74.142477,"New Jersey
(40.713668, -74.142477)"
Raking collision,2014:05:CRSH:110474,0,0,0,66150,10,0,0,ESSEX,5/15/2014 0:00,11:30,2014,2014,"M407,","CRSH,",67,"M4,","M,",YARD,New Jersey,40.713668,-74.142477,"New Jersey
(40.713668, -74.142477)"
Raking collision,2014:06:CRSH:110944,0,0,300,57641,13,1,0,ESSEX,6/19/2014 0:00,20:00,2014,2014,"T305,","CRSH,",76,"T3,","T,",YARD,New Jersey,40.713668,-74.142477,"New Jersey
(40.713668, -74.142477)"
Derailments,2014:07:CRSH:111138,0,0,850,96422,20,9,0,ESSEX,7/1/2014 0:00,20:30,2014,2014,"T305,","CRSH,",7,"T3,","T,",YARD,New Jersey,40.713668,-74.142477,"New Jersey
(40.713668, -74.142477)"
Raking collision,2015:01:CRSH:113847,0,0,150,17103,0,0,0,ESSEX,1/13/2015 0:00,9:10,2015,2015,"S006,","CRSH,",57,"S0,","S,",YARD,New Jersey,40.713668,-74.142477,"New Jersey
(40.713668, -74.142477)"
Derailments,2015:02:CRSH:114609,0,0,25537,19729,0,0,0,ESSEX,2/28/2015 0:00,16:30,2015,2015,"S006,","CRSH,",75,"S0,","S,",YARD,New Jersey,40.713668,-74.142477,"New Jersey
(40.713668, -74.142477)"
Raking collision,2015:04:CRSH:115355,0,0,2000,11000,0,0,0,ESSEX,4/20/2015 0:00,8:20,2015,2015,"H302,","CRSH,NS,",1,"H3,","H,",YARD,New Jersey,40.713668,-74.142477,"New Jersey
(40.713668, -74.142477)"
Derailments,2015:07:CRSH:116614,0,0,3000,67063,12,0,0,ESSEX,7/20/2015 0:00,1:00,2015,2015,"T305,","CRSH,",75,"T3,","T,",YARD,New Jersey,40.713668,-74.142477,"New Jersey
(40.713668, -74.142477)"
Raking collision,2015:08:CRSH:116938,0,0,750,144664,2,2,0,ESSEX,8/13/2015 0:00,10:10,2015,2015,"S006,","CRSH,",76,"S0,","S,",YARD,New Jersey,40.713668,-74.142477,"New Jersey
(40.713668, -74.142477)"
Raking collision,2015:12:CRSH:118505,0,0,1000,28900,0,0,0,ESSEX,12/8/2015 0:00,1:00,2015,2016,"H301,","CRSH,",57,"H3,","H,",YARD,New Jersey,40.713668,-74.142477,"New Jersey
(40.713668, -74.142477)"
Derailments,2016:01:CRSH:119172,0,0,4000,24999,0,0,0,ESSEX,1/30/2016 0:00,4:45,2016,2016,"T110,","CRSH,",1,"T1,","T,",YARD,New Jersey,40.713668,-74.142477,"New Jersey
(40.713668, -74.142477)"
Raking collision,2015:01:CRSH:114011,0,0,2010,46069,0,0,0,ESSEX,1/23/2015 0:00,24:30:00,2015,2015,"T306,","CRSH,",67,"T3,","T,",YARD,New Jersey,40.713686,-74.142477,"New Jersey
(40.713686, -74.142477)"
Raking collision,2015:02:CRSH:114308,0,0,2800,12853,0,0,0,ESSEX,2/11/2015 0:00,3:30,2015,2015,"H306,","CRSH,",75,"H3,","H,",YARD,New Jersey,40.713686,-74.142477,"New Jersey
(40.713686, -74.142477)"
Raking collision,2013:11:CRSH:107751,0,0,0,18802,0,0,0,ESSEX,11/15/2013 0:00,12:45,2013,2014,"S007,","CRSH,",57,"S0,","S,",YARD,New Jersey,40.713668,-74.142447,"New Jersey
(40.713668, -74.142447)"
Derailments,2015:09:ATK:139425,0,0,0,13400,0,0,0,HUDSON,9/4/2015 0:00,5:50,2015,2015,"H704,","ATK,NJTR,",7,"H7,","H,",YARD,New Jersey,40.742073,-74.139213,"New Jersey
(40.742073, -74.139213)"
Derailments,2012:02:ATK:122731,0,0,20000,9500,0,0,0,HUDSON,2/5/2012 0:00,13:15,2012,2012,"H704,","ATK,NJTR,",7,"H7,","H,",YARD,New Jersey,40.742059,-74.139174,"New Jersey
(40.742059, -74.139174)"
Derailments,2012:06:ATK:124554,0,0,0,12454,0,0,0,HUDSON,6/28/2012 0:00,22:45,2012,2012,"H704,","ATK,NJTR,",7,"H7,","H,",YARD,New Jersey,40.742378,-74.137735,"New Jersey
(40.742378, -74.137735)"
Derailments,2016:05:MNJ:MNJ1601,0,0,5000,150000,6,1,0,ORANGE,5/2/2016 0:00,15:15,2016,2016,"H607,H511,","MNJ,",1,"H6,H5,","H,",MAIN,New York,41.313462,-74.13575,"New York
(41.313462, -74.13575)"
Raking collision,2016:01:CRSH:118866,0,0,5000,116784,0,0,0,HUDSON,1/9/2016 0:00,21:30,2016,2016,"H316,","CRSH,",7,"H3,","H,",YARD,New Jersey,40.706713,-74.13466,"New Jersey
(40.706713, -74.13466)"
Other impacts,2014:02:XPHR:INDUSTRY,0,0,5000,30000,0,0,0,UNION,2/5/2014 0:00,16:05,2014,2014,"H702,","ME,",7,"H7,","H,",INDUSTRY,New Jersey,40.382157,-74.134346,"New Jersey
(40.382157, -74.134346)"
Derailments,2011:10:CRSH:096815,0,0,1100,15735,0,0,0,ESSEX,10/27/2011 0:00,16:00,2011,2012,"T210,","CRSH,",7,"T2,","T,",YARD,New Jersey,40.725701,-74.132893,"New Jersey
(40.725701, -74.132893)"
Derailments,2016:08:CRSH:121491,0,0,400,0,0,0,0,ESSEX,8/1/2016 0:00,4:20,2016,2016,"T110,","CRSH,",1,"T1,","T,",YARD,New Jersey,40.70375,-74.132293,"New Jersey
(40.70375, -74.132293)"
Derailments,2011:12:CRSH:097353,0,0,500,27632,0,0,0,ESSEX,12/18/2011 0:00,3:30,2011,2012,"H703,","CRSH,",7,"H7,","H,",INDUSTRY,New Jersey,40.720533,-74.131129,"New Jersey
(40.720533, -74.131129)"
Other events,2012:06:NJTR:201206370,0,0,1688,14307,0,0,0,HUDSON,6/5/2012 0:00,8:00,2012,2012,"M507,","NJTR,",3,"M5,","M,",MAIN,New Jersey,40.743775,-74.127666,"New Jersey
(40.743775, -74.127666)"
Derailments,2015:06:NJTR:201507406,0,0,5792,46000,0,0,0,BERGEN,6/3/2015 0:00,6:00,2015,2015,"T110,","NJTR,",NA,"T1,","T,",YARD,New Jersey,41.022085,-74.125243,"New Jersey
(41.022085, -74.125243)"
Other events,2011:10:ATK:121524,0,0,250000,0,0,0,0,HUDSON,10/11/2011 0:00,14:49,2011,2012,"H599,","ATK,NJTR,",3,"H5,","H,",MAIN,New Jersey,40.768434,-74.123983,"New Jersey
(40.768434, -74.123983)"
Derailments,2015:09:NS:117190,0,0,500,24551,0,0,0,ESSEX,9/1/2015 0:00,4:50,2015,2015,"H306,H303,","NS,",1,"H3,","H,",INDUSTRY,New Jersey,40.753026,-74.118819,"New Jersey
(40.753026, -74.118819)"
Derailments,2011:06:NJTR:201106361,0,0,0,46000,0,0,0,HUDSON,6/10/2011 0:00,19:25,2011,2011,"T113,","NJTR,",8,"T1,","T,",YARD,New Jersey,40.743672,-74.117704,"New Jersey
(40.743672, -74.117704)"
Other events,2015:05:NJTR:201506370,0,0,0,11600,0,0,0,HUDSON,5/15/2015 0:00,14:22,2015,2015,"H702,","NJTR,",NA,"H7,","H,",YARD,New Jersey,40.743637,-74.117508,"New Jersey
(40.743637, -74.117508)"
Other impacts,2013:02:NJTR:201302078,0,0,0,100000,0,0,0,HUDSON,2/4/2013 0:00,5:15,2013,2013,"H302,","NJTR,",NA,"H3,","H,",YARD,New Jersey,40.743843,-74.113024,"New Jersey
(40.743843, -74.113024)"
Other events,2016:01:NJTR:201602071,0,0,0,12800,0,0,0,HUDSON,1/17/2016 0:00,10:00,2016,2016,"H599,","NJTR,",7,"H5,","H,",YARD,New Jersey,40.743538,-74.111951,"New Jersey
(40.743538, -74.111951)"
Derailments,2011:11:NJTR:201111735,0,0,300,12000,0,0,0,HUDSON,11/15/2011 0:00,18:40,2011,2012,"H704,","NJTR,",7,"H7,","H,",YARD,New Jersey,40.743479,-74.111736,"New Jersey
(40.743479, -74.111736)"
Other impacts,2011:07:NJTR:201107449,0,0,0,10746,0,0,0,HUDSON,7/22/2011 0:00,1:10,2011,2011,"H306,","NJTR,",7,"H3,","H,",YARD,New Jersey,40.743628,-74.111479,"New Jersey
(40.743628, -74.111479)"
Other impacts,2015:05:NJTR:201505313,0,0,0,16037,0,0,0,HUDSON,5/24/2015 0:00,9:05,2015,2015,"H310,","NJTR,",7,"H3,","H,",YARD,New Jersey,40.74412,-74.110988,"New Jersey
(40.74412, -74.110988)"
Other events,2013:02:NJTR:201302118,0,0,1475,9825,0,0,0,HUDSON,2/23/2013 0:00,14:45,2013,2013,"H999,","NJTR,",7,"H9,","H,",YARD,New Jersey,40.743802,-74.110041,"New Jersey
(40.743802, -74.110041)"
Other events,2014:07:NJTR:201408485,0,0,3605,12926,0,0,0,HUDSON,7/29/2014 0:00,20:19,2014,2014,"H999,","NJTR,",8,"H9,","H,",YARD,New Jersey,40.744264,-74.109848,"New Jersey
(40.744264, -74.109848)"
Derailments,2013:04:NJTR:201304178,0,0,300,32602,0,0,0,HUDSON,4/4/2013 0:00,9:20,2013,2013,"H704,","NJTR,",NA,"H7,","H,",YARD,New Jersey,40.743446,-74.109647,"New Jersey
(40.743446, -74.109647)"
Other events,2015:08:NJTR:201508487,0,0,1000,11200,0,0,0,HUDSON,8/11/2015 0:00,2:47,2015,2015,"H599,","NJTR,",7,"H5,","H,",YARD,New Jersey,40.743969,-74.109545,"New Jersey
(40.743969, -74.109545)"
Derailments,2014:02:NJTR:201402134,0,0,300,36190,0,0,0,HUDSON,2/14/2014 0:00,7:54,2014,2014,"M101,","NJTR,",NA,"M1,","M,",YARD,New Jersey,40.743904,-74.109365,"New Jersey
(40.743904, -74.109365)"
Derailments,2013:08:NJTR:201309470,0,0,0,26098,0,0,0,HUDSON,8/29/2013 0:00,7:29,2013,2013,"H704,","NJTR,",3,"H7,","H,",YARD,New Jersey,40.743435,-74.109239,"New Jersey
(40.743435, -74.109239)"
Derailments,2014:02:NJTR:201402135,0,0,12293,10800,0,0,0,HUDSON,2/24/2014 0:00,22:15,2014,2014,"H704,","NJTR,",7,"H7,","H,",YARD,New Jersey,40.743959,-74.109135,"New Jersey
(40.743959, -74.109135)"
Derailments,2011:09:NJTR:201110663,0,0,1667,8848,0,0,0,HUDSON,9/30/2011 0:00,21:00,2011,2011,"H702,","NJTR,",7,"H7,","H,",YARD,New Jersey,40.744038,-74.108716,"New Jersey
(40.744038, -74.108716)"
Derailments,2012:07:NJTR:201207445,0,0,19107,53435,0,0,0,HUDSON,7/21/2012 0:00,19:38,2012,2012,"H601,","NJTR,",7,"H6,","H,",YARD,New Jersey,40.743441,-74.108263,"New Jersey
(40.743441, -74.108263)"
Other events,2012:08:NJTR:201208515,0,0,0,10044,0,0,0,HUDSON,8/11/2012 0:00,11:30,2012,2012,"H599,","NJTR,",7,"H5,","H,",YARD,New Jersey,40.744404,-74.108137,"New Jersey
(40.744404, -74.108137)"
Derailments,2016:01:NJTR:201602072,0,0,2680,22705,0,0,0,HUDSON,1/18/2016 0:00,19:15,2016,2016,"H704,","NJTR,",7,"H7,","H,",YARD,New Jersey,40.744233,-74.108078,"New Jersey
(40.744233, -74.108078)"
Derailments,2013:10:NJTR:201310548,0,0,2500,10000,0,0,0,HUDSON,10/4/2013 0:00,18:19,2013,2014,"H601,","NJTR,",7,"H6,","H,",YARD,New Jersey,40.743418,-74.107501,"New Jersey
(40.743418, -74.107501)"
Other events,2013:09:NJTR:201310543,0,0,425,44697,0,0,0,HUDSON,9/24/2013 0:00,21:20,2013,2013,"H101,","NJTR,",7,"H1,","H,",YARD,New Jersey,40.744392,-74.107268,"New Jersey
(40.744392, -74.107268)"
Derailments,2011:12:NJTR:201112821,0,0,1015,10152,0,0,0,HUDSON,12/21/2011 0:00,1:15,2011,2012,"H702,","NJTR,",7,"H7,","H,",YARD,New Jersey,40.744481,-74.106329,"New Jersey
(40.744481, -74.106329)"
Other events,2014:05:NJTR:201405319,0,0,0,25000,0,0,0,HUDSON,5/13/2014 0:00,21:40,2014,2014,"H599,","NJTR,",8,"H5,","H,",YARD,New Jersey,40.744485,-74.105946,"New Jersey
(40.744485, -74.105946)"
Other events,2013:10:NJTR:201310593,0,0,1350,11383,0,0,0,HUDSON,10/21/2013 0:00,9:30,2013,2014,"H702,","NJTR,",7,"H7,","H,",YARD,New Jersey,40.744485,-74.105935,"New Jersey
(40.744485, -74.105935)"
Other events,2014:09:NJTR:201410559,0,0,0,12801,0,0,0,HUDSON,9/9/2014 0:00,20:45,2014,2014,"H702,","NJTR,",NA,"H7,","H,",YARD,New Jersey,40.74456,-74.105704,"New Jersey
(40.74456, -74.105704)"
Derailments,2015:12:NJTR:201512672,0,0,0,11000,0,0,0,HUDSON,12/9/2015 0:00,21:15,2015,2016,"H401,","NJTR,",7,"H4,","H,",YARD,New Jersey,40.743261,-74.105691,"New Jersey
(40.743261, -74.105691)"
Derailments,2012:11:NJTR:201211713,0,0,432,20000,0,0,0,HUDSON,11/19/2012 0:00,9:40,2012,2013,"H704,","NJTR,",8,"H7,","H,",YARD,New Jersey,40.744156,-74.105262,"New Jersey
(40.744156, -74.105262)"
Derailments,2012:05:NJTR:201205315,0,0,0,16273,0,0,0,HUDSON,5/23/2012 0:00,12:10,2012,2012,"H020,","NJTR,",7,"H0,","H,",YARD,New Jersey,40.743451,-74.105119,"New Jersey
(40.743451, -74.105119)"
Other impacts,2012:08:NJTR:201208489,0,0,0,37367,0,0,0,HUDSON,8/4/2012 0:00,24:35:00,2012,2012,"H302,","NJTR,",8,"H3,","H,",YARD,New Jersey,40.743396,-74.104119,"New Jersey
(40.743396, -74.104119)"
Derailments,2011:12:NJTR:201208478,0,0,0,25000,0,0,0,HUDSON,12/22/2011 0:00,15:00,2011,2012,"E49C,","NJTR,",7,"E4,","E,",YARD,New Jersey,40.743408,-74.104119,"New Jersey
(40.743408, -74.104119)"
Other events,2012:07:NJTR:201207443,0,0,1473,11412,0,0,0,HUDSON,7/18/2012 0:00,3:55,2012,2012,"H607,","NJTR,",7,"H6,","H,",YARD,New Jersey,40.744569,-74.103902,"New Jersey
(40.744569, -74.103902)"
Derailments,2015:05:NJTR:201505302,0,0,1728,12000,0,0,0,HUDSON,5/6/2015 0:00,2:50,2015,2015,"H310,","NJTR,",7,"H3,","H,",YARD,New Jersey,40.743865,-74.103835,"New Jersey
(40.743865, -74.103835)"
Highway-rail impact,2013:06:NJTR:201306321,0,7,0,305200,0,0,0,BERGEN,6/21/2013 0:00,11:58,2013,2013,"M303,","NJTR,",3,"M3,","M,",MAIN,New Jersey,40.864799,-74.103658,"New Jersey
(40.864799, -74.103658)"
Derailments,2012:04:NJTR:201204199,0,0,285,12900,0,0,0,HUDSON,4/2/2012 0:00,21:55,2012,2012,"H607,","NJTR,",8,"H6,","H,",YARD,New Jersey,40.74411,-74.103646,"New Jersey
(40.74411, -74.103646)"
Derailments,2011:12:NJTR:201112789,0,0,300,12000,0,0,0,HUDSON,12/4/2011 0:00,18:30,2011,2012,"H704,","NJTR,",7,"H7,","H,",YARD,New Jersey,40.743496,-74.103456,"New Jersey
(40.743496, -74.103456)"
Other impacts,2013:01:NJTR:201301017,0,0,0,10426,0,0,0,HUDSON,1/10/2013 0:00,12:05,2013,2013,"H399,","NJTR,",7,"H3,","H,",YARD,New Jersey,40.744152,-74.103127,"New Jersey
(40.744152, -74.103127)"
Other events,2014:04:NJTR:201404266,0,0,0,15923,0,0,0,HUDSON,4/4/2014 0:00,21:00,2014,2014,"H599,","NJTR,",7,"H5,","H,",YARD,New Jersey,40.743841,-74.102384,"New Jersey
(40.743841, -74.102384)"
Derailments,2016:07:NJTR:201607370,0,0,13818,367000,0,0,0,HUDSON,7/11/2016 0:00,23:25,2016,2016,"H704,","NJTR,",7,"H7,","H,",YARD,New Jersey,40.744383,-74.10194,"New Jersey
(40.744383, -74.10194)"
Raking collision,2011:10:CSQZ:INDUSTRY,0,0,3000,264989,2,0,0,HUDSON,10/21/2011 0:00,19:10,2011,2012,"T311,","CSX,",1,"T3,","T,",YARD,New Jersey,40.742633,-74.101231,"New Jersey
(40.742633, -74.101231)"
Derailments,2015:09:NJTR:201509547,0,0,4700,29200,0,0,0,HUDSON,9/20/2015 0:00,21:20,2015,2015,"T113,","NJTR,",8,"T1,","T,",YARD,New Jersey,40.744363,-74.101131,"New Jersey
(40.744363, -74.101131)"
Derailments,2016:03:CSQZ:INDUSTRY,0,0,8690,6509,0,0,0,HUDSON,3/5/2016 0:00,6:24,2016,2016,"H704,","CSX,",1,"H7,","H,",YARD,New Jersey,40.74302,-74.100029,"New Jersey
(40.74302, -74.100029)"
Derailments,2012:04:SNY:042512,0,0,42000,50000,0,0,0,ALBANY,4/25/2012 0:00,8:55,2012,2012,"T001,","SNY,",1,"T0,","T,",MAIN,New York,42.720912,-74.078321,"New York
(42.720912, -74.078321)"
Other impacts,2014:10:PATH:I100114,0,0,42926,21683,0,0,0,HUDSON,10/1/2014 0:00,9:02,2014,2015,"H607,H602,","PATH,",NA,"H6,","H,",MAIN,New Jersey,40.728157,-74.077642,"New Jersey
(40.728157, -74.077642)"
Fire/violent rupture,2013:10:PATH:I102213,0,0,1000,14081,0,0,0,HUDSON,10/22/2013 0:00,5:08,2013,2014,"M206,M406,","PATH,",4,"M2,M4,","M,",MAIN,New Jersey,40.728157,-74.077641,"New Jersey
(40.728157, -74.077641)"
Other impacts,2013:11:PATH:I110713,0,0,0,25689,0,0,0,HUDSON,11/7/2013 0:00,14:00,2013,2014,"H599,","PATH,",NA,"H5,","H,",YARD,New Jersey,40.728157,-74.077641,"New Jersey
(40.728157, -74.077641)"
Derailments,2015:10:NS:117965,0,0,0,12164,0,0,0,HUDSON,10/28/2015 0:00,16:40,2015,2016,"T311,","NS,",1,"T3,","T,",YARD,New Jersey,40.760342,-74.069795,"New Jersey
(40.760342, -74.069795)"