AccidentType,inckey,Fatalities,Injuries,TrackDamage,EquipmentDamage,HazmatCars,HazmatCarsDerailed,HazmatCarsReleasing,County,DisplayDate,DisplayTime,calendar,Fiscal,AccidentCause,RailroadCodes,RAILEQUIPMENT_TYPE,CauseGroup,CauseDiscipline,TYPE_OF_TRACK,StateName,latitude,longitude,GeoLocation
Derailments,2015:11:NS:118031,0,0,1755,30452,0,0,0,HUDSON,11/2/2015 0:00,10:36,2015,2016,"H702,","NS,",7,"H7,","H,",YARD,New Jersey,40.75616,-74.068155,"New Jersey
(40.75616, -74.068155)"
Derailments,2015:02:NJTR:201502075,0,0,0,66684,0,0,0,HUDSON,2/15/2015 0:00,9:22,2015,2015,"H221,","NJTR,",3,"H2,","H,",MAIN,New Jersey,40.743582,-74.067676,"New Jersey
(40.743582, -74.067676)"
Other events,2014:01:NJTR:201401052,0,0,565,13144,0,0,0,HUDSON,1/14/2014 0:00,15:46,2014,2014,"H599,","NJTR,",3,"H5,","H,",MAIN,New Jersey,40.742039,-74.067056,"New Jersey
(40.742039, -74.067056)"
Derailments,2013:10:NS:106921,0,0,1200,16800,0,0,0,HUDSON,10/25/2013 0:00,12:20,2013,2014,"T108,","NS,",1,"T1,","T,",YARD,New Jersey,40.74917,-74.065472,"New Jersey
(40.74917, -74.065472)"
Derailments,2012:12:NS:102626,0,0,0,17725,0,0,0,HUDSON,12/20/2012 0:00,18:00,2012,2013,"H514,","NS,",1,"H5,","H,",YARD,New Jersey,40.750365,-74.065402,"New Jersey
(40.750365, -74.065402)"
Derailments,2012:01:PATH:I010712,0,0,3245,10780,1,1,0,HUDSON,1/7/2012 0:00,12:00,2012,2012,"M204,","PATH,",NA,"M2,","M,",MAIN,New Jersey,40.727728,-74.063576,"New Jersey
(40.727728, -74.063576)"
Other impacts,2014:06:PATH:I060914,0,1,20925,30132,0,0,0,HUDSON,6/9/2014 0:00,9:04,2014,2014,"H599,","PATH,",NA,"H5,","H,",YARD,New Jersey,40.725711,-74.06166,"New Jersey
(40.725711, -74.06166)"
Derailments,2013:09:PATH:I090513,0,0,248872,7667,0,0,0,HUDSON,9/5/2013 0:00,23:06,2013,2013,"M599,","PATH,",4,"M5,","M,",MAIN,New Jersey,40.725711,-74.061066,"New Jersey
(40.725711, -74.061066)"
Other events,2013:03:ATK:127676,0,0,0,13027,0,0,0,HUDSON,3/22/2013 0:00,18:52,2013,2013,"E78L,","ATK,",2,"E7,","E,",MAIN,New Jersey,40.752768,-74.059353,"New Jersey
(40.752768, -74.059353)"
Derailments,2013:02:PATH:I022413,0,0,8525,4957,0,0,0,HUDSON,2/24/2013 0:00,10:30,2013,2013,"M204,","PATH,",NA,"M2,","M,",MAIN,New Jersey,40.722803,-74.056778,"New Jersey
(40.722803, -74.056778)"
Other events,2015:07:ATK:138298,0,0,0,11000,0,0,0,HUDSON,7/16/2015 0:00,10:20,2015,2015,"E78L,","ATK,NJTR,",3,"E7,","E,",MAIN,New Jersey,40.77107,-74.054045,"New Jersey
(40.77107, -74.054045)"
Other events,2015:10:PATH:I100215,1,0,0,0,0,0,0,HUDSON,10/2/2015 0:00,21:37,2015,2016,"M509,M399,","PATH,",NA,"M5,M3,","M,",MAIN,New Jersey,40.745319,-74.053512,"New Jersey
(40.745319, -74.053512)"
Derailments,2016:01:NJTR:201601030,0,0,1000,10000,0,0,0,OCEAN,1/5/2016 0:00,16:30,2016,2016,"T223,","NJTR,",3,"T2,","T,",YARD,New Jersey,40.075069,-74.052753,"New Jersey
(40.075069, -74.052753)"
Other impacts,2014:03:NYSW:14030501,0,0,0,16549,0,0,0,HUDSON,3/5/2014 0:00,10:00,2014,2014,"H995,","NYSW,",16,"H9,","H,",MAIN,New Jersey,40.760509,-74.052483,"New Jersey
(40.760509, -74.052483)"
Derailments,2014:02:NJTR:201402092,0,0,4816,8200,0,0,0,OCEAN,2/6/2014 0:00,20:00,2014,2014,"T113,","NJTR,",3,"T1,","T,",YARD,New Jersey,40.075012,-74.051525,"New Jersey
(40.075012, -74.051525)"
Derailments,2015:08:NJTR:201508494,0,0,750,25000,0,0,0,OCEAN,8/19/2015 0:00,22:20,2015,2015,"T312,","NJTR,",7,"T3,","T,",YARD,New Jersey,40.075467,-74.048055,"New Jersey
(40.075467, -74.048055)"
Derailments,2012:02:GRS:441,0,0,8588,77382,0,0,0,SCHENECTADY,2/28/2012 0:00,10:05,2012,2012,"T217,","CSX,GRS,",1,"T2,","T,",YARD,New York,42.871526,-74.047919,"New York
(42.871526, -74.047919)"
Derailments,2014:08:NJTR:201410568,0,0,0,41217,0,0,0,OCEAN,8/5/2014 0:00,9:40,2014,2014,"M507,","NJTR,",NA,"M5,","M,",YARD,New Jersey,40.07658,-74.046262,"New Jersey
(40.07658, -74.046262)"
Other events,2014:11:ATK:135259,0,0,0,21849,0,0,0,HUDSON,11/18/2014 0:00,7:00,2014,2015,"E78L,","ATK,",2,"E7,","E,",MAIN,New Jersey,40.772612,-74.044225,"New Jersey
(40.772612, -74.044225)"
Derailments,2014:10:NJTR:201410572,0,0,47000,122000,0,0,0,HUDSON,10/6/2014 0:00,20:43,2014,2015,"T314,","NJTR,",NA,"T3,","T,",MAIN,New Jersey,40.735235,-74.039211,"New Jersey
(40.735235, -74.039211)"
Derailments,2012:10:NJTR:201210638,0,1,300,10000,0,0,0,HUDSON,10/8/2012 0:00,7:00,2012,2013,"H704,","NJTR,",8,"H7,","H,",YARD,New Jersey,40.735649,-74.038386,"New Jersey
(40.735649, -74.038386)"
Derailments,2012:05:NJTR:201205279,0,0,5878,6390,0,0,0,HUDSON,5/7/2012 0:00,3:41,2012,2012,"H704,","NJTR,",7,"H7,","H,",YARD,New Jersey,40.735413,-74.037992,"New Jersey
(40.735413, -74.037992)"
Other events,2015:04:NJTR:201505301,0,0,0,11000,0,0,0,HUDSON,4/27/2015 0:00,1:50,2015,2015,"H999,","NJTR,",7,"H9,","H,",YARD,New Jersey,40.735762,-74.037629,"New Jersey
(40.735762, -74.037629)"
Derailments,2015:08:NJTR:201508474,0,0,3521,55500,0,0,0,HUDSON,8/4/2015 0:00,12:50,2015,2015,"H704,","NJTR,",7,"H7,","H,",YARD,New Jersey,40.735919,-74.036891,"New Jersey
(40.735919, -74.036891)"
Derailments,2014:10:NJTR:201410615,0,0,1500,12000,0,0,0,HUDSON,10/27/2014 0:00,24:05:00,2014,2015,"H704,","NJTR,",7,"H7,","H,",YARD,New Jersey,40.734708,-74.036647,"New Jersey
(40.734708, -74.036647)"
Derailments,2011:09:NJTR:201109616,0,0,6778,15000,0,0,0,HUDSON,9/25/2011 0:00,20:35,2011,2011,"E49C,","NJTR,",3,"E4,","E,",MAIN,New Jersey,40.735726,-74.035926,"New Jersey
(40.735726, -74.035926)"
Other events,2012:06:NJTR:201206371,0,0,2775,13766,0,0,0,HUDSON,6/14/2012 0:00,13:25,2012,2012,"H999,","NJTR,",3,"H9,","H,",MAIN,New Jersey,40.739429,-74.035422,"New Jersey
(40.739429, -74.035422)"
Other events,2012:01:NJTR:201202078,0,0,15483,0,0,0,0,MONMOUTH,1/28/2012 0:00,10:15,2012,2012,"H999,","NJTR,",4,"H9,","H,",MAIN,New Jersey,40.151328,-74.035277,"New Jersey
(40.151328, -74.035277)"
Derailments,2013:10:NJTR:201310581,0,0,1500,99617,0,0,0,HUDSON,10/10/2013 0:00,7:45,2013,2014,"H310,","NJTR,",7,"H3,","H,",MAIN,New Jersey,40.734151,-74.034568,"New Jersey
(40.734151, -74.034568)"
Derailments,2015:10:NJTR:201511592,0,0,2570,61479,0,0,0,HUDSON,10/25/2015 0:00,15:30,2015,2016,"H704,","NJTR,",7,"H7,","H,",YARD,New Jersey,40.734537,-74.034162,"New Jersey
(40.734537, -74.034162)"
Other events,2012:10:NJTR:201302079,0,0,0,17372,0,0,0,HUDSON,10/17/2012 0:00,20:20,2012,2013,"H999,","NJTR,",3,"H9,","H,",MAIN,New Jersey,40.734741,-74.034089,"New Jersey
(40.734741, -74.034089)"
Derailments,2015:12:NJTR:201512681,0,0,0,16500,0,0,0,HUDSON,12/24/2015 0:00,9:00,2015,2016,"H303,","NJTR,",7,"H3,","H,",YARD,New Jersey,40.735474,-74.032829,"New Jersey
(40.735474, -74.032829)"
Derailments,2014:02:NJTR:201402136,0,0,0,15000,0,0,0,HUDSON,2/14/2014 0:00,8:35,2014,2014,"H704,","NJTR,",7,"H7,","H,",YARD,New Jersey,40.735224,-74.032737,"New Jersey
(40.735224, -74.032737)"
Derailments,2012:06:NJTR:201207429,0,0,1500,38341,0,0,0,HUDSON,6/26/2012 0:00,16:45,2012,2012,"E49C,","NJTR,",7,"E4,","E,",YARD,New Jersey,40.734308,-74.032408,"New Jersey
(40.734308, -74.032408)"
Derailments,2014:09:PATH:I092714,0,0,20439,0,0,0,0,HUDSON,9/27/2014 0:00,1:48,2014,2014,"M599,M399,","PATH,",4,"M5,M3,","M,",MAIN,New Jersey,40.743991,-74.032363,"New Jersey
(40.743991, -74.032363)"
Derailments,2012:03:NJTR:201203170,0,0,21000,25000,0,0,0,HUDSON,3/14/2012 0:00,5:00,2012,2012,"M204,","NJTR,",4,"M2,","M,",MAIN,New Jersey,40.734734,-74.031557,"New Jersey
(40.734734, -74.031557)"
Side collision,2014:04:NJTR:201404259,0,3,0,263805,0,0,0,HUDSON,4/11/2014 0:00,20:00,2014,2014,"H221,","NJTR,",NA,"H2,","H,",MAIN,New Jersey,40.734993,-74.031482,"New Jersey
(40.734993, -74.031482)"
Head on collision,2013:04:NJTR:201304180,0,1,2037,18433,0,0,0,HUDSON,4/6/2013 0:00,1:24,2013,2013,"H221,H605,","NJTR,",NA,"H2,H6,H2,H6,","H,",MAIN,New Jersey,40.735051,-74.030697,"New Jersey
(40.735051, -74.030697)"
Obstruction impact,2015:06:NJTR:201506320,0,1,1502,22300,0,0,0,HUDSON,6/2/2015 0:00,5:14,2015,2015,"H221,","NJTR,",NA,"H2,","H,",MAIN,New Jersey,40.735263,-74.028627,"New Jersey
(40.735263, -74.028627)"
Side collision,2012:10:CSX:000109406,0,0,0,26080,0,0,0,HUDSON,10/21/2012 0:00,17:45,2012,2013,"H302,","CSX,",5,"H3,","H,",YARD,New Jersey,40.785471,-74.028404,"New Jersey
(40.785471, -74.028404)"
Derailments,2013:07:CSX:000118124,0,0,1000,32404,0,0,0,HUDSON,7/7/2013 0:00,18:30,2013,2013,"H504,H508,","CSX,",7,"H5,","H,",YARD,New Jersey,40.785471,-74.028404,"New Jersey
(40.785471, -74.028404)"
Derailments,2014:01:CSQZ:INDUSTRY,0,0,500,86522,0,0,0,HUDSON,1/5/2014 0:00,2:20,2014,2014,"T220,","CSX,",7,"T2,","T,",YARD,New Jersey,40.785471,-74.028404,"New Jersey
(40.785471, -74.028404)"
Other events,2012:03:ATK:123104,0,0,500,57246,0,0,0,NEW YORK,3/6/2012 0:00,5:44,2012,2012,"T404,","ATK,NJTR,",NA,"T4,","T,",MAIN,New York,40.761886,-74.025278,"New York
(40.761886, -74.025278)"
Derailments,2016:03:CRSH:119790,0,0,5000,25132,0,0,0,BERGEN,3/17/2016 0:00,22:45,2016,2016,"T110,","CRSH,",7,"T1,","T,",YARD,New Jersey,40.828298,-74.023741,"New Jersey
(40.828298, -74.023741)"
Other impacts,2013:02:GRS:742,0,0,768,334788,0,0,0,SCHENECTADY,2/7/2013 0:00,19:45,2013,2013,"H020,","GRS,",6,"H0,","H,",YARD,New York,42.51225,-74.00629,"New York
(42.51225, -74.00629)"
Derailments,2011:05:ATK:119656,0,2,260400,112224,0,0,0,NEW YORK,5/8/2011 0:00,13:01,2011,2011,"T202,","ATK,",2,"T2,","T,",MAIN,New York,40.714353,-74.005973,"New York
(40.714353, -74.005973)"
Fire/violent rupture,2011:07:ATK:120539,0,0,12000,667000,0,0,0,QUEENS,7/24/2011 0:00,14:38,2011,2011,"M406,","ATK,",2,"M4,","M,",YARD,New York,40.714353,-74.005973,"New York
(40.714353, -74.005973)"
Derailments,2011:08:ATK:120752,0,1,15000,296000,0,0,0,QUEENS,8/11/2011 0:00,15:39,2011,2011,"T199,","ATK,",NA,"T1,","T,",YARD,New York,40.714353,-74.005973,"New York
(40.714353, -74.005973)"
Derailments,2011:10:ATK:121330,0,0,2000,9819,0,0,0,QUEENS,10/4/2011 0:00,11:45,2011,2012,"T223,","ATK,",2,"T2,","T,",YARD,New York,40.714353,-74.005973,"New York
(40.714353, -74.005973)"
Derailments,2011:10:ATK:121580,0,0,500,18861,0,0,0,QUEENS,10/25/2011 0:00,6:50,2011,2012,"T301,","ATK,",7,"T3,","T,",YARD,New York,40.714353,-74.005973,"New York
(40.714353, -74.005973)"
Derailments,2012:08:ATK:124870,0,0,1000,12600,0,0,0,QUEENS,8/1/2012 0:00,10:30,2012,2012,"T113,","ATK,",7,"T1,","T,",YARD,New York,40.714353,-74.005973,"New York
(40.714353, -74.005973)"
Other events,2013:03:ATK:127392,0,0,1000,16000,0,0,0,QUEENS,3/1/2013 0:00,1:53,2013,2013,"E78L,","ATK,",7,"E7,","E,",MAIN,New York,40.714353,-74.005973,"New York
(40.714353, -74.005973)"
Fire/violent rupture,2014:01:PATH:I010314,0,0,0,35706,0,0,0,HUDSON,1/3/2014 0:00,9:28,2014,2014,"E74L,","PATH,",NA,"E7,","E,",MAIN,New Jersey,40.719704,-74.005221,"New Jersey
(40.719704, -74.005221)"
Derailments,2015:09:LI:EQ20150904,0,0,15000,636136,0,0,0,NEW YORK,9/23/2015 0:00,16:37,2015,2015,"T108,","LI,",NA,"T1,","T,",YARD,New York,40.754158,-74.003346,"New York
(40.754158, -74.003346)"
Derailments,2011:08:ATK:120711,0,0,0,83796,0,0,0,NEW YORK,8/9/2011 0:00,8:00,2011,2011,"E49C,","ATK,NJTR,",3,"E4,","E,",MAIN,New York,40.753597,-74.000902,"New York
(40.753597, -74.000902)"
Derailments,2011:11:LI:EQ20111101,0,0,1000,11000,0,0,0,NEW YORK,11/20/2011 0:00,14:15,2011,2012,"H605,","LI,",NA,"H6,","H,",YARD,New York,40.753566,-74.000191,"New York
(40.753566, -74.000191)"
Other events,2015:10:ATK:139799,0,0,1000,34704,0,0,0,NEW YORK,10/21/2015 0:00,1:00,2015,2016,"T404,","ATK,NJTR,",NA,"T4,","T,",MAIN,New York,40.752117,-73.997657,"New York
(40.752117, -73.997657)"
Derailments,2015:01:MNCW:2015012852,0,0,146736,149178,0,0,0,NEW YORK,1/28/2015 0:00,17:20,2015,2015,"T220,","MNCW,",3,"T2,","T,",YARD,New York,40.752998,-73.997056,"New York
(40.752998, -73.997056)"
Other events,2015:12:PATH:I120515,1,0,0,0,0,0,0,NEW YORK,12/5/2015 0:00,24:28:00,2015,2016,"M509,M399,","PATH,",NA,"M5,M3,","M,",MAIN,New York,40.737086,-73.99703,"New York
(40.737086, -73.99703)"
Derailments,2015:03:LI:EQ20150307,0,0,5000,20000,0,0,0,NEW YORK,3/22/2015 0:00,15:32,2015,2015,"H305,","LI,",NA,"H3,","H,",YARD,New York,40.75127,-73.995233,"New York
(40.75127, -73.995233)"
Fire/violent rupture,2014:09:PATH:I092114,0,3,200777,0,0,0,0,NEW YORK,9/21/2014 0:00,15:20,2014,2014,"M406,","PATH,",NA,"M4,","M,",MAIN,New York,40.740428,-73.994628,"New York
(40.740428, -73.994628)"
Other impacts,2014:12:CSX:000139277,0,0,0,17223,0,0,0,SCHENECTADY,12/23/2014 0:00,16:07,2014,2015,"H306,","CSX,",15,"H3,","H,",YARD,New York,42.787217,-73.993798,"New York
(42.787217, -73.993798)"
Other events,2012:01:ATK:122413,0,0,200,20000,0,0,0,QUEENS,1/11/2012 0:00,6:40,2012,2012,"T404,","ATK,",2,"T4,","T,",MAIN,New York,40.75058,-73.99358,"New York
(40.75058, -73.99358)"
Other events,2014:04:ATK:132541,0,0,8000,11079,0,0,0,NEW YORK,4/24/2014 0:00,6:20,2014,2014,"T404,","ATK,",2,"T4,","T,",MAIN,New York,40.75058,-73.99358,"New York
(40.75058, -73.99358)"
Other events,2011:09:ATK:121192,0,0,500,54882,0,0,0,NEW YORK,9/22/2011 0:00,9:01,2011,2011,"E78L,","ATK,NJTR,",3,"E7,","E,",MAIN,New York,40.762731,-73.99353,"New York
(40.762731, -73.99353)"
Derailments,2013:06:ATK:128778,0,0,600000,578021,0,0,0,NEW YORK,6/17/2013 0:00,17:58,2013,2013,"T399,","ATK,LI,",NA,"T3,","T,",MAIN,New York,40.75002,-73.993255,"New York
(40.75002, -73.993255)"
Other events,2014:01:ATK:131517,0,0,0,11632,0,0,0,NEW YORK,1/28/2014 0:00,20:49,2014,2014,"M505,","ATK,",2,"M5,","M,",MAIN,New York,40.749972,-73.992341,"New York
(40.749972, -73.992341)"
Other events,2013:05:ATK:128382,0,0,2000,10857,0,0,0,QUEENS,5/21/2013 0:00,19:18,2013,2013,"E78L,","ATK,",2,"E7,","E,",MAIN,New York,40.749972,-73.9888,"New York
(40.749972, -73.9888)"
Derailments,2014:07:NJTR:201407403,0,0,13746,20737,0,0,0,MONMOUTH,7/1/2014 0:00,1:28,2014,2014,"H704,","NJTR,",7,"H7,","H,",YARD,New Jersey,40.292915,-73.988474,"New Jersey
(40.292915, -73.988474)"
Other events,2011:10:NJTR:201110664,0,0,0,22305,0,0,0,MONMOUTH,10/10/2011 0:00,3:30,2011,2012,"H526,","NJTR,",4,"H5,","H,",MAIN,New Jersey,40.295362,-73.988435,"New Jersey
(40.295362, -73.988435)"
Derailments,2014:01:NJTR:201402069,0,0,1722,9100,0,0,0,MONMOUTH,1/30/2014 0:00,11:50,2014,2014,"H704,","NJTR,",7,"H7,","H,",YARD,New Jersey,40.295683,-73.988239,"New Jersey
(40.295683, -73.988239)"
Derailments,2015:03:MNCW:2015031404,0,0,450000,7414,0,0,0,DUTCHESS,3/14/2015 0:00,2:08,2015,2015,"E65C,H995,","CSX,MNCW,",1,"E6,H9,E6,H9,","E,H,E,H,",MAIN,New York,41.493459,-73.982104,"New York
(41.493459, -73.982104)"
Other events,2015:01:ATK:135959,0,0,0,11381,0,0,0,NEW YORK,1/15/2015 0:00,14:45,2015,2015,"E78L,","ATK,",2,"E7,","E,",MAIN,New York,40.746834,-73.981977,"New York
(40.746834, -73.981977)"
Derailments,2013:12:CSX:000123491,0,0,500,27902,0,0,0,ROCKLAND,12/7/2013 0:00,22:25,2013,2014,"T220,T111,","CSX,",1,"T2,T1,","T,",YARD,New York,41.203679,-73.97909,"New York
(41.203679, -73.97909)"
Derailments,2012:08:LI:EQ20120802,0,0,500,115000,0,0,0,KINGS,8/15/2012 0:00,15:20,2012,2012,"M507,","LI,",NA,"M5,","M,",MAIN,New York,40.684505,-73.977173,"New York
(40.684505, -73.977173)"
Derailments,2011:07:MNCW:2011071118,0,0,5700,25946,0,0,0,NEW YORK,7/11/2011 0:00,18:05,2011,2011,"T111,","MNCW,",2,"T1,","T,",MAIN,New York,40.76223,-73.9702,"New York
(40.76223, -73.9702)"
Other events,2015:12:ATK:140587,0,0,75000,0,0,0,0,QUEENS,12/9/2015 0:00,13:05,2015,2016,"T404,","ATK,",8,"T4,","T,",YARD,New York,40.741221,-73.955983,"New York
(40.741221, -73.955983)"
Derailments,2014:06:ATK:133185,0,0,0,20000,0,0,0,QUEENS,6/15/2014 0:00,20:30,2014,2014,"T110,","ATK,",7,"T1,","T,",YARD,New York,40.741079,-73.955755,"New York
(40.741079, -73.955755)"
Obstruction impact,2015:09:ATK:139330,0,0,0,126987,0,0,0,DUTCHESS,9/21/2015 0:00,24:50:00,2015,2015,"H402,","ATK,",29,"H4,","H,",MAIN,New York,41.932837,-73.944683,"New York
(41.932837, -73.944683)"
Derailments,2013:05:ATK:128422,0,0,0,36525,0,0,0,QUEENS,5/26/2013 0:00,17:05,2013,2013,"H303,","ATK,",8,"H3,","H,",YARD,New York,40.746899,-73.936551,"New York
(40.746899, -73.936551)"
Highway-rail impact,2011:07:LI:GR20110701,0,1,300,12000,0,0,0,QUEENS,7/20/2011 0:00,8:32,2011,2011,"M304,","LI,",2,"M3,","M,",MAIN,New York,40.730053,-73.935239,"New York
(40.730053, -73.935239)"
Other events,2012:10:ATK:125633,0,0,0,13608,0,0,0,NEW YORK,10/3/2012 0:00,16:20,2012,2013,"T404,","ATK,NJTR,",3,"T4,","T,",YARD,New York,40.748129,-73.932256,"New York
(40.748129, -73.932256)"
Derailments,2013:01:ATK:126627,0,0,14226,45770,0,0,0,QUEENS,1/2/2013 0:00,4:30,2013,2013,"H303,","ATK,",8,"H3,","H,",YARD,New York,40.749126,-73.931229,"New York
(40.749126, -73.931229)"
Obstruction impact,2014:09:ATK:134295,0,2,0,20000,0,0,0,QUEENS,9/3/2014 0:00,5:10,2014,2014,"H402,","ATK,",NA,"H4,","H,",YARD,New York,40.749029,-73.931143,"New York
(40.749029, -73.931143)"
Other events,2013:01:ATK:127107,0,0,0,10175,0,0,0,NEW YORK,1/23/2013 0:00,2:02,2013,2013,"T404,","ATK,NJTR,",3,"T4,","T,",YARD,New York,40.748911,-73.930934,"New York
(40.748911, -73.930934)"
Derailments,2013:09:ATK:129974,0,0,0,10000,0,0,0,NEW YORK,9/20/2013 0:00,8:30,2013,2013,"H303,","ATK,NJTR,",NA,"H3,","H,",YARD,New York,40.749533,-73.930392,"New York
(40.749533, -73.930392)"
Other events,2011:08:ATK:120933,0,0,0,23000,0,0,0,QUEENS,8/30/2011 0:00,17:11,2011,2011,"E78L,","ATK,",7,"E7,","E,",YARD,New York,40.742635,-73.930104,"New York
(40.742635, -73.930104)"
Other events,2011:09:ATK:121017,0,0,0,17752,0,0,0,NEW YORK,9/6/2011 0:00,24:30:00,2011,2011,"T109,","ATK,NJTR,",NA,"T1,","T,",YARD,New York,40.751443,-73.929244,"New York
(40.751443, -73.929244)"
Obstruction impact,2013:01:ATK:127179,0,0,0,32553,0,0,0,NEW YORK,1/29/2013 0:00,8:10,2013,2013,"M404,","ATK,NJTR,",NA,"M4,","M,",YARD,New York,40.751524,-73.927088,"New York
(40.751524, -73.927088)"
Derailments,2012:11:ATK:126210,0,0,1200,25000,0,0,0,NEW YORK,11/24/2012 0:00,8:37,2012,2013,"H702,","ATK,",3,"H7,","H,",YARD,New York,40.751469,-73.922893,"New York
(40.751469, -73.922893)"
Derailments,2013:12:MNCW:2013120106,4,82,876090,5000000,0,0,0,BRONX,12/1/2013 0:00,7:20,2013,2014,"H604,H199,","MNCW,",NA,"H6,H1,","H,",MAIN,New York,40.879597,-73.922829,"New York
(40.879597, -73.922829)"
Other events,2015:10:ATK:139563,0,0,0,10885,0,0,0,QUEENS,10/9/2015 0:00,21:30,2015,2016,"E78L,","ATK,",2,"E7,","E,",MAIN,New York,40.780137,-73.918732,"New York
(40.780137, -73.918732)"
Derailments,2013:07:MNCW:2013071844,0,0,869260,33275,0,0,0,BRONX,7/18/2013 0:00,20:29,2013,2013,"T110,","CSX,MNCW,",1,"T1,","T,",MAIN,New York,40.8763,-73.916054,"New York
(40.8763, -73.916054)"
Derailments,2013:08:ATK:129592,0,0,0,43795,0,0,0,QUEENS,8/13/2013 0:00,4:45,2013,2013,"H303,","ATK,",8,"H3,","H,",YARD,New York,40.750784,-73.914278,"New York
(40.750784, -73.914278)"
Highway-rail impact,2015:07:NYA:070815,0,1,0,21553,0,0,0,QUEENS,7/8/2015 0:00,12:38,2015,2015,"H607,","NYA,",1,"H6,","H,",YARD,New York,40.72289,-73.913851,"New York
(40.72289, -73.913851)"
Other events,2011:08:MNCW:2011081411,0,0,0,15000,0,0,0,BRONX,8/14/2011 0:00,24:23:00,2011,2011,"E78L,","MNCW,",NA,"E7,","E,",MAIN,New York,40.83197,-73.9082,"New York
(40.83197, -73.9082)"
Derailments,2014:10:NYA:100714,0,0,1402,10212,0,0,0,QUEENS,10/7/2014 0:00,17:49,2014,2015,"H405,H607,","LI,NYA,",8,"H4,H6,","H,",MAIN,New York,40.714336,-73.904962,"New York
(40.714336, -73.904962)"
Side collision,2015:12:CSX:000155580,0,0,0,22637,0,0,0,BRONX,12/29/2015 0:00,23:27,2015,2016,"H307,","CSX,",67,"H3,","H,",INDUSTRY,New York,40.811928,-73.898171,"New York
(40.811928, -73.898171)"
Derailments,2011:11:CSX:000098110,0,0,3200,23013,3,0,0,BRONX,11/29/2011 0:00,11:48,2011,2012,"H503,H524,","CSX,",7,"H5,","H,",YARD,New York,40.811912,-73.898158,"New York
(40.811912, -73.898158)"
Obstruction impact,2013:01:SNC:SN01172013,0,0,1205,66989,0,0,0,WARREN,1/17/2013 0:00,18:18,2013,2013,"H702,","SNC,",NA,"H7,","H,",SIDING,New York,43.658628,-73.89768,"New York
(43.658628, -73.89768)"
Obstruction impact,2013:08:NYA:081913,0,0,55000,43203,0,0,0,QUEENS,8/19/2013 0:00,12:35,2013,2013,"H996,H509,","NYA,",7,"H9,H5,","H,",YARD,New York,40.708259,-73.89018,"New York
(40.708259, -73.89018)"
Derailments,2011:11:CSX:000097995,0,0,3500,14520,0,0,0,QUEENS,11/23/2011 0:00,1:28,2011,2012,"T220,","CSX,PW,",1,"T2,","T,",YARD,New York,40.719086,-73.885142,"New York
(40.719086, -73.885142)"
Derailments,2012:05:MNCW:2012051806,0,0,5000,183258,0,0,0,WESTCHESTER,5/18/2012 0:00,4:28,2012,2012,"H702,","MNCW,",7,"H7,","H,",YARD,New York,41.187,-73.88193,"New York
(41.187, -73.88193)"
Side collision,2013:10:MNCW:2013101625,0,0,0,61047,0,0,0,WESTCHESTER,10/16/2013 0:00,19:41,2013,2014,"H302,H307,","MNCW,",NA,"H3,","H,",YARD,New York,41.1866,-73.88145,"New York
(41.1866, -73.88145)"
Derailments,2016:04:NYA:042716,0,0,41647,0,0,0,0,QUEENS,4/27/2016 0:00,24:11:00,2016,2016,"H704,H702,","LI,NYA,",1,"H7,","H,",YARD,New York,40.76489,-73.880017,"New York
(40.76489, -73.880017)"
Obstruction impact,2013:10:MNCW:2013102409,0,1,15000,7000,0,0,0,BRONX,10/24/2013 0:00,5:58,2013,2014,"H406,M404,","MNCW,",NA,"H4,M4,","H,M,",MAIN,New York,40.877465,-73.871443,"New York
(40.877465, -73.871443)"
Derailments,2013:03:LI:EQ20130301,0,0,100000,500000,0,0,0,QUEENS,3/18/2013 0:00,21:08,2013,2013,"T214,","LI,",NA,"T2,","T,",MAIN,New York,40.723555,-73.85564,"New York
(40.723555, -73.85564)"
Side collision,2016:01:CSX:000156127,0,0,150,24664,0,0,0,ALBANY,1/17/2016 0:00,1:50,2016,2016,"H316,","CSX,",67,"H3,","H,",YARD,New York,42.565903,-73.854184,"New York
(42.565903, -73.854184)"
Other impacts,2016:03:CSX:000158292,0,0,0,51347,0,0,0,ALBANY,3/17/2016 0:00,19:18,2016,2016,"E06C,","CSX,",5,"E0,","E,",YARD,New York,42.565903,-73.854184,"New York
(42.565903, -73.854184)"
Side collision,2016:04:CSX:000159414,0,0,0,81672,17,0,0,ALBANY,4/30/2016 0:00,20:20,2016,2016,"H306,","CSX,",7,"H3,","H,",YARD,New York,42.565903,-73.854184,"New York
(42.565903, -73.854184)"