AccidentType,inckey,Fatalities,Injuries,TrackDamage,EquipmentDamage,HazmatCars,HazmatCarsDerailed,HazmatCarsReleasing,County,DisplayDate,DisplayTime,calendar,Fiscal,AccidentCause,RailroadCodes,RAILEQUIPMENT_TYPE,CauseGroup,CauseDiscipline,TYPE_OF_TRACK,StateName,latitude,longitude,GeoLocation
Raking collision,2016:05:CSX:000159846,0,0,0,14642,0,0,0,ALBANY,5/18/2016 0:00,7:23,2016,2016,"H607,","CSX,",76,"H6,","H,",YARD,New York,42.565903,-73.854184,"New York
(42.565903, -73.854184)"
Derailments,2016:07:CSX:000160988,0,0,1060,16608,46,0,0,ALBANY,7/1/2016 0:00,2:47,2016,2016,"E21C,","CSX,",71,"E2,","E,",YARD,New York,42.565903,-73.854184,"New York
(42.565903, -73.854184)"
Side collision,2016:07:CSX:000161051,0,0,1060,195593,22,0,0,ALBANY,7/5/2016 0:00,1:50,2016,2016,"H020,H995,","CSX,",716,"H0,H9,H0,H9,H0,H9,","H,",YARD,New York,42.565903,-73.854184,"New York
(42.565903, -73.854184)"
Derailments,2016:07:CSX:000161430,0,0,14221,23854,4,0,0,ALBANY,7/19/2016 0:00,1:36,2016,2016,"M405,","CSX,",61,"M4,","M,",YARD,New York,42.565903,-73.854184,"New York
(42.565903, -73.854184)"
Other impacts,2016:07:CSX:000161469,0,0,0,24000,0,0,0,ALBANY,7/21/2016 0:00,4:30,2016,2016,"S014,","CSX,",5,"S0,","S,",YARD,New York,42.565903,-73.854184,"New York
(42.565903, -73.854184)"
Side collision,2016:08:CSX:000162087,0,0,105039,287353,15,1,0,ALBANY,8/13/2016 0:00,18:50,2016,2016,"H306,","CSX,",71,"H3,","H,",YARD,New York,42.565903,-73.854184,"New York
(42.565903, -73.854184)"
Other impacts,2016:08:CSX:000162400,0,0,0,11090,0,0,0,ALBANY,8/24/2016 0:00,18:28,2016,2016,"H317,","CSX,",5,"H3,","H,",YARD,New York,42.565903,-73.854184,"New York
(42.565903, -73.854184)"
Derailments,2014:03:CSX:000127412,0,0,400,14440,16,0,0,ALBANY,3/19/2014 0:00,2:50,2014,2014,"M599,","CSX,",7,"M5,","M,",YARD,New York,42.564654,-73.85257,"New York
(42.564654, -73.85257)"
Side collision,2014:07:CSX:000132131,0,0,46500,301245,6,3,0,ALBANY,7/14/2014 0:00,20:05,2014,2014,"H305,","CSX,",87,"H3,","H,",YARD,New York,42.564654,-73.85257,"New York
(42.564654, -73.85257)"
Side collision,2014:08:CSX:000134197,0,0,0,18416,3,0,0,ALBANY,8/29/2014 0:00,14:10,2014,2014,"H310,","CSX,",67,"H3,","H,",YARD,New York,42.564654,-73.85257,"New York
(42.564654, -73.85257)"
Other impacts,2015:03:CSX:000143139,0,0,0,40792,0,0,0,ALBANY,3/10/2015 0:00,12:10,2015,2015,"H019,H995,","CSX,",5,"H0,H9,","H,",YARD,New York,42.564654,-73.85257,"New York
(42.564654, -73.85257)"
Other impacts,2015:03:CSX:000143287,0,0,6884,155561,10,1,0,ALBANY,3/19/2015 0:00,4:35,2015,2015,"H702,H994,","CSX,",7,"H7,H9,","H,",YARD,New York,42.564654,-73.85257,"New York
(42.564654, -73.85257)"
Side collision,2015:03:CSX:000143947,0,0,0,12600,0,0,0,ALBANY,3/29/2015 0:00,2:28,2015,2015,"H316,","CSX,",5,"H3,","H,",YARD,New York,42.564654,-73.85257,"New York
(42.564654, -73.85257)"
Derailments,2015:04:CSX:000144316,0,0,1587,63316,1,1,1,ALBANY,4/7/2015 0:00,9:05,2015,2015,"M407,","CSX,",65,"M4,","M,",YARD,New York,42.564654,-73.85257,"New York
(42.564654, -73.85257)"
Derailments,2015:07:CSX:000149635,0,0,2315,62944,4,0,0,ALBANY,7/24/2015 0:00,5:30,2015,2015,"T103,","CSX,",76,"T1,","T,",YARD,New York,42.564654,-73.85257,"New York
(42.564654, -73.85257)"
Side collision,2011:07:CSX:000091412,0,0,100,11200,0,0,0,ALBANY,7/7/2011 0:00,19:20,2011,2011,"H021,","CSX,",6,"H0,","H,",YARD,New York,42.566588,-73.852296,"New York
(42.566588, -73.852296)"
Derailments,2011:08:CSX:000092803,0,0,0,11887,1,1,0,ALBANY,8/12/2011 0:00,2:53,2011,2011,"H317,","CSX,",7,"H3,","H,",YARD,New York,42.566588,-73.852296,"New York
(42.566588, -73.852296)"
Side collision,2011:09:CSX:000094156,0,0,500,15817,7,0,0,ALBANY,9/17/2011 0:00,5:45,2011,2011,"H305,","CSX,",71,"H3,","H,",YARD,New York,42.566588,-73.852296,"New York
(42.566588, -73.852296)"
Side collision,2011:11:CSX:000097592,0,0,50,107380,14,1,0,ALBANY,11/11/2011 0:00,8:35,2011,2012,"H305,","CSX,",17,"H3,","H,",YARD,New York,42.566588,-73.852296,"New York
(42.566588, -73.852296)"
Derailments,2012:02:CSX:000100387,0,0,1600,17169,0,0,0,ALBANY,2/3/2012 0:00,21:50,2012,2012,"E67C,","CSX,",7,"E6,","E,",YARD,New York,42.566588,-73.852296,"New York
(42.566588, -73.852296)"
Other impacts,2012:03:CSX:000101961,0,0,2000,37895,0,0,0,ALBANY,3/22/2012 0:00,23:00,2012,2012,"H306,","CSX,",716,"H3,","H,",YARD,New York,42.566588,-73.852296,"New York
(42.566588, -73.852296)"
Other impacts,2012:04:CSX:000102364,0,0,250,26800,0,0,0,ALBANY,4/4/2012 0:00,18:15,2012,2012,"M105,","CSX,",56,"M1,","M,",YARD,New York,42.566588,-73.852296,"New York
(42.566588, -73.852296)"
Other impacts,2012:04:CSX:000102433,0,0,0,11813,0,0,0,ALBANY,4/7/2012 0:00,19:16,2012,2012,"S014,","CSX,",5,"S0,","S,",YARD,New York,42.566588,-73.852296,"New York
(42.566588, -73.852296)"
Derailments,2012:08:CSX:000106672,0,0,2000,249523,0,0,0,ALBANY,8/6/2012 0:00,6:15,2012,2012,"T305,","CSX,",75,"T3,","T,",YARD,New York,42.566588,-73.852296,"New York
(42.566588, -73.852296)"
Side collision,2012:08:CSX:000106929,0,0,1000,255089,0,0,0,ALBANY,8/12/2012 0:00,20:06,2012,2012,"H399,","CSX,",76,"H3,","H,",YARD,New York,42.566588,-73.852296,"New York
(42.566588, -73.852296)"
Other impacts,2012:10:CSX:000108962,0,0,0,46715,0,0,0,ALBANY,10/8/2012 0:00,11:01,2012,2013,"S016,","CSX,",56,"S0,","S,",YARD,New York,42.566588,-73.852296,"New York
(42.566588, -73.852296)"
Raking collision,2012:10:CSX:000108992,0,0,1800,43636,0,0,0,ALBANY,10/9/2012 0:00,6:30,2012,2013,"H317,","CSX,",6,"H3,","H,",YARD,New York,42.566588,-73.852296,"New York
(42.566588, -73.852296)"
Derailments,2013:02:CSX:000113113,0,0,1000,41411,0,0,0,ALBANY,2/19/2013 0:00,21:15,2013,2013,"T207,","CSX,",1,"T2,","T,",YARD,New York,42.566588,-73.852296,"New York
(42.566588, -73.852296)"
Side collision,2013:06:CSX:000117353,0,0,0,25076,2,0,0,ALBANY,6/15/2013 0:00,7:25,2013,2013,"E23C,","CSX,",565,"E2,","E,",YARD,New York,42.566588,-73.852296,"New York
(42.566588, -73.852296)"
Other impacts,2013:08:CSX:000119218,0,0,200,31667,0,0,0,ALBANY,8/1/2013 0:00,8:00,2013,2013,"M407,","CSX,",6,"M4,","M,",YARD,New York,42.566588,-73.852296,"New York
(42.566588, -73.852296)"
Side collision,2014:01:CSX:000124694,0,0,0,13076,0,0,0,ALBANY,1/12/2014 0:00,1:15,2014,2014,"H307,","CSX,",58,"H3,","H,",YARD,New York,42.566588,-73.852296,"New York
(42.566588, -73.852296)"
Side collision,2014:02:CSX:000126223,0,0,0,25764,18,0,0,ALBANY,2/20/2014 0:00,12:49,2014,2014,"H401,","CSX,",17,"H4,","H,",YARD,New York,42.566588,-73.852296,"New York
(42.566588, -73.852296)"
Derailments,2014:02:CSX:000126585,0,0,1000,28487,109,13,0,ALBANY,2/28/2014 0:00,18:14,2014,2014,"T314,","CSX,",1,"T3,","T,",YARD,New York,42.566588,-73.852296,"New York
(42.566588, -73.852296)"
Side collision,2014:03:CSX:000126959,0,0,500,13453,0,0,0,ALBANY,3/8/2014 0:00,10:55,2014,2014,"H305,","CSX,",7,"H3,","H,",YARD,New York,42.566588,-73.852296,"New York
(42.566588, -73.852296)"
Other impacts,2014:04:CSX:000129349,0,0,0,11750,0,0,0,ALBANY,4/19/2014 0:00,9:00,2014,2014,"H018,","CSX,",5,"H0,","H,",YARD,New York,42.566588,-73.852296,"New York
(42.566588, -73.852296)"
Derailments,2014:07:CSX:000131874,0,0,7500,23517,0,0,0,ALBANY,7/8/2014 0:00,17:40,2014,2014,"E02C,","CSX,",7,"E0,","E,",YARD,New York,42.566588,-73.852296,"New York
(42.566588, -73.852296)"
Other impacts,2014:07:CSX:000131981,0,0,0,36070,0,0,0,ALBANY,7/4/2014 0:00,7:59,2014,2014,"M407,","CSX,",5,"M4,","M,",YARD,New York,42.566588,-73.852296,"New York
(42.566588, -73.852296)"
Side collision,2014:07:CSX:000132797,0,0,21000,92854,0,0,0,ALBANY,7/30/2014 0:00,18:50,2014,2014,"H305,","CSX,",7,"H3,","H,",YARD,New York,42.566588,-73.852296,"New York
(42.566588, -73.852296)"
Derailments,2014:08:CSX:000133813,0,0,21000,11780,10,0,0,ALBANY,8/21/2014 0:00,19:35,2014,2014,"E04C,","CSX,",7,"E0,","E,",YARD,New York,42.566588,-73.852296,"New York
(42.566588, -73.852296)"
Other impacts,2014:08:CSX:000134100,0,0,0,49243,0,0,0,ALBANY,8/17/2014 0:00,22:53,2014,2014,"M407,","CSX,",5,"M4,","M,",YARD,New York,42.566588,-73.852296,"New York
(42.566588, -73.852296)"
Other impacts,2014:10:CSX:000135944,0,0,0,11912,1,0,0,ALBANY,10/8/2014 0:00,10:26,2014,2015,"M105,","CSX,",65,"M1,","M,",YARD,New York,42.566588,-73.852296,"New York
(42.566588, -73.852296)"
Derailments,2014:10:CSX:000136632,0,0,65000,700147,2,2,0,ALBANY,10/22/2014 0:00,19:03,2014,2015,"H993,H303,","CSX,",7,"H9,H3,","H,",YARD,New York,42.566588,-73.852296,"New York
(42.566588, -73.852296)"
Side collision,2015:01:CSX:000140370,0,0,3188,59786,4,0,0,ALBANY,1/21/2015 0:00,17:37,2015,2015,"H607,","CSX,",87,"H6,","H,",YARD,New York,42.566588,-73.852296,"New York
(42.566588, -73.852296)"
Derailments,2015:01:CSX:000140671,0,0,377,12597,0,0,0,ALBANY,1/28/2015 0:00,7:45,2015,2015,"M411,","CSX,",6,"M4,","M,",YARD,New York,42.566588,-73.852296,"New York
(42.566588, -73.852296)"
Derailments,2015:03:CSX:000142845,0,0,12686,322,1,1,0,ALBANY,3/11/2015 0:00,14:23,2015,2015,"S016,","CSX,",5,"S0,","S,",YARD,New York,42.566588,-73.852296,"New York
(42.566588, -73.852296)"
Derailments,2015:04:CSX:000145037,0,0,32512,167590,3,0,0,ALBANY,4/19/2015 0:00,18:29,2015,2015,"T221,","CSX,",1,"T2,","T,",YARD,New York,42.566588,-73.852296,"New York
(42.566588, -73.852296)"
Derailments,2015:06:CSX:000148498,0,0,3486,13714,0,0,0,ALBANY,6/29/2015 0:00,10:11,2015,2015,"M411,","CSX,",7,"M4,","M,",YARD,New York,42.566588,-73.852296,"New York
(42.566588, -73.852296)"
Side collision,2015:09:CSX:000152198,0,0,50,36160,9,0,0,ALBANY,9/19/2015 0:00,17:30,2015,2015,"T305,","CSX,",6,"T3,","T,",YARD,New York,42.566588,-73.852296,"New York
(42.566588, -73.852296)"
Derailments,2015:10:CSX:000153650,0,0,73550,11537,0,0,0,ALBANY,10/26/2015 0:00,17:40,2015,2016,"S014,","CSX,",7,"S0,","S,",YARD,New York,42.566588,-73.852296,"New York
(42.566588, -73.852296)"
Derailments,2013:08:SNC:SN080213,0,0,227636,2109,0,0,0,WARREN,8/2/2013 0:00,13:52,2013,2013,"T111,","SNC,",2,"T1,","T,",MAIN,New York,43.468167,-73.849392,"New York
(43.468167, -73.849392)"
Derailments,2013:07:MNCW:2013072514,0,0,18000,30000,0,0,0,WESTCHESTER,7/25/2013 0:00,11:34,2013,2013,"E70L,","MNCW,",NA,"E7,","E,",MAIN,New York,40.9146,-73.848855,"New York
(40.9146, -73.848855)"
Obstruction impact,2012:09:MNCW:2012091203,0,0,0,16000,0,0,0,WESTCHESTER,9/12/2012 0:00,12:40,2012,2012,"H099,H307,","MNCW,",9,"H0,H3,","H,",YARD,New York,40.917175,-73.846825,"New York
(40.917175, -73.846825)"
Derailments,2015:08:CP:1000248575,0,0,378674,120000,0,0,0,SARATOGA,8/4/2015 0:00,15:45,2015,2015,"T109,","CP,NS,",1,"T1,","T,",MAIN,New York,43.02788,-73.83213,"New York
(43.02788, -73.83213)"
Other events,2013:09:MNCW:2013091118,0,0,0,18000,0,0,0,WESTCHESTER,9/11/2013 0:00,15:19,2013,2013,"E99C,","MNCW,",3,"E9,","E,",MAIN,New York,40.9115,-73.828075,"New York
(40.9115, -73.828075)"
Derailments,2015:04:LI:EQ20150401,0,0,500,10901,0,0,0,QUEENS,4/1/2015 0:00,23:09,2015,2015,"M505,","LI,",8,"M5,","M,",YARD,New York,40.697067,-73.822562,"New York
(40.697067, -73.822562)"
Other impacts,2015:02:LI:EQ20150202,0,0,5000,235195,0,0,0,QUEENS,2/19/2015 0:00,22:30,2015,2015,"H399,","LI,",78,"H3,","H,",YARD,New York,40.697061,-73.822239,"New York
(40.697061, -73.822239)"
Obstruction impact,2011:06:LI:EQ20110604,0,0,0,11000,0,0,0,QUEENS,6/16/2011 0:00,9:25,2011,2011,"H607,","LI,",2,"H6,","H,",YARD,New York,40.697361,-73.820299,"New York
(40.697361, -73.820299)"
Other impacts,2013:12:LI:EQ20131201,0,0,0,13025,0,0,0,QUEENS,12/2/2013 0:00,1:54,2013,2014,"H017,","LI,",8,"H0,","H,",YARD,New York,40.696966,-73.820157,"New York
(40.696966, -73.820157)"
Derailments,2015:03:LI:EQ20150305,0,0,8872,53561,0,0,0,QUEENS,3/11/2015 0:00,18:50,2015,2015,"H799,","LI,",8,"H7,","H,",YARD,New York,40.69743,-73.819635,"New York
(40.69743, -73.819635)"
Derailments,2011:06:LI:EQ20110605,0,0,2000,17000,0,0,0,QUEENS,6/27/2011 0:00,24:30:00,2011,2011,"M599,","LI,",7,"M5,","M,",YARD,New York,40.697553,-73.816841,"New York
(40.697553, -73.816841)"
Other events,2014:07:LI:EQ20140706,0,0,9451,5005,0,0,0,QUEENS,7/24/2014 0:00,11:27,2014,2014,"M599,","LI,",7,"M5,","M,",YARD,New York,40.698276,-73.813682,"New York
(40.698276, -73.813682)"
Obstruction impact,2011:10:LI:EQ20111002,0,0,0,11000,0,0,0,QUEENS,10/19/2011 0:00,10:10,2011,2012,"H607,","LI,",6,"H6,","H,",YARD,New York,40.6975,-73.813178,"New York
(40.6975, -73.813178)"
Obstruction impact,2012:09:LI:EQ20120902,0,2,1000,11000,0,0,0,QUEENS,9/23/2012 0:00,17:29,2012,2012,"H599,","LI,",NA,"H5,","H,",YARD,New York,40.697537,-73.813178,"New York
(40.697537, -73.813178)"
Obstruction impact,2013:09:LI:EQ20130901,0,0,0,16913,0,0,0,QUEENS,9/13/2013 0:00,15:25,2013,2013,"H999,","LI,",NA,"H9,","H,",YARD,New York,40.697544,-73.813085,"New York
(40.697544, -73.813085)"
Derailments,2013:11:LI:EQ20131101,0,0,462,157973,0,0,0,QUEENS,11/19/2013 0:00,9:15,2013,2014,"H307,","LI,",NA,"H3,","H,",YARD,New York,40.698903,-73.812473,"New York
(40.698903, -73.812473)"
Derailments,2012:11:LI:EQ20121101,0,0,0,15000,0,0,0,QUEENS,11/12/2012 0:00,9:05,2012,2013,"M507,","LI,",6,"M5,","M,",YARD,New York,41.173823,-73.810476,"New York
(41.173823, -73.810476)"
Other events,2015:01:MNCW:2015011327,0,0,0,14000,0,0,0,WESTCHESTER,1/13/2015 0:00,20:40,2015,2015,"E78L,","MNCW,",3,"E7,","E,",MAIN,New York,40.910299,-73.810189,"New York
(40.910299, -73.810189)"
Derailments,2015:01:LI:EQ20150101,0,0,22675,331533,0,0,0,QUEENS,1/27/2015 0:00,24:20:00,2015,2015,"M101,","LI,",NA,"M1,","M,",YARD,New York,40.699655,-73.809804,"New York
(40.699655, -73.809804)"
Derailments,2011:10:LI:EQ20111006,0,0,4000,7000,0,0,0,QUEENS,10/29/2011 0:00,12:01,2011,2012,"E69C,","LI,",NA,"E6,","E,",YARD,New York,40.699967,-73.808372,"New York
(40.699967, -73.808372)"
Derailments,2016:07:LI:EQ20160702,0,0,29280,0,0,0,0,QUEENS,7/17/2016 0:00,15:13,2016,2016,"M201,","LI,",1,"M2,","M,",MAIN,New York,40.699868,-73.806673,"New York
(40.699868, -73.806673)"
Side collision,2015:07:LI:EQ20150704,0,1,0,75789,0,0,0,QUEENS,7/17/2015 0:00,18:03,2015,2015,"H221,H605,","LI,",NA,"H2,H6,H2,H6,","H,",MAIN,New York,40.70031,-73.806025,"New York
(40.70031, -73.806025)"
Derailments,2014:05:LI:EQ20140501,0,0,333338,6698,0,0,0,QUEENS,5/14/2014 0:00,14:59,2014,2014,"M405,T102,","LI,NYA,",1,"M4,T1,","M,T,",MAIN,New York,40.700512,-73.804284,"New York
(40.700512, -73.804284)"
Highway-rail impact,2015:02:MNCW:2015020343,6,40,100000,3600000,0,0,0,WESTCHESTER,2/3/2015 0:00,18:27,2015,2015,"M308,M303,","MNCW,",NA,"M3,","M,",MAIN,New York,41.086245,-73.788032,"New York
(41.086245, -73.788032)"
Derailments,2011:10:LI:EQ20111004,0,0,4000,6000,0,0,0,QUEENS,10/28/2011 0:00,16:15,2011,2012,"T110,","LI,",6,"T1,","T,",YARD,New York,40.707194,-73.777808,"New York
(40.707194, -73.777808)"
Other events,2016:03:LI:EQ20160301,0,0,0,12497,0,0,0,QUEENS,3/4/2016 0:00,23:31,2016,2016,"H399,","LI,",NA,"H3,","H,",YARD,New York,40.707801,-73.774437,"New York
(40.707801, -73.774437)"
Derailments,2012:09:LI:EQ20120901,0,0,2000,23000,0,0,0,QUEENS,9/5/2012 0:00,9:25,2012,2012,"H702,","LI,",NA,"H7,","H,",YARD,New York,40.707908,-73.774149,"New York
(40.707908, -73.774149)"
Derailments,2011:10:LI:EQ20111005,0,0,10000,0,0,0,0,QUEENS,10/30/2011 0:00,3:45,2011,2012,"M203,","LI,",4,"M2,","M,",YARD,New York,40.698817,-73.771977,"New York
(40.698817, -73.771977)"
Derailments,2011:07:LI:EQ20110703,0,0,1000,15000,0,0,0,QUEENS,7/27/2011 0:00,14:32,2011,2011,"T110,","LI,",7,"T1,","T,",YARD,New York,40.708553,-73.771344,"New York
(40.708553, -73.771344)"
Derailments,2011:08:LI:EQ20110803,0,0,7700,10000,0,0,0,QUEENS,8/28/2011 0:00,12:40,2011,2011,"T110,","LI,",7,"T1,","T,",YARD,New York,40.708794,-73.770827,"New York
(40.708794, -73.770827)"
Derailments,2011:10:APRR:1020111,0,0,40100,29253,1,1,0,ALBANY,10/3/2011 0:00,6:45,2011,2012,"H702,","APRR,CSX,",7,"H7,","H,",YARD,New York,42.621198,-73.765406,"New York
(42.621198, -73.765406)"
Other impacts,2015:12:ATK:140597,0,0,1000,13000,0,0,0,RENSSELAER,12/30/2015 0:00,5:30,2015,2016,"H211,","ATK,",87,"H2,","H,",YARD,New York,42.63965,-73.742178,"New York
(42.63965, -73.742178)"
Derailments,2014:12:CP:1000152790,0,0,540,58000,4,3,0,ALBANY,12/13/2014 0:00,5:55,2014,2015,"H020,","CP,",57,"H0,","H,",INDUSTRY,New York,42.665981,-73.740041,"New York
(42.665981, -73.740041)"
Rear end collision,2011:08:LI:EQ20110801,0,2,10500,40000,0,0,0,NASSAU,8/8/2011 0:00,6:54,2011,2011,"H605,","LI,",NA,"H6,","H,",MAIN,New York,40.786622,-73.727811,"New York
(40.786622, -73.727811)"
Derailments,2011:09:MNCW:2011092003,0,0,2500,44600,0,0,0,NEW HAVEN,9/19/2011 0:00,22:50,2011,2011,"T399,H703,","CDOT,MNCW,",3,"T3,H7,","T,H,",YARD,Connecticut,40.621332,-73.722533,"Connecticut
(40.621332, -73.722533)"
Obstruction impact,2013:02:MNCW:2013022706,0,0,1200,20000,0,0,0,WESTCHESTER,2/26/2013 0:00,6:46,2013,2013,"T404,","MNCW,",3,"T4,","T,",MAIN,New York,40.96897,-73.715,"New York
(40.96897, -73.715)"
Obstruction impact,2011:07:MNCW:2011070105,0,0,20000,5000,0,0,0,WESTCHESTER,7/1/2011 0:00,5:02,2011,2011,"T404,","MNCW,",2,"T4,","T,",MAIN,New York,40.70144,-73.7014,"New York
(40.70144, -73.7014)"
Obstruction impact,2012:02:LI:EQ20120201,0,0,2334,40000,0,0,0,NASSAU,2/21/2012 0:00,11:12,2012,2012,"H307,","LI,",NA,"H3,","H,",MAIN,New York,40.830117,-73.687758,"New York
(40.830117, -73.687758)"
Obstruction impact,2016:05:LI:EQ20160501,0,0,0,1713104,0,0,0,NASSAU,5/7/2016 0:00,8:16,2016,2016,"H307,","LI,",NA,"H3,","H,",YARD,New York,40.830194,-73.687675,"New York
(40.830194, -73.687675)"
Other events,2015:01:MNCW:2015012411,0,0,200,11500,0,0,0,WESTCHESTER,1/24/2015 0:00,6:20,2015,2015,"M404,","MNCW,",3,"M4,","M,",MAIN,New York,40.985425,-73.684415,"New York
(40.985425, -73.684415)"
Other events,2016:08:MNCW:2016081524,0,0,950,35698,0,0,0,WESTCHESTER,8/15/2016 0:00,20:45,2016,2016,"T404,","MNCW,",NA,"T4,","T,",MAIN,New York,40.98861,-73.675055,"New York
(40.98861, -73.675055)"
Obstruction impact,2013:08:MNCW:2013082313,0,0,0,41000,0,0,0,WESTCHESTER,8/23/2013 0:00,24:16:00,2013,2013,"H099,","MNCW,",NA,"H0,","H,",MAIN,New York,40.988647,-73.675022,"New York
(40.988647, -73.675022)"
Other events,2011:09:MNCW:2011091115,0,0,200,10000,0,0,0,FAIRFIELD,9/11/2011 0:00,17:30,2011,2011,"T404,","MNCW,",NA,"T4,","T,",MAIN,Connecticut,41.01022,-73.64498,"Connecticut
(41.01022, -73.64498)"
Derailments,2012:03:MNCW:2012030903,0,0,8460,51145,0,0,0,PUTNAM,3/9/2012 0:00,1:00,2012,2012,"T001,","MNCW,",NA,"T0,","T,",YARD,New York,41.40798,-73.622345,"New York
(41.40798, -73.622345)"
Obstruction impact,2012:08:MNCW:2012081505,0,0,11500,0,0,0,0,PUTNAM,8/15/2012 0:00,4:35,2012,2012,"M105,M103,","MNCW,",NA,"M1,","M,",MAIN,New York,41.39498,-73.62002,"New York
(41.39498, -73.62002)"
Derailments,2015:09:LI:EQ20150903,0,0,200000,50000,0,0,0,NASSAU,9/15/2015 0:00,13:10,2015,2015,"M599,H699,M405,","LI,NYA,",1,"M5,H6,M4,H6,","M,H,M,H,",MAIN,New York,40.76068,-73.55553,"New York
(40.76068, -73.55553)"
Rear end collision,2013:06:LI:EQ20130601,0,3,0,2112000,0,0,0,NASSAU,6/4/2013 0:00,10:58,2013,2013,"H999,","LI,",NA,"H9,","H,",MAIN,New York,40.761441,-73.552086,"New York
(40.761441, -73.552086)"
Obstruction impact,2015:12:MNCW:2015121019,0,1,0,16235,0,0,0,FAIRFIELD,12/10/2015 0:00,3:15,2015,2016,"H607,","MNCW,",NA,"H6,","H,",MAIN,Connecticut,41.04107,-73.550995,"Connecticut
(41.04107, -73.550995)"
Other events,2012:09:MNCW:2012092817,0,0,0,15000,0,0,0,FAIRFIELD,9/28/2012 0:00,21:12,2012,2012,"E75L,","MNCW,",NA,"E7,","E,",MAIN,Connecticut,41.04714,-73.54155,"Connecticut
(41.04714, -73.54155)"
Derailments,2015:09:MNCW:2015092005,0,0,0,31090,0,0,0,FAIRFIELD,9/20/2015 0:00,17:41,2015,2015,"E99C,","MNCW,",NA,"E9,","E,",MAIN,Connecticut,41.048947,-73.5362,"Connecticut
(41.048947, -73.5362)"
Obstruction impact,2015:07:MNCW:2015070206,0,0,3250,48000,0,0,0,FAIRFIELD,7/2/2015 0:00,2:32,2015,2015,"H522,H524,","MNCW,",NA,"H5,","H,",YARD,Connecticut,41.04906,-73.535165,"Connecticut
(41.04906, -73.535165)"
Obstruction impact,2013:04:MNCW:2013041812,0,0,500,20000,0,0,0,FAIRFIELD,4/18/2013 0:00,16:25,2013,2013,"H307,","MNCW,",7,"H3,","H,",YARD,Connecticut,41.04872,-73.5349,"Connecticut
(41.04872, -73.5349)"
Derailments,2012:11:MNCW:2012110803,0,0,0,10000,0,0,0,FAIRFIELD,11/8/2012 0:00,1:30,2012,2013,"M101,","MNCW,",7,"M1,","M,",YARD,Connecticut,41.0512,-73.53034,"Connecticut
(41.0512, -73.53034)"
Other events,2011:06:MNCW:2011060129,0,0,8000,9000,0,0,0,FAIRFIELD,6/1/2011 0:00,16:37,2011,2011,"E99C,","MNCW,",2,"E9,","E,",MAIN,Connecticut,41.051485,-73.5303,"Connecticut
(41.051485, -73.5303)"
Highway-rail impact,2013:08:MNCW:2013082610,0,1,0,20000,0,0,0,FAIRFIELD,8/26/2013 0:00,10:12,2013,2013,"M304,","MNCW,",3,"M3,","M,",MAIN,Connecticut,41.082668,-73.518712,"Connecticut
(41.082668, -73.518712)"
Highway-rail impact,2011:09:MNCW:2011092722,0,1,5000,30000,0,0,0,FAIRFIELD,9/27/2011 0:00,24:05:00,2011,2011,"M302,","MNCW,",NA,"M3,","M,",MAIN,Connecticut,41.08268,-73.518712,"Connecticut
(41.08268, -73.518712)"
Highway-rail impact,2011:11:MNCW:2011111704,0,1,0,15000,0,0,0,FAIRFIELD,11/17/2011 0:00,5:05,2011,2012,"M302,M304,","MNCW,",NA,"M3,","M,",MAIN,Connecticut,41.08268,-73.518712,"Connecticut
(41.08268, -73.518712)"
Highway-rail impact,2011:08:MNCW:2011081707,0,1,18000,50000,0,0,0,FAIRFIELD,8/17/2011 0:00,9:45,2011,2011,"M302,","MNCW,",NA,"M3,","M,",MAIN,Connecticut,41.0951,-73.512703,"Connecticut
(41.0951, -73.512703)"
Derailments,2016:04:MNCW:2016041408,0,0,11000,52239,0,0,0,FAIRFIELD,4/14/2016 0:00,6:56,2016,2016,"T319,H704,","MNCW,",NA,"T3,H7,","T,H,",YARD,Connecticut,41.144318,-73.498306,"Connecticut
(41.144318, -73.498306)"
Highway-rail impact,2015:09:LI:GR20150901,0,1,2000,51341,0,0,0,NASSAU,9/10/2015 0:00,6:00,2015,2015,"M303,","LI,",NA,"M3,","M,",MAIN,New York,40.740695,-73.479827,"New York
(40.740695, -73.479827)"