AccidentType,inckey,Fatalities,Injuries,TrackDamage,EquipmentDamage,HazmatCars,HazmatCarsDerailed,HazmatCarsReleasing,County,DisplayDate,DisplayTime,calendar,Fiscal,AccidentCause,RailroadCodes,RAILEQUIPMENT_TYPE,CauseGroup,CauseDiscipline,TYPE_OF_TRACK,StateName,latitude,longitude,GeoLocation
Derailments,2016:05:GRS:20160514M1,0,0,7910,78787,0,0,0,FRANKLIN,5/14/2016 0:00,15:15,2016,2016,"M201,","GRS,",1,"M2,","M,",MAIN,Massachusetts,43.048042,-73.439916,"Massachusetts
(43.048042, -73.439916)"
Highway-rail impact,2014:02:MNCW:2014021518,0,0,10000,5500,0,0,0,FAIRFIELD,2/15/2014 0:00,18:28,2014,2014,"M304,","MNCW,",3,"M3,","M,",MAIN,Connecticut,41.143398,-73.428596,"Connecticut
(41.143398, -73.428596)"
Other events,2012:09:MNCW:2012090407,0,0,0,12000,0,0,0,FAIRFIELD,9/4/2012 0:00,8:25,2012,2012,"E99L,","MNCW,",3,"E9,","E,",MAIN,Connecticut,41.0982,-73.41966,"Connecticut
(41.0982, -73.41966)"
Other events,2016:08:MNCW:2016081632,0,0,750,11928,0,0,0,FAIRFIELD,8/16/2016 0:00,17:17,2016,2016,"E78L,T404,","ATK,MNCW,",2,"E7,T4,E7,","E,T,E,",MAIN,Connecticut,41.09853,-73.41927,"Connecticut
(41.09853, -73.41927)"
Other events,2014:01:MNCW:2014012812,0,0,400,32000,0,0,0,FAIRFIELD,1/28/2014 0:00,8:25,2014,2014,"H999,","MNCW,",NA,"H9,","H,",MAIN,Connecticut,41.10214,-73.41805,"Connecticut
(41.10214, -73.41805)"
Other events,2016:05:MNCW:2016052819,0,0,2500,25000,0,0,0,FAIRFIELD,5/28/2016 0:00,14:05,2016,2016,"H999,","MNCW,",NA,"H9,","H,",MAIN,Connecticut,41.100175,-73.416705,"Connecticut
(41.100175, -73.416705)"
Derailments,2015:03:LI:EQ20150306,0,0,1000,75126,0,0,0,SUFFOLK,3/16/2015 0:00,24:57:00,2015,2015,"H605,","LI,",NA,"H6,","H,",SIDING,New York,40.849009,-73.416492,"New York
(40.849009, -73.416492)"
Other events,2013:12:MNCW:2013120524,0,0,1500,25000,0,0,0,FAIRFIELD,12/5/2013 0:00,19:05,2013,2014,"H999,","MNCW,",3,"H9,","H,",MAIN,Connecticut,41.1071,-73.41515,"Connecticut
(41.1071, -73.41515)"
Derailments,2012:12:HRRC:0312,0,0,44453,9200,0,0,0,LITCHFIELD,12/12/2012 0:00,7:42,2012,2013,"T110,T001,","HRRC,",1,"T1,T0,","T,",MAIN,Connecticut,41.581699,-73.412804,"Connecticut
(41.581699, -73.412804)"
Derailments,2012:12:CLP:1040,0,0,15447,3879,8,0,0,WASHINGTON,12/22/2012 0:00,1:43,2012,2013,"T110,T112,","CLP,",7,"T1,","T,",YARD,New York,43.52273,-73.41069,"New York
(43.52273, -73.41069)"
Derailments,2016:06:HRRC:0516,0,0,17500,150000,0,0,0,LITCHFIELD,6/4/2016 0:00,1:02,2016,2016,"T210,","HRRC,",1,"T2,","T,",MAIN,Connecticut,41.583691,-73.405971,"Connecticut
(41.583691, -73.405971)"
Obstruction impact,2014:05:MNCW:2014050104,0,0,0,97369,0,0,0,FAIRFIELD,5/1/2014 0:00,1:21,2014,2014,"M404,","MNCW,",NA,"M4,","M,",MAIN,Connecticut,41.10845,-73.393785,"Connecticut
(41.10845, -73.393785)"
Obstruction impact,2016:07:LI:EQ20160706,0,0,0,0,0,0,0,SUFFOLK,7/20/2016 0:00,21:39,2016,2016,"M402,","LI,",NA,"M4,","M,",MAIN,New York,40.749378,-73.381867,"New York
(40.749378, -73.381867)"
Obstruction impact,2015:11:LI:EQ20151101,0,0,0,44036,0,0,0,SUFFOLK,11/14/2015 0:00,18:17,2015,2016,"M402,","LI,",NA,"M4,","M,",MAIN,New York,40.749407,-73.381624,"New York
(40.749407, -73.381624)"
Derailments,2015:03:NYA:032915,0,0,400000,42000,0,0,0,SUFFOLK,3/29/2015 0:00,23:50,2015,2015,"H210,","NYA,",1,"H2,","H,",SIDING,New York,40.752558,-73.368133,"New York
(40.752558, -73.368133)"
Derailments,2012:11:HRRC:0212,0,0,48123,1000,5,3,0,BERKSHIRE,11/15/2012 0:00,18:47,2012,2013,"T221,","HRRC,",1,"T2,","T,",MAIN,Massachusetts,42.252122,-73.367537,"Massachusetts
(42.252122, -73.367537)"
Highway-rail impact,2015:01:LI:GR20150101,0,3,0,62939,0,0,0,SUFFOLK,1/7/2015 0:00,13:15,2015,2015,"M304,","LI,",NA,"M3,","M,",MAIN,New York,40.754276,-73.360385,"New York
(40.754276, -73.360385)"
Other events,2014:04:LI:EQ20140402,0,0,15719,400,0,0,0,SUFFOLK,4/23/2014 0:00,21:33,2014,2014,"E80C,","LI,NYA,",1,"E8,","E,",MAIN,New York,40.75445,-73.359843,"New York
(40.75445, -73.359843)"
Derailments,2013:04:HRRC:0513,0,0,15819,82900,0,0,0,BERKSHIRE,4/9/2013 0:00,1:28,2013,2013,"T221,","HRRC,",1,"T2,","T,",MAIN,Massachusetts,42.110368,-73.355114,"Massachusetts
(42.110368, -73.355114)"
Derailments,2012:10:GRS:662,0,0,1500,56500,0,0,0,RENSSELAER,10/30/2012 0:00,16:10,2012,2013,"E53C,","GRS,",1,"E5,","E,",MAIN,New York,42.901189,-73.3515,"New York
(42.901189, -73.3515)"
Other events,2014:08:MNCW:2014081415,0,0,2000,16715,0,0,0,FAIRFIELD,8/14/2014 0:00,18:18,2014,2014,"T404,","MNCW,",3,"T4,","T,",MAIN,Connecticut,41.122485,-73.3378,"Connecticut
(41.122485, -73.3378)"
Derailments,2013:01:HRRC:0213,0,0,25000,83900,6,1,0,LITCHFIELD,1/3/2013 0:00,17:36,2013,2013,"T221,","HRRC,",1,"T2,","T,",MAIN,Connecticut,42.032314,-73.334283,"Connecticut
(42.032314, -73.334283)"
Other events,2014:01:MNCW:2014012253,0,0,5000,48000,0,0,0,FAIRFIELD,1/22/2014 0:00,20:47,2014,2014,"E99L,","MNCW,",3,"E9,","E,",MAIN,Connecticut,41.11992,-73.324525,"Connecticut
(41.11992, -73.324525)"
Derailments,2015:09:HRRC:0315,0,0,35000,40000,0,0,0,BERKSHIRE,9/29/2015 0:00,13:59,2015,2015,"M405,","HRRC,",1,"M4,","M,",MAIN,Massachusetts,42.2875,-73.3208,"Massachusetts
(42.2875, -73.3208)"
Derailments,2011:08:HRRC:0111,0,0,27000,100146,0,0,0,BERKSHIRE,8/12/2011 0:00,18:28,2011,2011,"M203,","HRRC,",1,"M2,","M,",MAIN,Massachusetts,42.287574,-73.320386,"Massachusetts
(42.287574, -73.320386)"
Derailments,2015:07:LI:EQ20150701,0,0,13000,631000,0,0,0,SUFFOLK,7/3/2015 0:00,23:51,2015,2015,"M405,","LI,",NA,"M4,","M,",YARD,New York,40.706048,-73.311668,"New York
(40.706048, -73.311668)"
Other impacts,2011:07:LI:EQ20110702,0,0,1200,14000,0,0,0,SUFFOLK,7/16/2011 0:00,7:40,2011,2011,"M599,","LI,",7,"M5,","M,",YARD,New York,40.706141,-73.311203,"New York
(40.706141, -73.311203)"
Highway-rail impact,2016:01:MNCW:2016012406,0,0,0,21650,0,0,0,FAIRFIELD,1/24/2016 0:00,9:09,2016,2016,"M399,","MNCW,",NA,"M3,","M,",MAIN,Connecticut,41.045793,-73.311024,"Connecticut
(41.045793, -73.311024)"
Derailments,2014:01:LI:EQ20140101,0,0,11154,904,0,0,0,SUFFOLK,1/10/2014 0:00,1:50,2014,2014,"E52C,E53C,","LI,NYA,",1,"E5,","E,",MAIN,New York,40.776503,-73.262819,"New York
(40.776503, -73.262819)"
Highway-rail impact,2013:01:LI:GR20130103,2,0,1000,30000,0,0,0,SUFFOLK,1/22/2013 0:00,10:03,2013,2013,"M308,","LI,",NA,"M3,","M,",MAIN,New York,40.779133,-73.250939,"New York
(40.779133, -73.250939)"
Derailments,2016:08:HRRC:0616,0,0,17000,5000,0,0,0,BERKSHIRE,8/10/2016 0:00,24:58:00,2016,2016,"E4BC,","HRRC,",1,"E4,","E,",MAIN,Massachusetts,42.306836,-73.250736,"Massachusetts
(42.306836, -73.250736)"
Obstruction impact,2013:10:LI:EQ20131003,0,0,0,22443,0,0,0,SUFFOLK,10/20/2013 0:00,1:00,2013,2014,"M402,","LI,",NA,"M4,","M,",MAIN,New York,40.726963,-73.24888,"New York
(40.726963, -73.24888)"
Derailments,2013:03:HRRC:0413,0,0,13000,57000,0,0,0,BERKSHIRE,3/15/2013 0:00,23:55,2013,2013,"T110,T001,","HRRC,",1,"T1,T0,","T,",MAIN,Massachusetts,42.306929,-73.247351,"Massachusetts
(42.306929, -73.247351)"
Other impacts,2014:04:CLP:1116,0,0,312,17797,46,1,0,WASHINGTON,4/13/2014 0:00,15:20,2014,2014,"H607,H302,","CLP,CP,",61,"H6,H3,H6,H3,","H,",YARD,New York,43.312544,-73.241378,"New York
(43.312544, -73.241378)"
Highway-rail impact,2013:05:LI:GR20130501,1,0,5683,7579,0,0,0,SUFFOLK,5/10/2013 0:00,15:58,2013,2013,"M308,","LI,",NA,"M3,","M,",MAIN,New York,40.786164,-73.220128,"New York
(40.786164, -73.220128)"
Highway-rail impact,2012:06:LI:GR20120602,1,1,10000,100000,0,0,0,SUFFOLK,6/11/2012 0:00,4:27,2012,2012,"M303,","LI,",NA,"M3,","M,",MAIN,New York,40.735988,-73.20813,"New York
(40.735988, -73.20813)"
Derailments,2011:07:MNCW:2011072603,0,0,20029,2000,0,0,0,FAIRFIELD,7/26/2011 0:00,12:01,2011,2011,"M204,","MNCW,",4,"M2,","M,",MAIN,Connecticut,41.19684,-73.1902,"Connecticut
(41.19684, -73.1902)"
Other events,2013:07:MNCW:2013071110,0,0,0,19000,0,0,0,FAIRFIELD,7/11/2013 0:00,7:33,2013,2013,"E78L,","ATK,MNCW,",2,"E7,","E,",MAIN,Connecticut,41.81858,-73.18677,"Connecticut
(41.81858, -73.18677)"
Derailments,2013:05:MNCW:2013051720,0,132,100000,18000000,0,0,0,FAIRFIELD,5/17/2013 0:00,18:08,2013,2013,"T213,T001,","MNCW,",NA,"T2,T0,","T,",MAIN,Connecticut,41.17799,-73.18675,"Connecticut
(41.17799, -73.18675)"
Other events,2013:09:MNCW:2013091014,0,0,1200,32000,0,0,0,FAIRFIELD,9/10/2013 0:00,14:51,2013,2013,"T404,","MNCW,",3,"T4,","T,",MAIN,Connecticut,41.176,-73.18653,"Connecticut
(41.176, -73.18653)"
Other events,2011:06:MNCW:2011062424,0,0,17600,1000,0,0,0,FAIRFIELD,6/24/2011 0:00,22:30,2011,2011,"M299,","MNCW,",4,"M2,","M,",MAIN,Connecticut,41.17622,-73.1865,"Connecticut
(41.17622, -73.1865)"
Obstruction impact,2011:07:MNCW:2011072232,0,0,750,9000,0,0,0,FAIRFIELD,7/22/2011 0:00,13:34,2011,2011,"T404,M199,","MNCW,",2,"T4,M1,","T,M,",MAIN,Connecticut,41.18546,-73.1673,"Connecticut
(41.18546, -73.1673)"
Other events,2013:10:MNCW:2013101621,0,0,0,12000,0,0,0,FAIRFIELD,10/16/2013 0:00,18:53,2013,2014,"E78L,","MNCW,",3,"E7,","E,",YARD,Connecticut,41.18529,-73.16445,"Connecticut
(41.18529, -73.16445)"
Other events,2012:01:MNCW:2012010205,0,0,800,12000,0,0,0,FAIRFIELD,1/2/2012 0:00,13:31,2012,2012,"T404,","MNCW,",3,"T4,","T,",MAIN,Connecticut,41.185065,-73.15958,"Connecticut
(41.185065, -73.15958)"
Other events,2014:05:MNCW:2014051912,0,0,100,12000,0,0,0,FAIRFIELD,5/19/2014 0:00,11:36,2014,2014,"H599,","MNCW,",NA,"H5,","H,",YARD,Connecticut,41.1848,-73.158215,"Connecticut
(41.1848, -73.158215)"
Other events,2012:10:MNCW:2012102805,0,0,0,14000,0,0,0,FAIRFIELD,10/28/2012 0:00,21:15,2012,2013,"H399,H599,","MNCW,",3,"H3,H5,","H,",YARD,Connecticut,41.18486,-73.1579,"Connecticut
(41.18486, -73.1579)"
Other events,2014:04:MNCW:2014040416,0,0,7500,25000,0,0,0,FAIRFIELD,4/4/2014 0:00,18:21,2014,2014,"H999,E78L,","MNCW,",3,"H9,E7,","H,E,",MAIN,Connecticut,41.18495,-73.156635,"Connecticut
(41.18495, -73.156635)"
Other events,2016:07:MNCW:2016071608,0,0,4000,100000,0,0,0,FAIRFIELD,7/16/2016 0:00,7:28,2016,2016,"T404,","MNCW,",NA,"T4,","T,",MAIN,Connecticut,41.184961,-73.156594,"Connecticut
(41.184961, -73.156594)"
Obstruction impact,2011:07:MNCW:2011072241,0,0,500,18000,0,0,0,FAIRFIELD,7/22/2011 0:00,14:24,2011,2011,"T404,M199,","MNCW,",2,"T4,M1,","T,M,",MAIN,Connecticut,41.184915,-73.1537,"Connecticut
(41.184915, -73.1537)"
Other events,2014:12:MNCW:2014121716,0,0,1200,20000,0,0,0,FAIRFIELD,12/17/2014 0:00,13:12,2014,2015,"E78L,T404,","ATK,MNCW,",2,"E7,T4,","E,T,",MAIN,Connecticut,41.184694,-73.152251,"Connecticut
(41.184694, -73.152251)"
Other events,2012:07:MNCW:2012072716,0,0,200,18000,0,0,0,FAIRFIELD,7/27/2012 0:00,24:37:00,2012,2012,"M199,T499,","MNCW,",3,"M1,T4,","M,T,",MAIN,Connecticut,41.185,-73.1465,"Connecticut
(41.185, -73.1465)"
Other events,2014:12:MNCW:2015122104,0,0,1500,20000,0,0,0,NEW HAVEN,12/21/2014 0:00,1:05,2014,2015,"T404,","MNCW,",2,"T4,","T,",MAIN,Connecticut,41.205095,-73.110625,"Connecticut
(41.205095, -73.110625)"
Derailments,2015:05:LI:EQ20150503,0,0,4000,151958,0,0,0,SUFFOLK,5/13/2015 0:00,23:51,2015,2015,"M507,","LI,",NA,"M5,","M,",YARD,New York,40.808474,-73.096587,"New York
(40.808474, -73.096587)"
Other events,2016:08:MNCW:2016080229,0,0,5000,25000,0,0,0,NEW HAVEN,8/2/2016 0:00,19:03,2016,2016,"T404,","MNCW,",NA,"T4,","T,",MAIN,Connecticut,41.21093,-73.087935,"Connecticut
(41.21093, -73.087935)"
Highway-rail impact,2015:03:LI:GR20150302,0,1,20889,13909,0,0,0,SUFFOLK,3/3/2015 0:00,24:03:00,2015,2015,"M304,","LI,",2,"M3,","M,",MAIN,New York,40.763711,-73.008679,"New York
(40.763711, -73.008679)"
Derailments,2012:02:VTR:978,0,0,1800,11200,0,0,0,RUTLAND,2/26/2012 0:00,21:40,2012,2012,"T314,T308,","ATK,VTR,",NA,"T3,","T,",YARD,Vermont,43.60645,-72.98208,"Vermont
(43.60645, -72.98208)"
Obstruction impact,2013:12:MNCW:2013122811,0,0,2500,15000,0,0,0,NEW HAVEN,12/28/2013 0:00,24:22:00,2013,2014,"H307,H607,","MNCW,",NA,"H3,H6,","H,",YARD,Connecticut,41.290175,-72.93025,"Connecticut
(41.290175, -72.93025)"
Derailments,2012:07:CDOT:124591,0,0,0,15200,0,0,0,NEW HAVEN,7/11/2012 0:00,23:00,2012,2012,"H401,","CDOT,",3,"H4,","H,",YARD,Connecticut,41.291609,-72.929714,"Connecticut
(41.291609, -72.929714)"
Derailments,2016:01:MNCW:2016011231,0,0,102000,300000,0,0,0,NEW HAVEN,1/12/2016 0:00,19:15,2016,2016,"H221,H605,","MNCW,",NA,"H2,H6,","H,",MAIN,Connecticut,41.294955,-72.9284,"Connecticut
(41.294955, -72.9284)"
Other events,2013:12:MNCW:2013122023,0,0,500,12500,0,0,0,NEW HAVEN,12/20/2013 0:00,24:11:00,2013,2014,"E78L,","MNCW,",3,"E7,","E,",MAIN,Connecticut,41.303,-72.927,"Connecticut
(41.303, -72.927)"
Derailments,2014:04:ATK:132363,0,0,0,49660,0,0,0,NEW HAVEN,4/9/2014 0:00,1:53,2014,2014,"H303,","ATK,",8,"H3,","H,",YARD,Connecticut,41.296703,-72.92613,"Connecticut
(41.296703, -72.92613)"
Other events,2015:08:ATK:138546,0,0,0,17963,0,0,0,NEW HAVEN,8/2/2015 0:00,18:15,2015,2015,"H702,","ATK,",8,"H7,","H,",YARD,Connecticut,41.296961,-72.925851,"Connecticut
(41.296961, -72.925851)"
Derailments,2012:05:MNCW:2012051010,0,0,5000,26500,0,0,0,NEW HAVEN,5/10/2012 0:00,10:40,2012,2012,"T113,","ATK,MNCW,",8,"T1,","T,",YARD,Connecticut,41.295715,-72.92568,"Connecticut
(41.295715, -72.92568)"
Derailments,2015:06:MNCW:2015060323,0,0,5000,25000,0,0,0,NEW HAVEN,6/3/2015 0:00,14:15,2015,2015,"H099,","MNCW,",6,"H0,","H,",YARD,Connecticut,41.29887,-72.923635,"Connecticut
(41.29887, -72.923635)"
Fire/violent rupture,2012:11:ATK:126085,0,0,0,14086,0,0,0,NEW HAVEN,11/9/2012 0:00,15:50,2012,2013,"M406,","ATK,",2,"M4,","M,",MAIN,Connecticut,41.306855,-72.913573,"Connecticut
(41.306855, -72.913573)"
Other events,2014:10:ATK:134669,0,0,0,70000,0,0,0,NEW HAVEN,10/2/2014 0:00,15:00,2014,2015,"T404,","ATK,",2,"T4,","T,",MAIN,Connecticut,41.314386,-72.90463,"Connecticut
(41.314386, -72.90463)"
Obstruction impact,2014:01:ATK:131297,0,0,0,300000,0,0,0,NEW HAVEN,1/12/2014 0:00,19:00,2014,2014,"M404,","ATK,",2,"M4,","M,",MAIN,Connecticut,41.320478,-72.89609,"Connecticut
(41.320478, -72.89609)"
Derailments,2014:11:ATK:135169,0,0,0,49341,0,0,0,NEW HAVEN,11/9/2014 0:00,13:18,2014,2015,"T113,","ATK,",8,"T1,","T,",YARD,Connecticut,41.323717,-72.894845,"Connecticut
(41.323717, -72.894845)"
Derailments,2013:03:ATK:127563,0,0,346484,42238,0,0,0,NEW HAVEN,3/17/2013 0:00,1:10,2013,2013,"E67C,","ATK,PW,",1,"E6,","E,",MAIN,Connecticut,41.321976,-72.883729,"Connecticut
(41.321976, -72.883729)"
Derailments,2014:02:ATK:132879,0,0,10000,8357,0,0,0,NEW HAVEN,2/25/2014 0:00,17:03,2014,2014,"E59L,","ATK,CDOT,",2,"E5,","E,",MAIN,Connecticut,41.289094,-72.878237,"Connecticut
(41.289094, -72.878237)"
Derailments,2015:12:CSX:000155639,0,0,2000,20654,13,5,0,NEW HAVEN,12/31/2015 0:00,15:55,2015,2016,"T111,","CSX,",1,"T1,","T,",YARD,Connecticut,41.365713,-72.871158,"Connecticut
(41.365713, -72.871158)"
Highway-rail impact,2014:06:ATK:133293,0,7,0,1000000,0,0,0,HARTFORD,6/23/2014 0:00,9:30,2014,2014,"M302,","ATK,",NA,"M3,","M,",MAIN,Connecticut,41.579201,-72.778099,"Connecticut
(41.579201, -72.778099)"
Derailments,2015:12:CSX:000155645,0,0,1200,15000,0,0,0,HAMPDEN,12/31/2015 0:00,18:10,2015,2016,"T220,","CSX,",1,"T2,","T,",YARD,Massachusetts,42.130033,-72.746199,"Massachusetts
(42.130033, -72.746199)"
Derailments,2012:12:PVRR:PV1812,0,0,4517,5507,0,0,0,HAMPDEN,12/12/2012 0:00,8:06,2012,2013,"E4BC,T001,","PVRR,",7,"E4,T0,","E,T,",YARD,Massachusetts,42.132611,-72.745145,"Massachusetts
(42.132611, -72.745145)"
Highway-rail impact,2015:06:LI:GR20150601,0,3,26284,14922,0,0,0,SUFFOLK,6/18/2015 0:00,13:44,2015,2015,"M303,","LI,",NA,"M3,","M,",MAIN,New York,40.917924,-72.689812,"New York
(40.917924, -72.689812)"
Derailments,2015:10:NECR:NEC81625D,0,12,181732,4148125,0,0,0,WASHINGTON,10/5/2015 0:00,10:04,2015,2016,"M101,","ATK,NECR,",2,"M1,","M,",MAIN,Vermont,44.112841,-72.676234,"Vermont
(44.112841, -72.676234)"
Highway-rail impact,2011:12:NECR:ID122226,0,0,0,17106,0,0,0,WINDSOR,12/27/2011 0:00,10:45,2011,2012,"M306,","ATK,NECR,",2,"M3,","M,",MAIN,Vermont,43.844444,-72.646,"Vermont
(43.844444, -72.646)"
Obstruction impact,2014:07:CSX:000138665,0,0,100,17550,0,0,0,HAMPDEN,7/29/2014 0:00,19:08,2014,2014,"M502,","ATK,CSX,",2,"M5,","M,",MAIN,Massachusetts,42.100921,-72.6373,"Massachusetts
(42.100921, -72.6373)"
Obstruction impact,2015:01:GRS:01192015M1,0,0,0,16017,0,0,0,HAMPSHIRE,1/19/2015 0:00,16:15,2015,2015,"M404,M507,","ATK,GRS,",2,"M4,M5,","M,",MAIN,Massachusetts,42.411578,-72.621058,"Massachusetts
(42.411578, -72.621058)"
Derailments,2016:01:CSX:000155846,0,0,1052,22642,0,0,0,HAMPDEN,1/8/2016 0:00,1:45,2016,2016,"T311,","CSX,",1,"T3,","T,",YARD,Massachusetts,42.098672,-72.620756,"Massachusetts
(42.098672, -72.620756)"
Derailments,2016:01:CSX:000156656,0,0,6506,336274,45,5,0,HAMPDEN,1/30/2016 0:00,17:10,2016,2016,"T220,","CSX,",1,"T2,","T,",YARD,Massachusetts,42.098672,-72.620756,"Massachusetts
(42.098672, -72.620756)"
Derailments,2013:02:CSX:000113173,0,0,26000,54430,8,2,0,HAMPDEN,2/21/2013 0:00,18:00,2013,2013,"T207,","CSX,",1,"T2,","T,",YARD,Massachusetts,42.098587,-72.62045,"Massachusetts
(42.098587, -72.62045)"
Side collision,2015:08:CSX:000151486,0,0,0,38335,1,0,0,HAMPDEN,8/31/2015 0:00,14:30,2015,2015,"H318,","CSX,",65,"H3,","H,",YARD,Massachusetts,42.098748,-72.603181,"Massachusetts
(42.098748, -72.603181)"
Derailments,2015:11:CSX:000154636,0,0,1000,17186,17,0,0,HAMPDEN,11/24/2015 0:00,6:15,2015,2016,"H503,","CSX,",1,"H5,","H,",YARD,Massachusetts,42.098748,-72.603181,"Massachusetts
(42.098748, -72.603181)"
Derailments,2014:09:GRS:20140924M1,0,0,30758,3595,11,0,0,FRANKLIN,9/24/2014 0:00,6:55,2014,2014,"T221,","GRS,",1,"T2,","T,",YARD,Massachusetts,42.571356,-72.587651,"Massachusetts
(42.571356, -72.587651)"
Highway-rail impact,2015:04:LI:GR20150401,0,1,0,15000,0,0,0,SUFFOLK,4/21/2015 0:00,14:30,2015,2015,"M303,","LI,",9,"M3,","M,",MAIN,New York,40.960793,-72.564074,"New York
(40.960793, -72.564074)"
Derailments,2015:10:GRS:20151002M1,0,0,9074,16150,5,4,0,FRANKLIN,10/2/2015 0:00,8:05,2015,2016,"T110,","GRS,",1,"T1,","T,",YARD,Massachusetts,42.563614,-72.560395,"Massachusetts
(42.563614, -72.560395)"
Derailments,2014:12:GRS:20141230M1,0,0,25000,7940,32,5,0,FRANKLIN,12/30/2014 0:00,1:00,2014,2015,"T110,","GRS,",7,"T1,","T,",YARD,Massachusetts,42.564389,-72.559063,"Massachusetts
(42.564389, -72.559063)"
Obstruction impact,2014:11:NECR:NEC135,0,0,0,20000,0,0,0,WINDHAM,11/27/2014 0:00,13:30,2014,2015,"M404,","ATK,NECR,",2,"M4,","M,",MAIN,Vermont,42.856195,-72.556522,"Vermont
(42.856195, -72.556522)"
Derailments,2011:06:NECR:ID110298,0,0,100000,150000,8,0,0,HAMPSHIRE,6/25/2011 0:00,14:36,2011,2011,"T109,","NECR,",1,"T1,","T,",MAIN,Massachusetts,42.38,-72.523,"Massachusetts
(42.38, -72.523)"
Other events,2016:01:ATK:140986,0,0,0,18192,0,0,0,MIDDLESEX,1/27/2016 0:00,23:55,2016,2016,"H799,","ATK,",2,"H7,","H,",MAIN,Connecticut,41.288128,-72.425514,"Connecticut
(41.288128, -72.425514)"
Other events,2014:08:ATK:134046,0,0,18000,38000,0,0,0,MIDDLESEX,8/17/2014 0:00,18:07,2014,2014,"T499,","ATK,",2,"T4,","T,",MAIN,Connecticut,41.292399,-72.397993,"Connecticut
(41.292399, -72.397993)"
Derailments,2014:07:XCTN:INDUSTRY,0,0,25000,2096,0,0,0,MIDDLESEX,7/29/2014 0:00,12:15,2014,2014,"M101,","ATK,PW,",1,"M1,","M,",INDUSTRY,Connecticut,41.303753,-72.374487,"Connecticut
(41.303753, -72.374487)"
Derailments,2016:05:ATK:142489,0,0,15200,734,0,0,0,MIDDLESEX,5/20/2016 0:00,12:40,2016,2016,"H018,H099,","ATK,PW,",5,"H0,","H,",MAIN,Connecticut,41.305671,-72.36598,"Connecticut
(41.305671, -72.36598)"
Derailments,2011:07:MCER:1,0,0,10929,12153,0,0,0,HAMPDEN,7/19/2011 0:00,14:50,2011,2011,"E40C,","MCER,",1,"E4,","E,",MAIN,Massachusetts,42.18503,-72.324843,"Massachusetts
(42.18503, -72.324843)"
Derailments,2013:08:MCER:07,0,0,33000,55000,0,0,0,HAMPDEN,8/8/2013 0:00,16:15,2013,2013,"M204,","MCER,",1,"M2,","M,",MAIN,Massachusetts,42.18503,-72.324843,"Massachusetts
(42.18503, -72.324843)"
Other events,2013:11:ATK:130805,0,0,500,18000,0,0,0,NEW LONDON,11/27/2013 0:00,5:37,2013,2014,"T404,","ATK,",2,"T4,","T,",MAIN,Connecticut,41.353924,-72.092886,"Connecticut
(41.353924, -72.092886)"
Derailments,2015:06:PW:150602,0,0,8200,32200,0,0,0,NEW LONDON,6/15/2015 0:00,5:35,2015,2015,"H704,","PW,",1,"H7,","H,",YARD,Connecticut,41.366341,-72.082479,"Connecticut
(41.366341, -72.082479)"
Derailments,2015:07:PW:150705,0,0,8118,46111,0,0,0,NEW LONDON,7/15/2015 0:00,2:58,2015,2015,"M505,","PW,",1,"M5,","M,",MAIN,Connecticut,41.366834,-72.082087,"Connecticut
(41.366834, -72.082087)"
Other events,2016:06:ATK:142959,0,0,5400,11500,0,0,0,NEW LONDON,6/22/2016 0:00,14:55,2016,2016,"T404,","ATK,",2,"T4,","T,",MAIN,Connecticut,41.349458,-72.059017,"Connecticut
(41.349458, -72.059017)"
Derailments,2013:05:WACR:1070,0,0,23000,40000,0,0,0,CALEDONIA,5/6/2013 0:00,17:47,2013,2013,"M405,T101,","WACR,",1,"M4,T1,","M,T,",MAIN,Vermont,44.32226,-72.03439,"Vermont
(44.32226, -72.03439)"
Obstruction impact,2015:10:WACR:1226,0,0,0,42345,0,0,0,CALEDONIA,10/23/2015 0:00,11:19,2015,2016,"H607,M101,","WACR,",NA,"H6,M1,","H,M,",MAIN,Vermont,44.320366,-72.033202,"Vermont
(44.320366, -72.033202)"
Derailments,2015:03:EBSR:032015,0,0,5000,20000,0,0,0,WORCESTER,3/20/2015 0:00,19:05,2015,2015,"H303,H307,","EBSR,",8,"H3,","H,",YARD,Massachusetts,42.225697,-72.032013,"Massachusetts
(42.225697, -72.032013)"
Obstruction impact,2014:08:LI:EQ20140802,0,0,0,38656,0,0,0,SUFFOLK,8/5/2014 0:00,3:51,2014,2014,"M402,","LI,",NA,"M4,","M,",MAIN,New York,41.012482,-72.018585,"New York
(41.012482, -72.018585)"
Other events,2015:06:ATK:137946,0,0,0,22816,0,0,0,NEW LONDON,6/22/2015 0:00,18:37,2015,2015,"E78L,","ATK,",2,"E7,","E,",MAIN,Connecticut,41.331484,-72.01787,"Connecticut
(41.331484, -72.01787)"
Derailments,2015:08:WACR:1217,0,0,45160,15700,0,0,0,CALEDONIA,8/31/2015 0:00,15:25,2015,2015,"E46C,T101,","WACR,",1,"E4,T1,","E,T,",MAIN,Vermont,44.26242,-72.01027,"Vermont
(44.26242, -72.01027)"