AccidentType,inckey,Fatalities,Injuries,TrackDamage,EquipmentDamage,HazmatCars,HazmatCarsDerailed,HazmatCarsReleasing,County,DisplayDate,DisplayTime,calendar,Fiscal,AccidentCause,RailroadCodes,RAILEQUIPMENT_TYPE,CauseGroup,CauseDiscipline,TYPE_OF_TRACK,StateName,latitude,longitude,GeoLocation
Highway-rail impact,2013:01:WACR:1051,0,0,115338,18851,3,0,0,CALEDONIA,1/22/2013 0:00,13:20,2013,2013,"M302,","WACR,",1,"M3,","M,",MAIN,Vermont,44.5196,-72.002008,"Vermont
(44.5196, -72.002008)"
Derailments,2014:02:GRS:20140219M,0,0,28400,122000,0,0,0,WORCESTER,2/19/2014 0:00,15:42,2014,2014,"H699,M507,","GRS,PW,",1,"H6,M5,","H,M,",YARD,Massachusetts,42.567466,-71.983909,"Massachusetts
(42.567466, -71.983909)"
Other events,2015:06:ATK:137901,0,0,15000,44000,0,0,0,NEW LONDON,6/21/2015 0:00,18:31,2015,2015,"E78L,","ATK,",2,"E7,","E,",MAIN,Connecticut,41.346724,-71.975126,"Connecticut
(41.346724, -71.975126)"
Other events,2015:04:ATK:137007,0,0,7500,22220,0,0,0,NEW LONDON,4/12/2015 0:00,18:33,2015,2015,"E78L,","ATK,",2,"E7,","E,",MAIN,Connecticut,41.346756,-71.974933,"Connecticut
(41.346756, -71.974933)"
Obstruction impact,2011:10:CSX:000100254,0,1,0,25943,0,0,0,WORCESTER,10/16/2011 0:00,13:50,2011,2012,"M404,","ATK,CSX,",2,"M4,","M,",MAIN,Massachusetts,42.186963,-71.889131,"Massachusetts
(42.186963, -71.889131)"
Side collision,2012:06:CSX:000105365,0,0,0,12656,0,0,0,WORCESTER,6/28/2012 0:00,10:55,2012,2012,"H993,","CSX,",NA,"H9,","H,",MAIN,Massachusetts,42.236374,-71.848624,"Massachusetts
(42.236374, -71.848624)"
Derailments,2012:03:PW:120304,0,0,35942,145918,0,0,0,WORCESTER,3/25/2012 0:00,9:50,2012,2012,"T314,","PW,",1,"T3,","T,",YARD,Massachusetts,42.247854,-71.809245,"Massachusetts
(42.247854, -71.809245)"
Derailments,2013:11:PW:131105,0,0,4704,65001,0,0,0,WORCESTER,11/21/2013 0:00,20:40,2013,2014,"T319,","PW,",1,"T3,","T,",YARD,Massachusetts,42.251157,-71.807555,"Massachusetts
(42.251157, -71.807555)"
Derailments,2014:07:PW:140705,0,0,12010,8000,0,0,0,WORCESTER,7/20/2014 0:00,8:45,2014,2014,"M405,","PW,",1,"M4,","M,",YARD,Massachusetts,42.237751,-71.804439,"Massachusetts
(42.237751, -71.804439)"
Derailments,2013:12:MBTA:1709,0,0,1798,13200,0,0,0,WORCESTER,12/17/2013 0:00,20:00,2013,2014,"H993,","MBTA,",2,"H9,","H,",MAIN,Massachusetts,42.581128,-71.793575,"Massachusetts
(42.581128, -71.793575)"
Derailments,2011:07:PW:110704,0,0,16218,1409,0,0,0,WORCESTER,7/15/2011 0:00,16:40,2011,2011,"H503,","CSX,PW,",1,"H5,","H,",YARD,Massachusetts,42.26163,-71.792502,"Massachusetts
(42.26163, -71.792502)"
Side collision,2011:09:PW:110906,0,0,3488,23402,3,0,0,WORCESTER,9/16/2011 0:00,4:30,2011,2011,"H306,","CSX,PW,",15,"H3,","H,",YARD,Massachusetts,42.26163,-71.792502,"Massachusetts
(42.26163, -71.792502)"
Derailments,2013:06:PW:130603,0,0,7284,14867,0,0,0,WORCESTER,6/21/2013 0:00,9:15,2013,2013,"T314,","PW,",1,"T3,","T,",YARD,Massachusetts,42.222161,-71.788916,"Massachusetts
(42.222161, -71.788916)"
Rear end collision,2013:11:MBTA:1702,0,0,0,25442,0,0,0,WORCESTER,11/8/2013 0:00,15:00,2013,2014,"H699,","GRS,MBTA,",NA,"H6,","H,",MAIN,Massachusetts,42.527358,-71.708961,"Massachusetts
(42.527358, -71.708961)"
Derailments,2014:08:GRS:20140809M1,0,0,35500,44450,20,1,0,WORCESTER,8/9/2014 0:00,1:00,2014,2014,"T220,","GRS,",1,"T2,","T,",MAIN,Massachusetts,42.444824,-71.679104,"Massachusetts
(42.444824, -71.679104)"
Other events,2015:12:MBTA:3035,0,0,0,12029,0,0,0,WORCESTER,12/26/2015 0:00,23:32,2015,2016,"M503,","MBTA,",NA,"M5,","M,",MAIN,Massachusetts,42.272228,-71.634741,"Massachusetts
(42.272228, -71.634741)"
Derailments,2013:08:GRS:20130822M1,0,0,16700,15545,0,0,0,MIDDLESEX,8/22/2013 0:00,8:45,2013,2013,"T319,","GRS,",1,"T3,","T,",YARD,Massachusetts,42.557948,-71.591634,"Massachusetts
(42.557948, -71.591634)"
Other events,2014:08:ATK:133980,0,0,0,30000,0,0,0,WASHINGTON,8/11/2014 0:00,21:40,2014,2014,"E99L,","ATK,",2,"E9,","E,",MAIN,Rhode Island,41.473072,-71.578932,"Rhode Island
(41.473072, -71.578932)"
Other events,2013:09:ATK:129852,0,0,700,19700,0,0,0,WASHINGTON,9/11/2013 0:00,13:50,2013,2013,"E78L,","ATK,",2,"E7,","E,",MAIN,Rhode Island,41.475194,-71.575477,"Rhode Island
(41.475194, -71.575477)"
Obstruction impact,2015:04:ATK:137116,1,0,0,477617,0,0,0,WASHINGTON,4/18/2015 0:00,23:05,2015,2015,"M402,","ATK,",2,"M4,","M,",MAIN,Rhode Island,41.485064,-71.559234,"Rhode Island
(41.485064, -71.559234)"
Highway-rail impact,2015:07:PW:150707,0,1,0,21250,4,0,0,PROVIDENCE,7/29/2015 0:00,21:50,2015,2015,"M304,","PW,",1,"M3,","M,",MAIN,Rhode Island,42.004246,-71.521985,"Rhode Island
(42.004246, -71.521985)"
Derailments,2014:04:SLR:SLR559014D,0,0,20862,12850,23,1,0,ESSEX,4/30/2014 0:00,7:45,2014,2014,"T220,","SLR,",1,"T2,","T,",SIDING,Vermont,44.48537,-71.521281,"Vermont
(44.48537, -71.521281)"
Derailments,2012:07:ATK:124542,0,0,50000,3200,0,0,0,WASHINGTON,7/5/2012 0:00,19:04,2012,2012,"H221,","ATK,MBTA,",NA,"H2,","H,",MAIN,Rhode Island,41.5808,-71.4914,"Rhode Island
(41.5808, -71.4914)"
Highway-rail impact,2014:09:MBTA:1886,0,1,19655,887,0,0,0,MIDDLESEX,9/29/2014 0:00,19:42,2014,2014,"M303,","MBTA,",NA,"M3,","M,",MAIN,Massachusetts,42.476111,-71.473056,"Massachusetts
(42.476111, -71.473056)"
Derailments,2012:03:ATK:123345,0,0,132829,64289,0,0,0,WASHINGTON,3/29/2012 0:00,16:15,2012,2012,"H705,H605,","ATK,",2,"H7,H6,","H,",MAIN,Rhode Island,41.614555,-71.472916,"Rhode Island
(41.614555, -71.472916)"
Derailments,2013:03:GRS:758,0,0,15963,28666,0,0,0,HILLSBOROUGH,3/7/2013 0:00,18:45,2013,2013,"T210,","GRS,",1,"T2,","T,",MAIN,New Hampshire,42.760575,-71.448629,"New Hampshire
(42.760575, -71.448629)"
Other events,2015:02:ATK:137241,0,0,0,25000,0,0,0,KENT,2/2/2015 0:00,1:05,2015,2015,"E80C,","ATK,PW,",1,"E8,","E,",MAIN,Rhode Island,41.726426,-71.442818,"Rhode Island
(41.726426, -71.442818)"
Other events,2014:07:ATK:133575,0,0,4900,22175,0,0,0,PROVIDENCE,7/13/2014 0:00,16:19,2014,2014,"T404,","ATK,",2,"T4,","T,",MAIN,Rhode Island,41.811036,-71.441023,"Rhode Island
(41.811036, -71.441023)"
Other events,2016:03:ATK:141596,0,0,0,11529,0,0,0,SUFFOLK,3/17/2016 0:00,6:15,2016,2016,"E78L,","ATK,",2,"E7,","E,",MAIN,Massachusetts,41.823598,-71.434942,"Massachusetts
(41.823598, -71.434942)"
Derailments,2014:08:MBTA:1856,0,0,33202,125181,1,0,0,MIDDLESEX,8/9/2014 0:00,17:00,2014,2014,"H503,","CSX,MBTA,",7,"H5,","H,",YARD,Massachusetts,42.275058,-71.427189,"Massachusetts
(42.275058, -71.427189)"
Other events,2016:06:MBTA:7018,0,0,24167,0,0,0,0,MIDDLESEX,6/5/2016 0:00,9:00,2016,2016,"H999,","MBTA,",NA,"H9,","H,",MAIN,Massachusetts,42.275071,-71.425558,"Massachusetts
(42.275071, -71.425558)"
Derailments,2016:02:CSX:000156883,0,0,628,30300,3,0,0,MIDDLESEX,2/6/2016 0:00,12:36,2016,2016,"H702,","CSX,",1,"H7,","H,",YARD,Massachusetts,42.277021,-71.416601,"Massachusetts
(42.277021, -71.416601)"
Derailments,2013:06:ATK:128803,0,0,100000,100000,0,0,0,WASHINGTON,6/25/2013 0:00,11:59,2013,2013,"T109,","ATK,",4,"T1,","T,",MAIN,Rhode Island,41.614624,-71.416433,"Rhode Island
(41.614624, -71.416433)"
Derailments,2011:08:PW:110803,0,0,13564,13454,0,0,0,PROVIDENCE,8/8/2011 0:00,11:55,2011,2011,"T399,","PW,",1,"T3,","T,",INDUSTRY,Rhode Island,41.79195,-71.3873,"Rhode Island
(41.79195, -71.3873)"
Derailments,2014:03:GRS:20140321M1,0,0,16800,4000,0,0,0,MIDDLESEX,3/21/2014 0:00,12:05,2014,2014,"M204,","GRS,",1,"M2,","M,",MAIN,Massachusetts,42.639722,-71.378056,"Massachusetts
(42.639722, -71.378056)"
Derailments,2011:12:PW:111204,0,0,9120,2155,0,0,0,PROVIDENCE,12/29/2011 0:00,10:10,2011,2012,"H599,","PW,",1,"H5,","H,",YARD,Rhode Island,41.83399,-71.368399,"Rhode Island
(41.83399, -71.368399)"
Derailments,2016:03:MCRL:MC160317A,0,0,18062,2064,0,0,0,NORFOLK,3/17/2016 0:00,19:00,2016,2016,"T217,","CSX,MCRL,",1,"T2,","T,",YARD,Massachusetts,42.14766,-71.258985,"Massachusetts
(42.14766, -71.258985)"
Derailments,2016:03:MCRL:MC160322A,0,0,27284,750,0,0,0,NORFOLK,3/22/2016 0:00,5:19,2016,2016,"T110,","CSX,MCRL,",1,"T1,","T,",YARD,Massachusetts,42.144701,-71.257939,"Massachusetts
(42.144701, -71.257939)"
Obstruction impact,2014:06:ATK:133275,3,2,0,39312,0,0,0,BRISTOL,6/22/2014 0:00,23:51,2014,2014,"M402,","ATK,",2,"M4,","M,",MAIN,Massachusetts,41.996115,-71.245823,"Massachusetts
(41.996115, -71.245823)"
Other events,2016:08:ATK:143683,0,0,20000,18000,0,0,0,NORFOLK,8/5/2016 0:00,15:00,2016,2016,"E78L,","ATK,",2,"E7,","E,",MAIN,Massachusetts,42.124124,-71.184844,"Massachusetts
(42.124124, -71.184844)"
Other events,2011:12:ATK:122166,0,0,43315,22000,0,0,0,NORFOLK,12/19/2011 0:00,17:55,2011,2012,"T499,","ATK,",2,"T4,","T,",MAIN,Massachusetts,42.12365,-71.178624,"Massachusetts
(42.12365, -71.178624)"
Derailments,2012:08:MBTA:1525,0,0,6854,5400,0,0,0,MIDDLESEX,8/14/2012 0:00,8:32,2012,2012,"E59C,","MBTA,",3,"E5,","E,",MAIN,Massachusetts,42.395775,-71.177539,"Massachusetts
(42.395775, -71.177539)"
Highway-rail impact,2013:10:MBTA:1689,0,0,18909,0,0,0,0,ESSEX,10/24/2013 0:00,18:25,2013,2014,"M308,","MBTA,",2,"M3,","M,",MAIN,Massachusetts,42.657153,-71.144845,"Massachusetts
(42.657153, -71.144845)"
Derailments,2016:01:MBTA:7001,0,0,30915,100096,0,0,0,ESSEX,1/5/2016 0:00,3:22,2016,2016,"T207,","MBTA,",2,"T2,","T,",MAIN,Massachusetts,42.67,-71.1425,"Massachusetts
(42.67, -71.1425)"
Highway-rail impact,2014:12:MBTA:1920,0,0,0,14747,0,0,0,MIDDLESEX,12/6/2014 0:00,18:50,2014,2015,"M302,","MBTA,",NA,"M3,","M,",MAIN,Massachusetts,42.390404,-71.133415,"Massachusetts
(42.390404, -71.133415)"
Side collision,2015:01:MBTA:1955,0,0,0,16391,0,0,0,SUFFOLK,1/29/2015 0:00,14:03,2015,2015,"H999,","MBTA,",72,"H9,","H,",YARD,Massachusetts,42.240128,-71.130362,"Massachusetts
(42.240128, -71.130362)"
Other events,2016:04:MBTA:7011,0,0,0,100000,0,0,0,SUFFOLK,4/4/2016 0:00,16:00,2016,2016,"E74L,","MBTA,",2,"E7,","E,",MAIN,Massachusetts,42.254703,-71.125686,"Massachusetts
(42.254703, -71.125686)"
Derailments,2013:12:MCRL:121813D,0,0,30086,700,6,6,0,BRISTOL,12/18/2013 0:00,24:26:00,2013,2014,"T111,","MCRL,",1,"T1,","T,",MAIN,Massachusetts,41.433824,-71.083608,"Massachusetts
(41.433824, -71.083608)"
Other events,2013:09:MBTA:1671,0,0,0,15643,0,0,0,MIDDLESEX,9/21/2013 0:00,15:30,2013,2013,"T499,","MBTA,",7,"T4,","T,",YARD,Massachusetts,42.374789,-71.077084,"Massachusetts
(42.374789, -71.077084)"
Other events,2013:01:MBTA:1600,0,0,0,36500,0,0,0,MIDDLESEX,1/11/2013 0:00,6:55,2013,2013,"M404,","MBTA,",2,"M4,","M,",YARD,Massachusetts,42.375222,-71.07412,"Massachusetts
(42.375222, -71.07412)"
Highway-rail impact,2016:08:MBTA:5703,0,1,0,14622,0,0,0,MIDDLESEX,8/11/2016 0:00,11:26,2016,2016,"M304,","MBTA,",NA,"M3,","M,",MAIN,Massachusetts,42.4975,-71.071667,"Massachusetts
(42.4975, -71.071667)"
Fire/violent rupture,2013:01:MBTA:1595,0,0,0,37494,0,0,0,SUFFOLK,1/5/2013 0:00,24:27:00,2013,2013,"M599,","MBTA,",NA,"M5,","M,",MAIN,Massachusetts,42.366235,-71.061122,"Massachusetts
(42.366235, -71.061122)"
Raking collision,2011:09:MBTA:1378,0,0,0,35000,0,0,0,SUFFOLK,9/24/2011 0:00,10:35,2011,2011,"H305,","MBTA,",7,"H3,","H,",YARD,Massachusetts,42.33828,-71.060886,"Massachusetts
(42.33828, -71.060886)"
Rear end collision,2014:08:ATK:134218,0,2,84000,438799,0,0,0,SUFFOLK,8/27/2014 0:00,24:30:00,2014,2014,"H605,H307,","ATK,MBTA,",NA,"H6,H3,H6,H3,","H,",YARD,Massachusetts,42.341542,-71.060345,"Massachusetts
(42.341542, -71.060345)"
Derailments,2015:03:ATK:136606,0,0,93210,150000,0,0,0,SUFFOLK,3/10/2015 0:00,9:40,2015,2015,"H799,","ATK,MBTA,",NA,"H7,","H,",YARD,Massachusetts,42.332868,-71.060107,"Massachusetts
(42.332868, -71.060107)"
Derailments,2015:02:ATK:136159,0,0,0,29000,0,0,0,SUFFOLK,2/3/2015 0:00,8:25,2015,2015,"H303,","ATK,",7,"H3,","H,",YARD,Massachusetts,42.333058,-71.059999,"Massachusetts
(42.333058, -71.059999)"
Derailments,2011:06:MBTA:1349,0,0,1000,44900,0,0,0,SUFFOLK,6/24/2011 0:00,24:30:00,2011,2011,"T110,","ATK,MBTA,",8,"T1,","T,",YARD,Massachusetts,42.358431,-71.059773,"Massachusetts
(42.358431, -71.059773)"
Derailments,2011:10:ATK:121653,0,0,0,10304,0,0,0,SUFFOLK,10/31/2011 0:00,9:05,2011,2012,"T113,","ATK,",8,"T1,","T,",YARD,Massachusetts,42.358431,-71.059773,"Massachusetts
(42.358431, -71.059773)"
Obstruction impact,2013:01:ATK:126689,0,0,81400,160000,0,0,0,SUFFOLK,1/7/2013 0:00,5:18,2013,2013,"T404,","ATK,",2,"T4,","T,",MAIN,Massachusetts,42.358431,-71.059773,"Massachusetts
(42.358431, -71.059773)"
Derailments,2016:02:ATK:141335,0,0,0,27000,0,0,0,SUFFOLK,2/23/2016 0:00,9:00,2016,2016,"T113,","ATK,",7,"T1,","T,",YARD,Massachusetts,42.331587,-71.059673,"Massachusetts
(42.331587, -71.059673)"
Side collision,2013:05:ATK:128235,0,2,0,59300,0,0,0,SUFFOLK,5/14/2013 0:00,10:20,2013,2013,"H302,H202,","ATK,",7,"H3,H2,","H,",YARD,Massachusetts,42.332043,-71.059656,"Massachusetts
(42.332043, -71.059656)"
Other events,2014:05:ATK:132701,0,0,300,10850,0,0,0,SUFFOLK,5/5/2014 0:00,5:30,2014,2014,"E75L,","ATK,",2,"E7,","E,",MAIN,Massachusetts,42.352271,-71.055242,"Massachusetts
(42.352271, -71.055242)"
Other events,2016:04:MBTA:7019,0,0,0,17913,0,0,0,SUFFOLK,4/30/2016 0:00,14:45,2016,2016,"H993,","ATK,MBTA,",2,"H9,","H,",YARD,Massachusetts,42.323141,-71.053082,"Massachusetts
(42.323141, -71.053082)"
Highway-rail impact,2015:02:MBTA:1957,0,1,7579,54583,0,0,0,NORFOLK,2/4/2015 0:00,11:40,2015,2015,"M306,","MBTA,",NA,"M3,","M,",MAIN,Massachusetts,42.187214,-70.974191,"Massachusetts
(42.187214, -70.974191)"
Fire/violent rupture,2015:12:MBTA:3041,0,0,0,100000,0,0,0,NORFOLK,12/14/2015 0:00,21:55,2015,2016,"E74L,","MBTA,",2,"E7,","E,",MAIN,Massachusetts,42.149999,-70.949996,"Massachusetts
(42.149999, -70.949996)"
Derailments,2012:08:CSX:000107076,0,0,4000,16280,0,0,0,PLYMOUTH,8/15/2012 0:00,21:00,2012,2012,"E09C,","CSX,",5,"E0,","E,",SIDING,Massachusetts,41.894126,-70.919579,"Massachusetts
(41.894126, -70.919579)"
Other events,2016:03:MBTA:7009,0,0,0,100000,0,0,0,ESSEX,3/21/2016 0:00,7:27,2016,2016,"E74L,","MBTA,",2,"E7,","E,",MAIN,Massachusetts,42.547282,-70.885511,"Massachusetts
(42.547282, -70.885511)"
Highway-rail impact,2015:11:MBTA:3026,0,1,6803,14194,0,0,0,ESSEX,11/20/2015 0:00,11:06,2015,2016,"M304,M302,","MBTA,",NA,"M3,","M,",MAIN,Massachusetts,42.790505,-70.875761,"Massachusetts
(42.790505, -70.875761)"
Other impacts,2014:10:MBTA:1897,0,1,0,36432,0,0,0,ESSEX,10/22/2014 0:00,23:15,2014,2015,"M404,","MBTA,",NA,"M4,","M,",MAIN,Massachusetts,42.56512,-70.854077,"Massachusetts
(42.56512, -70.854077)"
Other events,2016:03:MBTA:7010,0,0,0,100000,0,0,0,ESSEX,3/21/2016 0:00,8:00,2016,2016,"E74L,","MBTA,",NA,"E7,","E,",MAIN,Massachusetts,42.564476,-70.809395,"Massachusetts
(42.564476, -70.809395)"
Obstruction impact,2015:11:MBTA:3020,0,0,0,28444,0,0,0,ESSEX,11/7/2015 0:00,19:50,2015,2016,"M101,","MBTA,",NA,"M1,","M,",MAIN,Massachusetts,42.5768,-70.758139,"Massachusetts
(42.5768, -70.758139)"
Derailments,2016:05:MBTA:7016,0,0,1109,13421,0,0,0,PLYMOUTH,5/13/2016 0:00,21:30,2016,2016,"H799,","MBTA,",2,"H7,","H,",YARD,Massachusetts,42.180582,-70.745966,"Massachusetts
(42.180582, -70.745966)"
Highway-rail impact,2011:07:GRS:239,1,8,197105,663550,0,0,0,YORK,7/11/2011 0:00,11:04,2011,2011,"M302,","ATK,GRS,",2,"M3,","M,",MAIN,Maine,43.293911,-70.743408,"Maine
(43.293911, -70.743408)"
Other events,2014:11:MBTA:1915,0,0,0,10927,0,0,0,ESSEX,11/2/2014 0:00,6:00,2014,2015,"M404,","MBTA,",NA,"M4,","M,",MAIN,Massachusetts,42.590028,-70.732173,"Massachusetts
(42.590028, -70.732173)"
Derailments,2014:07:GRS:20140711R2,0,0,3800,10000,0,0,0,OXFORD,7/11/2014 0:00,17:55,2014,2014,"T109,","GRS,",1,"T1,","T,",YARD,Maine,44.547349,-70.537549,"Maine
(44.547349, -70.537549)"
Derailments,2011:12:GRS:371,0,0,2100,12314,4,1,1,OXFORD,12/14/2011 0:00,9:11,2011,2012,"T314,","GRS,",1,"T3,","T,",YARD,Maine,44.528168,-70.465487,"Maine
(44.528168, -70.465487)"
Derailments,2016:08:GRS:20160803R1,0,0,1500,30450,0,0,0,CUMBERLAND,8/3/2016 0:00,10:26,2016,2016,"T199,","GRS,",1,"T1,","T,",YARD,Maine,43.625017,-70.299432,"Maine
(43.625017, -70.299432)"
Other impacts,2013:03:GRS:755,0,0,950,38400,4,4,0,CUMBERLAND,3/2/2013 0:00,16:37,2013,2013,"H312,","GRS,",1,"H3,","H,",YARD,Maine,43.619797,-70.296793,"Maine
(43.619797, -70.296793)"
Derailments,2015:04:GRS:20150414R1,0,0,38000,72634,0,0,0,CUMBERLAND,4/14/2015 0:00,14:36,2015,2015,"T111,","ATK,GRS,",NA,"T1,","T,",MAIN,Maine,43.640924,-70.289674,"Maine
(43.640924, -70.289674)"
Derailments,2013:02:MMA:1302231,0,0,23000,6288,18,0,0,SOMERSET,2/23/2013 0:00,19:17,2013,2013,"E53C,","MMA,",1,"E5,","E,",MAIN,Maine,45.624039,-70.252151,"Maine
(45.624039, -70.252151)"
Highway-rail impact,2015:03:SLR:SLR714015G,0,1,8000,20000,4,0,0,ANDROSCOGGIN,3/23/2015 0:00,14:55,2015,2015,"M304,","SLR,",1,"M3,","M,",MAIN,Maine,44.191241,-70.170703,"Maine
(44.191241, -70.170703)"
Derailments,2013:08:GRS:20130815R1,0,0,7265,5180,0,0,0,ANDROSCOGGIN,8/15/2013 0:00,23:30,2013,2013,"T110,","GRS,",1,"T1,","T,",MAIN,Maine,44.383572,-70.145763,"Maine
(44.383572, -70.145763)"
Derailments,2013:05:GRS:20130523A,0,0,7580,23220,0,0,0,SOMERSET,5/23/2013 0:00,20:10,2013,2013,"T220,","GRS,",1,"T2,","T,",MAIN,Maine,44.680981,-69.626455,"Maine
(44.680981, -69.626455)"
Derailments,2013:09:GRS:20130909R1,0,0,300000,15438,0,0,0,SOMERSET,9/9/2013 0:00,14:55,2013,2013,"E53C,","GRS,",1,"E5,","E,",MAIN,Maine,44.767144,-69.419614,"Maine
(44.767144, -69.419614)"
Derailments,2012:12:GRS:699,0,0,2150,44825,0,0,0,SOMERSET,12/12/2012 0:00,5:50,2012,2013,"T110,","GRS,",1,"T1,","T,",INDUSTRY,Maine,44.802341,-69.308803,"Maine
(44.802341, -69.308803)"
Derailments,2014:03:MMA:201402251,0,0,13290,1250,0,0,0,PISCATAQUIS,3/21/2014 0:00,15:35,2014,2014,"M101,","MMA,",7,"M1,","M,",YARD,Maine,45.353344,-69.065312,"Maine
(45.353344, -69.065312)"
Side collision,2012:06:MMA:1206252,0,0,1000,200000,160,8,0,PISCATAQUIS,6/25/2012 0:00,9:40,2012,2012,"E04C,E0HC,","MMA,",6,"E0,","E,",YARD,Maine,45.350154,-69.05341,"Maine
(45.350154, -69.05341)"
Derailments,2015:03:CMQX:032015,0,0,22500,6160,4,4,0,PISCATAQUIS,3/28/2015 0:00,10:15,2015,2015,"E64C,","CMQX,",1,"E6,","E,",MAIN,Maine,45.307069,-69.03339,"Maine
(45.307069, -69.03339)"
Derailments,2014:10:CMQX:10312014,0,0,8899,2500,0,0,0,PENOBSCOT,10/31/2014 0:00,16:00,2014,2015,"T314,","CMQX,",6,"T3,","T,",YARD,Maine,44.81007,-68.91337,"Maine
(44.81007, -68.91337)"
Derailments,2014:12:CMQX:12162014,0,0,24000,22745,0,0,0,PENOBSCOT,12/16/2014 0:00,9:30,2014,2015,"H599,","CMQX,",6,"H5,","H,",YARD,Maine,44.81007,-68.91337,"Maine
(44.81007, -68.91337)"
Derailments,2013:08:MMA:1308011,0,0,37122,56000,0,0,0,PISCATAQUIS,8/1/2013 0:00,15:15,2013,2013,"M405,M203,","MMA,MNR,",1,"M4,M2,M4,M2,","M,",MAIN,Maine,45.50288,-68.911839,"Maine
(45.50288, -68.911839)"
Highway-rail impact,2013:08:MMA:1308291,0,1,22000,60000,3,0,0,PENOBSCOT,8/29/2013 0:00,10:30,2013,2013,"M399,","MMA,",1,"M3,","M,",MAIN,Maine,44.746681,-68.864804,"Maine
(44.746681, -68.864804)"
Derailments,2012:05:GRS:531,0,0,17200,217566,0,0,0,HANCOCK,5/25/2012 0:00,18:40,2012,2012,"T102,","GRS,",1,"T1,","T,",MAIN,Maine,44.664929,-68.810205,"Maine
(44.664929, -68.810205)"
Derailments,2013:07:GRS:20130703R1,0,0,19350,60000,56,5,0,PENOBSCOT,7/3/2013 0:00,6:15,2013,2013,"T221,","GRS,",1,"T2,","T,",MAIN,Maine,44.792504,-68.776493,"Maine
(44.792504, -68.776493)"
Derailments,2013:06:GRS:20130602B,0,0,910,29208,0,0,0,PENOBSCOT,6/2/2013 0:00,16:56,2013,2013,"H399,","GRS,",1,"H3,","H,",MAIN,Maine,44.796332,-68.761367,"Maine
(44.796332, -68.761367)"
Derailments,2013:12:GRS:20131205R1,0,0,59670,10600,3,3,0,PENOBSCOT,12/5/2013 0:00,14:50,2013,2014,"T220,","GRS,",1,"T2,","T,",MAIN,Maine,44.820759,-68.722908,"Maine
(44.820759, -68.722908)"
Derailments,2012:04:MMA:1204261,0,0,17880,1800,5,0,0,PENOBSCOT,4/26/2012 0:00,9:20,2012,2012,"M405,","MMA,",1,"M4,","M,",YARD,Maine,45.666403,-68.714128,"Maine
(45.666403, -68.714128)"
Derailments,2012:04:MMA:1204101,0,0,45000,45000,0,0,0,PENOBSCOT,4/10/2012 0:00,21:20,2012,2012,"E67C,","MMA,MNR,",1,"E6,","E,",YARD,Maine,45.67528,-68.701452,"Maine
(45.67528, -68.701452)"
Derailments,2014:07:GRS:20140721R1,0,0,4200,110000,1,0,0,PENOBSCOT,7/26/2014 0:00,14:45,2014,2014,"T109,","GRS,",1,"T1,","T,",MAIN,Maine,45.268075,-68.585726,"Maine
(45.268075, -68.585726)"
Derailments,2013:03:GRS:757,0,0,15770,351417,95,14,0,PENOBSCOT,3/7/2013 0:00,4:22,2013,2013,"T110,","GRS,",1,"T1,","T,",YARD,Maine,45.506644,-68.356835,"Maine
(45.506644, -68.356835)"
Other events,2014:02:MNR:021920141,0,0,0,11000,0,0,0,AROOSTOOK,2/19/2014 0:00,2:00,2014,2014,"M101,","MNR,",4,"M1,","M,",MAIN,Maine,46.413823,-68.284691,"Maine
(46.413823, -68.284691)"
Derailments,2013:07:MNR:12271,0,0,25000,16000,1,0,0,AROOSTOOK,7/15/2013 0:00,15:45,2013,2013,"T109,T110,","MNR,",1,"T1,","T,",YARD,Maine,46.39,-68.23,"Maine
(46.39, -68.23)"
Derailments,2012:10:MNR:08798,0,0,8000,3000,0,0,0,AROOSTOOK,10/16/2012 0:00,14:45,2012,2013,"T110,","MNR,",1,"T1,","T,",YARD,Maine,46.1087,-68.146927,"Maine
(46.1087, -68.146927)"
Highway-rail impact,2004:08:MMA:0802041,0,0,500,16000,0,0,0,AROOSTOOK,8/2/2004 0:00,9:00,2004,2004,"M399,","MMA,",7,"M3,","M,",MAIN,Maine,46,-68,"Maine
(46, -68)"
Other events,2014:12:MNR:111,0,0,0,50000,1,1,0,AROOSTOOK,12/3/2014 0:00,14:10,2014,2015,"H021,","MNR,",1,"H0,","H,",MAIN,Maine,46.66338,-67.905371,"Maine
(46.66338, -67.905371)"
Derailments,2011:09:MMA:0902111,0,0,12000,13600,0,0,0,PISCATAQUIS,9/2/2011 0:00,24:30:00,2011,2011,"H306,H702,","MMA,",7,"H3,H7,","H,",YARD,Maine,45.349,-67.06,"Maine
(45.349, -67.06)"
Obstruction impact,2016:08:BNSF:PR0816114,0,0,0,16600,0,0,0,MORA,8/11/2016 0:00,24:26:00,2016,2016,"M404,","ATK,",2,"M4,","M,",MAIN,New Mexico,35.816569,-14.875905,"New Mexico
(35.816569, -14.875905)"
Other events,2016:01:ATK:140984,0,0,4500,10580,0,0,0,"WASHINGTON, DC",1/18/2016 0:00,6:11,2016,2016,"T404,","ATK,MACZ,",3,"T4,","T,",MAIN,Dist Of Columbia,38.902234,-7.004646,"Dist Of Columbia
(38.902234, -7.004646)"