AccidentType,inckey,Fatalities,Injuries,TrackDamage,EquipmentDamage,HazmatCars,HazmatCarsDerailed,HazmatCarsReleasing,County,DisplayDate,DisplayTime,calendar,Fiscal,AccidentCause,RailroadCodes,RAILEQUIPMENT_TYPE,CauseGroup,CauseDiscipline,TYPE_OF_TRACK,StateName,latitude,longitude,GeoLocation
Other events,2014:07:BNSF:CA0714109,0,0,0,17280,0,0,0,LOS ANGELES,7/9/2014 0:00,17:00,2014,2014,"H312,","BNSF,",7,"H3,","H,",YARD,California,33.800022,-118.254205,"California
(33.800022, -118.254205)"
Derailments,2014:12:BNSF:CA1214109,0,0,1000,22842,6,6,0,LOS ANGELES,12/19/2014 0:00,1:40,2014,2015,"H307,H303,","BNSF,",7,"H3,","H,",INDUSTRY,California,33.800022,-118.254205,"California
(33.800022, -118.254205)"
Derailments,2010:03:PHL:0320101,0,0,32801,0,0,0,0,LOS ANGELES,3/20/2010 0:00,11:30,2010,2010,"H303,","PHL,",1,"H3,","H,",YARD,California,33.753808,-118.252393,"California
(33.753808, -118.252393)"
Other impacts,2014:01:XWEB:INDUSTRY,0,0,0,13000,0,0,0,LOS ANGELES,1/29/2014 0:00,12:01,2014,2014,"H306,","BNSF,",8,"H3,","H,",INDUSTRY,California,33.719271,-118.250402,"California
(33.719271, -118.250402)"
Derailments,2011:06:PHL:0623111,0,0,40000,1000,0,0,0,LOS ANGELES,6/23/2011 0:00,6:00,2011,2011,"H514,","BNSF,PHL,",1,"H5,","H,",MAIN,California,33.7,-118.25,"California
(33.7, -118.25)"
Derailments,2013:08:PHL:081613,0,0,4511,24654,0,0,0,LOS ANGELES,8/16/2013 0:00,2:30,2013,2013,"H307,H303,H599,","BNSF,PHL,",71,"H3,H5,","H,",SIDING,California,35.7,-118.25,"California
(35.7, -118.25)"
Derailments,2015:09:PHL:0920151,0,0,9000,23573,0,0,0,LOS ANGELES,9/20/2015 0:00,4:40,2015,2015,"H510,H210,","PHL,",7,"H5,H2,","H,",YARD,California,33.757108,-118.246137,"California
(33.757108, -118.246137)"
Other impacts,2013:04:PHL:0413131,0,0,341,14882,0,0,0,LOS ANGELES,4/13/2013 0:00,17:06,2013,2013,"H307,","PHL,",1,"H3,","H,",YARD,California,33.80013,-118.2442,"California
(33.80013, -118.2442)"
Highway-rail impact,2016:07:UP:0716LA011,0,0,40975,10000,0,0,0,LOS ANGELES,7/14/2016 0:00,18:08,2016,2016,"M302,","UP,",1,"M3,","M,",MAIN,California,33.966941,-118.243387,"California
(33.966941, -118.243387)"
Other impacts,2012:01:PHL:0129121,0,0,0,15800,0,0,0,LOS ANGELES,1/29/2012 0:00,5:10,2012,2012,"H602,","PHL,",8,"H6,","H,",YARD,California,33.762978,-118.243269,"California
(33.762978, -118.243269)"
Other impacts,2012:05:MAEZ:INDUSTRY,0,0,34196,3000,6,1,0,LOS ANGELES,5/5/2012 0:00,5:45,2012,2012,"H307,H212,","BNSF,",17,"H3,H2,H3,H2,","H,",INDUSTRY,California,33.786685,-118.242571,"California
(33.786685, -118.242571)"
Derailments,2014:08:PHL:0816141,0,0,50000,32000,0,0,0,LOS ANGELES,8/16/2014 0:00,23:45,2014,2014,"T205,E4BC,","BNSF,PHL,",7,"T2,E4,","T,E,",YARD,California,33.73746,-118.24222,"California
(33.73746, -118.24222)"
Derailments,2012:03:ATAX:0012012UP,0,0,400000,14937,0,0,0,LOS ANGELES,3/23/2012 0:00,12:23,2012,2012,"E67C,","ATAX,UP,",1,"E6,","E,",MAIN,California,34.01411,-118.238805,"California
(34.01411, -118.238805)"
Derailments,2012:07:PHL:0711121,0,0,2500,102940,0,0,0,LOS ANGELES,7/11/2012 0:00,2:38,2012,2012,"T311,","PHL,UP,",8,"T3,","T,",INDUSTRY,California,33.76036,-118.238294,"California
(33.76036, -118.238294)"
Derailments,2014:12:CNPQ:INDUSTRY,0,0,1000,15443,0,0,0,LOS ANGELES,12/15/2014 0:00,19:10,2014,2015,"M501,","UP,",8,"M5,","M,",INDUSTRY,California,33.804144,-118.236811,"California
(33.804144, -118.236811)"
Side collision,2016:04:PHL:201604051,0,0,1855,43344,0,0,0,LOS ANGELES,4/5/2016 0:00,13:00,2016,2016,"H702,","PHL,",7,"H7,","H,",YARD,California,33.741672,-118.235617,"California
(33.741672, -118.235617)"
Derailments,2016:02:PHL:201602131,0,0,135000,3781,0,0,0,LOS ANGELES,2/13/2016 0:00,10:30,2016,2016,"H403,H702,H220,","BNSF,PHL,",7,"H4,H7,H2,H7,","H,",MAIN,California,33.78404,-118.235556,"California
(33.78404, -118.235556)"
Derailments,2015:02:SCAX:021015,0,0,500000,400000,0,0,0,LOS ANGELES,2/10/2015 0:00,16:40,2015,2015,"T314,","SCAX,",3,"T3,","T,",YARD,California,34.054479,-118.234976,"California
(34.054479, -118.234976)"
Other impacts,2015:09:PHL:0901151,0,0,460,22370,0,0,0,LOS ANGELES,9/1/2015 0:00,23:44,2015,2015,"H702,","PHL,",7,"H7,","H,",YARD,California,33.741017,-118.234654,"California
(33.741017, -118.234654)"
Derailments,2013:11:UP:1113LA010,0,0,150,25079,30,6,0,LOS ANGELES,11/11/2013 0:00,3:27,2013,2014,"H702,","UP,",7,"H7,","H,",YARD,California,34.016293,-118.234521,"California
(34.016293, -118.234521)"
Derailments,2013:03:ATK:127549,0,0,10000,24206,0,0,0,LOS ANGELES,3/14/2013 0:00,23:15,2013,2013,"H702,","ATK,",7,"H7,","H,",YARD,California,34.056926,-118.234091,"California
(34.056926, -118.234091)"
Derailments,2012:08:UP:0812LA016,0,0,792,11392,5,1,0,LOS ANGELES,8/20/2012 0:00,20:22,2012,2012,"T106,","UP,",1,"T1,","T,",INDUSTRY,California,33.845965,-118.229663,"California
(33.845965, -118.229663)"
Derailments,2013:04:UP:0413LA017,0,0,88553,91137,0,0,0,LOS ANGELES,4/19/2013 0:00,22:57,2013,2013,"H307,","UP,",7,"H3,","H,",YARD,California,33.823828,-118.22937,"California
(33.823828, -118.22937)"
Derailments,2013:02:SCAX:020313,0,0,143782,6740,0,0,0,LOS ANGELES,2/3/2013 0:00,9:08,2013,2013,"T113,E69C,","ATK,SCAX,",NA,"T1,E6,T1,","T,E,T,",MAIN,California,34.05404,-118.229272,"California
(34.05404, -118.229272)"
Side collision,2015:08:PHL:0825151,0,0,19810,59510,0,0,0,LOS ANGELES,8/25/2015 0:00,3:30,2015,2015,"H307,","BNSF,PHL,",87,"H3,","H,",YARD,California,33.760309,-118.228333,"California
(33.760309, -118.228333)"
Derailments,2012:06:UP:0612LA020,0,0,19883,2559,0,0,0,LOS ANGELES,6/30/2012 0:00,18:00,2012,2012,"M405,","UP,",7,"M4,","M,",YARD,California,33.823386,-118.228079,"California
(33.823386, -118.228079)"
Derailments,2016:06:XEXX:INDUSTRY,0,0,4200,36956,8,8,0,LOS ANGELES,6/21/2016 0:00,13:15,2016,2016,"T301,","BNSF,",7,"T3,","T,",INDUSTRY,California,34.00676,-118.227868,"California
(34.00676, -118.227868)"
Derailments,2014:03:UP:0314LA001,0,0,46238,163504,0,0,0,LOS ANGELES,3/1/2014 0:00,8:45,2014,2014,"T110,","UP,",1,"T1,","T,",YARD,California,33.827885,-118.227774,"California
(33.827885, -118.227774)"
Highway-rail impact,2013:01:UP:0113LA013,0,2,1264,11688,2,0,0,LOS ANGELES,1/15/2013 0:00,18:20,2013,2013,"M399,","UP,",1,"M3,","M,",MAIN,California,34.060573,-118.226276,"California
(34.060573, -118.226276)"
Side collision,2014:02:UP:0214LA001,0,1,300,49309,0,0,0,LOS ANGELES,2/1/2014 0:00,7:00,2014,2014,"H307,","UP,",7,"H3,","H,",YARD,California,33.838747,-118.224152,"California
(33.838747, -118.224152)"
Derailments,2012:01:UP:0112LA004,0,0,380,17157,0,0,0,LOS ANGELES,1/9/2012 0:00,13:25,2012,2012,"T108,","UP,",8,"T1,","T,",YARD,California,33.781932,-118.222724,"California
(33.781932, -118.222724)"
Derailments,2011:11:UP:1111LA003,0,0,2970,23212,0,0,0,LOS ANGELES,11/4/2011 0:00,4:15,2011,2012,"H307,","UP,",76,"H3,","H,",YARD,California,34.056618,-118.222164,"California
(34.056618, -118.222164)"
Derailments,2011:10:PHL:1019111,0,0,300000,40625,0,0,0,LOS ANGELES,10/19/2011 0:00,11:45,2011,2012,"H993,T314,","PHL,UP,",1,"H9,T3,","H,T,",MAIN,California,33.781659,-118.221387,"California
(33.781659, -118.221387)"
Derailments,2013:09:UP:0913LA002,0,0,1320,34219,0,0,0,LOS ANGELES,9/1/2013 0:00,9:42,2013,2013,"T403,","UP,",1,"T4,","T,",YARD,California,34.062902,-118.220268,"California
(34.062902, -118.220268)"
Other impacts,2015:03:UP:0315LA010,0,0,700,45120,0,0,0,LOS ANGELES,3/14/2015 0:00,19:35,2015,2015,"H306,","UP,",18,"H3,","H,",YARD,California,34.062919,-118.219428,"California
(34.062919, -118.219428)"
Other events,2015:07:UP:0715LA004,0,0,71252,0,0,0,0,LOS ANGELES,7/5/2015 0:00,20:33,2015,2015,"E59L,","UP,",1,"E5,","E,",YARD,California,34.062919,-118.219428,"California
(34.062919, -118.219428)"
Derailments,2015:09:UP:0915LA016,0,0,0,37533,0,0,0,LOS ANGELES,9/21/2015 0:00,12:30,2015,2015,"E08L,","UP,",8,"E0,","E,",YARD,California,34.062919,-118.219428,"California
(34.062919, -118.219428)"
Derailments,2015:10:UP:1015LA018,0,0,500,108812,0,0,0,LOS ANGELES,10/23/2015 0:00,12:08,2015,2016,"T206,","UP,",8,"T2,","T,",YARD,California,34.062937,-118.219258,"California
(34.062937, -118.219258)"
Derailments,2015:02:UP:0215LA005,0,0,7082,3747,0,0,0,LOS ANGELES,2/11/2015 0:00,19:53,2015,2015,"H702,","UP,",1,"H7,","H,",YARD,California,34.059699,-118.217374,"California
(34.059699, -118.217374)"
Derailments,2012:03:UP:0312LA001,0,0,180243,12446,0,0,0,LOS ANGELES,3/2/2012 0:00,3:03,2012,2012,"H307,","SCAX,UP,",7,"H3,","H,",MAIN,California,34.063217,-118.216733,"California
(34.063217, -118.216733)"
Derailments,2012:04:UP:0412LA018,0,0,8992,7121,23,0,0,LOS ANGELES,4/24/2012 0:00,3:34,2012,2012,"H607,","UP,",1,"H6,","H,",YARD,California,33.87184,-118.216275,"California
(33.87184, -118.216275)"
Side collision,2012:06:UP:0612LA008,0,0,100,52567,4,0,0,LOS ANGELES,6/16/2012 0:00,12:57,2012,2012,"M599,","UP,",18,"M5,","M,",YARD,California,34.063386,-118.2149,"California
(34.063386, -118.2149)"
Derailments,2016:05:LAJ:4574,0,0,81000,107860,1,1,0,LOS ANGELES,5/14/2016 0:00,13:45,2016,2016,"H506,","BNSF,LAJ,",1,"H5,","H,",YARD,California,34.011771,-118.204681,"California
(34.011771, -118.204681)"
Derailments,2012:06:BNSF:CA0612104,0,0,2500,10800,0,0,0,LOS ANGELES,6/8/2012 0:00,12:45,2012,2012,"S099,","BNSF,",7,"S0,","S,",MAIN,California,34.010571,-118.202266,"California
(34.010571, -118.202266)"
Derailments,2016:01:BNSF:CA0116108,0,0,0,12504,0,0,0,LOS ANGELES,1/12/2016 0:00,7:28,2016,2016,"M404,","BNSF,",76,"M4,","M,",YARD,California,34.010381,-118.196026,"California
(34.010381, -118.196026)"
Other impacts,2013:09:BNSF:CA0913118,0,0,0,10325,0,0,0,LOS ANGELES,9/16/2013 0:00,22:40,2013,2013,"H307,","BNSF,",67,"H3,","H,",SIDING,California,34.00831,-118.195426,"California
(34.00831, -118.195426)"
Other events,2014:09:BNSF:CA0914111,0,0,3000,18000,0,0,0,LOS ANGELES,9/22/2014 0:00,15:30,2014,2014,"E29C,","BNSF,",1,"E2,","E,",YARD,California,34.00831,-118.195426,"California
(34.00831, -118.195426)"
Derailments,2013:03:LAJ:5437,0,0,21730,780,0,0,0,LOS ANGELES,3/29/2013 0:00,12:09,2013,2013,"M506,","LAJ,",8,"M5,","M,",INDUSTRY,California,34.006024,-118.194342,"California
(34.006024, -118.194342)"
Derailments,2013:08:UP:0813LA026,0,0,64794,15001,0,0,0,LOS ANGELES,8/27/2013 0:00,15:45,2013,2013,"M501,","UP,",8,"M5,","M,",INDUSTRY,California,34.063688,-118.192936,"California
(34.063688, -118.192936)"
Derailments,2016:03:LAJ:4572,0,0,50500,17000,8,0,0,LOS ANGELES,3/8/2016 0:00,17:15,2016,2016,"H503,H525,","BNSF,LAJ,",1,"H5,","H,",YARD,California,33.999581,-118.191529,"California
(33.999581, -118.191529)"
Rear end collision,2013:12:PHL:1202131,0,0,3724,7238,0,0,0,LOS ANGELES,12/2/2013 0:00,13:40,2013,2014,"H306,H605,","PHL,UP,",87,"H3,H6,H3,H6,","H,",YARD,California,33.748097,-118.191086,"California
(33.748097, -118.191086)"
Derailments,2015:08:BNSF:CA0815107,0,0,500,19504,0,0,0,LOS ANGELES,8/14/2015 0:00,9:52,2015,2015,"H307,","BNSF,",7,"H3,","H,",YARD,California,33.996555,-118.18907,"California
(33.996555, -118.18907)"
Highway-rail impact,2011:09:UP:0911LA025,0,2,15000,378,0,0,0,LOS ANGELES,9/30/2011 0:00,11:52,2011,2011,"M399,","UP,",7,"M3,","M,",MAIN,California,33.957208,-118.18706,"California
(33.957208, -118.18706)"
Derailments,2015:05:UP:0515LA025,0,0,3790,34224,0,0,0,LOS ANGELES,5/28/2015 0:00,1:20,2015,2015,"H514,","UP,",7,"H5,","H,",YARD,California,34.012337,-118.186435,"California
(34.012337, -118.186435)"
Side collision,2016:05:UP:0516LA005,0,0,0,25237,0,0,0,LOS ANGELES,5/5/2016 0:00,7:40,2016,2016,"H210,","UP,",18,"H2,","H,",YARD,California,34.012337,-118.186435,"California
(34.012337, -118.186435)"
Highway-rail impact,2014:01:UP:0114LA017,0,0,40975,2466,0,0,0,LOS ANGELES,1/21/2014 0:00,8:58,2014,2014,"M399,","UP,",1,"M3,","M,",MAIN,California,34.062237,-118.186041,"California
(34.062237, -118.186041)"
Derailments,2013:02:UP:0213LA013,0,0,0,17157,0,0,0,LOS ANGELES,2/14/2013 0:00,5:57,2013,2013,"H017,","UP,",8,"H0,","H,",YARD,California,34.008866,-118.181942,"California
(34.008866, -118.181942)"
Derailments,2013:06:UP:0613LA020,0,0,0,17194,0,0,0,LOS ANGELES,6/19/2013 0:00,12:45,2013,2013,"H303,","UP,",8,"H3,","H,",YARD,California,34.00892,-118.18188,"California
(34.00892, -118.18188)"
Derailments,2011:07:UP:0711LA015,0,0,19,21565,0,0,0,KERN,7/26/2011 0:00,19:07,2011,2011,"T108,","UP,",7,"T1,","T,",YARD,California,35.056346,-118.175503,"California
(35.056346, -118.175503)"
Derailments,2016:05:UP:0516LA008,0,0,1728,17767,0,0,0,LOS ANGELES,5/6/2016 0:00,23:40,2016,2016,"H702,","UP,",8,"H7,","H,",YARD,California,34.007932,-118.174035,"California
(34.007932, -118.174035)"
Derailments,2014:11:UP:1114RS001,0,0,18406,38021,13,0,0,HUMBOLDT,11/1/2014 0:00,7:18,2014,2015,"E71L,E66L,","UP,",1,"E7,E6,","E,",MAIN,Nevada,40.945249,-118.172053,"Nevada
(40.945249, -118.172053)"
Derailments,2014:11:PHL:1130141,0,0,32000,2974,0,0,0,LOS ANGELES,11/30/2014 0:00,12:06,2014,2015,"M206,T402,","PHL,",1,"M2,T4,","M,T,",YARD,California,33.453534,-118.170809,"California
(33.453534, -118.170809)"
Derailments,2016:06:BNSF:CA0616103,0,0,6000,11000,0,0,0,LOS ANGELES,6/13/2016 0:00,21:15,2016,2016,"H607,H702,","BNSF,",1,"H6,H7,","H,",YARD,California,34.000044,-118.170744,"California
(34.000044, -118.170744)"
Derailments,2013:04:UP:0413LA010,0,0,81785,278,0,0,0,LOS ANGELES,4/15/2013 0:00,8:10,2013,2013,"T214,","UP,",7,"T2,","T,",YARD,California,33.979191,-118.164086,"California
(33.979191, -118.164086)"
Derailments,2016:04:BNSF:CA0416103,0,0,40000,300,0,0,0,LOS ANGELES,4/12/2016 0:00,22:00,2016,2016,"M503,","BNSF,",1,"M5,","M,",YARD,California,33.997391,-118.162938,"California
(33.997391, -118.162938)"
Derailments,2011:07:LAJ:4508,0,0,8275,3000,0,0,0,LOS ANGELES,7/3/2011 0:00,21:30,2011,2011,"H307,H702,","BNSF,LAJ,",7,"H3,H7,H3,H7,","H,",YARD,California,33.990873,-118.160405,"California
(33.990873, -118.160405)"
Derailments,2016:08:LAJ:4576,0,0,24200,6539,0,0,0,LOS ANGELES,8/22/2016 0:00,4:50,2016,2016,"E09C,","BNSF,LAJ,",1,"E0,","E,",YARD,California,33.990951,-118.158823,"California
(33.990951, -118.158823)"
Derailments,2013:03:PHL:0301131,0,0,150,12000,0,0,0,LOS ANGELES,3/1/2013 0:00,2:00,2013,2013,"H702,","PHL,",1,"H7,","H,",YARD,California,33.45256,-118.15299,"California
(33.45256, -118.15299)"
Other impacts,2011:06:PHL:0620111,0,0,0,15905,0,0,0,LOS ANGELES,6/20/2011 0:00,11:55,2011,2011,"H307,","PHL,",8,"H3,","H,",YARD,California,33.4588,-118.15263,"California
(33.4588, -118.15263)"
Side collision,2012:04:PHL:0409121,0,0,27000,101000,0,0,0,LOS ANGELES,4/9/2012 0:00,15:30,2012,2012,"H306,H702,","BNSF,PHL,",71,"H3,H7,H3,H7,","H,",YARD,California,33.4514,-118.152,"California
(33.4514, -118.152)"
Highway-rail impact,2014:07:SCAX:070914,0,1,0,30000,0,0,0,LOS ANGELES,7/9/2014 0:00,21:56,2014,2014,"M302,","SCAX,",NA,"M3,","M,",MAIN,California,33.9884,-118.149902,"California
(33.9884, -118.149902)"
Derailments,2012:07:UP:0712LA012,0,0,26360,1187,0,0,0,LOS ANGELES,7/20/2012 0:00,18:15,2012,2012,"T205,","UP,",7,"T2,","T,",INDUSTRY,California,34.011401,-118.149498,"California
(34.011401, -118.149498)"
Other impacts,2015:11:BNSF:CA1115105,0,0,1500,86409,2,1,0,LOS ANGELES,11/1/2015 0:00,21:15,2015,2016,"H307,","BNSF,",17,"H3,","H,",YARD,California,33.991432,-118.144485,"California
(33.991432, -118.144485)"
Derailments,2012:02:BNSF:CA0212114,0,0,80500,36360,0,0,0,LOS ANGELES,2/23/2012 0:00,22:15,2012,2012,"T207,","BNSF,",7,"T2,","T,",YARD,California,33.989868,-118.141024,"California
(33.989868, -118.141024)"
Derailments,2015:02:BNSF:CA0215111,0,0,10317,8400,0,0,0,LOS ANGELES,2/21/2015 0:00,20:00,2015,2015,"H702,","BNSF,",8,"H7,","H,",YARD,California,33.989811,-118.140616,"California
(33.989811, -118.140616)"
Derailments,2012:08:PHL:0812121,0,0,25000,4072,0,0,0,LOS ANGELES,8/12/2012 0:00,22:50,2012,2012,"H702,","PHL,",1,"H7,","H,",YARD,California,33.45113,-118.11831,"California
(33.45113, -118.11831)"
Other impacts,2011:09:UP:0911LA005,0,0,0,38127,0,0,0,LOS ANGELES,9/6/2011 0:00,21:00,2011,2011,"H017,","UP,",8,"H0,","H,",YARD,California,34.008091,-118.117882,"California
(34.008091, -118.117882)"
Other impacts,2012:01:PHL:0112121,0,0,0,25000,0,0,0,LOS ANGELES,1/12/2012 0:00,3:50,2012,2012,"H306,","PHL,",51,"H3,","H,",YARD,California,33.44874,-118.11466,"California
(33.44874, -118.11466)"
Highway-rail impact,2011:07:SCAX:071311,0,2,0,1183875,0,0,0,LOS ANGELES,7/13/2011 0:00,8:34,2011,2011,"M302,","SCAX,",3,"M3,","M,",MAIN,California,34.540256,-118.10632,"California
(34.540256, -118.10632)"
Obstruction impact,2015:01:BNSF:CA0115118,0,0,0,15224,0,0,0,LOS ANGELES,1/20/2015 0:00,15:58,2015,2015,"M404,","BNSF,SCAX,",3,"M4,","M,",MAIN,California,33.96581,-118.085728,"California
(33.96581, -118.085728)"
Derailments,2015:06:UP:0615LA008,0,0,300,30000,0,0,0,LOS ANGELES,6/11/2015 0:00,6:32,2015,2015,"H303,","UP,",7,"H3,","H,",YARD,California,33.960427,-118.077163,"California
(33.960427, -118.077163)"
Derailments,2012:12:UP:1212LA009,0,0,33225,100,13,1,0,LOS ANGELES,12/18/2012 0:00,10:25,2012,2013,"T311,","UP,",7,"T3,","T,",YARD,California,33.95018,-118.07665,"California
(33.95018, -118.07665)"
Obstruction impact,2015:12:BNSF:MT1215201,0,0,0,11855,0,0,0,LOS ANGELES,12/19/2015 0:00,20:10,2015,2016,"M402,","ATK,",NA,"M4,","M,",MAIN,California,33.957054,-118.070219,"California
(33.957054, -118.070219)"
Derailments,2012:03:BNSF:CA0312120,0,0,0,15378,1,1,0,LOS ANGELES,3/1/2012 0:00,24:45:00,2012,2012,"H018,H523,","BNSF,",1,"H0,H5,","H,",INDUSTRY,California,33.513,-118.061315,"California
(33.513, -118.061315)"
Derailments,2014:10:BNSF:CA1014108,0,0,3600,10287,6,0,0,LOS ANGELES,10/27/2014 0:00,23:50,2014,2015,"M101,","BNSF,",1,"M1,","M,",SIDING,California,33.90335,-118.039376,"California
(33.90335, -118.039376)"
Other events,2011:12:BNSF:CA1211116,0,0,33917,0,0,0,0,ORANGE,12/15/2011 0:00,15:15,2011,2012,"H221,H702,","ATK,BNSF,",2,"H2,H7,H2,H7,","H,",MAIN,California,33.882161,-118.001941,"California
(33.882161, -118.001941)"
Derailments,2014:01:UP:0114RS020,0,0,109450,5044,0,0,0,HUMBOLDT,1/31/2014 0:00,23:00,2014,2014,"E53C,","UP,",1,"E5,","E,",MAIN,Nevada,40.912487,-117.983668,"Nevada
(40.912487, -117.983668)"
Derailments,2011:07:UP:0711LA014,0,0,608972,850318,16,6,0,LOS ANGELES,7/27/2011 0:00,13:20,2011,2011,"T110,","UP,",1,"T1,","T,",MAIN,California,34.545153,-117.965687,"California
(34.545153, -117.965687)"
Derailments,2016:01:UP:0116LA024,0,0,5526,9609,0,0,0,LOS ANGELES,1/25/2016 0:00,7:00,2016,2016,"H704,","UP,",1,"H7,","H,",SIDING,California,34.017333,-117.951258,"California
(34.017333, -117.951258)"
Derailments,2011:10:UP:1011LA001,0,0,100,15295,0,0,0,LOS ANGELES,10/1/2011 0:00,19:50,2011,2012,"H307,","UP,",8,"H3,","H,",YARD,California,34.014905,-117.947902,"California
(34.014905, -117.947902)"
Obstruction impact,2011:10:UP:1011LA019,0,0,19,15406,0,0,0,LOS ANGELES,10/16/2011 0:00,10:04,2011,2012,"M404,","UP,",8,"M4,","M,",YARD,California,34.010655,-117.936529,"California
(34.010655, -117.936529)"
Derailments,2012:09:UP:0912LA007,0,0,40000,3190,0,0,0,LOS ANGELES,9/10/2012 0:00,10:30,2012,2012,"T102,","UP,",7,"T1,","T,",YARD,California,34.009363,-117.933916,"California
(34.009363, -117.933916)"
Derailments,2016:03:UP:0316LA020,0,0,15012,1957,0,0,0,LOS ANGELES,3/30/2016 0:00,22:47,2016,2016,"H702,H704,","UP,",8,"H7,","H,",YARD,California,34.009952,-117.932444,"California
(34.009952, -117.932444)"
Derailments,2016:05:UP:0516LA020,0,0,12646,278,8,2,0,LOS ANGELES,5/26/2016 0:00,16:57,2016,2016,"M405,","UP,",1,"M4,","M,",YARD,California,34.009952,-117.932444,"California
(34.009952, -117.932444)"
Derailments,2013:12:UP:1213LA031,0,0,0,22895,0,0,0,LOS ANGELES,12/30/2013 0:00,23:45,2013,2014,"H524,","UP,",7,"H5,","H,",YARD,California,34.00776,-117.918892,"California
(34.00776, -117.918892)"
Derailments,2015:06:UP:0615LA002,0,0,3218,15701,0,0,0,ORANGE,6/1/2015 0:00,16:32,2015,2015,"M201,","UP,",1,"M2,","M,",INDUSTRY,California,33.81101,-117.901694,"California
(33.81101, -117.901694)"
Derailments,2015:04:CZ:INDUSTRY,0,0,7500,19647,34,1,0,HUMBOLDT,4/30/2015 0:00,11:15,2015,2015,"H306,","UP,",1,"H3,","H,",INDUSTRY,Nevada,40.919713,-117.892476,"Nevada
(40.919713, -117.892476)"
Highway-rail impact,2013:08:UP:0813LA001,0,3,125250,11693,18,0,0,LOS ANGELES,8/1/2013 0:00,17:30,2013,2013,"M303,","UP,",1,"M3,","M,",MAIN,California,33.99752,-117.8884,"California
(33.99752, -117.8884)"
Derailments,2015:01:VMQ:INDUSTRY,0,0,0,111582,0,0,0,LOS ANGELES,1/23/2015 0:00,19:00,2015,2015,"M501,","UP,",1,"M5,","M,",INDUSTRY,California,34.53615,-117.878023,"California
(34.53615, -117.878023)"
Highway-rail impact,2015:09:UP:0915LA001,0,4,54036,7385,4,0,0,LOS ANGELES,9/1/2015 0:00,15:04,2015,2015,"M302,","UP,",1,"M3,","M,",MAIN,California,33.998407,-117.870916,"California
(33.998407, -117.870916)"
Highway-rail impact,2013:04:UP:0413LA016,0,0,12100,0,0,0,0,LOS ANGELES,4/20/2013 0:00,7:46,2013,2013,"M399,","UP,",1,"M3,","M,",MAIN,California,33.998407,-117.870906,"California
(33.998407, -117.870906)"
Other impacts,2015:02:XDBM:INDUSTRY,0,0,0,14231,0,0,0,ORANGE,2/26/2015 0:00,2:30,2015,2015,"H307,H302,","BNSF,",7,"H3,","H,",INDUSTRY,California,33.742775,-117.853828,"California
(33.742775, -117.853828)"
Derailments,2015:04:BNSF:CA0415106,0,0,2883772,187578,0,0,0,ORANGE,4/7/2015 0:00,18:00,2015,2015,"E62C,","BNSF,",1,"E6,","E,",MAIN,California,33.874172,-117.764055,"California
(33.874172, -117.764055)"